id,file_name,content_sha256,split,n_boxes,case_proxy_group,source_relative_path
100_0 (3),100_0 (3).jpg,3172a3261cfd79971b20baa164174ba9866f0943e442d624a636e7195bd0a71a,train,1,clinical:100,ultralytics_curascan/datasets/dataset-deteccao-ferida/images/train/100_0 (3).jpg
100_0 (4),100_0 (4).jpg,0c03e58a4b788a38ba73a1cb2ac42c078d5126b4ed34c120692a582e350860af,train,1,clinical:100,ultralytics_curascan/datasets/dataset-deteccao-ferida/images/train/100_0 (4).jpg
100_0,100_0.jpg,4a24c0ef20f8473ede67eac7baabddbbd3c5b06217d5353f4db094dcbaf160e2,train,1,clinical:100,ultralytics_curascan/datasets/dataset-deteccao-ferida/images/train/100_0.jpg
101_0 (2),101_0 (2).jpg,9fb41bf446c2ebe0fdaf2f5c466b9dfcde2d896f8bb6869abf57dc052ebe8596,train,1,clinical:101,ultralytics_curascan/datasets/dataset-deteccao-ferida/images/train/101_0 (2).jpg
102_0 (2),102_0 (2).jpg,b42751d604949639d24edd5fa67b85c296e617241f2218ce1995d5d99022a41f,train,1,clinical:102,ultralytics_curascan/datasets/dataset-deteccao-ferida/images/train/102_0 (2).jpg
102_0 (3),102_0 (3).jpg,4ebbff9b09bef874a7f15f46b32fb0cd6091d873db3fb51510d61aa7a62a3503,train,1,clinical:102,ultralytics_curascan/datasets/dataset-deteccao-ferida/images/train/102_0 (3).jpg
102_0,102_0.jpg,924c5325a48fc37ad6a3041d985c79e19f3fa5bf2528842803759d9a3342a906,train,1,clinical:102,ultralytics_curascan/datasets/dataset-deteccao-ferida/images/train/102_0.jpg
103_0 (2),103_0 (2).jpg,13157987bf3a3c55eae13ff587a093bc6cd336795df862ee5ef785e4e6c2a214,train,1,clinical:103,ultralytics_curascan/datasets/dataset-deteccao-ferida/images/train/103_0 (2).jpg
103_0,103_0.jpg,e99c1c86318837cdde8fe9eeebed5ac49a03207b59e789cd8c5f5966eea20623,train,1,clinical:103,ultralytics_curascan/datasets/dataset-deteccao-ferida/images/train/103_0.jpg
104_0 (3),104_0 (3).jpg,f3076c1ed75df5dd30fc76b3a840eb72f47b3dafd4f21f3e0a402ad5fc5424b2,train,1,clinical:104,ultralytics_curascan/datasets/dataset-deteccao-ferida/images/train/104_0 (3).jpg
104_0,104_0.jpg,9bccd5820b6ee4a5736750d0b78114e4e9348ad97df55a5ef0c4cf7751836a8f,train,1,clinical:104,ultralytics_curascan/datasets/dataset-deteccao-ferida/images/train/104_0.jpg
105_0 (3),105_0 (3).jpg,2bbc1923fe89914750079b4cd845d719e22ee467afe725213043a7a78a8f3086,train,1,clinical:105,ultralytics_curascan/datasets/dataset-deteccao-ferida/images/train/105_0 (3).jpg
105_0,105_0.jpg,5f66105a11cd5b7403b4d54056b86ebe04227679308138e1ea1abc100ba16c97,train,1,clinical:105,ultralytics_curascan/datasets/dataset-deteccao-ferida/images/train/105_0.jpg
106_0 (2),106_0 (2).jpg,1dbf8ea444ccfe000645633afad7bc3e9ea1ae2481b9d69a8ab332effef8bed1,train,1,clinical:106,ultralytics_curascan/datasets/dataset-deteccao-ferida/images/train/106_0 (2).jpg
106_0,106_0.jpg,62ec5eedcc06535af1d2bbabcc77034ad16ddf6b1979611b5286d45fd8faa90f,train,1,clinical:106,ultralytics_curascan/datasets/dataset-deteccao-ferida/images/train/106_0.jpg
106_1,106_1.jpg,4b3232256472423fa56d7597c53959aae4ebbc3c6f8fa5ad80fa505aa0b1e94b,train,1,clinical:106,ultralytics_curascan/datasets/dataset-deteccao-ferida/images/train/106_1.jpg
107_0 (2),107_0 (2).jpg,d26643154d3e5fd7fabbebfee4c6b87856828753c994471db1ee868a7b0fa510,train,1,clinical:107,ultralytics_curascan/datasets/dataset-deteccao-ferida/images/train/107_0 (2).jpg
107_0 (3),107_0 (3).jpg,960adb00b6db2514e3b2260684feeb5f59c2b6fa0e99c753ef40d90ca5002549,train,1,clinical:107,ultralytics_curascan/datasets/dataset-deteccao-ferida/images/train/107_0 (3).jpg
107_0,107_0.jpg,c9e1e2dc4f7d3a29661e7d2e4e9afcc57eca52db2e5da415ba827398689089cc,train,1,clinical:107,ultralytics_curascan/datasets/dataset-deteccao-ferida/images/train/107_0.jpg
107_1,107_1.jpg,3d8989c19a6c9dc170e1b7c9c1b331f7bd2521731be9ac0523ee6096f247ba24,train,1,clinical:107,ultralytics_curascan/datasets/dataset-deteccao-ferida/images/train/107_1.jpg
108_0 (3),108_0 (3).jpg,d53edde0eeadaf4544e3b200b01bc59b6662277d7be4bd13373fbaece115fddd,train,1,clinical:108,ultralytics_curascan/datasets/dataset-deteccao-ferida/images/train/108_0 (3).jpg
108_0,108_0.jpg,a89f085cb342adaa912a0a45672051d4638d45a5a6d886cf0d1e3cd0180a6a81,train,1,clinical:108,ultralytics_curascan/datasets/dataset-deteccao-ferida/images/train/108_0.jpg
108_1,108_1.jpg,420b315b8ccf0735beb0777b684500680bf2b84364f6c05eb16481f3139d74d3,train,1,clinical:108,ultralytics_curascan/datasets/dataset-deteccao-ferida/images/train/108_1.jpg
109_0 (2),109_0 (2).jpg,e6d3532179a24c9200e28de816b7130974259efc03574cd839e6a0333f6ff493,train,1,clinical:109,ultralytics_curascan/datasets/dataset-deteccao-ferida/images/train/109_0 (2).jpg
109_0 (3),109_0 (3).jpg,fe0ff1617616628751d56f05e180fd699f960fc139973ab4f3a5901b5a07c040,train,1,clinical:109,ultralytics_curascan/datasets/dataset-deteccao-ferida/images/train/109_0 (3).jpg
109_0,109_0.jpg,45f7aca1d3f1ae5f0249b2aba0a5f37fa139ef063b1046b9789b89991b9dcf85,train,1,clinical:109,ultralytics_curascan/datasets/dataset-deteccao-ferida/images/train/109_0.jpg
10_0 (2),10_0 (2).jpg,f9c186ac56a5ccead90517aba5eebbb919fce3ed9566468c8e6dd656ac4747d7,train,1,clinical:10,ultralytics_curascan/datasets/dataset-deteccao-ferida/images/train/10_0 (2).jpg
10_0 (3),10_0 (3).jpg,007c04af4cb5eafecd346a66d3f7896f0b90c96b0abd7b20818e414d5632e722,train,1,clinical:10,ultralytics_curascan/datasets/dataset-deteccao-ferida/images/train/10_0 (3).jpg
10_0,10_0.jpg,35c10f34145ed7500d5faf5061f3f968c38eaa526076370206fa9159639909a3,train,1,clinical:10,ultralytics_curascan/datasets/dataset-deteccao-ferida/images/train/10_0.jpg
10_1,10_1.jpg,8a691844f58120c25db14fec20bd1c08799faac4c73611658e3011fab8ce0f45,train,1,clinical:10,ultralytics_curascan/datasets/dataset-deteccao-ferida/images/train/10_1.jpg
10_2,10_2.jpg,0d5c0892b9cdc4935d81179d9096a6b3893047969f2c6a0daed3dc165758ee99,train,1,clinical:10,ultralytics_curascan/datasets/dataset-deteccao-ferida/images/train/10_2.jpg
10_3,10_3.jpg,b690a2dbfea67ba07e95064cb93295dd7cbc67d4355aa6aeac3dd72bd533bd5f,train,1,clinical:10,ultralytics_curascan/datasets/dataset-deteccao-ferida/images/train/10_3.jpg
110_0 (2),110_0 (2).jpg,5ffb4e5111a0c3acafa859facc759a7f514317189155f3f232953ff0354b9689,train,1,clinical:110,ultralytics_curascan/datasets/dataset-deteccao-ferida/images/train/110_0 (2).jpg
110_0 (3),110_0 (3).jpg,fba742183bbeace1d1d87aab45af025290298f7155c16eee7a5c760161b3c4e6,train,1,clinical:110,ultralytics_curascan/datasets/dataset-deteccao-ferida/images/train/110_0 (3).jpg
110_1 (2),110_1 (2).jpg,72c32da79f8f9349da23d1ed12cbe108814ce703214aa5664d0e75d7512a643b,train,1,clinical:110,ultralytics_curascan/datasets/dataset-deteccao-ferida/images/train/110_1 (2).jpg
110_1,110_1.jpg,9f27fa8b47ccde0c61b82cf6f8d3480bcc1c9b13b88aec6c27cfd277e55a6bb7,train,1,clinical:110,ultralytics_curascan/datasets/dataset-deteccao-ferida/images/train/110_1.jpg
111_0,111_0.jpg,bf368bfdb4e92caa7c2f3e9a75d877ed5117d325adf0f977dd7c554c4425631e,train,1,clinical:111,ultralytics_curascan/datasets/dataset-deteccao-ferida/images/train/111_0.jpg
111_1,111_1.jpg,79ebbc7a89aceb84f9a50a9d4cffb3c879218d250a63671f2594fe6f8624ae5b,train,1,clinical:111,ultralytics_curascan/datasets/dataset-deteccao-ferida/images/train/111_1.jpg
112_0 (3),112_0 (3).jpg,28de4e5cae8f134bbcd90ac004baaccbbd0a8e1959195f29de50351c0eacd66c,train,1,clinical:112,ultralytics_curascan/datasets/dataset-deteccao-ferida/images/train/112_0 (3).jpg
112_0,112_0.jpg,058f02a4a02e862cf0362760e7279bc0d060fe3c2080e4dfd17fe37afe3a9271,train,1,clinical:112,ultralytics_curascan/datasets/dataset-deteccao-ferida/images/train/112_0.jpg
113_0 (2),113_0 (2).jpg,fcfcca6fa61be2e9f88aa35af67a2ff746a5a5231331aae4868c99796e93c417,train,1,clinical:113,ultralytics_curascan/datasets/dataset-deteccao-ferida/images/train/113_0 (2).jpg
113_0 (3),113_0 (3).jpg,93b7df4d850219efc1fb6c6d1e42f5f7d207e63756b20ed36920fb2c79e9cf92,train,1,clinical:113,ultralytics_curascan/datasets/dataset-deteccao-ferida/images/train/113_0 (3).jpg
114_0 (2),114_0 (2).jpg,a99adbf79eedaae33f107b241119d8fcaf28be352233bce52c8493afbef79160,train,1,clinical:114,ultralytics_curascan/datasets/dataset-deteccao-ferida/images/train/114_0 (2).jpg
114_0,114_0.jpg,b653041c1de2d2209c7cc6fabea106788dfce011b832e05c51ca581a3cad31c4,train,1,clinical:114,ultralytics_curascan/datasets/dataset-deteccao-ferida/images/train/114_0.jpg
114_1,114_1.jpg,91ed9381870f7202164c3ba906590828887d377580ccf83e2da67d4a25817399,train,1,clinical:114,ultralytics_curascan/datasets/dataset-deteccao-ferida/images/train/114_1.jpg
115_0,115_0.jpg,bc7eb094cfef7f7b9d887caf3789cc80f806cb8b3d0929936acf437dad9b3365,train,1,clinical:115,ultralytics_curascan/datasets/dataset-deteccao-ferida/images/train/115_0.jpg
115_1,115_1.jpg,c4f1a3cd93fc2596126383429c04e70eff235c196551405b23380d252b69bd22,train,1,clinical:115,ultralytics_curascan/datasets/dataset-deteccao-ferida/images/train/115_1.jpg
116_0 (2),116_0 (2).jpg,81de0aef614180c99b423a660e6acfdec254db208e3c8d8f44fd396711e1b557,train,1,clinical:116,ultralytics_curascan/datasets/dataset-deteccao-ferida/images/train/116_0 (2).jpg
116_0 (3),116_0 (3).jpg,52094565e1af4dfe9f985f8a50ebd2ed961490ae27eaab29cf027c387dcedc2e,train,1,clinical:116,ultralytics_curascan/datasets/dataset-deteccao-ferida/images/train/116_0 (3).jpg
116_0,116_0.jpg,0ec658dd96c2220483da0fdbfbd6ba80491f882edfc3d5f8374a1d5048445fc5,train,1,clinical:116,ultralytics_curascan/datasets/dataset-deteccao-ferida/images/train/116_0.jpg
117_0 (2),117_0 (2).jpg,d674ba6f626eb68284a4ec9f0d91da4739be59f63560aa24c3283cdc225c605a,train,1,clinical:117,ultralytics_curascan/datasets/dataset-deteccao-ferida/images/train/117_0 (2).jpg
117_0 (3),117_0 (3).jpg,b3fbcb4a70b4143af1da6ee29357c94438edf117b2a9f3e1f4e604ad20a56f5c,train,1,clinical:117,ultralytics_curascan/datasets/dataset-deteccao-ferida/images/train/117_0 (3).jpg
117_0,117_0.jpg,59d6561ff4a18d6a3f28fe1d2eb902a12f438f56ce02d09b30c09bc375ec4ec7,train,1,clinical:117,ultralytics_curascan/datasets/dataset-deteccao-ferida/images/train/117_0.jpg
118_0 (2),118_0 (2).jpg,99a1a6b9008787778af18f2074ed6b1ae1d937f286fcf502e5e3a62d9aa9df83,train,1,clinical:118,ultralytics_curascan/datasets/dataset-deteccao-ferida/images/train/118_0 (2).jpg
118_0 (3),118_0 (3).jpg,b1788fa64b9faa531bdd960afa75f44fadfaf303406c00197115bd6f6c478bcd,train,1,clinical:118,ultralytics_curascan/datasets/dataset-deteccao-ferida/images/train/118_0 (3).jpg
118_0,118_0.jpg,aabb4e23151ea82b0e9e80ed519e5956d57c65a4c4f19ee6db58762434cbd274,train,1,clinical:118,ultralytics_curascan/datasets/dataset-deteccao-ferida/images/train/118_0.jpg
118_1,118_1.jpg,f0e4a9d35b9ccd33d288e5c2f38e02c2afb8c20eecf36c71e0a4e15ad9824cca,train,1,clinical:118,ultralytics_curascan/datasets/dataset-deteccao-ferida/images/train/118_1.jpg
119_0 (3),119_0 (3).jpg,b72e3499f19baded59f7a15b73c81d21c936ca2b8d6be917f63d39f304f7fe20,train,1,clinical:119,ultralytics_curascan/datasets/dataset-deteccao-ferida/images/train/119_0 (3).jpg
119_0,119_0.jpg,870e8d0173d6c33b792132385b84de0ac5310710d0e483611680628f68fe8258,train,1,clinical:119,ultralytics_curascan/datasets/dataset-deteccao-ferida/images/train/119_0.jpg
11_0 (2),11_0 (2).jpg,40c67bb74614a38f49794f26f2f6be30f9bc78b32d80cd4f0aa84dcc6b0a92e6,train,1,clinical:11,ultralytics_curascan/datasets/dataset-deteccao-ferida/images/train/11_0 (2).jpg
11_0 (4),11_0 (4).jpg,d204344e5367e5c9b31413ad8ef65d4769b41fd576db21ef84e63910dd87ac6a,train,1,clinical:11,ultralytics_curascan/datasets/dataset-deteccao-ferida/images/train/11_0 (4).jpg
11_0,11_0.jpg,1567521a153ef7ba2ec26eae58983b5a2dd4feef18303be4d7c9c8a781f06f55,train,1,clinical:11,ultralytics_curascan/datasets/dataset-deteccao-ferida/images/train/11_0.jpg
11_1 (3),11_1 (3).jpg,43137b1018151bef2d5ce4b7271c84a43472ab9e14a5f1be4498c1454c352730,train,1,clinical:11,ultralytics_curascan/datasets/dataset-deteccao-ferida/images/train/11_1 (3).jpg
11_1,11_1.jpg,1e809b5077d339d48c06675c3d8cd9143820fbbce497726dce4587416ed255c5,train,1,clinical:11,ultralytics_curascan/datasets/dataset-deteccao-ferida/images/train/11_1.jpg
11_2 (2),11_2 (2).jpg,cfe54a839cdb5284d952839629c38cffbf29f6b8e8ba02efd59c0dc188e6eddd,train,1,clinical:11,ultralytics_curascan/datasets/dataset-deteccao-ferida/images/train/11_2 (2).jpg
11_2 (3),11_2 (3).jpg,0b854ff2590b3ddeabedc86a8bb87ebdd86ccd2eaf160a6e14dda1d50fc793ba,train,1,clinical:11,ultralytics_curascan/datasets/dataset-deteccao-ferida/images/train/11_2 (3).jpg
11_4,11_4.jpg,9cb05daa3d2a7e7309898af54249249bfbdc02bbc6d13ea9e5f778d1afb609c1,train,1,clinical:11,ultralytics_curascan/datasets/dataset-deteccao-ferida/images/train/11_4.jpg
11_5,11_5.jpg,c14dd61d23ebf32b01360770dbc9bbfbe3f2e63dc9483889f7e6f51ef43e3568,train,1,clinical:11,ultralytics_curascan/datasets/dataset-deteccao-ferida/images/train/11_5.jpg
120_0 (2),120_0 (2).jpg,8a6a7a72c038da1004b774fc18ad512c6dac867af1b6036dc52d8360a0f92ad2,train,1,clinical:120,ultralytics_curascan/datasets/dataset-deteccao-ferida/images/train/120_0 (2).jpg
120_0 (3),120_0 (3).jpg,b1057609ddcdadf028cb809b3353e4dd400dcee45d888d71dfd3f132794ad942,train,1,clinical:120,ultralytics_curascan/datasets/dataset-deteccao-ferida/images/train/120_0 (3).jpg
121_0 (2),121_0 (2).jpg,7c2770f2746c7672d2dbd1f168604bb40c535ec4384f33ad216af7812b0bdfd1,train,1,clinical:121,ultralytics_curascan/datasets/dataset-deteccao-ferida/images/train/121_0 (2).jpg
121_0 (3),121_0 (3).jpg,71180b120733242bb07ed42532834030daec642dbd3578f8cadf8bdbfaaffd35,train,1,clinical:121,ultralytics_curascan/datasets/dataset-deteccao-ferida/images/train/121_0 (3).jpg
121_0,121_0.jpg,aab9790628629b7da8b845bf209f9fc9a260e43166d0fa5255948dc7baae7634,train,1,clinical:121,ultralytics_curascan/datasets/dataset-deteccao-ferida/images/train/121_0.jpg
122_1 (2),122_1 (2).jpg,2bb7b80de6ee75b9a5954bb54007c1af05376b2ca1944a759e810bd4933af844,train,1,clinical:122,ultralytics_curascan/datasets/dataset-deteccao-ferida/images/train/122_1 (2).jpg
122_1,122_1.jpg,122d4053271e3b5d826bc3d1a01fd1ec55a53e2f8da170698802bda97e2e1fd9,train,1,clinical:122,ultralytics_curascan/datasets/dataset-deteccao-ferida/images/train/122_1.jpg
122_2,122_2.jpg,59c0e1852e447cd5656333d8fa2bf297e981ccfdc84fd5383b52dcf65c7a9d15,train,1,clinical:122,ultralytics_curascan/datasets/dataset-deteccao-ferida/images/train/122_2.jpg
122_3,122_3.jpg,1d3c074bad5ca06078b26538b208c14342f8f31acd466dc7d103c3a4fbd2fde2,train,1,clinical:122,ultralytics_curascan/datasets/dataset-deteccao-ferida/images/train/122_3.jpg
123_0 (3),123_0 (3).jpg,f205fb75e14bb7a1e294b72f85019b456320473e937483e0af864d70fd315482,train,1,clinical:123,ultralytics_curascan/datasets/dataset-deteccao-ferida/images/train/123_0 (3).jpg
123_0,123_0.jpg,9e70d06d2924f6153e68e9879acdb80596ffae0adfbb9d6ee32be2fec10d7d15,train,1,clinical:123,ultralytics_curascan/datasets/dataset-deteccao-ferida/images/train/123_0.jpg
124_0 (2),124_0 (2).jpg,005447f6288d2bcacd0bf8afc93f4f514a448a2d5de791b805ac9104a9a3f974,train,1,clinical:124,ultralytics_curascan/datasets/dataset-deteccao-ferida/images/train/124_0 (2).jpg
124_0,124_0.jpg,fffc43e9d1ee4abac8a75763affcfb530a0279f0583517499d83300ace1856a7,train,1,clinical:124,ultralytics_curascan/datasets/dataset-deteccao-ferida/images/train/124_0.jpg
125_0,125_0.jpg,b275c407f7ed3a846f33567ae0dc9213b073f9b00ac289b3884a81560cae959d,train,1,clinical:125,ultralytics_curascan/datasets/dataset-deteccao-ferida/images/train/125_0.jpg
127_0 (2),127_0 (2).jpg,3d7e1b5c677d32a9f580ce425ffb473c3fa9e011d661c35e5831f6d12d05a1d6,train,1,clinical:127,ultralytics_curascan/datasets/dataset-deteccao-ferida/images/train/127_0 (2).jpg
127_0 (3),127_0 (3).jpg,55cbdcc4a94ec20a8b9dd67d0044b9b8f5c50c4dcd8b7c4b58be63063a4d8fc6,train,1,clinical:127,ultralytics_curascan/datasets/dataset-deteccao-ferida/images/train/127_0 (3).jpg
127_0,127_0.jpg,b3555ab294c6246de53ad6b55e8e0c82576c74ccc9790960a812f334983d7058,train,1,clinical:127,ultralytics_curascan/datasets/dataset-deteccao-ferida/images/train/127_0.jpg
128_0 (2),128_0 (2).jpg,31dc1b5db8cae599a6a39b7a1b252df8d1dcbe193d6978f9c2fe934fb9331e25,train,1,clinical:128,ultralytics_curascan/datasets/dataset-deteccao-ferida/images/train/128_0 (2).jpg
128_0 (3),128_0 (3).jpg,56efb7dd1644695f2bfbd170ee5270c50d4bddefc9dded92bbda6495e83b558a,train,1,clinical:128,ultralytics_curascan/datasets/dataset-deteccao-ferida/images/train/128_0 (3).jpg
129_0 (2),129_0 (2).jpg,7f79a8f9dc6ec9db21cb8316998c2d65293099071e23938d62aee2043fed24b1,train,1,clinical:129,ultralytics_curascan/datasets/dataset-deteccao-ferida/images/train/129_0 (2).jpg
129_0,129_0.jpg,f8a5013322e9aaecfa36723e0457e9a1c73b160dc3ad9c57cccf5365649741ea,train,1,clinical:129,ultralytics_curascan/datasets/dataset-deteccao-ferida/images/train/129_0.jpg
129_1,129_1.jpg,ab41211e20f65076fb337c78144e94e4eb3dc3b0d420f12d86343db615448350,train,1,clinical:129,ultralytics_curascan/datasets/dataset-deteccao-ferida/images/train/129_1.jpg
12_0 (2),12_0 (2).jpg,f68741785bb450712792c49871346cf98b662b095625a0fe2fd16ae67473f0a2,train,1,clinical:12,ultralytics_curascan/datasets/dataset-deteccao-ferida/images/train/12_0 (2).jpg
12_0 (3),12_0 (3).jpg,890c8adeb1210a37bc08bc88906fcc963bc4d6594684c30b0ecbc1046bceb448,train,1,clinical:12,ultralytics_curascan/datasets/dataset-deteccao-ferida/images/train/12_0 (3).jpg
12_0,12_0.jpg,9f84dedf52bab9f278edafe3daa921d807de9caf99d66b5eec3f77693b4bb0eb,train,1,clinical:12,ultralytics_curascan/datasets/dataset-deteccao-ferida/images/train/12_0.jpg
130_0 (2),130_0 (2).jpg,65ea9929a27767043f478ebd45cc75737720b77a8dd2890d8a92ed9d49d5261d,train,1,clinical:130,ultralytics_curascan/datasets/dataset-deteccao-ferida/images/train/130_0 (2).jpg
131_0,131_0.jpg,de52bbce0095155d773b7d83c7c2c708b7f86504db0a068015e91bdfcc10b90e,train,1,clinical:131,ultralytics_curascan/datasets/dataset-deteccao-ferida/images/train/131_0.jpg
133_0 (2),133_0 (2).jpg,8fe5c597a08cfa173905f49bed6b4fe0b38eea2751d395ea86eb54e479a74f8f,train,1,clinical:133,ultralytics_curascan/datasets/dataset-deteccao-ferida/images/train/133_0 (2).jpg
133_0,133_0.jpg,940b4d67bba94aa3249b8b3e731e1fb58c6ba3022eb8526dc7eccd66061c3fe1,train,1,clinical:133,ultralytics_curascan/datasets/dataset-deteccao-ferida/images/train/133_0.jpg
134_1,134_1.jpg,6b3760f8db1aaff125e77c11ae1df424bb7d14c459e2fc39c0381dc6944c3d1f,train,1,clinical:134,ultralytics_curascan/datasets/dataset-deteccao-ferida/images/train/134_1.jpg
135_0,135_0.jpg,5006fd5adb2fd618ab67b72e116a50c3c1c6d1cb2079521f4fe7bcf4544c8671,train,1,clinical:135,ultralytics_curascan/datasets/dataset-deteccao-ferida/images/train/135_0.jpg
136_0 (2),136_0 (2).jpg,90d051c13e1a4f537f18176d98119268db3e762e8e87dfdbee1b781690128e60,train,1,clinical:136,ultralytics_curascan/datasets/dataset-deteccao-ferida/images/train/136_0 (2).jpg
137_0 (2),137_0 (2).jpg,7b3e1ff2fc90b75165eedd8614e33f179ec770938213d235e862d13283eb83da,train,1,clinical:137,ultralytics_curascan/datasets/dataset-deteccao-ferida/images/train/137_0 (2).jpg
137_0,137_0.jpg,42c0f019c0601baf5f241b60e8dd98a47408dfdb300e15cac8982b438a10f6eb,train,1,clinical:137,ultralytics_curascan/datasets/dataset-deteccao-ferida/images/train/137_0.jpg
138_0 (2),138_0 (2).jpg,9ec0f1e7de88aadfab63ccdf01301437e7e322b0e10c480fbb96e8a253983787,train,1,clinical:138,ultralytics_curascan/datasets/dataset-deteccao-ferida/images/train/138_0 (2).jpg
138_0,138_0.jpg,9d4971481112ca8477f5daa2c7f27bf39a755551dce78a422c73b221a7a83525,train,1,clinical:138,ultralytics_curascan/datasets/dataset-deteccao-ferida/images/train/138_0.jpg
138_1 (2),138_1 (2).jpg,24888499953a74f530c55ebef86640f2ee32f9950cb90ac1a91bbe0dd2086e46,train,1,clinical:138,ultralytics_curascan/datasets/dataset-deteccao-ferida/images/train/138_1 (2).jpg
138_1,138_1.jpg,e932259b7dd28d215a5f7ba9c84bdac7138337dd5ad6fcdc93f02a02a4658c50,train,1,clinical:138,ultralytics_curascan/datasets/dataset-deteccao-ferida/images/train/138_1.jpg
139_0 (2),139_0 (2).jpg,710ba4b054aca35dbb29bb06b5724907440ba3ee44f107a2f52f4e5c8d63a760,train,1,clinical:139,ultralytics_curascan/datasets/dataset-deteccao-ferida/images/train/139_0 (2).jpg
139_0,139_0.jpg,219c00d21c8b47321559d127c99440325baacb5792fd48d3fc6fe7acf8cbacdc,train,1,clinical:139,ultralytics_curascan/datasets/dataset-deteccao-ferida/images/train/139_0.jpg
13_0 (4),13_0 (4).jpg,da7e77fe1ec19763964b9d223044bae808a0c70881288693d96369d3542daca0,train,1,clinical:13,ultralytics_curascan/datasets/dataset-deteccao-ferida/images/train/13_0 (4).jpg
13_0,13_0.jpg,9ab16489bbaaf2f5fefa43221ee13778230527bf07a8a7317b2946ecacf74c91,train,1,clinical:13,ultralytics_curascan/datasets/dataset-deteccao-ferida/images/train/13_0.jpg
13_1,13_1.jpg,edb8e4418d8c700e7e143b5dff334daee05af875f6c5a53c2a308a44b1583dd8,train,1,clinical:13,ultralytics_curascan/datasets/dataset-deteccao-ferida/images/train/13_1.jpg
13_2,13_2.jpg,0844cdd3becd74543b4e684587cd7492e6d2d60d861eb37dff5744093ce4a1b0,train,1,clinical:13,ultralytics_curascan/datasets/dataset-deteccao-ferida/images/train/13_2.jpg
140_0 (2),140_0 (2).jpg,5b5519c92260a2abb6d233109a052133f09aa401ec993e3036469ea769a027cd,train,1,clinical:140,ultralytics_curascan/datasets/dataset-deteccao-ferida/images/train/140_0 (2).jpg
140_0,140_0.jpg,503971b5f779c3415b73c553b41e482c99eaa5f07b9e717d4544b3d818c96938,train,1,clinical:140,ultralytics_curascan/datasets/dataset-deteccao-ferida/images/train/140_0.jpg
140_1,140_1.jpg,e9792c452c2edb4c965f693d4c71dc4d1067ec139509f5f93f861c7dfcb80d4c,train,1,clinical:140,ultralytics_curascan/datasets/dataset-deteccao-ferida/images/train/140_1.jpg
141_0 (2),141_0 (2).jpg,382d6632da081dde73d78975aef8c6b916e94f64f362f8f0ad58008ad3bac933,train,1,clinical:141,ultralytics_curascan/datasets/dataset-deteccao-ferida/images/train/141_0 (2).jpg
141_0,141_0.jpg,b7345f10d823d8da361e7fddde1108c24e5fdd8a1dc307e6873ef43bc37d86af,train,1,clinical:141,ultralytics_curascan/datasets/dataset-deteccao-ferida/images/train/141_0.jpg
141_1,141_1.jpg,f6406405b115b8baffd8245718ff1bd18077a8f3ce80413d36feb799d4d23320,train,1,clinical:141,ultralytics_curascan/datasets/dataset-deteccao-ferida/images/train/141_1.jpg
142_0 (2),142_0 (2).jpg,9d29f97e41f79b9d1196320564a3599ce35c5a2ebf47f6cb8a2ec833e62e5a10,train,1,clinical:142,ultralytics_curascan/datasets/dataset-deteccao-ferida/images/train/142_0 (2).jpg
143_0,143_0.jpg,54e22a6ea7930c9d81dfbdf8c1e69ff4663890fd3cbc1020e87d4f48bb9a63a5,train,1,clinical:143,ultralytics_curascan/datasets/dataset-deteccao-ferida/images/train/143_0.jpg
144_0 (2),144_0 (2).jpg,ef5f8a88ba7fdd01838f070e10d31d300d5f3795435e339b3bdb7e51d50df188,train,1,clinical:144,ultralytics_curascan/datasets/dataset-deteccao-ferida/images/train/144_0 (2).jpg
144_0,144_0.jpg,05f955049dcaac60ae8da4572ec33db68b1bcc17ede39490c048f0a743aa97c3,train,1,clinical:144,ultralytics_curascan/datasets/dataset-deteccao-ferida/images/train/144_0.jpg
144_1,144_1.jpg,6490fb2b75d80d386ddb65aefeb00772dc1ad98abe9f9f1e03e8139783c101b2,train,1,clinical:144,ultralytics_curascan/datasets/dataset-deteccao-ferida/images/train/144_1.jpg
144_2,144_2.jpg,f7e40f2c3751dcf5f8a4ae3af643a5800fd406c9e26a5c236d9e1842db93ed11,train,1,clinical:144,ultralytics_curascan/datasets/dataset-deteccao-ferida/images/train/144_2.jpg
144_3,144_3.jpg,64e60dc62a50c43083fcc3f61d39e6d2f0f15a2589a8ccfe8b5df23255f527d9,train,1,clinical:144,ultralytics_curascan/datasets/dataset-deteccao-ferida/images/train/144_3.jpg
144_4,144_4.jpg,475bc11b740f3b2966f9abc841b7f147dc665d4000a9138e6499fa625cb237fe,train,1,clinical:144,ultralytics_curascan/datasets/dataset-deteccao-ferida/images/train/144_4.jpg
145_0,145_0.jpg,ae2e3c52e5ceaadc1d36335d07462a5fbbc67c7c28dd5d4dd57263ec13304df8,train,1,clinical:145,ultralytics_curascan/datasets/dataset-deteccao-ferida/images/train/145_0.jpg
145_1,145_1.jpg,af37c5984ed9c38aef3a7f03c8c71604ae8e90483c9b5a7f1e9612c5a4cfa2b7,train,1,clinical:145,ultralytics_curascan/datasets/dataset-deteccao-ferida/images/train/145_1.jpg
146_0,146_0.jpg,ff09a6e541f71331408dcda8607db2f26fd08392d2c35b959034d9a2af7da6a4,train,1,clinical:146,ultralytics_curascan/datasets/dataset-deteccao-ferida/images/train/146_0.jpg
146_1,146_1.jpg,cf4b3f09ed13dc3b16c353d4c5feb81534132d0725640d8ff50ae7735acee668,train,1,clinical:146,ultralytics_curascan/datasets/dataset-deteccao-ferida/images/train/146_1.jpg
147_0 (2),147_0 (2).jpg,f4017964c3d02b072b2970e77ab766278746a496882cf853f7e5772463ee4ea0,train,1,clinical:147,ultralytics_curascan/datasets/dataset-deteccao-ferida/images/train/147_0 (2).jpg
148_0 (2),148_0 (2).jpg,00c8c2472f30ac9bb43a495261091ec3f598ed91066f05266fbdd9a5d1c51199,train,1,clinical:148,ultralytics_curascan/datasets/dataset-deteccao-ferida/images/train/148_0 (2).jpg
148_0,148_0.jpg,b9fbc7829098534610bfc3aa953634c9d1cb46a35ad22869dc6b3f5f099b4a86,train,1,clinical:148,ultralytics_curascan/datasets/dataset-deteccao-ferida/images/train/148_0.jpg
149_0 (2),149_0 (2).jpg,0b96c0373c9c53f3e528418672aeb8a9fd20c8b7de9dc3791cd7e2ac1cf5575b,train,1,clinical:149,ultralytics_curascan/datasets/dataset-deteccao-ferida/images/train/149_0 (2).jpg
149_0,149_0.jpg,0230ad654322f179ec228fe6f9ba29305017a7a5a773e7f31056d63886a3b674,train,1,clinical:149,ultralytics_curascan/datasets/dataset-deteccao-ferida/images/train/149_0.jpg
14_0 (2),14_0 (2).jpg,ca0478433d9afbf7814321865fc13e2b0e31bca259cabb58256ca9f1c21e89ad,train,1,clinical:14,ultralytics_curascan/datasets/dataset-deteccao-ferida/images/train/14_0 (2).jpg
150_0 (2),150_0 (2).jpg,4760c080cd365c35ec1888890abecea713ce1ca9bbfd36895061980181c0b9f0,train,1,clinical:150,ultralytics_curascan/datasets/dataset-deteccao-ferida/images/train/150_0 (2).jpg
150_0,150_0.jpg,286eb7c2f8d948b8a1c26c7664033c8a749ef3d101949a56a9d3b3c8a6bd9e54,train,1,clinical:150,ultralytics_curascan/datasets/dataset-deteccao-ferida/images/train/150_0.jpg
151_0,151_0.jpg,488d666c5380ab293d618c5dec43cd2a37507dad5749cf6892c27237336760fc,train,1,clinical:151,ultralytics_curascan/datasets/dataset-deteccao-ferida/images/train/151_0.jpg
151_1,151_1.jpg,1d5cac77fb56a19642d00d2f672ec4e22cf397ac421f8d64bce82f6b680188da,train,1,clinical:151,ultralytics_curascan/datasets/dataset-deteccao-ferida/images/train/151_1.jpg
152_0,152_0.jpg,6f2c93ec3fb6eb63335ac111802de9bfc1433efaa054c800700dcb6c1320d870,train,1,clinical:152,ultralytics_curascan/datasets/dataset-deteccao-ferida/images/train/152_0.jpg
153_0 (2),153_0 (2).jpg,2dedfe48f80b6372bb313e1b65c3c1579b271cec16fb41a96fe64a6181dd7975,train,1,clinical:153,ultralytics_curascan/datasets/dataset-deteccao-ferida/images/train/153_0 (2).jpg
154_0 (2),154_0 (2).jpg,f0bc0dec8df0a3f13f7b071cf302017acb28bb3d0248fb9218d43e9d708545d9,train,1,clinical:154,ultralytics_curascan/datasets/dataset-deteccao-ferida/images/train/154_0 (2).jpg
154_0,154_0.jpg,f7cc25cb83494f77d139f5314f730fa855eeedea8a4762f4254968cbb626ee22,train,1,clinical:154,ultralytics_curascan/datasets/dataset-deteccao-ferida/images/train/154_0.jpg
155_0,155_0.jpg,4b5a9f8552a4de79da91c10e1b0ff5d3755d124356139ff88333467b1ffe65fc,train,1,clinical:155,ultralytics_curascan/datasets/dataset-deteccao-ferida/images/train/155_0.jpg
156_0,156_0.jpg,4c381935be133dd9f5be0356b33d266fd063c6fdf741b828ea6e93370f0be23b,train,1,clinical:156,ultralytics_curascan/datasets/dataset-deteccao-ferida/images/train/156_0.jpg
15_0 (3),15_0 (3).jpg,29b637e738ad4696ec85789e0c964458d48ffdfcd1a9b1e7841c21f2b24725db,train,1,clinical:15,ultralytics_curascan/datasets/dataset-deteccao-ferida/images/train/15_0 (3).jpg
15_0,15_0.jpg,952ff416d27996c2c6c5f4af80f700e11fb390a348fdc1e5915f4319bd04e1ac,train,1,clinical:15,ultralytics_curascan/datasets/dataset-deteccao-ferida/images/train/15_0.jpg
16_0 (3),16_0 (3).jpg,1e6c507408bd078aa3d684435c7c0a1fc46d0428171a30a583ab04eee04811be,train,1,clinical:16,ultralytics_curascan/datasets/dataset-deteccao-ferida/images/train/16_0 (3).jpg
16_0 (4),16_0 (4).jpg,c86a83d4a64b5393bcfdb5735826084e3f25435a4ce4d0691f8395b924b40d8c,train,1,clinical:16,ultralytics_curascan/datasets/dataset-deteccao-ferida/images/train/16_0 (4).jpg
16_1,16_1.jpg,7f4e55953eeb137e97f429e80b1d434897d6073836c9025be13ff42e57b44db9,train,1,clinical:16,ultralytics_curascan/datasets/dataset-deteccao-ferida/images/train/16_1.jpg
17_0 (3),17_0 (3).jpg,6e983ca0ce8a1e16ad3cd186cd8990724aaa837e508507380b404bab7f62ceb4,train,1,clinical:17,ultralytics_curascan/datasets/dataset-deteccao-ferida/images/train/17_0 (3).jpg
17_0 (4),17_0 (4).jpg,82f04075e8e76ec2bbe20e5fb8dc2786aa45c11b28b7fa098381d611e77fa67d,train,0,clinical:17,ultralytics_curascan/datasets/dataset-deteccao-ferida/images/train/17_0 (4).jpg
17_1 (2),17_1 (2).jpg,3cd7f2db1d2739b1195885f2ef4bfacaf609bf193f01c8e462a704236766b878,train,1,clinical:17,ultralytics_curascan/datasets/dataset-deteccao-ferida/images/train/17_1 (2).jpg
17_1,17_1.jpg,75dcb9a91581fd785261a003c696c79298e4fed335081a269b8344710fabb237,train,1,clinical:17,ultralytics_curascan/datasets/dataset-deteccao-ferida/images/train/17_1.jpg
18_0 (2),18_0 (2).jpg,e62b2dbfc8ffbf0f39f82d04e848567eee280d8ea3cdaeda6cc4a8fbbe1cb146,train,1,clinical:18,ultralytics_curascan/datasets/dataset-deteccao-ferida/images/train/18_0 (2).jpg
18_0 (4),18_0 (4).jpg,48b4a21847cae894ce6e6cc3d785c0bcaabbdf772eba7cf4d798ad1c17bac10c,train,1,clinical:18,ultralytics_curascan/datasets/dataset-deteccao-ferida/images/train/18_0 (4).jpg
18_1,18_1.jpg,52759863b5e5940c52188417c573780c279bee4382e3f1272cb51ce674a3e2a1,train,1,clinical:18,ultralytics_curascan/datasets/dataset-deteccao-ferida/images/train/18_1.jpg
19_0 (2),19_0 (2).jpg,256c696c8ea637c0c5ffbf14bab2bd105a78bc72bf095c2bcc168e12c649e542,train,1,clinical:19,ultralytics_curascan/datasets/dataset-deteccao-ferida/images/train/19_0 (2).jpg
19_0 (3),19_0 (3).jpg,8454140be967e09c8aca1c65bbfb478e4f46247d5851d12f5ee466d6f6347650,train,1,clinical:19,ultralytics_curascan/datasets/dataset-deteccao-ferida/images/train/19_0 (3).jpg
19_0 (4),19_0 (4).jpg,2344ebdfd09c7e80b1f6399391a1ffd9e4cd590b04fc4bbc0f0892c98bc5d40b,train,1,clinical:19,ultralytics_curascan/datasets/dataset-deteccao-ferida/images/train/19_0 (4).jpg
19_0,19_0.jpg,63c49427a3570b4c9f3b22c8daab04d64440cfa1337769ad4ebb37e9bf05a2b7,train,1,clinical:19,ultralytics_curascan/datasets/dataset-deteccao-ferida/images/train/19_0.jpg
19_1,19_1.jpg,9c088adc950618ff2abc98109c905accd1d85bb6dce0dca2887c07cb2ad93c76,train,1,clinical:19,ultralytics_curascan/datasets/dataset-deteccao-ferida/images/train/19_1.jpg
1_0 (3),1_0 (3).jpg,ae27a6ed8c3f3c65af834af5cf4df53ed4510efe198c64ed08d788e35a389197,train,1,clinical:1,ultralytics_curascan/datasets/dataset-deteccao-ferida/images/train/1_0 (3).jpg
1_0,1_0.jpg,6f883680c2049aab69493507aced52599242bea1485704a511b7e1652f11c66e,train,1,clinical:1,ultralytics_curascan/datasets/dataset-deteccao-ferida/images/train/1_0.jpg
20_0 (2),20_0 (2).jpg,7f0ea05299d36237e92add281178d55d646ddd4e431fcd8d5c5ff2b23398ecb5,train,1,clinical:20,ultralytics_curascan/datasets/dataset-deteccao-ferida/images/train/20_0 (2).jpg
20_0 (3),20_0 (3).jpg,1f273bc5bb9c24dec54453829ec4e09f0f63bc516cb7132f5815634d9cfc1962,train,1,clinical:20,ultralytics_curascan/datasets/dataset-deteccao-ferida/images/train/20_0 (3).jpg
20_0 (4),20_0 (4).jpg,1d022a61e5ef89c99328ef83f112bf9384b54c3ecf4ee3de5568db5eb30db13a,train,1,clinical:20,ultralytics_curascan/datasets/dataset-deteccao-ferida/images/train/20_0 (4).jpg
20_0,20_0.jpg,859fa1393f681a91e7d69dd1ef40864e9fea7430a7cd50ae9f95a89939b9f9f9,train,1,clinical:20,ultralytics_curascan/datasets/dataset-deteccao-ferida/images/train/20_0.jpg
20_1,20_1.jpg,ead951a6fbb46d59df06b45b8d9c1c59728f09dfa77e2b3e522bfb16ac400f76,train,1,clinical:20,ultralytics_curascan/datasets/dataset-deteccao-ferida/images/train/20_1.jpg
21_0 (2),21_0 (2).jpg,90c42749242404b96ef02cec2dafe987f5b0f2336b5feb6ef8032899850cf45a,train,1,clinical:21,ultralytics_curascan/datasets/dataset-deteccao-ferida/images/train/21_0 (2).jpg
21_0 (4),21_0 (4).jpg,5c137464ca893eb0b9dc46b00ad3df055838ab0e161d5572795b461f0532498d,train,1,clinical:21,ultralytics_curascan/datasets/dataset-deteccao-ferida/images/train/21_0 (4).jpg
21_0,21_0.jpg,77cf8613d9c752a4320cdb0b1d4fcbb9278fe143f53eb56772be03f279f90610,train,1,clinical:21,ultralytics_curascan/datasets/dataset-deteccao-ferida/images/train/21_0.jpg
22_0 (2),22_0 (2).jpg,b3b378740a915e81c5f9cd8308789817b196777298219186605bffec6a8dc8e1,train,1,clinical:22,ultralytics_curascan/datasets/dataset-deteccao-ferida/images/train/22_0 (2).jpg
22_0 (3),22_0 (3).jpg,ec9e60f0360954ec6c8e0e91048cedbb5eac97519cf930e53cc166a39022405b,train,1,clinical:22,ultralytics_curascan/datasets/dataset-deteccao-ferida/images/train/22_0 (3).jpg
22_0 (4),22_0 (4).jpg,000e01c94405cabca9269fc9af7c6c32b051caf2e7fd07c4e72ef44d5ed50b49,train,1,clinical:22,ultralytics_curascan/datasets/dataset-deteccao-ferida/images/train/22_0 (4).jpg
23_0 (3),23_0 (3).jpg,e095642cfd1f5e9c51e23ebcf3832601d14c007c9c066f02ab01b74b6d17c532,train,0,clinical:23,ultralytics_curascan/datasets/dataset-deteccao-ferida/images/train/23_0 (3).jpg
23_0 (4),23_0 (4).jpg,e84deb5d8f24f710174bfc338cea4d065c3123819e523227fa1f4b5183e7ac4c,train,1,clinical:23,ultralytics_curascan/datasets/dataset-deteccao-ferida/images/train/23_0 (4).jpg
23_1 (2),23_1 (2).jpg,6ba754e72d41713cb5c8432e3d90243cecec7029c180b85e06cba3e342075055,train,1,clinical:23,ultralytics_curascan/datasets/dataset-deteccao-ferida/images/train/23_1 (2).jpg
23_1,23_1.jpg,6c2ab2427b4a24397c70cc4829489f55da193b5df17fab0f10a31a8a3822baa5,train,1,clinical:23,ultralytics_curascan/datasets/dataset-deteccao-ferida/images/train/23_1.jpg
24_0 (2),24_0 (2).jpg,2fa4a03c08643ce7fc321459c33b761d37d6a3caf2eed23377f11f5af3053002,train,1,clinical:24,ultralytics_curascan/datasets/dataset-deteccao-ferida/images/train/24_0 (2).jpg
24_1,24_1.jpg,c095bd0d6f5943c2ef94ee1b77efe003e11202b397f5754b2510e69c5af0690e,train,1,clinical:24,ultralytics_curascan/datasets/dataset-deteccao-ferida/images/train/24_1.jpg
25_0 (2),25_0 (2).jpg,76225b51e643ebe82a12466a789d3806baaa75108078a14b2816deb62edb8657,train,1,clinical:25,ultralytics_curascan/datasets/dataset-deteccao-ferida/images/train/25_0 (2).jpg
25_0 (4),25_0 (4).jpg,aa836cc46252597be80bf580341f80f430f33ff1d15f84e1b4d92c0dd387db0d,train,1,clinical:25,ultralytics_curascan/datasets/dataset-deteccao-ferida/images/train/25_0 (4).jpg
25_0,25_0.jpg,ba340eead4d64a3ccc48d9a09f1a072ece93edbe069a9498437a20c8a6abc7cf,train,0,clinical:25,ultralytics_curascan/datasets/dataset-deteccao-ferida/images/train/25_0.jpg
25_1 (2),25_1 (2).jpg,6c90ebbbcb0f8a69f2c2daac0ec4491258257e1288be85fd3f8272ea15a3395e,train,1,clinical:25,ultralytics_curascan/datasets/dataset-deteccao-ferida/images/train/25_1 (2).jpg
25_1 (3),25_1 (3).jpg,9383ef0d5d4bb2049b5596aad4417621efc2d0ebdb329e8e078ba01df7b4b9fc,train,1,clinical:25,ultralytics_curascan/datasets/dataset-deteccao-ferida/images/train/25_1 (3).jpg
25_1,25_1.jpg,9be25071e220727eb6bcf405317ed982354c4b559ea21f5a938e73a8b09d3953,train,0,clinical:25,ultralytics_curascan/datasets/dataset-deteccao-ferida/images/train/25_1.jpg
25_2 (2),25_2 (2).jpg,fa291ae86c5a8ec8452bf3d6240521acb5343254e04d6429dc47178330f21748,train,1,clinical:25,ultralytics_curascan/datasets/dataset-deteccao-ferida/images/train/25_2 (2).jpg
25_2,25_2.jpg,32807e6da2467f376bfa1c818b04893d6439c9e90781b0f79f092c4f75579bb7,train,1,clinical:25,ultralytics_curascan/datasets/dataset-deteccao-ferida/images/train/25_2.jpg
25_3,25_3.jpg,f910c1ec50a2930892c97d68c68636ae0451a6d23d2c02b776b27ae4292845b4,train,1,clinical:25,ultralytics_curascan/datasets/dataset-deteccao-ferida/images/train/25_3.jpg
25_4,25_4.jpg,c08f2e317683881da186211ff6b76ad1c8b8b341365a15568b8f012d8355d4f0,train,1,clinical:25,ultralytics_curascan/datasets/dataset-deteccao-ferida/images/train/25_4.jpg
26_0 (2),26_0 (2).jpg,6b691cf2b6f24526051e5ac0921d34343da4d837f146cc893579c4fb9f87d2a2,train,1,clinical:26,ultralytics_curascan/datasets/dataset-deteccao-ferida/images/train/26_0 (2).jpg
26_0 (4),26_0 (4).jpg,9e3849ba46f0e7829c25da6ade54c4abc1d8decf1eed737ac7ea03df2e684d89,train,1,clinical:26,ultralytics_curascan/datasets/dataset-deteccao-ferida/images/train/26_0 (4).jpg
26_1 (2),26_1 (2).jpg,ac563dffcb2ce0511e54a3ac285d47a8a2f1df62b297e2631cf23cfb02387e0d,train,1,clinical:26,ultralytics_curascan/datasets/dataset-deteccao-ferida/images/train/26_1 (2).jpg
26_1,26_1.jpg,b09609c3689ae60c80bb1fc290f160d36848ce91250b6a7921e355fb18248c1e,train,1,clinical:26,ultralytics_curascan/datasets/dataset-deteccao-ferida/images/train/26_1.jpg
27_0 (3),27_0 (3).jpg,dc8dbfa3fd7a3acc796c5b1c0c8644ac3fa99f3d7b2c102d3974f071c1425489,train,1,clinical:27,ultralytics_curascan/datasets/dataset-deteccao-ferida/images/train/27_0 (3).jpg
27_0 (4),27_0 (4).jpg,c733b232bbbd84e319dd07424255d1360504d1fd731313d4c2cede6bd27cb4c5,train,1,clinical:27,ultralytics_curascan/datasets/dataset-deteccao-ferida/images/train/27_0 (4).jpg
27_0,27_0.jpg,0c28ca93f10b0185028de673a2e8533277dd5a8d3b4f9e2694758c6c5155f76a,train,1,clinical:27,ultralytics_curascan/datasets/dataset-deteccao-ferida/images/train/27_0.jpg
28_0 (2),28_0 (2).jpg,ded88df73fd3a6b9a009907b3f6ef00b3e32cef63dc7f119edf1c7454770304e,train,1,clinical:28,ultralytics_curascan/datasets/dataset-deteccao-ferida/images/train/28_0 (2).jpg
28_0 (3),28_0 (3).jpg,660cef36a4eb7f12f1465c035206766fcd427849002ff297c74f42980bc615af,train,1,clinical:28,ultralytics_curascan/datasets/dataset-deteccao-ferida/images/train/28_0 (3).jpg
28_0,28_0.jpg,49e05d16b5faeb46862920bbb809d6e719e7134d3cda8831592f94d9d2b38b5e,train,1,clinical:28,ultralytics_curascan/datasets/dataset-deteccao-ferida/images/train/28_0.jpg
29_0 (2),29_0 (2).jpg,a7e18cc51df86227d41f5684689fc075f70b2dcc9a7d8e900e75929a9b9b0246,train,1,clinical:29,ultralytics_curascan/datasets/dataset-deteccao-ferida/images/train/29_0 (2).jpg
29_0 (3),29_0 (3).jpg,b98262f299d3f65fab4abf550eab65afabfa09460506a165688d612034dd7cb4,train,1,clinical:29,ultralytics_curascan/datasets/dataset-deteccao-ferida/images/train/29_0 (3).jpg
29_0 (4),29_0 (4).jpg,47dce1116bbc2cbfa36f12090beb37146a17c575e4c26ba48a3816256619b18c,train,1,clinical:29,ultralytics_curascan/datasets/dataset-deteccao-ferida/images/train/29_0 (4).jpg
29_0,29_0.jpg,e076b8b7f4bda112cd03ba1be4c6abe7404433a0cd2408003bc73bee5c2e6b16,train,1,clinical:29,ultralytics_curascan/datasets/dataset-deteccao-ferida/images/train/29_0.jpg
29_1,29_1.jpg,2ba89aadf0e42440bb7cae33771d982c07b82a20fc0b711d0eb5f7fa855f07d8,train,0,clinical:29,ultralytics_curascan/datasets/dataset-deteccao-ferida/images/train/29_1.jpg
2_0 (2),2_0 (2).jpg,7379dded7d4be042d410dd921e6b9ea920fd62ce5c353db5e02c659aa74b547a,train,1,clinical:2,ultralytics_curascan/datasets/dataset-deteccao-ferida/images/train/2_0 (2).jpg
2_0 (4),2_0 (4).jpg,910dab34e5ea8da60ca03393a53fe52ffa86d9947beb6f3c8d05bd6803918222,train,1,clinical:2,ultralytics_curascan/datasets/dataset-deteccao-ferida/images/train/2_0 (4).jpg
30_0 (2),30_0 (2).jpg,fcee2f687fa12e0518c32a32dbfe0f8b222506694f979e6578b1fb0e6f1828fa,train,1,clinical:30,ultralytics_curascan/datasets/dataset-deteccao-ferida/images/train/30_0 (2).jpg
30_0 (3),30_0 (3).jpg,3c3e6cb5c32e998fb27f012f8b9501ebaf0a5525b8597e3f949ecb3762ee6a71,train,1,clinical:30,ultralytics_curascan/datasets/dataset-deteccao-ferida/images/train/30_0 (3).jpg
30_0 (4),30_0 (4).jpg,56c19095d12c33bd35ca3e445bc0ac159161a70f122beebc8862d8f04357e7ee,train,2,clinical:30,ultralytics_curascan/datasets/dataset-deteccao-ferida/images/train/30_0 (4).jpg
30_0,30_0.jpg,d94b5718b42240bc1b95af950c790a749bec8085b08c46665013113185e96b75,train,1,clinical:30,ultralytics_curascan/datasets/dataset-deteccao-ferida/images/train/30_0.jpg
30_1,30_1.jpg,442fc4905a7a5784001347876abbc5e9f570dee5e1be787839c9ec54ca74c88e,train,2,clinical:30,ultralytics_curascan/datasets/dataset-deteccao-ferida/images/train/30_1.jpg
31_0 (3),31_0 (3).jpg,754731770d1bde6f482f32cc0dd6fe2ad323c583215f491da4f0065a64507692,train,1,clinical:31,ultralytics_curascan/datasets/dataset-deteccao-ferida/images/train/31_0 (3).jpg
31_0 (4),31_0 (4).jpg,5e5d03dfe37a946f3456ef33684dde4e433a013a55c1e452b9b074fa64165540,train,1,clinical:31,ultralytics_curascan/datasets/dataset-deteccao-ferida/images/train/31_0 (4).jpg
31_0,31_0.jpg,93a826133d8464e77827c3aad35f7cb902f64e2b6765d7790ac4873aff1a264f,train,1,clinical:31,ultralytics_curascan/datasets/dataset-deteccao-ferida/images/train/31_0.jpg
32_0 (4),32_0 (4).jpg,e4f025d677d25712fbb9f91a56ed35c297c17361e1b5740d74a6b1c708220f61,train,1,clinical:32,ultralytics_curascan/datasets/dataset-deteccao-ferida/images/train/32_0 (4).jpg
32_1,32_1.jpg,b06b41a46dd59075d8247c6afb8cb1a51bf6c06b197383b3246ce49f60dfc1de,train,1,clinical:32,ultralytics_curascan/datasets/dataset-deteccao-ferida/images/train/32_1.jpg
33_0 (4),33_0 (4).jpg,21296bde32d2df6e79904e20a53c69d6f075b311ed5eb922940d3ec247f757fa,train,1,clinical:33,ultralytics_curascan/datasets/dataset-deteccao-ferida/images/train/33_0 (4).jpg
33_0,33_0.jpg,7477a60b3519b4e6f11bbb568de3e2f8bac37b1f8db3d22cd72bb11434700800,train,1,clinical:33,ultralytics_curascan/datasets/dataset-deteccao-ferida/images/train/33_0.jpg
34_0 (4),34_0 (4).jpg,12f31aa5bb6899dcf322a6efd58644ee388cec789fddabdc2d87b7b329bed9eb,train,1,clinical:34,ultralytics_curascan/datasets/dataset-deteccao-ferida/images/train/34_0 (4).jpg
34_0,34_0.jpg,53995e79d7bc1dba81ff3a2f01f5be31ba048523a2190f5d09b47592ea10e48f,train,1,clinical:34,ultralytics_curascan/datasets/dataset-deteccao-ferida/images/train/34_0.jpg
35_0 (3),35_0 (3).jpg,a5cb67a4f57f785e99fd10b1f3227dcee9e94ce9c22830201a99a2ac01be30ae,train,1,clinical:35,ultralytics_curascan/datasets/dataset-deteccao-ferida/images/train/35_0 (3).jpg
35_0,35_0.jpg,494c4f9f8ef93aa8ff62ed8c0047391965f3fab1a2ac1a5b77ec24a38018578b,train,1,clinical:35,ultralytics_curascan/datasets/dataset-deteccao-ferida/images/train/35_0.jpg
36_0 (3),36_0 (3).jpg,7fb0029fb18829f1805127545dd5c89e5a7a6b5d79b0edb67ccb120449b009e9,train,1,clinical:36,ultralytics_curascan/datasets/dataset-deteccao-ferida/images/train/36_0 (3).jpg
36_0 (4),36_0 (4).jpg,3cb5792b363de5bbe582acf2710a4581ee21c6e31e234c28a1da838ec2ee8641,train,1,clinical:36,ultralytics_curascan/datasets/dataset-deteccao-ferida/images/train/36_0 (4).jpg
37_0 (3),37_0 (3).jpg,c2d077778e44bd758431f8859b1ae1916d7d72d5e5a354caa846ff884268ec02,train,1,clinical:37,ultralytics_curascan/datasets/dataset-deteccao-ferida/images/train/37_0 (3).jpg
37_1 (2),37_1 (2).jpg,b86fa463891f067b3df5312b7d206f5c6c19c8511ef0b07a16f11815b0e43d5c,train,2,clinical:37,ultralytics_curascan/datasets/dataset-deteccao-ferida/images/train/37_1 (2).jpg
37_1,37_1.jpg,1f90b5eebbb70ae7ce3f4ce1fd48f742129188dec379b4d3218ded8521d09401,train,1,clinical:37,ultralytics_curascan/datasets/dataset-deteccao-ferida/images/train/37_1.jpg
37_2,37_2.jpg,cc7ebb55010cf77dc47625641dc664c648abf7d0ae4b19cd0268561daaa03fde,train,1,clinical:37,ultralytics_curascan/datasets/dataset-deteccao-ferida/images/train/37_2.jpg
37_3,37_3.jpg,c05915b76d35095554d7002da5579168004bd2bddde3da570a0b7bae3c394f4d,train,1,clinical:37,ultralytics_curascan/datasets/dataset-deteccao-ferida/images/train/37_3.jpg
38_0 (2),38_0 (2).jpg,b2897f59428d9a00738e330863edb72c5b4100f7e8839ec3f143e2c1b1254ac8,train,1,clinical:38,ultralytics_curascan/datasets/dataset-deteccao-ferida/images/train/38_0 (2).jpg
38_0 (3),38_0 (3).jpg,ea7ea7a3ff82b9884d85712d0a04855c36b6898069dbeb64b28689832369ae83,train,1,clinical:38,ultralytics_curascan/datasets/dataset-deteccao-ferida/images/train/38_0 (3).jpg
38_0 (4),38_0 (4).jpg,58ec985d061743892f6abf1ebc8b978ae5d47b135efb3ecec1ce3e3a8c27d7a0,train,1,clinical:38,ultralytics_curascan/datasets/dataset-deteccao-ferida/images/train/38_0 (4).jpg
38_0,38_0.jpg,578901aad26fdca4e9941c5f80b17f5799ef947b61ac0fd3c585a727adf12d4e,train,1,clinical:38,ultralytics_curascan/datasets/dataset-deteccao-ferida/images/train/38_0.jpg
38_1,38_1.jpg,32309db32ab8e4ae2e6fa909ec2716a53fcc09dac39555e055488ffc33521693,train,1,clinical:38,ultralytics_curascan/datasets/dataset-deteccao-ferida/images/train/38_1.jpg
39_0 (2),39_0 (2).jpg,a7e5fd51517b84b98ba28c647c2c5708581ee2bbaa22dad71148a1fbd5c002d2,train,1,clinical:39,ultralytics_curascan/datasets/dataset-deteccao-ferida/images/train/39_0 (2).jpg
39_0 (3),39_0 (3).jpg,09b0e60a64a380744e90b65422249f0ccb274918fa8503025be87cee3c19c1d7,train,1,clinical:39,ultralytics_curascan/datasets/dataset-deteccao-ferida/images/train/39_0 (3).jpg
39_0 (4),39_0 (4).jpg,04257fbed4a7c5ce7caaa8578db34259a5da409dbb72b0751465fc8d8d851ffe,train,1,clinical:39,ultralytics_curascan/datasets/dataset-deteccao-ferida/images/train/39_0 (4).jpg
39_0,39_0.jpg,81bb40ff35c3b641e6e3cd51ddb227bdcc97a618c3044570c99a38da9d7ff106,train,1,clinical:39,ultralytics_curascan/datasets/dataset-deteccao-ferida/images/train/39_0.jpg
39_1,39_1.jpg,484fb7f5351140dd5c0857c1aa1243c40113a9b24aec7acccb44b0d7a18a7984,train,1,clinical:39,ultralytics_curascan/datasets/dataset-deteccao-ferida/images/train/39_1.jpg
3_0 (2),3_0 (2).jpg,808776563dfebf61c8239ba23d1567fa97483205967c2f220faa6cc6853584fc,train,1,clinical:3,ultralytics_curascan/datasets/dataset-deteccao-ferida/images/train/3_0 (2).jpg
3_0 (3),3_0 (3).jpg,f252a864f584fd7b67a01a301fceb0602bf51faf667d21c70235559b5d906731,train,1,clinical:3,ultralytics_curascan/datasets/dataset-deteccao-ferida/images/train/3_0 (3).jpg
3_0 (4),3_0 (4).jpg,d22409f9ffca5fc7d49142918435cee458fb82fd94413b54f393b22dc2192236,train,1,clinical:3,ultralytics_curascan/datasets/dataset-deteccao-ferida/images/train/3_0 (4).jpg
3_0,3_0.jpg,2330b75dd4aa698bd56a4bf65a6259cdfcf9c612efdce9148c96de8aa5f9e1d3,train,1,clinical:3,ultralytics_curascan/datasets/dataset-deteccao-ferida/images/train/3_0.jpg
40_0 (2),40_0 (2).jpg,3406cf4c4c2a0f0e7e3c197a4d8bc92b12be5109d07968e51fc2ec81f1d49b97,train,1,clinical:40,ultralytics_curascan/datasets/dataset-deteccao-ferida/images/train/40_0 (2).jpg
40_0 (4),40_0 (4).jpg,b188b9e81460ced930b56540b9beb3d131dcf8ee9f4d32c1e04bfb440f0913e2,train,1,clinical:40,ultralytics_curascan/datasets/dataset-deteccao-ferida/images/train/40_0 (4).jpg
40_0,40_0.jpg,fc2b1a0520d5b509e1b113c91eeedb2703516e94e024976252a8a5ed7a3edb7c,train,1,clinical:40,ultralytics_curascan/datasets/dataset-deteccao-ferida/images/train/40_0.jpg
40_1,40_1.jpg,07617396a6f4737e95eff154fce929431ff600451e00e527a4e64e19d04ab22a,train,1,clinical:40,ultralytics_curascan/datasets/dataset-deteccao-ferida/images/train/40_1.jpg
40_3,40_3.jpg,e74791acd5acd1e59b2ee3d067ef7bbcd6217a886132dc1e1347eaa7fc92fc81,train,1,clinical:40,ultralytics_curascan/datasets/dataset-deteccao-ferida/images/train/40_3.jpg
40_5,40_5.jpg,79ba4c4d731f3e20f86cb1d52db88a146fd29b2fba39746086d263bfcf03c397,train,1,clinical:40,ultralytics_curascan/datasets/dataset-deteccao-ferida/images/train/40_5.jpg
40_6,40_6.jpg,1031e27e40bd20eb48203aae95e489c91683535768130868ce26fec98da4c490,train,1,clinical:40,ultralytics_curascan/datasets/dataset-deteccao-ferida/images/train/40_6.jpg
40_7,40_7.jpg,54552a5497eedb4eb1442dfd33da01ff5072845c037a10bea76117e44f890c05,train,1,clinical:40,ultralytics_curascan/datasets/dataset-deteccao-ferida/images/train/40_7.jpg
41_0 (2),41_0 (2).jpg,2b125c74c811d1cdbf21bce702fd2fc94e4556993c940db9df57713887e7ec2f,train,1,clinical:41,ultralytics_curascan/datasets/dataset-deteccao-ferida/images/train/41_0 (2).jpg
41_0 (3),41_0 (3).jpg,59616281552eb06f98e5a2e8f7ecf87e2713899796bb8b63aaabbd4eaeff4211,train,1,clinical:41,ultralytics_curascan/datasets/dataset-deteccao-ferida/images/train/41_0 (3).jpg
41_0 (4),41_0 (4).jpg,08971adac609e54ac75ae15d761f086a566b6e4fd9a1880eb4c0b148cb4c613f,train,1,clinical:41,ultralytics_curascan/datasets/dataset-deteccao-ferida/images/train/41_0 (4).jpg
41_0,41_0.jpg,f72ffe88befb156f7f89eaf15907d0312c120010f73287b0da96192905331288,train,1,clinical:41,ultralytics_curascan/datasets/dataset-deteccao-ferida/images/train/41_0.jpg
41_1 (2),41_1 (2).jpg,17bbe50b736c4f50ed7367cd1536827eeacf5d21eacbecec85cdde358d2f37e0,train,1,clinical:41,ultralytics_curascan/datasets/dataset-deteccao-ferida/images/train/41_1 (2).jpg
41_2,41_2.jpg,764d262117d460dcd39c70d33441bd430e9eb8532cb34bb908c8de00f5f2cbf9,train,1,clinical:41,ultralytics_curascan/datasets/dataset-deteccao-ferida/images/train/41_2.jpg
42_0 (2),42_0 (2).jpg,cd7c817ba5dc58635ee14ea3a35f616fcaf86cf87eb7fbd4728e42a654fcadd1,train,1,clinical:42,ultralytics_curascan/datasets/dataset-deteccao-ferida/images/train/42_0 (2).jpg
42_0 (4),42_0 (4).jpg,57bafdd59b8c992716e7676394ef22a21c15d8887ebdea8b7219c9d80776f2a9,train,1,clinical:42,ultralytics_curascan/datasets/dataset-deteccao-ferida/images/train/42_0 (4).jpg
42_0,42_0.jpg,cd0b965983774c36a0f30b8d3676314ed7640dbf6f5c3b9321c3059295324449,train,1,clinical:42,ultralytics_curascan/datasets/dataset-deteccao-ferida/images/train/42_0.jpg
42_1,42_1.jpg,2dd862901fc7093607f28aca16e34cb3a2d46a7f29061106a2ce46aaa61f8c67,train,1,clinical:42,ultralytics_curascan/datasets/dataset-deteccao-ferida/images/train/42_1.jpg
42_2,42_2.jpg,a7a7460bb18d449d94ad8f31bd3744aecc347b91e5dacae084b7d73c3bf2b16a,train,1,clinical:42,ultralytics_curascan/datasets/dataset-deteccao-ferida/images/train/42_2.jpg
42_3,42_3.jpg,a3dd9b5a69339fc18bb63a7f3d50e6485d67b5f0a962d4785861564891f6e580,train,1,clinical:42,ultralytics_curascan/datasets/dataset-deteccao-ferida/images/train/42_3.jpg
43_0 (2),43_0 (2).jpg,704147ec962e53d41c965b6dbee942c36f5f5bdee75e2fd1264d074c40c15fa6,train,1,clinical:43,ultralytics_curascan/datasets/dataset-deteccao-ferida/images/train/43_0 (2).jpg
43_0 (3),43_0 (3).jpg,2b144c9b2f673bd37ed1f21683f2fd5b800126bca7992d80e64c4a405ace58e6,train,1,clinical:43,ultralytics_curascan/datasets/dataset-deteccao-ferida/images/train/43_0 (3).jpg
43_0,43_0.jpg,b0c65b5753ee3bc5fa7ff132fdf299945675d31457f6fe078e820522ec0bc685,train,1,clinical:43,ultralytics_curascan/datasets/dataset-deteccao-ferida/images/train/43_0.jpg
44_0 (2),44_0 (2).jpg,5b09872b85a26aa44c03c53629ccfd1c17cc7f866e88076866d46b3a73a5f1de,train,1,clinical:44,ultralytics_curascan/datasets/dataset-deteccao-ferida/images/train/44_0 (2).jpg
44_0 (3),44_0 (3).jpg,8cffcd1980bfb986f467be48277df22fd268d8f2a6e68a554380c8b313cd23f1,train,1,clinical:44,ultralytics_curascan/datasets/dataset-deteccao-ferida/images/train/44_0 (3).jpg
45_0 (2),45_0 (2).jpg,6f16febdaac36f73551099a88ea6f9143ae3146112153a4f7f8cc0847d2a0db8,train,1,clinical:45,ultralytics_curascan/datasets/dataset-deteccao-ferida/images/train/45_0 (2).jpg
45_0 (4),45_0 (4).jpg,d01dca9cff89d3552432763d6b209408a5c86e9262d93b350e71843a70c27b8e,train,1,clinical:45,ultralytics_curascan/datasets/dataset-deteccao-ferida/images/train/45_0 (4).jpg
45_1,45_1.jpg,bb2a13566921575582eabb46afb6a69101a4469a74f09b4ae3049f308d657016,train,2,clinical:45,ultralytics_curascan/datasets/dataset-deteccao-ferida/images/train/45_1.jpg
46_0 (2),46_0 (2).jpg,d8d5d9d6b9e0a7daafcf1aa483b01e76c62ef8ed757efcd9bb6b78800a0f952e,train,1,clinical:46,ultralytics_curascan/datasets/dataset-deteccao-ferida/images/train/46_0 (2).jpg
46_0 (3),46_0 (3).jpg,67153f4deabd44292c413ce2a7f17e2135462e63deaea5080f76c0505d5364f2,train,1,clinical:46,ultralytics_curascan/datasets/dataset-deteccao-ferida/images/train/46_0 (3).jpg
46_0 (4),46_0 (4).jpg,06a5c08ac7b4b774a265d8fa89572bcad77222fabd6bbbfb9004472246c00354,train,1,clinical:46,ultralytics_curascan/datasets/dataset-deteccao-ferida/images/train/46_0 (4).jpg
46_0,46_0.jpg,80007a759facf7bda8560c8caf2ac22ca4fde18db1672b22f2c9bc4237285c5f,train,1,clinical:46,ultralytics_curascan/datasets/dataset-deteccao-ferida/images/train/46_0.jpg
46_1,46_1.jpg,594a07a730fe59901798aaffc067c6ed9984b475fab49ced364eef0a6e81d126,train,2,clinical:46,ultralytics_curascan/datasets/dataset-deteccao-ferida/images/train/46_1.jpg
46_2,46_2.jpg,46e941ec0c371a1d2763eadd98786ff77da5d2bfa285e89ace7839ffd26723e3,train,1,clinical:46,ultralytics_curascan/datasets/dataset-deteccao-ferida/images/train/46_2.jpg
46_3,46_3.jpg,4a34074bba9874a051e44050f108ce13677de2b60de01b8d608d1610437483e3,train,1,clinical:46,ultralytics_curascan/datasets/dataset-deteccao-ferida/images/train/46_3.jpg
47_0 (2),47_0 (2).jpg,ead27549de290f0e0393b3fd29a5ff000b240239b7238dc19d138cd8d97f65fe,train,1,clinical:47,ultralytics_curascan/datasets/dataset-deteccao-ferida/images/train/47_0 (2).jpg
47_0,47_0.jpg,657630461f9c9556565ba552a4841eacb9ed9af2cab26a71d6c0f32d70cde6fa,train,1,clinical:47,ultralytics_curascan/datasets/dataset-deteccao-ferida/images/train/47_0.jpg
47_1,47_1.jpg,a32e3357d3b6dd280debb80c3e01f3d636cc19f1e110bdc33799f4103a7a3961,train,1,clinical:47,ultralytics_curascan/datasets/dataset-deteccao-ferida/images/train/47_1.jpg
47_2,47_2.jpg,05bf3e1b81f25ff4508527fa5eecfbc671e6b2fbc381314b9babde44193e77c1,train,1,clinical:47,ultralytics_curascan/datasets/dataset-deteccao-ferida/images/train/47_2.jpg
48_0 (2),48_0 (2).jpg,26b2381390907ef5b5f338476db6e45de107bc807ae606b574d54597c9b17cb4,train,1,clinical:48,ultralytics_curascan/datasets/dataset-deteccao-ferida/images/train/48_0 (2).jpg
48_0 (3),48_0 (3).jpg,a1da797096a32b0796be423cfd2dadbcf187687e384440d3b722a3212f285e9e,train,1,clinical:48,ultralytics_curascan/datasets/dataset-deteccao-ferida/images/train/48_0 (3).jpg
48_0 (4),48_0 (4).jpg,18c7bdff012631cdd51a5a218795d465235b9247cb5dbcc7ba8283dcf56336ed,train,1,clinical:48,ultralytics_curascan/datasets/dataset-deteccao-ferida/images/train/48_0 (4).jpg
48_1,48_1.jpg,4f50fa0ce679572afe692685c3c9d99741f870e020843d94355b2821ee83b2ec,train,2,clinical:48,ultralytics_curascan/datasets/dataset-deteccao-ferida/images/train/48_1.jpg
48_3,48_3.jpg,44e3e80e8afcd2bb6a20a9225486e6e085061ad28ed16007c3ee3aae52dcb04b,train,1,clinical:48,ultralytics_curascan/datasets/dataset-deteccao-ferida/images/train/48_3.jpg
49_0 (2),49_0 (2).jpg,8d16dbb4b24d5a4010e91625d542b72bfd1b00d1f74fc3e3dc13c4ffcd81cbc3,train,1,clinical:49,ultralytics_curascan/datasets/dataset-deteccao-ferida/images/train/49_0 (2).jpg
49_0 (3),49_0 (3).jpg,ae7eb0781336c64afc724400cca29e6d38f6ada0fc8c476670967f3c68abab09,train,1,clinical:49,ultralytics_curascan/datasets/dataset-deteccao-ferida/images/train/49_0 (3).jpg
49_0 (4),49_0 (4).jpg,283c78689514fc541c8bf4156bdf7d8bf1da67b8d5b2bf0142d155e259befbe5,train,1,clinical:49,ultralytics_curascan/datasets/dataset-deteccao-ferida/images/train/49_0 (4).jpg
49_1 (2),49_1 (2).jpg,f082e1efc76d956e659621480cde9256dbc046e2359f254db09f0e1ba3429f7b,train,1,clinical:49,ultralytics_curascan/datasets/dataset-deteccao-ferida/images/train/49_1 (2).jpg
49_1,49_1.jpg,cbde90f6cb09755b85230e4bd18efec4ee2e58fbefc2447ee66c3696deb0a4c9,train,1,clinical:49,ultralytics_curascan/datasets/dataset-deteccao-ferida/images/train/49_1.jpg
49_2,49_2.jpg,e9b6d381a98e642325da19c3dc16fad64f59a39fdee6871b0eafc4d8a77cc734,train,1,clinical:49,ultralytics_curascan/datasets/dataset-deteccao-ferida/images/train/49_2.jpg
49_3,49_3.jpg,137cf483a8251f2f68f3ee45d9d6d9cea0c5a40caaf2b293e220264cf52d1752,train,1,clinical:49,ultralytics_curascan/datasets/dataset-deteccao-ferida/images/train/49_3.jpg
4_0 (2),4_0 (2).jpg,4a5433de006624fb473f523aa55bbc3165343aa0cc5326aef660220dc4b709a1,train,1,clinical:4,ultralytics_curascan/datasets/dataset-deteccao-ferida/images/train/4_0 (2).jpg
4_0 (3),4_0 (3).jpg,9aa8005dc4798c047632c7a82f4f3998009cd2217ada4dfdac3775a5533999cc,train,1,clinical:4,ultralytics_curascan/datasets/dataset-deteccao-ferida/images/train/4_0 (3).jpg
4_0,4_0.jpg,79ed33dde836cfc794647c26904d8a21dff61a31f5fcf84656a67051472f2685,train,1,clinical:4,ultralytics_curascan/datasets/dataset-deteccao-ferida/images/train/4_0.jpg
50_1,50_1.jpg,232222242ce3b1d0257146c63fc31335ff9575b423dfc6957f45e2b4b75bcc59,train,1,clinical:50,ultralytics_curascan/datasets/dataset-deteccao-ferida/images/train/50_1.jpg
51_1,51_1.jpg,cdd72553d2001b27b884d8b895917c4a8056d2b211914f72074853b891ac039c,train,1,clinical:51,ultralytics_curascan/datasets/dataset-deteccao-ferida/images/train/51_1.jpg
52_0 (2),52_0 (2).jpg,3ffd80e87e3606123ebf9a4ee2278bbbecb1e0405416d72cc23106c867a72e3f,train,1,clinical:52,ultralytics_curascan/datasets/dataset-deteccao-ferida/images/train/52_0 (2).jpg
52_0 (3),52_0 (3).jpg,193d466c2df94228292451e6ac6fd6f73ac76d8c92b8771dc0579bf0f738aa0d,train,1,clinical:52,ultralytics_curascan/datasets/dataset-deteccao-ferida/images/train/52_0 (3).jpg
52_0 (4),52_0 (4).jpg,086a9324301d2f7845b4d3eddeef4753a4508ad1b51932fabfd452ead860989d,train,1,clinical:52,ultralytics_curascan/datasets/dataset-deteccao-ferida/images/train/52_0 (4).jpg
52_0,52_0.jpg,15ddd93227974b032d74d4d54866f624f39ee019ab3e58981da19a0b82076f27,train,1,clinical:52,ultralytics_curascan/datasets/dataset-deteccao-ferida/images/train/52_0.jpg
52_1 (2),52_1 (2).jpg,8a8072a01e85721e6ec072e2262b3a6bfd993cff1a2726dd746bee64926cdd68,train,1,clinical:52,ultralytics_curascan/datasets/dataset-deteccao-ferida/images/train/52_1 (2).jpg
53_0 (2),53_0 (2).jpg,d281b084af54b29c8546b6d6fb6ac90832bba46afec127698e23c692f754feec,train,1,clinical:53,ultralytics_curascan/datasets/dataset-deteccao-ferida/images/train/53_0 (2).jpg
53_0 (4),53_0 (4).jpg,beb044fd8c256ac6fa2a0f88ae43c55bf3725650d38ccaf4a5c2747c19c9f563,train,1,clinical:53,ultralytics_curascan/datasets/dataset-deteccao-ferida/images/train/53_0 (4).jpg
53_2,53_2.jpg,08425e273bb1f496bb7be639a03d700ca44bd706072779b188fe77b33944d4cb,train,1,clinical:53,ultralytics_curascan/datasets/dataset-deteccao-ferida/images/train/53_2.jpg
53_3,53_3.jpg,b7464c0a42cbe60ce1e3004008815e6a39c9167e20d34069bb14384deba21bc3,train,1,clinical:53,ultralytics_curascan/datasets/dataset-deteccao-ferida/images/train/53_3.jpg
53_4,53_4.jpg,d909d70361a72569a604bb071108556e8de34be24f1389039b2d5222c4da2567,train,2,clinical:53,ultralytics_curascan/datasets/dataset-deteccao-ferida/images/train/53_4.jpg
54_0 (4),54_0 (4).jpg,d179739295700d2876963c5c4de806f395e6143afd2fc866f00bbebe016597a6,train,0,clinical:54,ultralytics_curascan/datasets/dataset-deteccao-ferida/images/train/54_0 (4).jpg
54_1,54_1.jpg,d80b59a0770cc81ef3e647df2c0f66de779e804649445917d33263b980b9b177,train,1,clinical:54,ultralytics_curascan/datasets/dataset-deteccao-ferida/images/train/54_1.jpg
55_0 (2),55_0 (2).jpg,8c883dc025ed1353c78d900676694f58d71378784cbd23c138453c1dd46facaa,train,1,clinical:55,ultralytics_curascan/datasets/dataset-deteccao-ferida/images/train/55_0 (2).jpg
55_0 (3),55_0 (3).jpg,69fd97ca597b95a095d979b0f55c02ae764b0d5647438b2ce392276957593420,train,1,clinical:55,ultralytics_curascan/datasets/dataset-deteccao-ferida/images/train/55_0 (3).jpg
55_0 (4),55_0 (4).jpg,641c3c1ae77213e66a0363da363c7a89120c5e5a65110c88a8406f29f650d57d,train,0,clinical:55,ultralytics_curascan/datasets/dataset-deteccao-ferida/images/train/55_0 (4).jpg
55_0,55_0.jpg,d36dc1f05a50c50cd63970dfd4f548593b89db65226382b8749dba327909ec46,train,1,clinical:55,ultralytics_curascan/datasets/dataset-deteccao-ferida/images/train/55_0.jpg
55_1,55_1.jpg,9227e3b4c0af541a45804429fd449a6d716640f36fd3d742caf947b87e7123a2,train,1,clinical:55,ultralytics_curascan/datasets/dataset-deteccao-ferida/images/train/55_1.jpg
56_0 (2),56_0 (2).jpg,c981fb2462295cfa7029721c677275a43ac0b7e33e62645d45a145d7d360ce89,train,1,clinical:56,ultralytics_curascan/datasets/dataset-deteccao-ferida/images/train/56_0 (2).jpg
56_1,56_1.jpg,20c8bed2a8c6c8ed3c2624c030150d1fe4dbaeef5a641c3044cead6e7814fad6,train,1,clinical:56,ultralytics_curascan/datasets/dataset-deteccao-ferida/images/train/56_1.jpg
56_2,56_2.jpg,f5f355bcfa95173953a61d6a772032350a3c916baf2054dca7473a350d49ae26,train,1,clinical:56,ultralytics_curascan/datasets/dataset-deteccao-ferida/images/train/56_2.jpg
57_0 (2),57_0 (2).jpg,a92e2cd9d1187a7e85cd29ce5a16db2c069fdddc07d818a2079a25961382f095,train,1,clinical:57,ultralytics_curascan/datasets/dataset-deteccao-ferida/images/train/57_0 (2).jpg
57_0 (3),57_0 (3).jpg,868527c52bd4a237262f3b1d50dc7870567246e97bdbee99653cc20518d330f1,train,1,clinical:57,ultralytics_curascan/datasets/dataset-deteccao-ferida/images/train/57_0 (3).jpg
57_0,57_0.jpg,5f8d8f4920954e659b493ddb9840608519fb41d7037af1c8938c05c7b36af960,train,1,clinical:57,ultralytics_curascan/datasets/dataset-deteccao-ferida/images/train/57_0.jpg
58_0 (2),58_0 (2).jpg,410640cddafe0e2cec01ea6e094b68777f03865702835beab1b127acdec96f20,train,1,clinical:58,ultralytics_curascan/datasets/dataset-deteccao-ferida/images/train/58_0 (2).jpg
58_0 (3),58_0 (3).jpg,2db07328d7674855ac0d6ed9038ba85d0a028ef69f6467cfc8185416652672bc,train,1,clinical:58,ultralytics_curascan/datasets/dataset-deteccao-ferida/images/train/58_0 (3).jpg
58_0 (4),58_0 (4).jpg,990d513ed3a8a333760e660a7b4392336ac5d944dda2887520f165b385e199ca,train,1,clinical:58,ultralytics_curascan/datasets/dataset-deteccao-ferida/images/train/58_0 (4).jpg
58_0,58_0.jpg,facc3666ed845a56f8ddf607a81970a4cd5756ec98bb730666bc1d42d504d312,train,1,clinical:58,ultralytics_curascan/datasets/dataset-deteccao-ferida/images/train/58_0.jpg
59_0 (2),59_0 (2).jpg,4a302bba33fb2a2dc5a10ccb45759fbb140dbcf1de43d742f8895855a54f6f26,train,1,clinical:59,ultralytics_curascan/datasets/dataset-deteccao-ferida/images/train/59_0 (2).jpg
59_0 (3),59_0 (3).jpg,92e090618380e230ea4eb7800fc9cdf52d3424da5f03ea2dbc0353e61561fc7b,train,1,clinical:59,ultralytics_curascan/datasets/dataset-deteccao-ferida/images/train/59_0 (3).jpg
59_1,59_1.jpg,2c1310edb7b2203c6136f92eb5313f2d26d720a539bf886f252b61fbca41185b,train,1,clinical:59,ultralytics_curascan/datasets/dataset-deteccao-ferida/images/train/59_1.jpg
5_0 (4),5_0 (4).jpg,92ebfacd124447eeb97215bcccd02d09edb25274cf4c4fcbb1b9ecda11ad4aeb,train,2,clinical:5,ultralytics_curascan/datasets/dataset-deteccao-ferida/images/train/5_0 (4).jpg
5_0,5_0.jpg,e2850b5a3fef933db39a211d722fc7f0c859be83c36c7b26c3e77d0ae0ba674a,train,1,clinical:5,ultralytics_curascan/datasets/dataset-deteccao-ferida/images/train/5_0.jpg
5_1 (2),5_1 (2).jpg,ac53cfcd361858d193fc2937d0ef9ee7a1e617a9ff436bb8a9da8a495450fa49,train,1,clinical:5,ultralytics_curascan/datasets/dataset-deteccao-ferida/images/train/5_1 (2).jpg
5_2,5_2.jpg,fed0641a84e53636110ed32cfa17c56fe903fe2a659e9b000464ebcf5ad9dbd1,train,2,clinical:5,ultralytics_curascan/datasets/dataset-deteccao-ferida/images/train/5_2.jpg
60_0 (2),60_0 (2).jpg,95220dc281485444bf6e78ae979602df191dbe9e4f5de713321f02d66b6bddf1,train,1,clinical:60,ultralytics_curascan/datasets/dataset-deteccao-ferida/images/train/60_0 (2).jpg
60_0 (3),60_0 (3).jpg,f1a79908b5a8384e4b876cf342732c8983b439eef14d4c1f36cd165fa3a5ce6b,train,1,clinical:60,ultralytics_curascan/datasets/dataset-deteccao-ferida/images/train/60_0 (3).jpg
60_0 (4),60_0 (4).jpg,b78f5fd0b94e44cd64adab0fce9c2c7e6ee0a8014ba161261a642b8286d4eb7e,train,1,clinical:60,ultralytics_curascan/datasets/dataset-deteccao-ferida/images/train/60_0 (4).jpg
60_1 (2),60_1 (2).jpg,10ef9b4fc7764b5bef46f48e9f55a4267d2d53b324b9030b1084f5397db6aaec,train,1,clinical:60,ultralytics_curascan/datasets/dataset-deteccao-ferida/images/train/60_1 (2).jpg
61_0 (4),61_0 (4).jpg,b1c1be00293019ea9162330458080dfdf9bdf94d3f3d430a7fe115af1affdbf7,train,1,clinical:61,ultralytics_curascan/datasets/dataset-deteccao-ferida/images/train/61_0 (4).jpg
61_0,61_0.jpg,04658ac4a846c67691b199b7b8a5c6f72630aabd3ccd9381a6f9dbed327e7365,train,1,clinical:61,ultralytics_curascan/datasets/dataset-deteccao-ferida/images/train/61_0.jpg
62_0 (4),62_0 (4).jpg,58eb9e4f4af3ebfbd2d0806d18954c1515f420de776c6d8b6cf483a002a39a76,train,1,clinical:62,ultralytics_curascan/datasets/dataset-deteccao-ferida/images/train/62_0 (4).jpg
62_0,62_0.jpg,dd273d90316cb0be5b424df2d2c85d11e54a2b0a0df815e62d8640eb4d09804a,train,1,clinical:62,ultralytics_curascan/datasets/dataset-deteccao-ferida/images/train/62_0.jpg
63_0 (4),63_0 (4).jpg,982dcfcdc32468f0a1198cb174f232d0c6481b0e5c2873d159e6461d20edca77,train,1,clinical:63,ultralytics_curascan/datasets/dataset-deteccao-ferida/images/train/63_0 (4).jpg
64_0 (2),64_0 (2).jpg,ac6e0bea0bb1e12afec94b1b950c003f3c1cd565e066ee11f521976a48af7acd,train,1,clinical:64,ultralytics_curascan/datasets/dataset-deteccao-ferida/images/train/64_0 (2).jpg
64_0 (4),64_0 (4).jpg,1a48bd87e0f4aab8f8caaee36b5c91f6a9a16be8d1bc7674d01a0bb33b28e7d2,train,1,clinical:64,ultralytics_curascan/datasets/dataset-deteccao-ferida/images/train/64_0 (4).jpg
64_0,64_0.jpg,9f397c3a40aa35203a50cd89552dcd127cd79f25fabad2fce0dc589510e44d88,train,1,clinical:64,ultralytics_curascan/datasets/dataset-deteccao-ferida/images/train/64_0.jpg
64_1 (2),64_1 (2).jpg,1aec306abf54df7682bbff4e7e4893dda2ac4a9b10ac09a18cf545e8b640032c,train,1,clinical:64,ultralytics_curascan/datasets/dataset-deteccao-ferida/images/train/64_1 (2).jpg
64_1 (3),64_1 (3).jpg,47d6b5c8c6361fa508d4683524cf09aa4ac768ec31d41ff63d83ab32c6c74663,train,1,clinical:64,ultralytics_curascan/datasets/dataset-deteccao-ferida/images/train/64_1 (3).jpg
64_1,64_1.jpg,84cb975322f8a3e01ee970d082ae4a8cec11f3add58354637a788feceb87a125,train,1,clinical:64,ultralytics_curascan/datasets/dataset-deteccao-ferida/images/train/64_1.jpg
64_2,64_2.jpg,5168c22a9abe93eb5df488d07f82d5399b85b6a28674b286087c2fcadf207620,train,1,clinical:64,ultralytics_curascan/datasets/dataset-deteccao-ferida/images/train/64_2.jpg
65_0 (2),65_0 (2).jpg,a7bfa684866df7003b0023586988be97784ae7be38865adea371a23d7494b811,train,1,clinical:65,ultralytics_curascan/datasets/dataset-deteccao-ferida/images/train/65_0 (2).jpg
65_0 (3),65_0 (3).jpg,503f2e69de4a89d0ed6bf9fe6899130f6bda70cf548fa24198849e71b7e805fe,train,1,clinical:65,ultralytics_curascan/datasets/dataset-deteccao-ferida/images/train/65_0 (3).jpg
65_0 (4),65_0 (4).jpg,7d001c76275983462dc936b2346b92b387288595a4d275258d6cf654f2d346d8,train,1,clinical:65,ultralytics_curascan/datasets/dataset-deteccao-ferida/images/train/65_0 (4).jpg
65_0,65_0.jpg,5d61a892c870afdece75c072cfd9389b7547230fa8072eaa8c4be69476ec984f,train,1,clinical:65,ultralytics_curascan/datasets/dataset-deteccao-ferida/images/train/65_0.jpg
65_1,65_1.jpg,44ed060418642022752211a2484dbff8ad81a18a16d5d877becfd1203f3b84f4,train,2,clinical:65,ultralytics_curascan/datasets/dataset-deteccao-ferida/images/train/65_1.jpg
66_0 (2),66_0 (2).jpg,ece6a83f92cc6ee291cafbd60cac5dd6f2748d31c97fdba7650f77781eefcce9,train,1,clinical:66,ultralytics_curascan/datasets/dataset-deteccao-ferida/images/train/66_0 (2).jpg
66_0 (3),66_0 (3).jpg,a14fa4ff0ba2fec3821ff47d06fc9cc413d753d53596c880833964178325c290,train,1,clinical:66,ultralytics_curascan/datasets/dataset-deteccao-ferida/images/train/66_0 (3).jpg
66_0 (4),66_0 (4).jpg,f9fd15b873249f2a02d741659b28860c75745b75690904bcd2dca6f3162399e6,train,1,clinical:66,ultralytics_curascan/datasets/dataset-deteccao-ferida/images/train/66_0 (4).jpg
66_0,66_0.jpg,8ac08a7d3e887bc9ffb24daa3cc6fe213f06549669f1107ab53f3052dec0947c,train,0,clinical:66,ultralytics_curascan/datasets/dataset-deteccao-ferida/images/train/66_0.jpg
67_0 (2),67_0 (2).jpg,c15f2946fdb11b366caa5ff5b141a2fe379858a23f4607270ff480c14b397f6a,train,1,clinical:67,ultralytics_curascan/datasets/dataset-deteccao-ferida/images/train/67_0 (2).jpg
67_0 (3),67_0 (3).jpg,e370b1ebf1ce705f27f4b58f5ff6f2de896648f334001bd8a83a1e04876e07cc,train,1,clinical:67,ultralytics_curascan/datasets/dataset-deteccao-ferida/images/train/67_0 (3).jpg
67_0 (4),67_0 (4).jpg,747d6a4a7b06733334530741f9b9c31148fbc9d3010b379fd74ed97bd6c96571,train,0,clinical:67,ultralytics_curascan/datasets/dataset-deteccao-ferida/images/train/67_0 (4).jpg
67_0,67_0.jpg,9a84c59d48599405647c277f42b0f4c2405d1cba12728e736a6be19b304956a9,train,1,clinical:67,ultralytics_curascan/datasets/dataset-deteccao-ferida/images/train/67_0.jpg
67_1,67_1.jpg,a4322c02824046d9e9ac9c7e5f564766e7f359c34602f87b72281c7a66ae7306,train,1,clinical:67,ultralytics_curascan/datasets/dataset-deteccao-ferida/images/train/67_1.jpg
68_0 (3),68_0 (3).jpg,4f4b61b06390e3861a57adc94885527115cc196cf7a1d688e2082bf257ec24e2,train,1,clinical:68,ultralytics_curascan/datasets/dataset-deteccao-ferida/images/train/68_0 (3).jpg
68_0,68_0.jpg,55ef41ab8fc379438a7fba91af538a5eeb36fc1fd6d3c583bc6be14c2124a5c4,train,0,clinical:68,ultralytics_curascan/datasets/dataset-deteccao-ferida/images/train/68_0.jpg
69_0 (4),69_0 (4).jpg,5caf7744bdea55013b8430c4efc02238530c5538402968a962846ef87db8285c,train,1,clinical:69,ultralytics_curascan/datasets/dataset-deteccao-ferida/images/train/69_0 (4).jpg
69_1,69_1.jpg,94b24cd5769294674ddcdebdfe8ad90114783da50f7094741777d7569555ba79,train,1,clinical:69,ultralytics_curascan/datasets/dataset-deteccao-ferida/images/train/69_1.jpg
6_0 (2),6_0 (2).jpg,61d77d16b2ae0398a6ab4228c12b4acd7eb7313a8982e81efa8088f7814dfb0c,train,1,clinical:6,ultralytics_curascan/datasets/dataset-deteccao-ferida/images/train/6_0 (2).jpg
6_0 (4),6_0 (4).jpg,95261727608137b920b641442763ee9271220412d7814c8a9fe6941b5ee85180,train,1,clinical:6,ultralytics_curascan/datasets/dataset-deteccao-ferida/images/train/6_0 (4).jpg
6_1 (2),6_1 (2).jpg,d9ff704aef6bc4b1a7946fe65f6ae5420ead38f76ecd376f102c00d10af4814c,train,1,clinical:6,ultralytics_curascan/datasets/dataset-deteccao-ferida/images/train/6_1 (2).jpg
6_1,6_1.jpg,6cd28f970acf336d3dd6350501a83b200c3f9c2c5ce08073f2a96d9d393b2a8b,train,1,clinical:6,ultralytics_curascan/datasets/dataset-deteccao-ferida/images/train/6_1.jpg
6_2,6_2.jpg,162289e4d5d7fdc2e70ecaa1f0d18eac13d388db9c8762d7f5341524f5ae7af8,train,1,clinical:6,ultralytics_curascan/datasets/dataset-deteccao-ferida/images/train/6_2.jpg
6_3,6_3.jpg,860c47ccffe4f35c58cebf7bf5b987be08f32931dff4569498d63fe3d7737a41,train,1,clinical:6,ultralytics_curascan/datasets/dataset-deteccao-ferida/images/train/6_3.jpg
70_0 (2),70_0 (2).jpg,2fd7a7f857046cb4bf07b8654bd5c650d06579240dfc247e7605038a3ded2b06,train,1,clinical:70,ultralytics_curascan/datasets/dataset-deteccao-ferida/images/train/70_0 (2).jpg
70_0,70_0.jpg,e7375054f5c997542f48e7345cd36368578cce65089e3c512075ed5107a4b5da,train,1,clinical:70,ultralytics_curascan/datasets/dataset-deteccao-ferida/images/train/70_0.jpg
70_1,70_1.jpg,032bde526fa02b160bd696843e613615c9906f1f7d1a823adeb9321579ac8723,train,1,clinical:70,ultralytics_curascan/datasets/dataset-deteccao-ferida/images/train/70_1.jpg
71_0 (2),71_0 (2).jpg,b4e4150024a872cc0b16f1288f7093c5fc74061a5ccaa997d12ae8fba90e6788,train,1,clinical:71,ultralytics_curascan/datasets/dataset-deteccao-ferida/images/train/71_0 (2).jpg
71_0 (3),71_0 (3).jpg,33cdc32b5d8893d7b4b639fd2094cf2b55560f199312037d411b2492c84fc7b0,train,1,clinical:71,ultralytics_curascan/datasets/dataset-deteccao-ferida/images/train/71_0 (3).jpg
71_0 (4),71_0 (4).jpg,30f8f5eb689228809c4c23d1457378ff1ac9506e03e00b194907accba0d6d93d,train,1,clinical:71,ultralytics_curascan/datasets/dataset-deteccao-ferida/images/train/71_0 (4).jpg
71_0,71_0.jpg,6fc3db86a669b28713ec5ead0b68659a6960f2ee07d145b420c1f20ff71a1061,train,1,clinical:71,ultralytics_curascan/datasets/dataset-deteccao-ferida/images/train/71_0.jpg
72_0 (2),72_0 (2).jpg,6045ccc604572d09573958e6181c17c33dd15e496a362e0d5ccbf571434d5105,train,1,clinical:72,ultralytics_curascan/datasets/dataset-deteccao-ferida/images/train/72_0 (2).jpg
72_0 (3),72_0 (3).jpg,fba7097973e0276bde2565d4770e50d1deb5017140eb3fd9b20ccfb55d9d334e,train,1,clinical:72,ultralytics_curascan/datasets/dataset-deteccao-ferida/images/train/72_0 (3).jpg
72_1,72_1.jpg,e615662b42440f146a2dc06c7347ea32e654c5329c1d1bc065ab898b81903df2,train,1,clinical:72,ultralytics_curascan/datasets/dataset-deteccao-ferida/images/train/72_1.jpg
73_0,73_0.jpg,6ba5ffc57dd41cd8a020c12576dadf2b404139a9a77eaccdec75f2974a139f81,train,1,clinical:73,ultralytics_curascan/datasets/dataset-deteccao-ferida/images/train/73_0.jpg
74_0 (2),74_0 (2).jpg,680f1d1faa5246f55bcceabfea47256aec8955caeb3886da7ad01a6a6cc57b96,train,1,clinical:74,ultralytics_curascan/datasets/dataset-deteccao-ferida/images/train/74_0 (2).jpg
74_0 (3),74_0 (3).jpg,f36fcb83fb9ffacc242451b263bd57bea992d6846736b7aa942cc9a1c537a70f,train,1,clinical:74,ultralytics_curascan/datasets/dataset-deteccao-ferida/images/train/74_0 (3).jpg
74_0 (4),74_0 (4).jpg,bed75f9b10e2dae99785c656716b48773e681cdfd36f76efd9164bda5855d481,train,1,clinical:74,ultralytics_curascan/datasets/dataset-deteccao-ferida/images/train/74_0 (4).jpg
74_0,74_0.jpg,aeda281a1998af5ef69b75b2a88c5c763dd11b0286ba5c0c14a2993cb42b8a28,train,1,clinical:74,ultralytics_curascan/datasets/dataset-deteccao-ferida/images/train/74_0.jpg
75_0 (3),75_0 (3).jpg,d3415637244812f3802611ae4296803e5db0ae515afecebe7785d4404f18ce80,train,1,clinical:75,ultralytics_curascan/datasets/dataset-deteccao-ferida/images/train/75_0 (3).jpg
75_0 (4),75_0 (4).jpg,66f758249785c26d2e33288705eebc30e0b3fd66a58ef23d96db3b1efdc4ab65,train,1,clinical:75,ultralytics_curascan/datasets/dataset-deteccao-ferida/images/train/75_0 (4).jpg
75_0,75_0.jpg,d9c00afc5052f2e01ea03638014cff96f164ca227380ea4261fb00692fe56f64,train,1,clinical:75,ultralytics_curascan/datasets/dataset-deteccao-ferida/images/train/75_0.jpg
75_1 (2),75_1 (2).jpg,fc9f8cb81864d8aa9dc23bc4ecb09a4356e20c70b63ba3cd26dd08ae35cb31db,train,1,clinical:75,ultralytics_curascan/datasets/dataset-deteccao-ferida/images/train/75_1 (2).jpg
75_1 (3),75_1 (3).jpg,53f1970454f4cc1eb519d5a6c13df7b24e334918cf2d00dee1239878aa7a7576,train,1,clinical:75,ultralytics_curascan/datasets/dataset-deteccao-ferida/images/train/75_1 (3).jpg
75_1,75_1.jpg,31ea5e9253da4d8471774c0e680d4a1c838d3018c9c489ba88180db65301f3ea,train,1,clinical:75,ultralytics_curascan/datasets/dataset-deteccao-ferida/images/train/75_1.jpg
76_0 (2),76_0 (2).jpg,d02ba5eb5c4ef463fbdb91f9d9dbdc4db3d52aeabe77b288904a664a9004d6bc,train,1,clinical:76,ultralytics_curascan/datasets/dataset-deteccao-ferida/images/train/76_0 (2).jpg
76_0 (3),76_0 (3).jpg,cf3d4b3a9774c98b5a206edc8c84a512582f66152da17dddabdfd49feda757c7,train,1,clinical:76,ultralytics_curascan/datasets/dataset-deteccao-ferida/images/train/76_0 (3).jpg
76_0 (4),76_0 (4).jpg,c5a4c4decfd271ac97266cf7fcccfc4e2d6a039575befa2e8ebeeba0caac1e24,train,1,clinical:76,ultralytics_curascan/datasets/dataset-deteccao-ferida/images/train/76_0 (4).jpg
76_0,76_0.jpg,0f86bc98e9e4f33de1af52488fde0785ec9d7339450da5331a08ca2db591b7cb,train,1,clinical:76,ultralytics_curascan/datasets/dataset-deteccao-ferida/images/train/76_0.jpg
76_1,76_1.jpg,79271b086a2ef06de6a9ac6c690e361c90d25fc43ae1fdde2149cfd5f738edbb,train,1,clinical:76,ultralytics_curascan/datasets/dataset-deteccao-ferida/images/train/76_1.jpg
76_2,76_2.jpg,aef96dfaf1969f1be7e3a56fab5635a9f026e2b7e9da4f29461869fb90939b4d,train,1,clinical:76,ultralytics_curascan/datasets/dataset-deteccao-ferida/images/train/76_2.jpg
76_3,76_3.jpg,abf3e1ff922c5953b6a0e1fac8bbd9766ed087b7b70cfed3dd4f4f2cd8d21c66,train,1,clinical:76,ultralytics_curascan/datasets/dataset-deteccao-ferida/images/train/76_3.jpg
76_5,76_5.jpg,96385f892502b038b9c4a0f56441fb6b3ca42821d40c785a0ee4030427543ce5,train,1,clinical:76,ultralytics_curascan/datasets/dataset-deteccao-ferida/images/train/76_5.jpg
76_6,76_6.jpg,41e7b2c1d0ab9536127a4b6e54e78eee21892a31b8206f6d1bde381bad45a4c6,train,1,clinical:76,ultralytics_curascan/datasets/dataset-deteccao-ferida/images/train/76_6.jpg
77_0 (2),77_0 (2).jpg,25df351d283f63506513b12c87056896cadec31b04d063191501db7dfc78b747,train,1,clinical:77,ultralytics_curascan/datasets/dataset-deteccao-ferida/images/train/77_0 (2).jpg
77_0 (3),77_0 (3).jpg,d7056aea78b4d112d41986e1e7d2b0e734cdfabe66707ddbcf779ffefafb06a6,train,1,clinical:77,ultralytics_curascan/datasets/dataset-deteccao-ferida/images/train/77_0 (3).jpg
77_0 (4),77_0 (4).jpg,a65f10ad02cc84df84bfe93c3faa4bb72b8405c2e567a7dcd321a33ae0d11fc8,train,1,clinical:77,ultralytics_curascan/datasets/dataset-deteccao-ferida/images/train/77_0 (4).jpg
77_0,77_0.jpg,3f946fabbb1a9a79955182a55b66e2c11052da264ab8bfcf3066b1bdd7786699,train,2,clinical:77,ultralytics_curascan/datasets/dataset-deteccao-ferida/images/train/77_0.jpg
77_1,77_1.jpg,f4826fc7d69f2339f058a0097c9d75be4d9eb8d1ab17824eda4ef6353d2be229,train,2,clinical:77,ultralytics_curascan/datasets/dataset-deteccao-ferida/images/train/77_1.jpg
78_0 (3),78_0 (3).jpg,d1ff4c4a83719e924035bd15f2d53a7e07b50ee04e509f5b345d3d21176d11c3,train,1,clinical:78,ultralytics_curascan/datasets/dataset-deteccao-ferida/images/train/78_0 (3).jpg
78_0 (4),78_0 (4).jpg,60d3727ff78a5418a936123f655364664a146c31ae0f4fab4f2226b472c09c48,train,1,clinical:78,ultralytics_curascan/datasets/dataset-deteccao-ferida/images/train/78_0 (4).jpg
78_1 (2),78_1 (2).jpg,afbf2e0c133d78cdca020c98e9ccef51b886a258b1731d5545ac825a04ecfdbb,train,2,clinical:78,ultralytics_curascan/datasets/dataset-deteccao-ferida/images/train/78_1 (2).jpg
78_1,78_1.jpg,8837cf30b715434e29727413cfbc9321c000d7a177d5ceb4f1e0efc8ebab2c44,train,1,clinical:78,ultralytics_curascan/datasets/dataset-deteccao-ferida/images/train/78_1.jpg
78_2,78_2.jpg,fca2e5b54b9dfe5d454a7229dd15fe5040890aa7f9f1836714fdd4fe64ed00c8,train,2,clinical:78,ultralytics_curascan/datasets/dataset-deteccao-ferida/images/train/78_2.jpg
79_0 (2),79_0 (2).jpg,0d8c3e5e48beb2ea5042b6e56313729592605fbed7fdf398914d48b7bc3c15d7,train,1,clinical:79,ultralytics_curascan/datasets/dataset-deteccao-ferida/images/train/79_0 (2).jpg
79_0 (3),79_0 (3).jpg,fcfef525c8c026167de4f7a6c19653333e4737f303be5d403e0dde50480683c1,train,2,clinical:79,ultralytics_curascan/datasets/dataset-deteccao-ferida/images/train/79_0 (3).jpg
79_0,79_0.jpg,907dc9c0b52d93b1b851009a4a5c9cf47223a69fdbb8c51e77367bd67700013a,train,1,clinical:79,ultralytics_curascan/datasets/dataset-deteccao-ferida/images/train/79_0.jpg
7_0 (4),7_0 (4).jpg,aa9194693e787f1f800591434e805cb8249e3637417c61d549fbe5a56d5ffdd6,train,2,clinical:7,ultralytics_curascan/datasets/dataset-deteccao-ferida/images/train/7_0 (4).jpg
7_0,7_0.jpg,f9e9a53000542e29581619c365566635e58653feaf4f097f2757fcc2edfb7e26,train,1,clinical:7,ultralytics_curascan/datasets/dataset-deteccao-ferida/images/train/7_0.jpg
7_1 (2),7_1 (2).jpg,3135a12b63cf9b157835acf8cb7e2ae9c2ffbdf6a721d010b53ab002f52a778f,train,2,clinical:7,ultralytics_curascan/datasets/dataset-deteccao-ferida/images/train/7_1 (2).jpg
7_1,7_1.jpg,9f58ea8ac668d5121f6e8ff7b8c935e869782481b8e6ffb495f69cb3b4d0337d,train,1,clinical:7,ultralytics_curascan/datasets/dataset-deteccao-ferida/images/train/7_1.jpg
80_0 (3),80_0 (3).jpg,8c52ac51a27d270c05abaa219e3856773498839c9280e47eae2a1899803065a0,train,1,clinical:80,ultralytics_curascan/datasets/dataset-deteccao-ferida/images/train/80_0 (3).jpg
80_0 (4),80_0 (4).jpg,4010fe2717bdbf0a6044453ec916897b52e44cc4463f5bd5629f7b3fc2a5c19e,train,1,clinical:80,ultralytics_curascan/datasets/dataset-deteccao-ferida/images/train/80_0 (4).jpg
80_0,80_0.jpg,5fea6f1ce5374536cacda7f280bc3a4dc49b011729c295bcb7b23fb46ae2331d,train,1,clinical:80,ultralytics_curascan/datasets/dataset-deteccao-ferida/images/train/80_0.jpg
81_0 (2),81_0 (2).jpg,3530a65b6d0461cbc8e8fa0cc7a33d229990d0efdceaf9f6f3961981ae66a6d5,train,2,clinical:81,ultralytics_curascan/datasets/dataset-deteccao-ferida/images/train/81_0 (2).jpg
81_0 (3),81_0 (3).jpg,a4f8f6d7fa04c8eb50153ad07638c926b241f5f635502343914972af2119473f,train,1,clinical:81,ultralytics_curascan/datasets/dataset-deteccao-ferida/images/train/81_0 (3).jpg
81_0,81_0.jpg,767481c9a2a8644ca38d0e1ae24c8584359a0471165e77089e754ebd49beb171,train,1,clinical:81,ultralytics_curascan/datasets/dataset-deteccao-ferida/images/train/81_0.jpg
81_1 (2),81_1 (2).jpg,a99f8e4617cbda1648c482e0f55ac523aa5e3be9bc3265cff0cec11029cb2540,train,2,clinical:81,ultralytics_curascan/datasets/dataset-deteccao-ferida/images/train/81_1 (2).jpg
81_1 (3),81_1 (3).jpg,db25873d2776ededf53e1d14bd8f724b07eb2f822ea906c7a64219765a4b5812,train,1,clinical:81,ultralytics_curascan/datasets/dataset-deteccao-ferida/images/train/81_1 (3).jpg
81_1,81_1.jpg,4a341e8718b907f65c96870e52d07c0680903b437c903b6428ef1cd4396ca590,train,1,clinical:81,ultralytics_curascan/datasets/dataset-deteccao-ferida/images/train/81_1.jpg
81_3,81_3.jpg,5f114d35102e3cf4781b9f98041580bcb7314825f0467a72f563f4fa470be7af,train,1,clinical:81,ultralytics_curascan/datasets/dataset-deteccao-ferida/images/train/81_3.jpg
82_0 (2),82_0 (2).jpg,32d346457998e858346697697950795de3637cbda5e3bbf2880ae31b62f7e049,train,1,clinical:82,ultralytics_curascan/datasets/dataset-deteccao-ferida/images/train/82_0 (2).jpg
82_0 (3),82_0 (3).jpg,0db54677fc887fbadf2facece826e1445a93b79ec72210705b25a117d6db7975,train,1,clinical:82,ultralytics_curascan/datasets/dataset-deteccao-ferida/images/train/82_0 (3).jpg
82_0 (4),82_0 (4).jpg,fd0728c19192173b889557b19e8922fe4e95106749e6ab89b7f9b5b516a26d4e,train,1,clinical:82,ultralytics_curascan/datasets/dataset-deteccao-ferida/images/train/82_0 (4).jpg
82_1 (2),82_1 (2).jpg,717ef88fb276c010fe4728e810d7e3e7c33386a02fdc7bb8697140f65fb01ec9,train,1,clinical:82,ultralytics_curascan/datasets/dataset-deteccao-ferida/images/train/82_1 (2).jpg
82_1,82_1.jpg,cb1b421a4fd7dac075079845880a22c1e0132521e6a4326b40a1bf61c10bcd70,train,1,clinical:82,ultralytics_curascan/datasets/dataset-deteccao-ferida/images/train/82_1.jpg
82_2,82_2.jpg,3151a6668c20133c6f18d93974f50c6e23ad5e5eada1e1c37dba493a29cd938c,train,2,clinical:82,ultralytics_curascan/datasets/dataset-deteccao-ferida/images/train/82_2.jpg
83_0 (2),83_0 (2).jpg,0f81b3d1bdc59c1aed796ee9bac293fb52947c02b4d271fb355fc3d517bf4f2d,train,1,clinical:83,ultralytics_curascan/datasets/dataset-deteccao-ferida/images/train/83_0 (2).jpg
83_0 (3),83_0 (3).jpg,e6a090533585162e3f8ce9883c81587543010d1fbd6d00ee991b8c2a7339fe51,train,1,clinical:83,ultralytics_curascan/datasets/dataset-deteccao-ferida/images/train/83_0 (3).jpg
83_0,83_0.jpg,59c0b3ca6113b01e21d68c0330a3f0a7e6cb79968765cbafaf17eeb361da9e22,train,1,clinical:83,ultralytics_curascan/datasets/dataset-deteccao-ferida/images/train/83_0.jpg
84_0 (3),84_0 (3).jpg,f68562c0d8b30a1ab4951dfc4d644a2e3609215da42d1d4ea2832a607520df03,train,1,clinical:84,ultralytics_curascan/datasets/dataset-deteccao-ferida/images/train/84_0 (3).jpg
85_0 (2),85_0 (2).jpg,e9bf1800c0469c0bc1f9d10ee3ac0cd23d652c57e0fae791a34e3be0d5b41f85,train,1,clinical:85,ultralytics_curascan/datasets/dataset-deteccao-ferida/images/train/85_0 (2).jpg
85_0 (3),85_0 (3).jpg,48c6bd7acd33e0fdd2e3e9ef6220e13c643624d4f9006d8fcb77ef5b020e90e8,train,1,clinical:85,ultralytics_curascan/datasets/dataset-deteccao-ferida/images/train/85_0 (3).jpg
85_0 (4),85_0 (4).jpg,10aecf44b3c844cd20dac3376c8ba3ff68da0452f9cee0d05f5cd6e40f890958,train,1,clinical:85,ultralytics_curascan/datasets/dataset-deteccao-ferida/images/train/85_0 (4).jpg
86_0 (2),86_0 (2).jpg,2fba4d989a6737fbd0c426caba2f6a88ac9a488614abe71ee1fc32587ed3dd51,train,1,clinical:86,ultralytics_curascan/datasets/dataset-deteccao-ferida/images/train/86_0 (2).jpg
86_0 (3),86_0 (3).jpg,01a0f4fb856a2286eaf4a308787c628a6a420a85058a5bd87a1ff3271c3a3964,train,1,clinical:86,ultralytics_curascan/datasets/dataset-deteccao-ferida/images/train/86_0 (3).jpg
86_0 (4),86_0 (4).jpg,19dbf78d16791fc060c854e2b531c7666aba864a5bc7caf86f6e6886f3d02e66,train,1,clinical:86,ultralytics_curascan/datasets/dataset-deteccao-ferida/images/train/86_0 (4).jpg
86_0,86_0.jpg,459cca5ef558169018ef2f8dcfe35e5e8812dee3a593aab89a84c4276e033752,train,1,clinical:86,ultralytics_curascan/datasets/dataset-deteccao-ferida/images/train/86_0.jpg
87_0 (2),87_0 (2).jpg,176e8aa53c53cf420fa8c0f046f0d42e244075578969fd51b0a97c4d65bd8731,train,1,clinical:87,ultralytics_curascan/datasets/dataset-deteccao-ferida/images/train/87_0 (2).jpg
87_0 (3),87_0 (3).jpg,42d8dbcf72ce31c5a67663f4bdb4ac28800ce3d04892831d646dc39dab60857e,train,2,clinical:87,ultralytics_curascan/datasets/dataset-deteccao-ferida/images/train/87_0 (3).jpg
87_0 (4),87_0 (4).jpg,71a4ceefb4bba353d9afb3712c3c283133194c711f4bdb55a3e43e024ce5b3c4,train,1,clinical:87,ultralytics_curascan/datasets/dataset-deteccao-ferida/images/train/87_0 (4).jpg
87_0,87_0.jpg,46e54588d1e4d915baf58f702d1189e600249a46c9cd8416525bf65c8ee51601,train,1,clinical:87,ultralytics_curascan/datasets/dataset-deteccao-ferida/images/train/87_0.jpg
87_1 (2),87_1 (2).jpg,d71fd359400b091a28aa24a6b228f28393ca2dbd763dfc1c1bb80a02f80581de,train,1,clinical:87,ultralytics_curascan/datasets/dataset-deteccao-ferida/images/train/87_1 (2).jpg
87_1,87_1.jpg,02ebc209cfd731a42937115f49684058b1a79c97ef733b88c50aefbfc91d76fe,train,1,clinical:87,ultralytics_curascan/datasets/dataset-deteccao-ferida/images/train/87_1.jpg
87_2,87_2.jpg,58c0c8b3dfbbd76743d4ae4362acd5ae3af0398cbe139be115bafaf7d4d5dab0,train,3,clinical:87,ultralytics_curascan/datasets/dataset-deteccao-ferida/images/train/87_2.jpg
87_3,87_3.jpg,e2d76be04cbff392d6661aa1ff9e2c606796189e9fadee0c0fa5d8320796bc62,train,1,clinical:87,ultralytics_curascan/datasets/dataset-deteccao-ferida/images/train/87_3.jpg
88_0 (2),88_0 (2).jpg,b186b8c259f9c86507ccd194b164685a393e39ba6f5045c5d84481a7dd1b51ad,train,1,clinical:88,ultralytics_curascan/datasets/dataset-deteccao-ferida/images/train/88_0 (2).jpg
88_0 (3),88_0 (3).jpg,d278f85a5eaafcfb74e90670ddc5dba0f488fae3bb86f86398712865efb09d08,train,1,clinical:88,ultralytics_curascan/datasets/dataset-deteccao-ferida/images/train/88_0 (3).jpg
89_0 (2),89_0 (2).jpg,e79fd3b80f1e52f9960b66deab253c43667e64f31e1b051288e358b7d68e7066,train,1,clinical:89,ultralytics_curascan/datasets/dataset-deteccao-ferida/images/train/89_0 (2).jpg
89_0 (4),89_0 (4).jpg,c1500373b935543a70722e562c333e788d69bf2d622df13121c80bca2c0f8e85,train,1,clinical:89,ultralytics_curascan/datasets/dataset-deteccao-ferida/images/train/89_0 (4).jpg
89_0,89_0.jpg,155fa2c3b8ee50728db5ceebc264abd44ea959baa837c2e7236eda62d8ea60a9,train,1,clinical:89,ultralytics_curascan/datasets/dataset-deteccao-ferida/images/train/89_0.jpg
8_0 (2),8_0 (2).jpg,cadc40ba1dde8ed23449e24aed2a8fe137c2cd8ed5a0015a3b00f645027503ee,train,1,clinical:8,ultralytics_curascan/datasets/dataset-deteccao-ferida/images/train/8_0 (2).jpg
8_0 (3),8_0 (3).jpg,638dcf57b2f3956e154ae1b6a97c1c38ffad848198575aaeaa91d898d8cd625c,train,1,clinical:8,ultralytics_curascan/datasets/dataset-deteccao-ferida/images/train/8_0 (3).jpg
8_1 (2),8_1 (2).jpg,97fdb7b1d7b91368af9025ce7cd6e1e60a1a3b05e33c34f40418b21304019bd7,train,2,clinical:8,ultralytics_curascan/datasets/dataset-deteccao-ferida/images/train/8_1 (2).jpg
8_1,8_1.jpg,f0365c26092110163f8eccf318d394b21e9b44e0cee5f4da305896c12eafe5b4,train,1,clinical:8,ultralytics_curascan/datasets/dataset-deteccao-ferida/images/train/8_1.jpg
90_0 (4),90_0 (4).jpg,97f37fa59c00248e59020fcd07363df6fe3ffe3abc340ec67143e4855f1bea9f,train,1,clinical:90,ultralytics_curascan/datasets/dataset-deteccao-ferida/images/train/90_0 (4).jpg
90_0,90_0.jpg,3ee558c9b224e8bfb2729fabaac960885f96f287a05d427655f8672253e0b9f9,train,1,clinical:90,ultralytics_curascan/datasets/dataset-deteccao-ferida/images/train/90_0.jpg
91_0 (2),91_0 (2).jpg,4f69d4a793f9169a778e210393a6d0e2171e47b407b39cd81e188b82baf6f038,train,1,clinical:91,ultralytics_curascan/datasets/dataset-deteccao-ferida/images/train/91_0 (2).jpg
91_0 (4),91_0 (4).jpg,2627c263294c6ecdf2a1ef199c0bde5bda787bc29141d094466495fb1e412f77,train,1,clinical:91,ultralytics_curascan/datasets/dataset-deteccao-ferida/images/train/91_0 (4).jpg
91_1,91_1.jpg,1fc2aadde5ef123dc98fd9e7177f6bad80d42d9f01a8b93e29c9f3a64887a81f,train,1,clinical:91,ultralytics_curascan/datasets/dataset-deteccao-ferida/images/train/91_1.jpg
92_0 (2),92_0 (2).jpg,9166276f25cb73b549608bc6b78ef0d8936a4787fbdbe2ecd5ff65b959d120e5,train,1,clinical:92,ultralytics_curascan/datasets/dataset-deteccao-ferida/images/train/92_0 (2).jpg
92_0 (3),92_0 (3).jpg,4d5c50a41db12f31058fc56af204c2bd739022c9e7233b16a898222a8a11f6f8,train,1,clinical:92,ultralytics_curascan/datasets/dataset-deteccao-ferida/images/train/92_0 (3).jpg
92_0 (4),92_0 (4).jpg,05c36105133b63f873e762dcca8caabb1a19280ae69dde271865d3cc4c0d0205,train,1,clinical:92,ultralytics_curascan/datasets/dataset-deteccao-ferida/images/train/92_0 (4).jpg
93_0 (2),93_0 (2).jpg,bad5a37471cf425a85cb3fb3d5296cc61b1d2f1afa7cb1e683748b3aaf06bdb6,train,1,clinical:93,ultralytics_curascan/datasets/dataset-deteccao-ferida/images/train/93_0 (2).jpg
93_0 (4),93_0 (4).jpg,455e774df765ecd3e5c20bfb6ba0036fda612219dcaf56e4fb91f3e42cf19cb8,train,1,clinical:93,ultralytics_curascan/datasets/dataset-deteccao-ferida/images/train/93_0 (4).jpg
93_0,93_0.jpg,ffd1074add544c8f5d797b0f7fe862576628ce2fb6b91dc07ea094bdfb7ad9ab,train,1,clinical:93,ultralytics_curascan/datasets/dataset-deteccao-ferida/images/train/93_0.jpg
94_0 (3),94_0 (3).jpg,e6c484d51f0ab769bf70c882673650ef03d3dae80a9c8b39402bc9f7760407d6,train,1,clinical:94,ultralytics_curascan/datasets/dataset-deteccao-ferida/images/train/94_0 (3).jpg
94_0,94_0.jpg,2cf6a0eeabdf30dc823a811c431f61c87b94575c5c81c2d97f8160e36255924f,train,1,clinical:94,ultralytics_curascan/datasets/dataset-deteccao-ferida/images/train/94_0.jpg
95_0 (3),95_0 (3).jpg,5a9c0babaa6dd7df79f289ed27bc5ce7763afadc16fff425fc1499c70920e5f8,train,1,clinical:95,ultralytics_curascan/datasets/dataset-deteccao-ferida/images/train/95_0 (3).jpg
95_0 (4),95_0 (4).jpg,e11062896dafb565605d8b86cd57e17e285b922389491533518f031c13ca21c1,train,1,clinical:95,ultralytics_curascan/datasets/dataset-deteccao-ferida/images/train/95_0 (4).jpg
95_0,95_0.jpg,b26db72f96c03d3400919959bbb41ca1a142d35c50419449568d3760957d93e2,train,1,clinical:95,ultralytics_curascan/datasets/dataset-deteccao-ferida/images/train/95_0.jpg
96_0 (2),96_0 (2).jpg,e32b16a1a5ca60f95ba85f303eaf46940195c83a0a92d2258016d93daf47ad83,train,1,clinical:96,ultralytics_curascan/datasets/dataset-deteccao-ferida/images/train/96_0 (2).jpg
96_0 (3),96_0 (3).jpg,4dfe57d75300b508ad3b88264dda47773aba1066d5eda255d587dea12dee4ba6,train,1,clinical:96,ultralytics_curascan/datasets/dataset-deteccao-ferida/images/train/96_0 (3).jpg
96_0,96_0.jpg,0b7d8dc2161b90090f627aa94e9fc5f36e8b228fde3481bfa7b1ae916e4874fb,train,1,clinical:96,ultralytics_curascan/datasets/dataset-deteccao-ferida/images/train/96_0.jpg
97_0 (3),97_0 (3).jpg,d20cf5b7df55f7049f4a3d72a0a171ccc8f2c42229af8406c340c8a13e444fcc,train,1,clinical:97,ultralytics_curascan/datasets/dataset-deteccao-ferida/images/train/97_0 (3).jpg
97_0 (4),97_0 (4).jpg,adf2cab10a0c8bfe227f42625c94bd3229011dbdf48ce7a45caa2bb13f4b28b2,train,3,clinical:97,ultralytics_curascan/datasets/dataset-deteccao-ferida/images/train/97_0 (4).jpg
97_0,97_0.jpg,fc0310378ae5389ab60aecc83301876531fccda2b0640dd6b0ae7c0c4207a551,train,1,clinical:97,ultralytics_curascan/datasets/dataset-deteccao-ferida/images/train/97_0.jpg
97_2,97_2.jpg,3ed01380e49c5832f0a38dee07c45b8da6ceca3daff42ec17e01b4d2a97d98fa,train,2,clinical:97,ultralytics_curascan/datasets/dataset-deteccao-ferida/images/train/97_2.jpg
98_0 (2),98_0 (2).jpg,c7eeb563b0ee0c1c0db86374dca904741ed753d6dac0cc4076e6cf413652d15b,train,1,clinical:98,ultralytics_curascan/datasets/dataset-deteccao-ferida/images/train/98_0 (2).jpg
98_0 (3),98_0 (3).jpg,4c13afef0a2afab4bf7b9d918d0a2a8618be1e3ee191474af3c88da9d30cf759,train,1,clinical:98,ultralytics_curascan/datasets/dataset-deteccao-ferida/images/train/98_0 (3).jpg
98_0,98_0.jpg,d6cfbbbbbe43b1639147a83de45d6d1d4e76a100ebcdd0895c2356103dcf83cf,train,1,clinical:98,ultralytics_curascan/datasets/dataset-deteccao-ferida/images/train/98_0.jpg
98_1,98_1.jpg,dcc6d0a8df943e78a1188b7a299f350038bdf590f737457e944ab1c06fdd991e,train,1,clinical:98,ultralytics_curascan/datasets/dataset-deteccao-ferida/images/train/98_1.jpg
99_0 (3),99_0 (3).jpg,b2b24c2fed99d3a1a5479cc6c35152c448992c71aa73969eb07c9fc32ac117a4,train,1,clinical:99,ultralytics_curascan/datasets/dataset-deteccao-ferida/images/train/99_0 (3).jpg
99_0,99_0.jpg,77f6d37d428946c652f9323d5da13354eba5775d363da767ac39e29e5990c867,train,1,clinical:99,ultralytics_curascan/datasets/dataset-deteccao-ferida/images/train/99_0.jpg
9_0 (3),9_0 (3).jpg,fe4e13f3224dff415f932fc3668c5c0b3170ac7b48467976f9d15ed1a64c799c,train,1,clinical:9,ultralytics_curascan/datasets/dataset-deteccao-ferida/images/train/9_0 (3).jpg
9_0 (4),9_0 (4).jpg,5a36aa92f5649622fd890a160d64233048f7d26b9ee94100ad10ad304beb33af,train,1,clinical:9,ultralytics_curascan/datasets/dataset-deteccao-ferida/images/train/9_0 (4).jpg
stage_1_10267,stage_1_10267.jpg,51bebd7747a0b4a732be641b71e206a6528edd39ac920daff2d70b4841f560e7,train,0,name:stage_1_10267,ultralytics_curascan/datasets/dataset-deteccao-ferida/images/train/stage_1_10267.jpg
stage_1_12294,stage_1_12294.jpg,dd2c417707ed8f5329e70c4e38ac174c7a6196c843e5d903570418922d7831e3,train,1,name:stage_1_12294,ultralytics_curascan/datasets/dataset-deteccao-ferida/images/train/stage_1_12294.jpg
stage_1_12434,stage_1_12434.jpg,0d2b9ce2bbc6b73b9f6d7f0d894bf9c511924ca7f3a883ad6d4aa3f645dbb168,train,1,name:stage_1_12434,ultralytics_curascan/datasets/dataset-deteccao-ferida/images/train/stage_1_12434.jpg
stage_1_13069,stage_1_13069.jpg,8e3898c8ce953f7b8b1ffa0406527f494152f14555ae7d81867e34e9e2aed35e,train,1,name:stage_1_13069,ultralytics_curascan/datasets/dataset-deteccao-ferida/images/train/stage_1_13069.jpg
stage_1_14325,stage_1_14325.jpg,670854d0f71b0e1cca76750e178c45982b97516e8af2cbddcbc0bee5e586b781,train,1,name:stage_1_14325,ultralytics_curascan/datasets/dataset-deteccao-ferida/images/train/stage_1_14325.jpg
stage_1_14758,stage_1_14758.jpg,9dbb7cb2f1ea1158369e8ce1bd333deab0ae60ba6ac22989b26e79e798ba0d49,train,1,name:stage_1_14758,ultralytics_curascan/datasets/dataset-deteccao-ferida/images/train/stage_1_14758.jpg
stage_1_14763,stage_1_14763.jpg,5346d1de69be16e60a2845b9b38e8aa2ace343c6673f0abceffc5d76f20a19f6,train,1,name:stage_1_14763,ultralytics_curascan/datasets/dataset-deteccao-ferida/images/train/stage_1_14763.jpg
stage_1_15019,stage_1_15019.jpg,cad7483bccf29403c43cfc8d582f553aaeafee18a792c131c8807079a28299d0,train,1,name:stage_1_15019,ultralytics_curascan/datasets/dataset-deteccao-ferida/images/train/stage_1_15019.jpg
stage_1_15380,stage_1_15380.jpg,0ae4b070f41d72f067c45a5bb8fd9a0ccf9737595605e41feee0fee89d22ba3e,train,1,name:stage_1_15380,ultralytics_curascan/datasets/dataset-deteccao-ferida/images/train/stage_1_15380.jpg
stage_1_16682,stage_1_16682.jpg,8e28b7c47c4f14b11fffe560c3b25a39cce2b2f2b8a2cdda6f6ae6cd9b44ecf8,train,1,name:stage_1_16682,ultralytics_curascan/datasets/dataset-deteccao-ferida/images/train/stage_1_16682.jpg
stage_1_16743,stage_1_16743.jpg,d8ac6fa8da63639a759f7375ba3984d1eb7197bdf5e90ee111695a8a6954fe19,train,1,name:stage_1_16743,ultralytics_curascan/datasets/dataset-deteccao-ferida/images/train/stage_1_16743.jpg
stage_1_16911,stage_1_16911.jpg,96468bc2b3bc80bd355a78a41cb716b91dfbdcad889f17908c8e3e57af086411,train,1,name:stage_1_16911,ultralytics_curascan/datasets/dataset-deteccao-ferida/images/train/stage_1_16911.jpg
stage_1_19316,stage_1_19316.jpg,5429ac84f94b2156718bc5f5b43abd68e110e38bde42316225117205349d8cc9,train,2,name:stage_1_19316,ultralytics_curascan/datasets/dataset-deteccao-ferida/images/train/stage_1_19316.jpg
stage_1_19384,stage_1_19384.jpg,dc8d5dc20a6440c336f350c68910aafc6596739d8420f58422f507ab2643a623,train,1,name:stage_1_19384,ultralytics_curascan/datasets/dataset-deteccao-ferida/images/train/stage_1_19384.jpg
stage_1_19469,stage_1_19469.jpg,f05b33faa2e4c1d668c0156f8a73d55ce9d1541e14b3c2ffcde641227e48d68a,train,1,name:stage_1_19469,ultralytics_curascan/datasets/dataset-deteccao-ferida/images/train/stage_1_19469.jpg
stage_1_19993,stage_1_19993.jpg,14a6aeb3b5507682dbd1076343482af55309ded6df2780862ad3418851ed51eb,train,1,name:stage_1_19993,ultralytics_curascan/datasets/dataset-deteccao-ferida/images/train/stage_1_19993.jpg
stage_1_21263,stage_1_21263.jpg,b5cc6b1ffc4f01ccda57fa6fa45c3f996e7bcc1351b0abe2b66c647ccf4eff50,train,1,name:stage_1_21263,ultralytics_curascan/datasets/dataset-deteccao-ferida/images/train/stage_1_21263.jpg
stage_1_21430,stage_1_21430.jpg,c7ff31a1cbab875b395a6097ac2b0046f68a70172b000aecdaa0e707296e0865,train,1,name:stage_1_21430,ultralytics_curascan/datasets/dataset-deteccao-ferida/images/train/stage_1_21430.jpg
stage_1_22402,stage_1_22402.jpg,fb52e7051764eae9430ee81ce39f14b9bcc88a3ae6b904d934507496d4359c46,train,1,name:stage_1_22402,ultralytics_curascan/datasets/dataset-deteccao-ferida/images/train/stage_1_22402.jpg
stage_1_22915,stage_1_22915.jpg,9be3e1eab68d8740d5e41b420ebe8811d805a061c93ed643828527bd61e8568b,train,1,name:stage_1_22915,ultralytics_curascan/datasets/dataset-deteccao-ferida/images/train/stage_1_22915.jpg
stage_1_23051,stage_1_23051.jpg,e83e615dc6429aec52aacbafea929eeb2b1e3152bcf950ae8025f43c34c5859d,train,1,name:stage_1_23051,ultralytics_curascan/datasets/dataset-deteccao-ferida/images/train/stage_1_23051.jpg
stage_1_24323,stage_1_24323.jpg,6e7be31a0ef64aa1afef066f5d992da02ab0ba94cfa47aa0f2a54f882416eb5a,train,1,name:stage_1_24323,ultralytics_curascan/datasets/dataset-deteccao-ferida/images/train/stage_1_24323.jpg
stage_1_24857,stage_1_24857.jpg,ea701c7f119cfd29d70abfd7fd297a2dd3aa317679f491ed036d8d7ed282e69b,train,1,name:stage_1_24857,ultralytics_curascan/datasets/dataset-deteccao-ferida/images/train/stage_1_24857.jpg
stage_1_25487,stage_1_25487.jpg,469d51a1c67a6f59eb585c63602de249f70fe6d83640f5d0d66ffe7a00e04f9f,train,1,name:stage_1_25487,ultralytics_curascan/datasets/dataset-deteccao-ferida/images/train/stage_1_25487.jpg
stage_1_25731,stage_1_25731.jpg,10fd2ab7a464088eeea9c5787f686e471a9b938d08acd44308e5adefdbaaebd6,train,1,name:stage_1_25731,ultralytics_curascan/datasets/dataset-deteccao-ferida/images/train/stage_1_25731.jpg
stage_1_25782,stage_1_25782.jpg,2962d52d4ed76a4c03d0c64581e146be87f0e206bba7bae164efd680d4628649,train,1,name:stage_1_25782,ultralytics_curascan/datasets/dataset-deteccao-ferida/images/train/stage_1_25782.jpg
stage_1_25991,stage_1_25991.jpg,ef3a307d4092e3409e23816f7741649bf249983556866b610b8be46463e49d32,train,1,name:stage_1_25991,ultralytics_curascan/datasets/dataset-deteccao-ferida/images/train/stage_1_25991.jpg
stage_1_27694,stage_1_27694.jpg,fab34f3221db39794fb555e7b0d1bcb2dd86a64369df3f4091b87ee5aa2f9406,train,1,name:stage_1_27694,ultralytics_curascan/datasets/dataset-deteccao-ferida/images/train/stage_1_27694.jpg
stage_1_28101,stage_1_28101.jpg,7277aa564a2bdd9ecb494a4414a47d131b02a0a07ce662d61b5124565a10c6ed,train,1,name:stage_1_28101,ultralytics_curascan/datasets/dataset-deteccao-ferida/images/train/stage_1_28101.jpg
stage_1_28576,stage_1_28576.jpg,3826ca4e6bd9e4b0d1446e0237c927bac70795cdcd768337ae4dc4b58daf6a65,train,1,name:stage_1_28576,ultralytics_curascan/datasets/dataset-deteccao-ferida/images/train/stage_1_28576.jpg
stage_1_28597,stage_1_28597.jpg,d8dd886744eb9da172d8fb92ff01d85a0e8fccf358fce3bb0923c44cc5567801,train,0,name:stage_1_28597,ultralytics_curascan/datasets/dataset-deteccao-ferida/images/train/stage_1_28597.jpg
stage_1_28983,stage_1_28983.jpg,c18bfa06d5f9acda033b7f43b3d5c6f85a2f4857b26f37afb674a934db24ac82,train,1,name:stage_1_28983,ultralytics_curascan/datasets/dataset-deteccao-ferida/images/train/stage_1_28983.jpg
stage_1_30219,stage_1_30219.jpg,197700440714b127e29a3e572271afbcf9ff5b214c375b6ed058d24ff66891cc,train,1,name:stage_1_30219,ultralytics_curascan/datasets/dataset-deteccao-ferida/images/train/stage_1_30219.jpg
stage_1_30232,stage_1_30232.jpg,c6d962a5c984452e23061f6ca0ca73e9b330b66e9af7705870c5a777996f4f85,train,1,name:stage_1_30232,ultralytics_curascan/datasets/dataset-deteccao-ferida/images/train/stage_1_30232.jpg
stage_1_30388,stage_1_30388.jpg,989a9d4efc736abf8baef2294585c07ae7b215a517b2aa5a376f0d9050e3b471,train,1,name:stage_1_30388,ultralytics_curascan/datasets/dataset-deteccao-ferida/images/train/stage_1_30388.jpg
stage_1_30670,stage_1_30670.jpg,ae73ea125e54b97f01578ca3b8a762e080ab71512039ed978c70a9ac98dfc279,train,0,name:stage_1_30670,ultralytics_curascan/datasets/dataset-deteccao-ferida/images/train/stage_1_30670.jpg
stage_1_30816,stage_1_30816.jpg,822de9c8be6c78f64404dccbf865ad07c1d5f93c04e1f3992f0ab59e6cb55990,train,1,name:stage_1_30816,ultralytics_curascan/datasets/dataset-deteccao-ferida/images/train/stage_1_30816.jpg
stage_1_3082,stage_1_3082.jpg,9c35e76aa131973601b086f88fc8035e5c182478570cf0a7bfd77fb7eef5ebca,train,1,name:stage_1_3082,ultralytics_curascan/datasets/dataset-deteccao-ferida/images/train/stage_1_3082.jpg
stage_1_31880,stage_1_31880.jpg,0f14e9d6d999c379aae5102eb99aa86dbd9cb286ba9e936d8b3446d7c3a6167e,train,0,name:stage_1_31880,ultralytics_curascan/datasets/dataset-deteccao-ferida/images/train/stage_1_31880.jpg
stage_1_31949,stage_1_31949.jpg,8e7967a8fc6eb53a5a6ce506d9068b29ba107a38e9830edd4c50197c21f9504c,train,2,name:stage_1_31949,ultralytics_curascan/datasets/dataset-deteccao-ferida/images/train/stage_1_31949.jpg
stage_1_32009,stage_1_32009.jpg,650f006c9aa0e5f1772c58d576aa895119acda9f36ae1a50f642ee9abbfdc212,train,1,name:stage_1_32009,ultralytics_curascan/datasets/dataset-deteccao-ferida/images/train/stage_1_32009.jpg
stage_1_33351,stage_1_33351.jpg,1c39b5b3b67c823647c3ea845d1b8f216706739eb91f4fc502fe2c598b3e9659,train,1,name:stage_1_33351,ultralytics_curascan/datasets/dataset-deteccao-ferida/images/train/stage_1_33351.jpg
stage_1_33923,stage_1_33923.jpg,832a05427e54135415207c5acd2b90ca8e60fa7f80a8d68230e322923c3e9ef3,train,1,name:stage_1_33923,ultralytics_curascan/datasets/dataset-deteccao-ferida/images/train/stage_1_33923.jpg
stage_1_34168,stage_1_34168.jpg,0fb97aa7cd92331255b30200340c5b6cbe93834f6319bf19e8bd55dba3546493,train,1,name:stage_1_34168,ultralytics_curascan/datasets/dataset-deteccao-ferida/images/train/stage_1_34168.jpg
stage_1_34709,stage_1_34709.jpg,f3d618298e24c69406556f0b6ef451b098b52f393eafaeeedc124a34f5192be4,train,1,name:stage_1_34709,ultralytics_curascan/datasets/dataset-deteccao-ferida/images/train/stage_1_34709.jpg
stage_1_35367,stage_1_35367.jpg,b3202e4e57466a67b96f1f13db9a682656312bf0a2bc50fda297b56638dec802,train,2,name:stage_1_35367,ultralytics_curascan/datasets/dataset-deteccao-ferida/images/train/stage_1_35367.jpg
stage_1_3538,stage_1_3538.jpg,d2824780fcaf48e799ec4c851f61cb10300f49a69de66376b542a90a482b9903,train,0,name:stage_1_3538,ultralytics_curascan/datasets/dataset-deteccao-ferida/images/train/stage_1_3538.jpg
stage_1_35803,stage_1_35803.jpg,976c74c430265dc9f79d787415ca00772453102e97cf652ffd546e59b9d768fe,train,1,name:stage_1_35803,ultralytics_curascan/datasets/dataset-deteccao-ferida/images/train/stage_1_35803.jpg
stage_1_35909,stage_1_35909.jpg,e5df29dca0de35c40912b21eee2365ba3da623648b9584e16902db075501141b,train,0,name:stage_1_35909,ultralytics_curascan/datasets/dataset-deteccao-ferida/images/train/stage_1_35909.jpg
stage_1_36091,stage_1_36091.jpg,8d879b926deddaadc53e4cac793d2f75369c85367a26f6fa4762fd199bef666c,train,0,name:stage_1_36091,ultralytics_curascan/datasets/dataset-deteccao-ferida/images/train/stage_1_36091.jpg
stage_1_36182,stage_1_36182.jpg,10d95f918e106cd77bcb67707cf9d4cc8e67e19e276cc35a17bc91c9aa1e3065,train,1,name:stage_1_36182,ultralytics_curascan/datasets/dataset-deteccao-ferida/images/train/stage_1_36182.jpg
stage_1_36294,stage_1_36294.jpg,5a2ef2fe7ccf2b87c5a513f2a22d34b9d4197539d07ac629ac4a4a929cc590e9,train,1,name:stage_1_36294,ultralytics_curascan/datasets/dataset-deteccao-ferida/images/train/stage_1_36294.jpg
stage_1_36304,stage_1_36304.jpg,f68f88374615c6f99483cae60f981466f5c994c14b67a441dc05e62e021843b2,train,1,name:stage_1_36304,ultralytics_curascan/datasets/dataset-deteccao-ferida/images/train/stage_1_36304.jpg
stage_1_36335,stage_1_36335.jpg,eafc6a77076717990b7f44031ddec6e68afc72734800ebc65e86a6c9122aa02d,train,1,name:stage_1_36335,ultralytics_curascan/datasets/dataset-deteccao-ferida/images/train/stage_1_36335.jpg
stage_1_36684,stage_1_36684.jpg,21912c9917d590ac4d8262de4e94ab995deab7eaf10eca567d5a163a634d8057,train,1,name:stage_1_36684,ultralytics_curascan/datasets/dataset-deteccao-ferida/images/train/stage_1_36684.jpg
stage_1_3686,stage_1_3686.jpg,9f5000815e742d117d75a51d69a586117a158fca59fd2d8aba2dfdc3d21bda74,train,0,name:stage_1_3686,ultralytics_curascan/datasets/dataset-deteccao-ferida/images/train/stage_1_3686.jpg
stage_1_36983,stage_1_36983.jpg,191e70fabe8a2ba16de2a6e65a401a3deab0fbd06f2781f8a268d3b050229a5f,train,1,name:stage_1_36983,ultralytics_curascan/datasets/dataset-deteccao-ferida/images/train/stage_1_36983.jpg
stage_1_37004,stage_1_37004.jpg,14248c415c8f33c66640aa51770c1eeb636fc020e389387cb8d4a2d0ab7e1887,train,1,name:stage_1_37004,ultralytics_curascan/datasets/dataset-deteccao-ferida/images/train/stage_1_37004.jpg
stage_1_37503,stage_1_37503.jpg,440f050efbd3e24a5493eb3a58058a27687cc08b2afb0b632336338f0abd4b7d,train,1,name:stage_1_37503,ultralytics_curascan/datasets/dataset-deteccao-ferida/images/train/stage_1_37503.jpg
stage_1_37518,stage_1_37518.jpg,e9f0ec08cbb3ce4d90a015f5648c27ecbc6c4f8edce37ddcb4ce08fe6fa59df5,train,1,name:stage_1_37518,ultralytics_curascan/datasets/dataset-deteccao-ferida/images/train/stage_1_37518.jpg
stage_1_38085,stage_1_38085.jpg,1b19db94b028e50d394c6c3b773859ed75a18b15e5a35de09b3abf06107669f6,train,1,name:stage_1_38085,ultralytics_curascan/datasets/dataset-deteccao-ferida/images/train/stage_1_38085.jpg
stage_1_38303,stage_1_38303.jpg,1ea49f3ebd91db5f9dc4216fe0e2b1a1e54cbf0373b5e01937936187e1d5cfb3,train,1,name:stage_1_38303,ultralytics_curascan/datasets/dataset-deteccao-ferida/images/train/stage_1_38303.jpg
stage_1_38366,stage_1_38366.jpg,f707bdc91b0157a4c53ad9707291d05a04790234c22062d062886fc5d64e2471,train,0,name:stage_1_38366,ultralytics_curascan/datasets/dataset-deteccao-ferida/images/train/stage_1_38366.jpg
stage_1_3879,stage_1_3879.jpg,1b6f1ffc903e6312b743c7cce44d3220ff643ae8070d5efe8ef511222a465fe5,train,1,name:stage_1_3879,ultralytics_curascan/datasets/dataset-deteccao-ferida/images/train/stage_1_3879.jpg
stage_1_38922,stage_1_38922.jpg,8fe9b886bcb58ad04ac695c5c9b238359fd4c7d2eea4f643ba555baaad89b386,train,1,name:stage_1_38922,ultralytics_curascan/datasets/dataset-deteccao-ferida/images/train/stage_1_38922.jpg
stage_1_39544,stage_1_39544.jpg,eb9f73dc6e80eada3d07fc949cd78b80cbad40c609aaf4ec76069e484785521b,train,1,name:stage_1_39544,ultralytics_curascan/datasets/dataset-deteccao-ferida/images/train/stage_1_39544.jpg
stage_1_39709,stage_1_39709.jpg,425e003e850ca58e3790a7d9fb0b50d8e8e1098b613c89ac83ecaf73c2a09323,train,1,name:stage_1_39709,ultralytics_curascan/datasets/dataset-deteccao-ferida/images/train/stage_1_39709.jpg
stage_1_40007,stage_1_40007.jpg,99d143cace3599d139713d846d476c6b7e770a169ff3bdeef4357f423a107b8f,train,1,name:stage_1_40007,ultralytics_curascan/datasets/dataset-deteccao-ferida/images/train/stage_1_40007.jpg
stage_1_40620,stage_1_40620.jpg,238f82a5d86c7c4140d5a8b662facec1d430a859c54af5608ef973cb12f3f91d,train,1,name:stage_1_40620,ultralytics_curascan/datasets/dataset-deteccao-ferida/images/train/stage_1_40620.jpg
stage_1_41006,stage_1_41006.jpg,a7b36c223c5d39323339d1961580bb5b4a23f8f98b4d2fd4e0b125ef64679f9b,train,0,name:stage_1_41006,ultralytics_curascan/datasets/dataset-deteccao-ferida/images/train/stage_1_41006.jpg
stage_1_41064,stage_1_41064.jpg,8d6ed4f160ddd0168b0e7f6e5971226ef353051eb53d3c566e1fb92d09a27e58,train,1,name:stage_1_41064,ultralytics_curascan/datasets/dataset-deteccao-ferida/images/train/stage_1_41064.jpg
stage_1_41365,stage_1_41365.jpg,9786cb109104dea68de1e0a9b04a2a3b6f9da7c08c6dba128ee58ef9cf7cf350,train,1,name:stage_1_41365,ultralytics_curascan/datasets/dataset-deteccao-ferida/images/train/stage_1_41365.jpg
stage_1_41810,stage_1_41810.jpg,710bb4e5c10d70b4d507fd8785fae4e8c35b1380f4aee53f1ff7ae3ff72bb86a,train,1,name:stage_1_41810,ultralytics_curascan/datasets/dataset-deteccao-ferida/images/train/stage_1_41810.jpg
stage_1_44308,stage_1_44308.jpg,e298f68713e91f655aa7f7cdb326788e6c4d5c4e66b0381a9251b42b95664d03,train,1,name:stage_1_44308,ultralytics_curascan/datasets/dataset-deteccao-ferida/images/train/stage_1_44308.jpg
stage_1_44595,stage_1_44595.jpg,835923dd258677a8495cdd80734e7e5e732516bb948ffcaa6126c5d8a943f78f,train,1,name:stage_1_44595,ultralytics_curascan/datasets/dataset-deteccao-ferida/images/train/stage_1_44595.jpg
stage_1_45783,stage_1_45783.jpg,f525760e7b073f7a32c83a6a73961eaf0811b41c515af63e9637701fbd50c24d,train,1,name:stage_1_45783,ultralytics_curascan/datasets/dataset-deteccao-ferida/images/train/stage_1_45783.jpg
stage_1_45803,stage_1_45803.jpg,76a21bba602c94d943b6b844005a5a5d4c59e17b27660b9adcd3f637ee0c16bd,train,1,name:stage_1_45803,ultralytics_curascan/datasets/dataset-deteccao-ferida/images/train/stage_1_45803.jpg
stage_1_46291,stage_1_46291.jpg,5e553c00796f915f71eb095f034c134d93cb2862747aafeea6c6feff1aeffd8a,train,0,name:stage_1_46291,ultralytics_curascan/datasets/dataset-deteccao-ferida/images/train/stage_1_46291.jpg
stage_1_47089,stage_1_47089.jpg,7c9abfa41359ca4d7c0ec7ddb0ad5f2406beafbc4f09137e0d37b35681fabf3e,train,1,name:stage_1_47089,ultralytics_curascan/datasets/dataset-deteccao-ferida/images/train/stage_1_47089.jpg
stage_1_47137,stage_1_47137.jpg,8ccf84d551457607da29b3bae979bb8e58d1f22c5c00d4172ffe018c8a167da6,train,1,name:stage_1_47137,ultralytics_curascan/datasets/dataset-deteccao-ferida/images/train/stage_1_47137.jpg
stage_1_4745,stage_1_4745.jpg,9d24ef0e574030b9aedbf74f6ffc2258784cf25baa1d44e5d39ffde29b935dec,train,1,name:stage_1_4745,ultralytics_curascan/datasets/dataset-deteccao-ferida/images/train/stage_1_4745.jpg
stage_1_48177,stage_1_48177.jpg,5467a893cf408ffdd4d7c705a2971559c8fdc7e16357c19aff863651a81722e5,train,1,name:stage_1_48177,ultralytics_curascan/datasets/dataset-deteccao-ferida/images/train/stage_1_48177.jpg
stage_1_48363,stage_1_48363.jpg,90ba7a7737d16b708749808a2c2e2a36de4d67d1127b4d2d5d76370b78472826,train,0,name:stage_1_48363,ultralytics_curascan/datasets/dataset-deteccao-ferida/images/train/stage_1_48363.jpg
stage_1_49681,stage_1_49681.jpg,2d78fe838e23c9406c6d1e6ce3dc851c98bc0bffb6ad6d125c8b77441c503f41,train,1,name:stage_1_49681,ultralytics_curascan/datasets/dataset-deteccao-ferida/images/train/stage_1_49681.jpg
stage_1_50047,stage_1_50047.jpg,f69a5b4800fc4130465aff2e40b2eacb81dde55451d139c2e9948710b0afa047,train,1,name:stage_1_50047,ultralytics_curascan/datasets/dataset-deteccao-ferida/images/train/stage_1_50047.jpg
stage_1_50513,stage_1_50513.jpg,397f59e7f7b75f92a4dc66644ab03d9824469388b110c85e83a27d0aeb367d04,train,1,name:stage_1_50513,ultralytics_curascan/datasets/dataset-deteccao-ferida/images/train/stage_1_50513.jpg
stage_1_50884,stage_1_50884.jpg,e9ba99a99fd6e6b10db4ce726236f74213848647d1a861e34c627cd9b2c6e8ca,train,1,name:stage_1_50884,ultralytics_curascan/datasets/dataset-deteccao-ferida/images/train/stage_1_50884.jpg
stage_1_51551,stage_1_51551.jpg,002d425e9a1012def343a4f65c14b9b0b26e0b31042a82adb0b80340a311f0b8,train,1,name:stage_1_51551,ultralytics_curascan/datasets/dataset-deteccao-ferida/images/train/stage_1_51551.jpg
stage_1_51725,stage_1_51725.jpg,776ea7b25bfb18a4e4809bc92a02b652d07f80acca3351787aafde3aa16a5339,train,1,name:stage_1_51725,ultralytics_curascan/datasets/dataset-deteccao-ferida/images/train/stage_1_51725.jpg
stage_1_52379,stage_1_52379.jpg,ceff698106ebdd06cb6715a262749502eab52dc6bf6f6ffd466e0fa1a474f4c9,train,1,name:stage_1_52379,ultralytics_curascan/datasets/dataset-deteccao-ferida/images/train/stage_1_52379.jpg
stage_1_52677,stage_1_52677.jpg,54d48c49c905f364459e43a7bc0fb32573e1a433236bf015d3e9c764e24cf632,train,1,name:stage_1_52677,ultralytics_curascan/datasets/dataset-deteccao-ferida/images/train/stage_1_52677.jpg
stage_1_53519,stage_1_53519.jpg,552f9850cf0842ea25e0bcfcf5fe7631087cdd3b275ac2a72517240359261813,train,1,name:stage_1_53519,ultralytics_curascan/datasets/dataset-deteccao-ferida/images/train/stage_1_53519.jpg
stage_1_5363,stage_1_5363.jpg,6910a29505de6ff82d5763393546b7d15cef030e1a1feb361f3db5b5afb569be,train,0,name:stage_1_5363,ultralytics_curascan/datasets/dataset-deteccao-ferida/images/train/stage_1_5363.jpg
stage_1_53652,stage_1_53652.jpg,a8f1251336e4242ce158284a6e8e2a53b2b19b875233f5ee0f546d1e88d455d4,train,1,name:stage_1_53652,ultralytics_curascan/datasets/dataset-deteccao-ferida/images/train/stage_1_53652.jpg
stage_1_54263,stage_1_54263.jpg,369ce2f52cdb6fdccb39201c94f736e88ffefe0c4557c7fd8edd62baf899a9c8,train,1,name:stage_1_54263,ultralytics_curascan/datasets/dataset-deteccao-ferida/images/train/stage_1_54263.jpg
stage_1_54825,stage_1_54825.jpg,425b7879c5fe7796ff2809b0dde813ad860db34c2565e0575f370f29497095f4,train,1,name:stage_1_54825,ultralytics_curascan/datasets/dataset-deteccao-ferida/images/train/stage_1_54825.jpg
stage_1_54902,stage_1_54902.jpg,897ff970a5694e319193045ff98b8eca3fd614b9e25accc428c25cb36a7b2810,train,0,name:stage_1_54902,ultralytics_curascan/datasets/dataset-deteccao-ferida/images/train/stage_1_54902.jpg
stage_1_55643,stage_1_55643.jpg,9b677e2e94fac66e441f0556cb00352af54106e8d086af607d90b8ccb94c9d3f,train,1,name:stage_1_55643,ultralytics_curascan/datasets/dataset-deteccao-ferida/images/train/stage_1_55643.jpg
stage_1_55864,stage_1_55864.jpg,85c3c103313863597ef94fb76d5a6e87dd6d6bcc4ca6b580785c6a1014b0de74,train,1,name:stage_1_55864,ultralytics_curascan/datasets/dataset-deteccao-ferida/images/train/stage_1_55864.jpg
stage_1_55950,stage_1_55950.jpg,ecd52c6cef63cf5e73e602bc876a011c7db3df0c74ae54636a94e9f102580c55,train,1,name:stage_1_55950,ultralytics_curascan/datasets/dataset-deteccao-ferida/images/train/stage_1_55950.jpg
stage_1_56254,stage_1_56254.jpg,e7dba68b0259e5fd5da27fb1dd8b342042b01de3bc2164a5aaad7d9e950c1cb1,train,1,name:stage_1_56254,ultralytics_curascan/datasets/dataset-deteccao-ferida/images/train/stage_1_56254.jpg
stage_1_56309,stage_1_56309.jpg,6b2a0604273b50c80593dde9b4208cbd678e74ef582d3ff21473e792b663fb31,train,0,name:stage_1_56309,ultralytics_curascan/datasets/dataset-deteccao-ferida/images/train/stage_1_56309.jpg
stage_1_56450,stage_1_56450.jpg,e35857ddcff83dcfac652cb5c9708405fce10a13d0d3697c215c2ac4cfec3a15,train,1,name:stage_1_56450,ultralytics_curascan/datasets/dataset-deteccao-ferida/images/train/stage_1_56450.jpg
stage_1_56981,stage_1_56981.jpg,610c62ddaefbf2cf07f6fc329b7602e8a8475a5225583600375fdce999021a28,train,1,name:stage_1_56981,ultralytics_curascan/datasets/dataset-deteccao-ferida/images/train/stage_1_56981.jpg
stage_1_57710,stage_1_57710.jpg,f17419cc4ad71f697270e2f1db9bfd705c0ef1d85cbb262df622d0ecad90398d,train,1,name:stage_1_57710,ultralytics_curascan/datasets/dataset-deteccao-ferida/images/train/stage_1_57710.jpg
stage_1_57860,stage_1_57860.jpg,be31c5c2fd16c20653ff34a6f47d4bb16599827661061a5af0c207a0d5f0a98c,train,1,name:stage_1_57860,ultralytics_curascan/datasets/dataset-deteccao-ferida/images/train/stage_1_57860.jpg
stage_1_58048,stage_1_58048.jpg,1ca84de6fad5bb0ed904b2ad29be63257ae3384ee0aaeb264ccfcc2f42221541,train,1,name:stage_1_58048,ultralytics_curascan/datasets/dataset-deteccao-ferida/images/train/stage_1_58048.jpg
stage_1_58672,stage_1_58672.jpg,4c86c4290fc5ab6823aa14d8361a890b3028d8942b807efb775a2ab82ecfb08f,train,1,name:stage_1_58672,ultralytics_curascan/datasets/dataset-deteccao-ferida/images/train/stage_1_58672.jpg
stage_1_59723,stage_1_59723.jpg,4b706dea31fb201a2709ba34fe7af24c7d7e08fb729de0f62deddbd05a514aea,train,1,name:stage_1_59723,ultralytics_curascan/datasets/dataset-deteccao-ferida/images/train/stage_1_59723.jpg
stage_1_61844,stage_1_61844.jpg,be1f569c15a6e96c1056d8b64541e6085e09f5d72849c541131343363846359c,train,1,name:stage_1_61844,ultralytics_curascan/datasets/dataset-deteccao-ferida/images/train/stage_1_61844.jpg
stage_1_62380,stage_1_62380.jpg,48aa3053b38d3f187f4ab66f2467dcff438241c3de869731b292512e76fbe9de,train,1,name:stage_1_62380,ultralytics_curascan/datasets/dataset-deteccao-ferida/images/train/stage_1_62380.jpg
stage_1_62707,stage_1_62707.jpg,644f6ecf3523e2fc2c1af7b4f8bc80cca366b44a49779ce60d628da9ea244359,train,1,name:stage_1_62707,ultralytics_curascan/datasets/dataset-deteccao-ferida/images/train/stage_1_62707.jpg
stage_1_64066,stage_1_64066.jpg,0dffe498e4c0619c2f0655ebd168747ae75f5dea07d91794a010e1081f315f54,train,1,name:stage_1_64066,ultralytics_curascan/datasets/dataset-deteccao-ferida/images/train/stage_1_64066.jpg
stage_1_64340,stage_1_64340.jpg,a2fbbaad2298862a02c4c71dfd21e78d856eac92df6cfde81edf83041efb3e1b,train,1,name:stage_1_64340,ultralytics_curascan/datasets/dataset-deteccao-ferida/images/train/stage_1_64340.jpg
stage_1_64761,stage_1_64761.jpg,fe0f8352bf123d1c678134da5667dff979c21462db2e86ac21105aa3a8505cbf,train,1,name:stage_1_64761,ultralytics_curascan/datasets/dataset-deteccao-ferida/images/train/stage_1_64761.jpg
stage_1_64923,stage_1_64923.jpg,fdf25e5d8fe3241b7e27333b63efbf2d092fbae466a176a2ea27505e0661b027,train,1,name:stage_1_64923,ultralytics_curascan/datasets/dataset-deteccao-ferida/images/train/stage_1_64923.jpg
stage_1_65926,stage_1_65926.jpg,eb0d487188054e94d15cfa01ffd7f9da9df783f7f4b1fdca15be10780f378e86,train,1,name:stage_1_65926,ultralytics_curascan/datasets/dataset-deteccao-ferida/images/train/stage_1_65926.jpg
stage_1_66343,stage_1_66343.jpg,d7b838a0eade28b3fac3a29166218bd8d31e71bdd0c3810241f6d68767e43eb7,train,0,name:stage_1_66343,ultralytics_curascan/datasets/dataset-deteccao-ferida/images/train/stage_1_66343.jpg
stage_1_66376,stage_1_66376.jpg,d3bda6f655658046c9786d231623d050cb98b7f309891e89a2bbd729a5ea09c9,train,1,name:stage_1_66376,ultralytics_curascan/datasets/dataset-deteccao-ferida/images/train/stage_1_66376.jpg
stage_1_68177,stage_1_68177.jpg,c0bdd519fb593f7f39be32bc228c87836595c61b7b8e465331b6b0d8ec4e5a47,train,0,name:stage_1_68177,ultralytics_curascan/datasets/dataset-deteccao-ferida/images/train/stage_1_68177.jpg
stage_1_68506,stage_1_68506.jpg,d7b04f8633e4483dbc49742b37cf67b128425a5244f63e62ea9444389ebc291b,train,1,name:stage_1_68506,ultralytics_curascan/datasets/dataset-deteccao-ferida/images/train/stage_1_68506.jpg
stage_1_68712,stage_1_68712.jpg,a54d7a1a3519d3f36d567a5889a1bd2bea8a632ebaf744b5389af90ca97f87ec,train,1,name:stage_1_68712,ultralytics_curascan/datasets/dataset-deteccao-ferida/images/train/stage_1_68712.jpg
stage_1_70402,stage_1_70402.jpg,3f8e52c8710358439d3f800a67548cb7177eaf5b2bd76a42e443ea90bbc52461,train,1,name:stage_1_70402,ultralytics_curascan/datasets/dataset-deteccao-ferida/images/train/stage_1_70402.jpg
stage_1_70472,stage_1_70472.jpg,4ef0f615f8699be7318b8332e1e4a6e291b8a135352877597cfb7bbd7a52d315,train,1,name:stage_1_70472,ultralytics_curascan/datasets/dataset-deteccao-ferida/images/train/stage_1_70472.jpg
stage_1_70859,stage_1_70859.jpg,fd64321bdfe31b2ddb0d2b6cf2c10b7d77a6dce4173d43056b08eccb858a8c4a,train,0,name:stage_1_70859,ultralytics_curascan/datasets/dataset-deteccao-ferida/images/train/stage_1_70859.jpg
stage_1_72437,stage_1_72437.jpg,14943bbdbdad00165e264158942225384147920ac6b652eecd80413d3663fd6c,train,0,name:stage_1_72437,ultralytics_curascan/datasets/dataset-deteccao-ferida/images/train/stage_1_72437.jpg
stage_1_7278,stage_1_7278.jpg,ba60d0a4231d24dc2d79cda2bbb3386345bbf65bd85bb531416c14bf8873fd24,train,1,name:stage_1_7278,ultralytics_curascan/datasets/dataset-deteccao-ferida/images/train/stage_1_7278.jpg
stage_1_73442,stage_1_73442.jpg,3935530ba7acfed8c9f7a21d6301fd3034e9abfb1ae904ea7d8294182d6c15ff,train,1,name:stage_1_73442,ultralytics_curascan/datasets/dataset-deteccao-ferida/images/train/stage_1_73442.jpg
stage_1_73778,stage_1_73778.jpg,e9bd3343533f96c0787215c6ec76c8ffe180774e952e31c1551cbd04a9b313ab,train,0,name:stage_1_73778,ultralytics_curascan/datasets/dataset-deteccao-ferida/images/train/stage_1_73778.jpg
stage_1_74150,stage_1_74150.jpg,4c014f880fbf4b3b83ff98f2d0de4268c4de5dcce0b044d676e9496e551baa70,train,0,name:stage_1_74150,ultralytics_curascan/datasets/dataset-deteccao-ferida/images/train/stage_1_74150.jpg
stage_1_74781,stage_1_74781.jpg,75aca90166424b4999a72cff00f01683858c7093fe939eebb41d34546ec2832f,train,1,name:stage_1_74781,ultralytics_curascan/datasets/dataset-deteccao-ferida/images/train/stage_1_74781.jpg
stage_1_75743,stage_1_75743.jpg,ec253e47c9df1b9bd45d11e4007a80a06b44b4c657ecf26c7f7cdf0a778f3aa6,train,0,name:stage_1_75743,ultralytics_curascan/datasets/dataset-deteccao-ferida/images/train/stage_1_75743.jpg
stage_1_75775,stage_1_75775.jpg,5fae288ff0287d45ffcdfe7e364ccc8fdb87dfbcd7fe8ca770a831a54170a1ed,train,0,name:stage_1_75775,ultralytics_curascan/datasets/dataset-deteccao-ferida/images/train/stage_1_75775.jpg
stage_1_77827,stage_1_77827.jpg,7f206bc118b7e3172437f44404e88d2393bf14822489cc6938baeeaed06a66c8,train,1,name:stage_1_77827,ultralytics_curascan/datasets/dataset-deteccao-ferida/images/train/stage_1_77827.jpg
stage_1_7789,stage_1_7789.jpg,90a90bbb7e479ee5e8d7cb9dfc0be5d820da35d36773d17083f826dd6f073138,train,1,name:stage_1_7789,ultralytics_curascan/datasets/dataset-deteccao-ferida/images/train/stage_1_7789.jpg
stage_1_77990,stage_1_77990.jpg,252c049d9c9c8fb909a8690121943ccd406225c0827f498795d2386ff13be4d7,train,0,name:stage_1_77990,ultralytics_curascan/datasets/dataset-deteccao-ferida/images/train/stage_1_77990.jpg
stage_1_7941,stage_1_7941.jpg,5daa1c2a066a4e11375ae7a81c559d9234ea88ae401daa551cca68fa9ec3962f,train,0,name:stage_1_7941,ultralytics_curascan/datasets/dataset-deteccao-ferida/images/train/stage_1_7941.jpg
stage_1_79424,stage_1_79424.jpg,9d27fb5be6763aac01038fecf0ce3edd37c84a97cbf6ce397b722cecb9c023bd,train,0,name:stage_1_79424,ultralytics_curascan/datasets/dataset-deteccao-ferida/images/train/stage_1_79424.jpg
stage_1_82536,stage_1_82536.jpg,cd28eb005ea2277b0f61b25bdd6ee4a21ef482f58d813740a5b9a1bd056fc332,train,1,name:stage_1_82536,ultralytics_curascan/datasets/dataset-deteccao-ferida/images/train/stage_1_82536.jpg
stage_1_83288,stage_1_83288.jpg,79f0dd86bd06f4618017ec336d06ce2dc43f77d2821d1aa15bbe674787e77d04,train,0,name:stage_1_83288,ultralytics_curascan/datasets/dataset-deteccao-ferida/images/train/stage_1_83288.jpg
stage_1_83412,stage_1_83412.jpg,068efdaa2547b94a20b304bcdd9a4ce8369fd50efd5ecefe585ec38b4ae2a6b7,train,1,name:stage_1_83412,ultralytics_curascan/datasets/dataset-deteccao-ferida/images/train/stage_1_83412.jpg
stage_1_83639,stage_1_83639.jpg,ce7b53d398fb83be96565a3a21068847347c9e0587fbc198cae9595e3b2e74f1,train,0,name:stage_1_83639,ultralytics_curascan/datasets/dataset-deteccao-ferida/images/train/stage_1_83639.jpg
stage_1_84542,stage_1_84542.jpg,0fe5f4e1847b01689026e37e881f034879056ff727334e08a647f5114379e1b2,train,1,name:stage_1_84542,ultralytics_curascan/datasets/dataset-deteccao-ferida/images/train/stage_1_84542.jpg
stage_1_84817,stage_1_84817.jpg,63b66a8d16bffb1b9e366393a8ef463e3360978c7a80585c7a8343d2f10ada19,train,0,name:stage_1_84817,ultralytics_curascan/datasets/dataset-deteccao-ferida/images/train/stage_1_84817.jpg
stage_1_8489,stage_1_8489.jpg,cf6af9f01b77db46a3b245247907d97b7a6fd2fac0e01a12210c4c49c3e80ec6,train,1,name:stage_1_8489,ultralytics_curascan/datasets/dataset-deteccao-ferida/images/train/stage_1_8489.jpg
stage_1_84914,stage_1_84914.jpg,0dd3d0c2eec4e53e73605bc58dd6a5df350a4db5e2a3ebcbc66a6714334444f0,train,1,name:stage_1_84914,ultralytics_curascan/datasets/dataset-deteccao-ferida/images/train/stage_1_84914.jpg
stage_1_86440,stage_1_86440.jpg,59ec70c8af8f8e60898064a16fa3f3ba38225dd48014c676adb41dd0b62710e8,train,0,name:stage_1_86440,ultralytics_curascan/datasets/dataset-deteccao-ferida/images/train/stage_1_86440.jpg
stage_1_87061,stage_1_87061.jpg,d148cde0e87b71e176195a075639e2a1dce0c671c896fb03b49840a2b9d56de7,train,1,name:stage_1_87061,ultralytics_curascan/datasets/dataset-deteccao-ferida/images/train/stage_1_87061.jpg
stage_1_90701,stage_1_90701.jpg,5ffd118d7fb5f8a32721eed9446329e3d1830f2b0480cb7272241476be42757a,train,1,name:stage_1_90701,ultralytics_curascan/datasets/dataset-deteccao-ferida/images/train/stage_1_90701.jpg
stage_1_90914,stage_1_90914.jpg,0bf3b03bf41a556ed8fdde451547a15b13b3c13cead9a3f197cb67224ad4e053,train,1,name:stage_1_90914,ultralytics_curascan/datasets/dataset-deteccao-ferida/images/train/stage_1_90914.jpg
stage_1_91772,stage_1_91772.jpg,f8f482fdc11d3b9a5c2385ebeedecd65fe66f2e68a659972166c20bc516ff3fe,train,0,name:stage_1_91772,ultralytics_curascan/datasets/dataset-deteccao-ferida/images/train/stage_1_91772.jpg
stage_1_91835,stage_1_91835.jpg,6364e5685c8cb37319deb4fc0e66d93de9f72684c07cd0e14bf0270ab74c7fbd,train,0,name:stage_1_91835,ultralytics_curascan/datasets/dataset-deteccao-ferida/images/train/stage_1_91835.jpg
stage_1_92223,stage_1_92223.jpg,5882a9119d5ae4025321c98dacb928909f7bf34bd6508a96dd22df7c2db313de,train,1,name:stage_1_92223,ultralytics_curascan/datasets/dataset-deteccao-ferida/images/train/stage_1_92223.jpg
stage_1_9332,stage_1_9332.jpg,17033d46e3e80b3d0d46ef6f275eb3a74264d6ed615c04db40289d65fa35e417,train,1,name:stage_1_9332,ultralytics_curascan/datasets/dataset-deteccao-ferida/images/train/stage_1_9332.jpg
stage_1_93627,stage_1_93627.jpg,8198a755fe67ead5ab07e555482e709b84c89d8521b1f157e74f81d119798d62,train,0,name:stage_1_93627,ultralytics_curascan/datasets/dataset-deteccao-ferida/images/train/stage_1_93627.jpg
stage_1_94342,stage_1_94342.jpg,8a81ab9a05c004f65ca617fbd4e7b0c4508134bf781e94947f538eff472f3c83,train,1,name:stage_1_94342,ultralytics_curascan/datasets/dataset-deteccao-ferida/images/train/stage_1_94342.jpg
stage_1_9504,stage_1_9504.jpg,058490e2c12e43301ecfa58c26afbdd88a5ebba4eb9f0ca2f3f316c20c114194,train,1,name:stage_1_9504,ultralytics_curascan/datasets/dataset-deteccao-ferida/images/train/stage_1_9504.jpg
stage_1_95181,stage_1_95181.jpg,b3cfa85d86c96edc35cc39eb95acaa9aae7029c42eb66eb6f9461c356c02d760,train,0,name:stage_1_95181,ultralytics_curascan/datasets/dataset-deteccao-ferida/images/train/stage_1_95181.jpg
stage_1_95425,stage_1_95425.jpg,9bbfe3ea63a0afa9f1d655d259cf6183a8a8b47a1c3cdc6dc05445f6b9f93a31,train,1,name:stage_1_95425,ultralytics_curascan/datasets/dataset-deteccao-ferida/images/train/stage_1_95425.jpg
stage_1_96025,stage_1_96025.jpg,fb281c9c0cc1acef28371ba465454b6f1fd120032fb75b1ca3e651d9e419e3f3,train,1,name:stage_1_96025,ultralytics_curascan/datasets/dataset-deteccao-ferida/images/train/stage_1_96025.jpg
stage_1_96268,stage_1_96268.jpg,67ebf93094a5be16d85750016e8f1237519d25e45198118f896edb092d32f894,train,0,name:stage_1_96268,ultralytics_curascan/datasets/dataset-deteccao-ferida/images/train/stage_1_96268.jpg
stage_1_98206,stage_1_98206.jpg,4e43bbaad94b52eadcc964b8404f6f9600e8930002ce82755f93aed6726e0f6f,train,1,name:stage_1_98206,ultralytics_curascan/datasets/dataset-deteccao-ferida/images/train/stage_1_98206.jpg
stage_1_98789,stage_1_98789.jpg,32136551554df58e8d0f925a90a9d32b9646d2fc5a58d5628149d0714670b407,train,0,name:stage_1_98789,ultralytics_curascan/datasets/dataset-deteccao-ferida/images/train/stage_1_98789.jpg
stage_1_99197,stage_1_99197.jpg,79fc97c674b5ee9faeae6e0aea6f1f2e112a43a30df4d1b108b2fc4aa8f24f0a,train,1,name:stage_1_99197,ultralytics_curascan/datasets/dataset-deteccao-ferida/images/train/stage_1_99197.jpg
stage_1_9953,stage_1_9953.jpg,74598fc8eb5d439878fafbc921ea299bb3fa1942aef6455e7ed361468e0ba5f4,train,1,name:stage_1_9953,ultralytics_curascan/datasets/dataset-deteccao-ferida/images/train/stage_1_9953.jpg
stage_2_10282,stage_2_10282.jpg,bb32482ba713aee9368cbc3d96d11813fd91e4afa224d7cea411b749257b86e0,train,1,name:stage_2_10282,ultralytics_curascan/datasets/dataset-deteccao-ferida/images/train/stage_2_10282.jpg
stage_2_10392,stage_2_10392.jpg,c718a1fd7c4306ad13ce23f1d56de795be3d36d9b46d4bb8ed3e8eef89ba0778,train,1,name:stage_2_10392,ultralytics_curascan/datasets/dataset-deteccao-ferida/images/train/stage_2_10392.jpg
stage_2_10933,stage_2_10933.jpg,1deba7cc2ad749db62f57204562d2d1814f967f7f47674f437c1e814ede72dfd,train,1,name:stage_2_10933,ultralytics_curascan/datasets/dataset-deteccao-ferida/images/train/stage_2_10933.jpg
stage_2_1112,stage_2_1112.jpg,abd5cc6757601658c4753730a00c2d1bdadd10d0d8e5582d8696f164ae45c60c,train,2,name:stage_2_1112,ultralytics_curascan/datasets/dataset-deteccao-ferida/images/train/stage_2_1112.jpg
stage_2_11218,stage_2_11218.jpg,c322e62b8c0378f63630394ef82838b857d252dff72acd27d2e5950ed01f65d4,train,1,name:stage_2_11218,ultralytics_curascan/datasets/dataset-deteccao-ferida/images/train/stage_2_11218.jpg
stage_2_11261,stage_2_11261.jpg,4ae5b9a75e8c49bcf4398ba9796970f7be624fea2061f6f60d5014b914747a0e,train,1,name:stage_2_11261,ultralytics_curascan/datasets/dataset-deteccao-ferida/images/train/stage_2_11261.jpg
stage_2_11692,stage_2_11692.jpg,a91a59062db4981ab1d82a136b442e0c09a3476769c60702da0ecaafa5d4830f,train,1,name:stage_2_11692,ultralytics_curascan/datasets/dataset-deteccao-ferida/images/train/stage_2_11692.jpg
stage_2_11938,stage_2_11938.jpg,fe5bbbe42cf34fef7c3a1270ccc388421be171facdbd6cb24bd62e2af11a64d9,train,1,name:stage_2_11938,ultralytics_curascan/datasets/dataset-deteccao-ferida/images/train/stage_2_11938.jpg
stage_2_1196,stage_2_1196.jpg,e5ec3563897bc01049bcebed70ffec02deb7c942056baa722dd674b03b016e0a,train,1,name:stage_2_1196,ultralytics_curascan/datasets/dataset-deteccao-ferida/images/train/stage_2_1196.jpg
stage_2_12268,stage_2_12268.jpg,69cd6a4dfc332b50e794a706da77524f4fac6de54f61d30cbdf9603ac426ba7f,train,1,name:stage_2_12268,ultralytics_curascan/datasets/dataset-deteccao-ferida/images/train/stage_2_12268.jpg
stage_2_12372,stage_2_12372.jpg,4008d27a36679c1d7f6856ec80e6657e3e2328e196d11ba33cc1ea49c2545df5,train,1,name:stage_2_12372,ultralytics_curascan/datasets/dataset-deteccao-ferida/images/train/stage_2_12372.jpg
stage_2_12383,stage_2_12383.jpg,424bb886c974ca8a01b6d6e0771bf91605afdcb5e50587a31fddd3e446e1384c,train,1,name:stage_2_12383,ultralytics_curascan/datasets/dataset-deteccao-ferida/images/train/stage_2_12383.jpg
stage_2_12416,stage_2_12416.jpg,183cef97607b812e159adb0c05085a091dc53cb04f03346abbcc96027ff6d03d,train,1,name:stage_2_12416,ultralytics_curascan/datasets/dataset-deteccao-ferida/images/train/stage_2_12416.jpg
stage_2_12890,stage_2_12890.jpg,5db96e657647ad55cf5694a9f88aa742a2d18247b3edeb9e1044989d09f6a78a,train,1,name:stage_2_12890,ultralytics_curascan/datasets/dataset-deteccao-ferida/images/train/stage_2_12890.jpg
stage_2_13031,stage_2_13031.jpg,572fcc2ff65bc6ada550bd46df50d3dfc2224f8fbd0d2aea276da503f04bbe80,train,1,name:stage_2_13031,ultralytics_curascan/datasets/dataset-deteccao-ferida/images/train/stage_2_13031.jpg
stage_2_13127,stage_2_13127.jpg,97421d27596a9615d7f6d3b7d6d1e56465847c57ca8ed17c3a0c62a6988c182b,train,1,name:stage_2_13127,ultralytics_curascan/datasets/dataset-deteccao-ferida/images/train/stage_2_13127.jpg
stage_2_13151,stage_2_13151.jpg,b129b19243ee1f263a83a38951df33ba0b814d5737da0086569a5f5aa1018ed5,train,1,name:stage_2_13151,ultralytics_curascan/datasets/dataset-deteccao-ferida/images/train/stage_2_13151.jpg
stage_2_13424,stage_2_13424.jpg,4674b30313c96ba62cf0d06643b2c2c729fa23a74e2f8502f44b4a58fbc6cce3,train,1,name:stage_2_13424,ultralytics_curascan/datasets/dataset-deteccao-ferida/images/train/stage_2_13424.jpg
stage_2_1358,stage_2_1358.jpg,46f721ca53ec27e978198864c8c06d9fbfb021ed1cbe36289c20979b51d89fb9,train,1,name:stage_2_1358,ultralytics_curascan/datasets/dataset-deteccao-ferida/images/train/stage_2_1358.jpg
stage_2_13698,stage_2_13698.jpg,81866cd1f821cce32c52ff99723c64a2aeb2d1a83327c8f6452b23466e7f696c,train,1,name:stage_2_13698,ultralytics_curascan/datasets/dataset-deteccao-ferida/images/train/stage_2_13698.jpg
stage_2_13772,stage_2_13772.jpg,10058b00731c0cfb18b8433cd5de9c40b71f7b85fa6e62068887dc375da40b39,train,1,name:stage_2_13772,ultralytics_curascan/datasets/dataset-deteccao-ferida/images/train/stage_2_13772.jpg
stage_2_13929,stage_2_13929.jpg,4d3d14bdd07e08436109f7247804fb7ff1cdac6519208eadcbe72c14c1480195,train,1,name:stage_2_13929,ultralytics_curascan/datasets/dataset-deteccao-ferida/images/train/stage_2_13929.jpg
stage_2_14687,stage_2_14687.jpg,6964477aad533b2e15b76901a9af30dd91d57392e9576d7a12fdc6f768accf28,train,1,name:stage_2_14687,ultralytics_curascan/datasets/dataset-deteccao-ferida/images/train/stage_2_14687.jpg
stage_2_16326,stage_2_16326.jpg,0bd584ffdd3f26b7390924e3c19f442fa571d151e6b0c355173458fb564a362a,train,1,name:stage_2_16326,ultralytics_curascan/datasets/dataset-deteccao-ferida/images/train/stage_2_16326.jpg
stage_2_16609,stage_2_16609.jpg,fb1bffb01a9cc24cb4d48314fabeeeaae5c88ca0cb822f07bae966108b4b736f,train,1,name:stage_2_16609,ultralytics_curascan/datasets/dataset-deteccao-ferida/images/train/stage_2_16609.jpg
stage_2_16905,stage_2_16905.jpg,a5c5db838c2ce06d6198f6b0310cab26ffc8f3aca5f474c9a180cd3b20f0233c,train,1,name:stage_2_16905,ultralytics_curascan/datasets/dataset-deteccao-ferida/images/train/stage_2_16905.jpg
stage_2_17476,stage_2_17476.jpg,395e4fbb2347f7b106167df1d4df78508b3b802710cb353480cebb3d6bd2ca83,train,1,name:stage_2_17476,ultralytics_curascan/datasets/dataset-deteccao-ferida/images/train/stage_2_17476.jpg
stage_2_17852,stage_2_17852.jpg,f73b7817e24dd72056f23f505ccd5d43c83cd321b288c0de279c40ae5b2fc291,train,1,name:stage_2_17852,ultralytics_curascan/datasets/dataset-deteccao-ferida/images/train/stage_2_17852.jpg
stage_2_17957,stage_2_17957.jpg,7d50de68831892ff910201577eaa20565e3a5f4419074b84da291e90a4e0ddb6,train,1,name:stage_2_17957,ultralytics_curascan/datasets/dataset-deteccao-ferida/images/train/stage_2_17957.jpg
stage_2_19041,stage_2_19041.jpg,79161d21fc484eecd1492e4692f6fd3a62e7078339e7f76a5c477fcc5785c6e1,train,1,name:stage_2_19041,ultralytics_curascan/datasets/dataset-deteccao-ferida/images/train/stage_2_19041.jpg
stage_2_19161,stage_2_19161.jpg,fdd68ba46aa078ab1a319fa98870475405e369e3f937479baaf7ea0d53531907,train,1,name:stage_2_19161,ultralytics_curascan/datasets/dataset-deteccao-ferida/images/train/stage_2_19161.jpg
stage_2_19369,stage_2_19369.jpg,4c25f70b8d08f624d2bf46fd1fb6b3a143d224383a0798779ed1bdde54c885c2,train,0,name:stage_2_19369,ultralytics_curascan/datasets/dataset-deteccao-ferida/images/train/stage_2_19369.jpg
stage_2_19708,stage_2_19708.jpg,914e5de5711e42dd72c298b98e02d12f4c64c96d61f30ecd99ac45652797e333,train,1,name:stage_2_19708,ultralytics_curascan/datasets/dataset-deteccao-ferida/images/train/stage_2_19708.jpg
stage_2_19858,stage_2_19858.jpg,ece10ead024c5e72997098d6236ed8b2c22f3d2857550db26949a9d4bffd96d4,train,1,name:stage_2_19858,ultralytics_curascan/datasets/dataset-deteccao-ferida/images/train/stage_2_19858.jpg
stage_2_19961,stage_2_19961.jpg,a6a191f36eb20f0917a4d6f02e63aa135ac7f163299cae0d99f2fd5835d64775,train,1,name:stage_2_19961,ultralytics_curascan/datasets/dataset-deteccao-ferida/images/train/stage_2_19961.jpg
stage_2_19978,stage_2_19978.jpg,5ab817c8a6d54efa60d398dae66e990bdead87952095bae2448052b6439c41a1,train,1,name:stage_2_19978,ultralytics_curascan/datasets/dataset-deteccao-ferida/images/train/stage_2_19978.jpg
stage_2_2031,stage_2_2031.jpg,66fda535fdc35b05bc7101dbc65811bda06eac15d5777da5008bcf0f69e65d2c,train,1,name:stage_2_2031,ultralytics_curascan/datasets/dataset-deteccao-ferida/images/train/stage_2_2031.jpg
stage_2_20346,stage_2_20346.jpg,a89ce2aa34d3da251746680a590a62f68b84f3c88c302c711d6364f27ed0cc11,train,1,name:stage_2_20346,ultralytics_curascan/datasets/dataset-deteccao-ferida/images/train/stage_2_20346.jpg
stage_2_20417,stage_2_20417.jpg,2615178955c9d163d9dfd92cff608a6ad41592328587d057e22be4503e91e568,train,1,name:stage_2_20417,ultralytics_curascan/datasets/dataset-deteccao-ferida/images/train/stage_2_20417.jpg
stage_2_20594,stage_2_20594.jpg,3904ea9aaba59ec8ea15e68e31211997998e39dcac272e5c3004592a4a6f8991,train,1,name:stage_2_20594,ultralytics_curascan/datasets/dataset-deteccao-ferida/images/train/stage_2_20594.jpg
stage_2_20708,stage_2_20708.jpg,a6f52962fd54d3305145f38caa59452020cd605829b594645aff76f8479f265a,train,1,name:stage_2_20708,ultralytics_curascan/datasets/dataset-deteccao-ferida/images/train/stage_2_20708.jpg
stage_2_20727,stage_2_20727.jpg,67e60552573cef76eacd081c460df011c2531d7696135f849ea90ba127c2d5c4,train,1,name:stage_2_20727,ultralytics_curascan/datasets/dataset-deteccao-ferida/images/train/stage_2_20727.jpg
stage_2_20948,stage_2_20948.jpg,289be449ee75a0ee17a433e9df362ae395c217a8fa5722878fc9612b3ec1d255,train,1,name:stage_2_20948,ultralytics_curascan/datasets/dataset-deteccao-ferida/images/train/stage_2_20948.jpg
stage_2_20980,stage_2_20980.jpg,c2340033cfcfb34b8a3fe6c9048947b276f42bfd435f2ac47a7cc1e46923730e,train,1,name:stage_2_20980,ultralytics_curascan/datasets/dataset-deteccao-ferida/images/train/stage_2_20980.jpg
stage_2_21898,stage_2_21898.jpg,38926f509b7dc87b65c97f0b4f8c89d413992f55f0cc796306a52f42802bd377,train,0,name:stage_2_21898,ultralytics_curascan/datasets/dataset-deteccao-ferida/images/train/stage_2_21898.jpg
stage_2_22600,stage_2_22600.jpg,bce0ae5361eaa4db415c817effc04241c254cae5924610669e1440bea05f90ba,train,1,name:stage_2_22600,ultralytics_curascan/datasets/dataset-deteccao-ferida/images/train/stage_2_22600.jpg
stage_2_22766,stage_2_22766.jpg,a5f925844848baaa6202d01a92493a2989f6b1b66663647c3f1935a1d2de3a54,train,0,name:stage_2_22766,ultralytics_curascan/datasets/dataset-deteccao-ferida/images/train/stage_2_22766.jpg
stage_2_23460,stage_2_23460.jpg,075ef91277de9034907ec0dcc2e35b578f646d2d6bb9c9546e2405809fa3737c,train,1,name:stage_2_23460,ultralytics_curascan/datasets/dataset-deteccao-ferida/images/train/stage_2_23460.jpg
stage_2_23705,stage_2_23705.jpg,0c0c56ada45a26d9addbbab9590369ecd8dd1778adf5716cb09578dcd5176e3b,train,1,name:stage_2_23705,ultralytics_curascan/datasets/dataset-deteccao-ferida/images/train/stage_2_23705.jpg
stage_2_23814,stage_2_23814.jpg,b27dbb1535a6905af8bfc292644d60a152f1bce8544d37d09585b319ba06f20a,train,1,name:stage_2_23814,ultralytics_curascan/datasets/dataset-deteccao-ferida/images/train/stage_2_23814.jpg
stage_2_23864,stage_2_23864.jpg,15784b9399e4c10cb1834bacdbbcfe337311b35317c42b70507bc8be3b5efe88,train,1,name:stage_2_23864,ultralytics_curascan/datasets/dataset-deteccao-ferida/images/train/stage_2_23864.jpg
stage_2_24224,stage_2_24224.jpg,8366b8e16bd2dc16d8bc2e482093f8170ea4eb14909c8c0c60aa7ef18fc9a9e4,train,1,name:stage_2_24224,ultralytics_curascan/datasets/dataset-deteccao-ferida/images/train/stage_2_24224.jpg
stage_2_24453,stage_2_24453.jpg,b738a9b9000fd93710aabfe8f34d195bccbc4863bcdfba9c740b64c1441ba7c0,train,1,name:stage_2_24453,ultralytics_curascan/datasets/dataset-deteccao-ferida/images/train/stage_2_24453.jpg
stage_2_25171,stage_2_25171.jpg,7e9cdb00978f28af136c11e36979d18e11d50d81afc244b56adaba6ec97686d5,train,1,name:stage_2_25171,ultralytics_curascan/datasets/dataset-deteccao-ferida/images/train/stage_2_25171.jpg
stage_2_25276,stage_2_25276.jpg,6abf223da8655d7a371d658872945dc56e53cc85a303dff34fd4ec905c4a2638,train,0,name:stage_2_25276,ultralytics_curascan/datasets/dataset-deteccao-ferida/images/train/stage_2_25276.jpg
stage_2_25784,stage_2_25784.jpg,4db9eb0cab76ab893a92648bc881e8d82b87761ae7ced01668ab7cea2c163ca2,train,1,name:stage_2_25784,ultralytics_curascan/datasets/dataset-deteccao-ferida/images/train/stage_2_25784.jpg
stage_2_2630,stage_2_2630.jpg,e00a9092197236cbbf35508c835a865d8548dd4ff58307c408e8bc77107379b9,train,1,name:stage_2_2630,ultralytics_curascan/datasets/dataset-deteccao-ferida/images/train/stage_2_2630.jpg
stage_2_26389,stage_2_26389.jpg,ec1a56c26c8d23273472afb87f7d2a96b21dbd86b772ddd43e7e39c0e7c0c3fc,train,1,name:stage_2_26389,ultralytics_curascan/datasets/dataset-deteccao-ferida/images/train/stage_2_26389.jpg
stage_2_26406,stage_2_26406.jpg,5731ae01d31a0d5e03f6f1f767b34b5332e31d9fe92e4dacddb204bf9b9c81f8,train,1,name:stage_2_26406,ultralytics_curascan/datasets/dataset-deteccao-ferida/images/train/stage_2_26406.jpg
stage_2_26475,stage_2_26475.jpg,e0835eecfb3276c98effc13948d44c0876eab32f0a0741956f186823badd5dd4,train,1,name:stage_2_26475,ultralytics_curascan/datasets/dataset-deteccao-ferida/images/train/stage_2_26475.jpg
stage_2_27031,stage_2_27031.jpg,e54253df0ae1279a4c63e4ed9f3b8a2f3fb1f05bd8f43887a5233681fa769267,train,1,name:stage_2_27031,ultralytics_curascan/datasets/dataset-deteccao-ferida/images/train/stage_2_27031.jpg
stage_2_27376,stage_2_27376.jpg,de62590fbe384a6c3e590ec1fd6d9981546c2a032bd8f8edc8024789098dae0e,train,1,name:stage_2_27376,ultralytics_curascan/datasets/dataset-deteccao-ferida/images/train/stage_2_27376.jpg
stage_2_27451,stage_2_27451.jpg,1422e4a010de431fba1f6cac926b341013f402386684b3c703d35cd3aa6900d6,train,1,name:stage_2_27451,ultralytics_curascan/datasets/dataset-deteccao-ferida/images/train/stage_2_27451.jpg
stage_2_27537,stage_2_27537.jpg,12e79662c2711eb8c84de320e89b6ef63fc743ec997c688b76e656b13df4f605,train,1,name:stage_2_27537,ultralytics_curascan/datasets/dataset-deteccao-ferida/images/train/stage_2_27537.jpg
stage_2_28155,stage_2_28155.jpg,5c49270e284efade8ff28d0ff2617b8facea45b8986fd8cc30cb7d635589bbbf,train,1,name:stage_2_28155,ultralytics_curascan/datasets/dataset-deteccao-ferida/images/train/stage_2_28155.jpg
stage_2_28271,stage_2_28271.jpg,88d831b2057ff138ef29bd8490498fe9821378081e09df1fdc7e04bbcfcb51a7,train,1,name:stage_2_28271,ultralytics_curascan/datasets/dataset-deteccao-ferida/images/train/stage_2_28271.jpg
stage_2_2839,stage_2_2839.jpg,0b73b02bc320767eb5fc481e722e6ac4d2f319f783963832a6c3c22dbcc6bb62,train,1,name:stage_2_2839,ultralytics_curascan/datasets/dataset-deteccao-ferida/images/train/stage_2_2839.jpg
stage_2_28768,stage_2_28768.jpg,f4aeffb5f522aff3eea05878b867c1fe6e8934e04ff6680c9fe2353e928d7546,train,1,name:stage_2_28768,ultralytics_curascan/datasets/dataset-deteccao-ferida/images/train/stage_2_28768.jpg
stage_2_2946,stage_2_2946.jpg,4c40254eee02b710d979e12a34689823d3cfd67475510060e51c31f856a51e6d,train,1,name:stage_2_2946,ultralytics_curascan/datasets/dataset-deteccao-ferida/images/train/stage_2_2946.jpg
stage_2_30373,stage_2_30373.jpg,a0d6ef1b182c69f4fd7219f9a90d941967bb9dcfce41cfe947cf60e01db4a071,train,1,name:stage_2_30373,ultralytics_curascan/datasets/dataset-deteccao-ferida/images/train/stage_2_30373.jpg
stage_2_3062,stage_2_3062.jpg,da8a75e5adb48578fd7cff7bcfc8880866a7821f2682565cc53e231936b03fe3,train,0,name:stage_2_3062,ultralytics_curascan/datasets/dataset-deteccao-ferida/images/train/stage_2_3062.jpg
stage_2_31741,stage_2_31741.jpg,052d95650f52a3568a13947edf757ece6219c67c8b2ac6e83f1467d554415c71,train,1,name:stage_2_31741,ultralytics_curascan/datasets/dataset-deteccao-ferida/images/train/stage_2_31741.jpg
stage_2_31799,stage_2_31799.jpg,885f3f5cf6306d83918da0b01c97eb97562b35357fb4fe1a05961c59ca7f9a50,train,1,name:stage_2_31799,ultralytics_curascan/datasets/dataset-deteccao-ferida/images/train/stage_2_31799.jpg
stage_2_32846,stage_2_32846.jpg,bf1f858de199ebc84d1a5df466cd7ac9c111cc1eee9d82cb6074938095b00ee1,train,1,name:stage_2_32846,ultralytics_curascan/datasets/dataset-deteccao-ferida/images/train/stage_2_32846.jpg
stage_2_32872,stage_2_32872.jpg,ca3815e2edee3a331e4c8cd90233b617c95a00eb1567aa557cf0a2c4cbe81f2c,train,1,name:stage_2_32872,ultralytics_curascan/datasets/dataset-deteccao-ferida/images/train/stage_2_32872.jpg
stage_2_3329,stage_2_3329.jpg,8175c13433e667e8b9e537af54642caefd3730d473d9d970fb428a60d47b7c8f,train,1,name:stage_2_3329,ultralytics_curascan/datasets/dataset-deteccao-ferida/images/train/stage_2_3329.jpg
stage_2_33587,stage_2_33587.jpg,578d1ac603d199f1e8b1bec6eab7599402d037cf3342682138af949f9bffd121,train,1,name:stage_2_33587,ultralytics_curascan/datasets/dataset-deteccao-ferida/images/train/stage_2_33587.jpg
stage_2_33738,stage_2_33738.jpg,70c4992f0f4b243b97026ea376db725b0a8e46a9734411d3aacefe699fefb166,train,1,name:stage_2_33738,ultralytics_curascan/datasets/dataset-deteccao-ferida/images/train/stage_2_33738.jpg
stage_2_34723,stage_2_34723.jpg,1c1791c6fbaf454b7b9e115198d6b27950e2ff9fdf7cc9ea7d6301fb15ac2eea,train,1,name:stage_2_34723,ultralytics_curascan/datasets/dataset-deteccao-ferida/images/train/stage_2_34723.jpg
stage_2_34845,stage_2_34845.jpg,a073c6573aac60a758afdeabff1fa53b38f0a4a4da4ae2a35665b8c248cfc405,train,1,name:stage_2_34845,ultralytics_curascan/datasets/dataset-deteccao-ferida/images/train/stage_2_34845.jpg
stage_2_35189,stage_2_35189.jpg,76914484231d564ad76ee5b689a56136427ad2fec24aed76b3d712910eeebda7,train,1,name:stage_2_35189,ultralytics_curascan/datasets/dataset-deteccao-ferida/images/train/stage_2_35189.jpg
stage_2_35369,stage_2_35369.jpg,585a8f0a984ffddaede2e87b8409d183feb075485019a13dd6bd8d484a29d3b8,train,1,name:stage_2_35369,ultralytics_curascan/datasets/dataset-deteccao-ferida/images/train/stage_2_35369.jpg
stage_2_35875,stage_2_35875.jpg,f6afbcf34e48580e8c1659209660c558bda5736aa4956143bb3fa3faad67327a,train,1,name:stage_2_35875,ultralytics_curascan/datasets/dataset-deteccao-ferida/images/train/stage_2_35875.jpg
stage_2_36255,stage_2_36255.jpg,7e0f2dd424eaf9537efcd1e19fab4af1dc673b50179339231c9afbff3e5417ca,train,1,name:stage_2_36255,ultralytics_curascan/datasets/dataset-deteccao-ferida/images/train/stage_2_36255.jpg
stage_2_3745,stage_2_3745.jpg,c3c24d59565db927bdd4f3605a56e16445df6c8766d37078b8afbc057a888c9d,train,1,name:stage_2_3745,ultralytics_curascan/datasets/dataset-deteccao-ferida/images/train/stage_2_3745.jpg
stage_2_37475,stage_2_37475.jpg,9cf44db0836c3ae4f7e5d5fc85b7953993f1c38a7ad0fb1ca1bc22d36e6ee38c,train,1,name:stage_2_37475,ultralytics_curascan/datasets/dataset-deteccao-ferida/images/train/stage_2_37475.jpg
stage_2_3767,stage_2_3767.jpg,43d8475092de6aa32fb2b20e0e9e98917aac87d8a28964693156c324227c1e5c,train,1,name:stage_2_3767,ultralytics_curascan/datasets/dataset-deteccao-ferida/images/train/stage_2_3767.jpg
stage_2_3821,stage_2_3821.jpg,a7c94847604375704bdcdc93abe8bd7f88ff4b65a747aff929a29dd9c7512aae,train,0,name:stage_2_3821,ultralytics_curascan/datasets/dataset-deteccao-ferida/images/train/stage_2_3821.jpg
stage_2_3847,stage_2_3847.jpg,468d04ddddb2f533a2fe7fbb91561db3caf45f74c343696ed3c1e8cd59fb65de,train,1,name:stage_2_3847,ultralytics_curascan/datasets/dataset-deteccao-ferida/images/train/stage_2_3847.jpg
stage_2_39291,stage_2_39291.jpg,6657bfb66bdada87ff8a5f41f2f8caac84037bd5fc9da846f059352f4f110b93,train,1,name:stage_2_39291,ultralytics_curascan/datasets/dataset-deteccao-ferida/images/train/stage_2_39291.jpg
stage_2_39297,stage_2_39297.jpg,540759969355b99c9ab8a44f0ecff817bf4df6045f0d1429eed3d19beb1dc207,train,1,name:stage_2_39297,ultralytics_curascan/datasets/dataset-deteccao-ferida/images/train/stage_2_39297.jpg
stage_2_39320,stage_2_39320.jpg,f78da0814d43701d5e27ddd4383d57d3fd0fe5f84f3cffcb33d68fa100a643e0,train,1,name:stage_2_39320,ultralytics_curascan/datasets/dataset-deteccao-ferida/images/train/stage_2_39320.jpg
stage_2_39516,stage_2_39516.jpg,725e1e50985b09a43aee77d08df66758b05c6c88c9ee03e94b0c154514e7ea5a,train,1,name:stage_2_39516,ultralytics_curascan/datasets/dataset-deteccao-ferida/images/train/stage_2_39516.jpg
stage_2_40130,stage_2_40130.jpg,b9104367621badd50c915f315f4263c1646fa91d2249ef1bbbcfa9a384b11ba2,train,0,name:stage_2_40130,ultralytics_curascan/datasets/dataset-deteccao-ferida/images/train/stage_2_40130.jpg
stage_2_40394,stage_2_40394.jpg,59014999fcf5493a9b7cbed411fb9afd9e9b497278f594a27a920ede76ee0bc3,train,1,name:stage_2_40394,ultralytics_curascan/datasets/dataset-deteccao-ferida/images/train/stage_2_40394.jpg
stage_2_40858,stage_2_40858.jpg,85b985b630a0fd31b70e763107592bb57c239f3c4b247b9c251444292327b1c4,train,1,name:stage_2_40858,ultralytics_curascan/datasets/dataset-deteccao-ferida/images/train/stage_2_40858.jpg
stage_2_40951,stage_2_40951.jpg,9a0b69c1b5e1cf492ef8497a28b1d297e8bebdbf74e1db26cfe4d7206ec9ad2b,train,1,name:stage_2_40951,ultralytics_curascan/datasets/dataset-deteccao-ferida/images/train/stage_2_40951.jpg
stage_2_41204,stage_2_41204.jpg,650debd395554086db1c780bf053ed40f69a2c21e5ad7f1fb3474c34f18763ce,train,1,name:stage_2_41204,ultralytics_curascan/datasets/dataset-deteccao-ferida/images/train/stage_2_41204.jpg
stage_2_41405,stage_2_41405.jpg,2014b0ace42e8bfebacb87f6b6f69a5ba6e24a62fecb8951048042faf3d01cf3,train,1,name:stage_2_41405,ultralytics_curascan/datasets/dataset-deteccao-ferida/images/train/stage_2_41405.jpg
stage_2_42619,stage_2_42619.jpg,67b7e305de94bcb14eeaab4212c280120f4ffa22456927dda95f540f39d55bf7,train,1,name:stage_2_42619,ultralytics_curascan/datasets/dataset-deteccao-ferida/images/train/stage_2_42619.jpg
stage_2_44519,stage_2_44519.jpg,097c15a300fed3c4ebdfbea64c4b3a9b2985b7b405949b3b9cfa2896327b0a5c,train,1,name:stage_2_44519,ultralytics_curascan/datasets/dataset-deteccao-ferida/images/train/stage_2_44519.jpg
stage_2_45221,stage_2_45221.jpg,ad43c0b555e9239c4e8121226dfac389b47aaa518fc50ab8db5e5377e736dc40,train,1,name:stage_2_45221,ultralytics_curascan/datasets/dataset-deteccao-ferida/images/train/stage_2_45221.jpg
stage_2_45629,stage_2_45629.jpg,06c62ad9bfcd5fa7e66041cf1013df680738e3c745e4f40d8f2287dd843363cf,train,1,name:stage_2_45629,ultralytics_curascan/datasets/dataset-deteccao-ferida/images/train/stage_2_45629.jpg
stage_2_45881,stage_2_45881.jpg,c07dc88d90f5e979a23da747f9d393c7e2de65afaf92108dbd17aabf4efa7496,train,1,name:stage_2_45881,ultralytics_curascan/datasets/dataset-deteccao-ferida/images/train/stage_2_45881.jpg
stage_2_4719,stage_2_4719.jpg,00ab3115765e47114636bbb47e3a8709498154b2ce9fec6bc54eef0a3dd0286e,train,1,name:stage_2_4719,ultralytics_curascan/datasets/dataset-deteccao-ferida/images/train/stage_2_4719.jpg
stage_2_47816,stage_2_47816.jpg,a28e7870f021bc0176d5735fc9fa8dfe20e606f3bae52e7e60b6303b97a76f14,train,1,name:stage_2_47816,ultralytics_curascan/datasets/dataset-deteccao-ferida/images/train/stage_2_47816.jpg
stage_2_47983,stage_2_47983.jpg,bb4b8705fafdd158962a9a047f32211748324b365ca809bf5ee892f602351f0c,train,1,name:stage_2_47983,ultralytics_curascan/datasets/dataset-deteccao-ferida/images/train/stage_2_47983.jpg
stage_2_48005,stage_2_48005.jpg,1c26b32692d1c2781a912eb02f90206f0c460b18310e512bc5486add7324ae55,train,1,name:stage_2_48005,ultralytics_curascan/datasets/dataset-deteccao-ferida/images/train/stage_2_48005.jpg
stage_2_48226,stage_2_48226.jpg,87022084dfc2f16611380dbdaa15fa57992018bd8ec4ccef8a8e7b4d74d36e7d,train,1,name:stage_2_48226,ultralytics_curascan/datasets/dataset-deteccao-ferida/images/train/stage_2_48226.jpg
stage_2_48264,stage_2_48264.jpg,28dae4256c8a3faff6135487ed9b5ca0998cf11e016d69dbb49786b6ab923031,train,1,name:stage_2_48264,ultralytics_curascan/datasets/dataset-deteccao-ferida/images/train/stage_2_48264.jpg
stage_2_48672,stage_2_48672.jpg,6812078fb1f85f4ffb02b942ed9d0ae7bc0c313d6fb0e352bd2cff49b9606eb5,train,1,name:stage_2_48672,ultralytics_curascan/datasets/dataset-deteccao-ferida/images/train/stage_2_48672.jpg
stage_2_49156,stage_2_49156.jpg,1981bd8e8478a98dc7bd7275f64be40f8e3196c6abef4d4bc8645e4be99f5152,train,1,name:stage_2_49156,ultralytics_curascan/datasets/dataset-deteccao-ferida/images/train/stage_2_49156.jpg
stage_2_49481,stage_2_49481.jpg,716a94161d0138c1950955ad488bc0d1301533cc3c17392386fcf27898828215,train,1,name:stage_2_49481,ultralytics_curascan/datasets/dataset-deteccao-ferida/images/train/stage_2_49481.jpg
stage_2_49595,stage_2_49595.jpg,debfa64d3aab71144e6201e51a7a539e76c3f248dfbcf86ac60c17767d5b459a,train,1,name:stage_2_49595,ultralytics_curascan/datasets/dataset-deteccao-ferida/images/train/stage_2_49595.jpg
stage_2_50394,stage_2_50394.jpg,844709500b5e59fd5cda9f7cf2183fd58e13523c8b056d72df23e127e83eaa5d,train,1,name:stage_2_50394,ultralytics_curascan/datasets/dataset-deteccao-ferida/images/train/stage_2_50394.jpg
stage_2_50576,stage_2_50576.jpg,b74cafab30a54c252c91408c9a0081644880b7a9387a03b69f5cc10ffa5ce6c4,train,1,name:stage_2_50576,ultralytics_curascan/datasets/dataset-deteccao-ferida/images/train/stage_2_50576.jpg
stage_2_50867,stage_2_50867.jpg,01a5282adb6d967fb8701179a842e5c59e24a555a25c6a6c2ee80aa26a69d1b5,train,1,name:stage_2_50867,ultralytics_curascan/datasets/dataset-deteccao-ferida/images/train/stage_2_50867.jpg
stage_2_50870,stage_2_50870.jpg,43991f13e51b3c2bc3caf5c3e4b528020706fa866671fb724bae14e59e0f3760,train,1,name:stage_2_50870,ultralytics_curascan/datasets/dataset-deteccao-ferida/images/train/stage_2_50870.jpg
stage_2_50895,stage_2_50895.jpg,14eddbfad897559414424849779b71d9e01545502b733e5575d58a5b56636cbc,train,1,name:stage_2_50895,ultralytics_curascan/datasets/dataset-deteccao-ferida/images/train/stage_2_50895.jpg
stage_2_50992,stage_2_50992.jpg,c6b92e4247f17df01306efe51848b834b9fc57a173c6f9f8414f026da4851bdf,train,1,name:stage_2_50992,ultralytics_curascan/datasets/dataset-deteccao-ferida/images/train/stage_2_50992.jpg
stage_2_52889,stage_2_52889.jpg,c5846791a7b0d072f088ce506ab1f1defb8a6e77276af8e27e1d6be3f2933ee6,train,1,name:stage_2_52889,ultralytics_curascan/datasets/dataset-deteccao-ferida/images/train/stage_2_52889.jpg
stage_2_53256,stage_2_53256.jpg,4854671c2515ee129d16727b16fec98e95e5840a9a502cc903d02f762128efb7,train,1,name:stage_2_53256,ultralytics_curascan/datasets/dataset-deteccao-ferida/images/train/stage_2_53256.jpg
stage_2_53904,stage_2_53904.jpg,a62a677140634e245afc8354fb342ae19c5e54eb4e7b271dd38a8f4aba6352dd,train,1,name:stage_2_53904,ultralytics_curascan/datasets/dataset-deteccao-ferida/images/train/stage_2_53904.jpg
stage_2_54094,stage_2_54094.jpg,75c3ad4474a7d44b3458a02da2e0e3138a98d23d33008832affbfab78d823107,train,1,name:stage_2_54094,ultralytics_curascan/datasets/dataset-deteccao-ferida/images/train/stage_2_54094.jpg
stage_2_54664,stage_2_54664.jpg,218a262a715d2337c605ff6db8527666b5cbf7bb981aac8f132cc07bdbf02ecc,train,1,name:stage_2_54664,ultralytics_curascan/datasets/dataset-deteccao-ferida/images/train/stage_2_54664.jpg
stage_2_54692,stage_2_54692.jpg,467a2515494ca5c725df616a6a2555a0cb2986856e2eb4dd3ab9fa62ac89e593,train,1,name:stage_2_54692,ultralytics_curascan/datasets/dataset-deteccao-ferida/images/train/stage_2_54692.jpg
stage_2_55070,stage_2_55070.jpg,1021f93963d930e386ad9ff3984cf4063f3d3dfba0e5695e0c19a2dbf70a4098,train,1,name:stage_2_55070,ultralytics_curascan/datasets/dataset-deteccao-ferida/images/train/stage_2_55070.jpg
stage_2_55537,stage_2_55537.jpg,f7822eb57325e36394fe766e1238ab182db207a378b7fab9e5d1979a6096c7cb,train,1,name:stage_2_55537,ultralytics_curascan/datasets/dataset-deteccao-ferida/images/train/stage_2_55537.jpg
stage_2_55590,stage_2_55590.jpg,9ec3218a60901abcbda0391997304c2d75e0cadce2cb882a5919b96b70c1dea3,train,1,name:stage_2_55590,ultralytics_curascan/datasets/dataset-deteccao-ferida/images/train/stage_2_55590.jpg
stage_2_5591,stage_2_5591.jpg,276eaff613c04f9ae07c4ca1d6cf3eade7e84c6b04273662f840a594ba2bddde,train,1,name:stage_2_5591,ultralytics_curascan/datasets/dataset-deteccao-ferida/images/train/stage_2_5591.jpg
stage_2_56505,stage_2_56505.jpg,34b160bab6e56850b0e25ca2d6a50b8ede4d461492ac1f138275555c5463c749,train,1,name:stage_2_56505,ultralytics_curascan/datasets/dataset-deteccao-ferida/images/train/stage_2_56505.jpg
stage_2_56593,stage_2_56593.jpg,6b6e442f2dcdb2c4e49073d0ae723174bebb932f46d5df0a88fa258002dc2d70,train,1,name:stage_2_56593,ultralytics_curascan/datasets/dataset-deteccao-ferida/images/train/stage_2_56593.jpg
stage_2_56669,stage_2_56669.jpg,5756cdcba12f9ef81908f0b7461f57eaec3c5978f7ed87cd6b73577603bdf5e3,train,1,name:stage_2_56669,ultralytics_curascan/datasets/dataset-deteccao-ferida/images/train/stage_2_56669.jpg
stage_2_56925,stage_2_56925.jpg,a6ab52d32e6e2f5987f3004dac831e4b57bf00a721869b644a020593ce74280a,train,1,name:stage_2_56925,ultralytics_curascan/datasets/dataset-deteccao-ferida/images/train/stage_2_56925.jpg
stage_2_57100,stage_2_57100.jpg,5fecdb8667535d61ded2daf2a06091dad3141b504a5afbaf2373e96c29586dc1,train,1,name:stage_2_57100,ultralytics_curascan/datasets/dataset-deteccao-ferida/images/train/stage_2_57100.jpg
stage_2_57387,stage_2_57387.jpg,ae079084deb5e7588a65f536ca60432c70d7068a73194989e43ebb1210a801f2,train,1,name:stage_2_57387,ultralytics_curascan/datasets/dataset-deteccao-ferida/images/train/stage_2_57387.jpg
stage_2_57796,stage_2_57796.jpg,4865ad6fe04a51e5fde2df544e0a918aa6d41954f00255c7cd2f82effea53828,train,1,name:stage_2_57796,ultralytics_curascan/datasets/dataset-deteccao-ferida/images/train/stage_2_57796.jpg
stage_2_57819,stage_2_57819.jpg,696e67de663a0304add57042027bb499d0bfce5b48bf8fbb1714fb5fb87301f2,train,1,name:stage_2_57819,ultralytics_curascan/datasets/dataset-deteccao-ferida/images/train/stage_2_57819.jpg
stage_2_58040,stage_2_58040.jpg,274cfd3e7eb271706d432877fbcb08bc407e7957b6f72072de4061d94801cc10,train,1,name:stage_2_58040,ultralytics_curascan/datasets/dataset-deteccao-ferida/images/train/stage_2_58040.jpg
stage_2_58275,stage_2_58275.jpg,9e576fe0af624d016775dc3bbed82b2d89c1bf8d43c47b89415cb2d09be9ef1e,train,1,name:stage_2_58275,ultralytics_curascan/datasets/dataset-deteccao-ferida/images/train/stage_2_58275.jpg
stage_2_58525,stage_2_58525.jpg,a17bad2bc4ca0a0ee563857de656f6a4585b59543f95ecc54f34ceb8e4af934f,train,1,name:stage_2_58525,ultralytics_curascan/datasets/dataset-deteccao-ferida/images/train/stage_2_58525.jpg
stage_2_58527,stage_2_58527.jpg,c88cdcad277003b548409eb9e2f32618024e0b88b1f988ff6baa7a1d5c0aa01d,train,1,name:stage_2_58527,ultralytics_curascan/datasets/dataset-deteccao-ferida/images/train/stage_2_58527.jpg
stage_2_60264,stage_2_60264.jpg,c4baec930c4b8cc5ec2d9ca8a3eae764aec35d085507d06699d1140d5bf4063c,train,1,name:stage_2_60264,ultralytics_curascan/datasets/dataset-deteccao-ferida/images/train/stage_2_60264.jpg
stage_2_60269,stage_2_60269.jpg,3e83dadc3b4387dc3c245646a739b1e25ffe6c4d9e987902f1647616e05d3dce,train,1,name:stage_2_60269,ultralytics_curascan/datasets/dataset-deteccao-ferida/images/train/stage_2_60269.jpg
stage_2_6073,stage_2_6073.jpg,675abc28cf6b6e26011c61029ab3b816622827052329c04c3ad59422b2128b39,train,1,name:stage_2_6073,ultralytics_curascan/datasets/dataset-deteccao-ferida/images/train/stage_2_6073.jpg
stage_2_61858,stage_2_61858.jpg,4046fdc36dfcbabd875dcadc5015495b776df437732147529734d0d9f539c5bf,train,1,name:stage_2_61858,ultralytics_curascan/datasets/dataset-deteccao-ferida/images/train/stage_2_61858.jpg
stage_2_62041,stage_2_62041.jpg,549bab4d39429c91995caa5404c1ca211fe2a387a1844a6214c37be117ae90a7,train,1,name:stage_2_62041,ultralytics_curascan/datasets/dataset-deteccao-ferida/images/train/stage_2_62041.jpg
stage_2_6212,stage_2_6212.jpg,ebfc90e982e9d60595cd2c78888c0277074426efd698248b6d7df7fabae5381b,train,1,name:stage_2_6212,ultralytics_curascan/datasets/dataset-deteccao-ferida/images/train/stage_2_6212.jpg
stage_2_62171,stage_2_62171.jpg,efe680de8f2f50dc6a48ee0721c3feb232ed8e5f689409814a6e3f745898eaa9,train,1,name:stage_2_62171,ultralytics_curascan/datasets/dataset-deteccao-ferida/images/train/stage_2_62171.jpg
stage_2_62396,stage_2_62396.jpg,3b5744eb0bae686be2de9b4e0f67a38bbab56f0c70a3dafb5b2c8c5e08d65ff4,train,1,name:stage_2_62396,ultralytics_curascan/datasets/dataset-deteccao-ferida/images/train/stage_2_62396.jpg
stage_2_62455,stage_2_62455.jpg,4fe1dfe15324a40f9bc6868c1ce18ce868fc8a6752964aa458572d63c40d723a,train,1,name:stage_2_62455,ultralytics_curascan/datasets/dataset-deteccao-ferida/images/train/stage_2_62455.jpg
stage_2_62524,stage_2_62524.jpg,0e91335c2fe4c4a1b06afa7176b34a7a119d4bc4854b2fa61afce8a2413ecfac,train,1,name:stage_2_62524,ultralytics_curascan/datasets/dataset-deteccao-ferida/images/train/stage_2_62524.jpg
stage_2_63050,stage_2_63050.jpg,f32d1ef8338f64131bbe97dbd004a626c2986f9d73237257dd0f9f6c14a6243e,train,1,name:stage_2_63050,ultralytics_curascan/datasets/dataset-deteccao-ferida/images/train/stage_2_63050.jpg
stage_2_6307,stage_2_6307.jpg,856f44af9dd3994f7fa945b26d413341b0e3b80cff763b6451d78346a6e16457,train,1,name:stage_2_6307,ultralytics_curascan/datasets/dataset-deteccao-ferida/images/train/stage_2_6307.jpg
stage_2_63190,stage_2_63190.jpg,2d57b3394dd3e7c5b3d6832f138efec53e957b0d01de2886a7f7db1212978457,train,1,name:stage_2_63190,ultralytics_curascan/datasets/dataset-deteccao-ferida/images/train/stage_2_63190.jpg
stage_2_63689,stage_2_63689.jpg,40ed419732b2a450c972c2257a4395a3e32696679946949dd18a4b3323d407ee,train,1,name:stage_2_63689,ultralytics_curascan/datasets/dataset-deteccao-ferida/images/train/stage_2_63689.jpg
stage_2_63941,stage_2_63941.jpg,7d304b70976de6dd7f1573da2d96749930313631742cc8aaf8a23d48da64556c,train,1,name:stage_2_63941,ultralytics_curascan/datasets/dataset-deteccao-ferida/images/train/stage_2_63941.jpg
stage_2_64165,stage_2_64165.jpg,2d6489c5ddbe64bf92e315a4f3ec92acaa13df052ebfa91588920d2d046b2091,train,1,name:stage_2_64165,ultralytics_curascan/datasets/dataset-deteccao-ferida/images/train/stage_2_64165.jpg
stage_2_6588,stage_2_6588.jpg,e7907efe39695e73a92178a2f2931d9b48ae58718d5d08767992f07c5a7e7830,train,1,name:stage_2_6588,ultralytics_curascan/datasets/dataset-deteccao-ferida/images/train/stage_2_6588.jpg
stage_2_65945,stage_2_65945.jpg,6de59ab7b7c9b86a0584b45683d1af5d8f4eb323db40691aec8b1bc3ea5b0ccb,train,1,name:stage_2_65945,ultralytics_curascan/datasets/dataset-deteccao-ferida/images/train/stage_2_65945.jpg
stage_2_66060,stage_2_66060.jpg,d181e10988de54c7d741a439abedd3a4b05c3b0f8bf3da4a67231b143867ff50,train,1,name:stage_2_66060,ultralytics_curascan/datasets/dataset-deteccao-ferida/images/train/stage_2_66060.jpg
stage_2_66189,stage_2_66189.jpg,4455abe28e9ff82130a1208a409e8806179635144df1cff34e29a657a1ef9f47,train,1,name:stage_2_66189,ultralytics_curascan/datasets/dataset-deteccao-ferida/images/train/stage_2_66189.jpg
stage_2_66945,stage_2_66945.jpg,dd1e695a18a368d4292bd964cf1be3af744e85aef452e33bba8a257d1d5040f9,train,1,name:stage_2_66945,ultralytics_curascan/datasets/dataset-deteccao-ferida/images/train/stage_2_66945.jpg
stage_2_6712,stage_2_6712.jpg,6901dc7fa59cfa05a1a5511e1286d1c9e29f5778059f9a7941750af5097e9afc,train,1,name:stage_2_6712,ultralytics_curascan/datasets/dataset-deteccao-ferida/images/train/stage_2_6712.jpg
stage_2_67618,stage_2_67618.jpg,6ea55c2ea2d4dd0a2799954f22b9c45d15d7a7bb63f5865e6a64f8b643822d26,train,1,name:stage_2_67618,ultralytics_curascan/datasets/dataset-deteccao-ferida/images/train/stage_2_67618.jpg
stage_2_67659,stage_2_67659.jpg,51e73af56aace95bacbc4e7a5266890909f1f7f40a5ad6ec3d3519b8b82d82cc,train,1,name:stage_2_67659,ultralytics_curascan/datasets/dataset-deteccao-ferida/images/train/stage_2_67659.jpg
stage_2_67867,stage_2_67867.jpg,497e7dbe673505a1e95befd06216ee93813adb962c7fe8e5a77f0ede34af3dc0,train,1,name:stage_2_67867,ultralytics_curascan/datasets/dataset-deteccao-ferida/images/train/stage_2_67867.jpg
stage_2_67992,stage_2_67992.jpg,930f990fa57fea56b110cee753463327a0a09eb2c9371fd0c41ec4d8b06aed89,train,1,name:stage_2_67992,ultralytics_curascan/datasets/dataset-deteccao-ferida/images/train/stage_2_67992.jpg
stage_2_6873,stage_2_6873.jpg,d84b78ccea9bc5c9474beb733693609bb4ef8d607644f702702721062e30fbcd,train,1,name:stage_2_6873,ultralytics_curascan/datasets/dataset-deteccao-ferida/images/train/stage_2_6873.jpg
stage_2_68731,stage_2_68731.jpg,6d6dd8613fef4cd301d1fcf417c61d1aaf7aa843fa6dffe26ca552393d1641fa,train,1,name:stage_2_68731,ultralytics_curascan/datasets/dataset-deteccao-ferida/images/train/stage_2_68731.jpg
stage_2_69124,stage_2_69124.jpg,7e3bd520a3c75a6f47a87b7db7afc18eed0247ba03943141c7881fdfb284e590,train,1,name:stage_2_69124,ultralytics_curascan/datasets/dataset-deteccao-ferida/images/train/stage_2_69124.jpg
stage_2_69238,stage_2_69238.jpg,5d8d1dbded96b4f12d37f8f2798ddb1acc922ab65281a553dc20e7a61540c61f,train,1,name:stage_2_69238,ultralytics_curascan/datasets/dataset-deteccao-ferida/images/train/stage_2_69238.jpg
stage_2_69463,stage_2_69463.jpg,57557b2ad13e447da2df356c0248ccc25478ec33edd4e1757ff27e2d1dc11b70,train,1,name:stage_2_69463,ultralytics_curascan/datasets/dataset-deteccao-ferida/images/train/stage_2_69463.jpg
stage_2_69984,stage_2_69984.jpg,1cd224695603dee95ba2cc966484f7a1339bf71908321cbaaa5734110e8b3e87,train,1,name:stage_2_69984,ultralytics_curascan/datasets/dataset-deteccao-ferida/images/train/stage_2_69984.jpg
stage_2_70308,stage_2_70308.jpg,3baa485f0ae89fe997c1e370c3748e8b38b8ad26efd47c27dea88654780a6f1b,train,1,name:stage_2_70308,ultralytics_curascan/datasets/dataset-deteccao-ferida/images/train/stage_2_70308.jpg
stage_2_70380,stage_2_70380.jpg,f870b4f6d02769768fc4e0531e7e0ec4bbb6d61bf77bb52942b364ee18555fa0,train,1,name:stage_2_70380,ultralytics_curascan/datasets/dataset-deteccao-ferida/images/train/stage_2_70380.jpg
stage_2_71240,stage_2_71240.jpg,688462c4d5efb6b5bd996c1ee0f5c05976f528e03e7ca90fa224879fa4938097,train,1,name:stage_2_71240,ultralytics_curascan/datasets/dataset-deteccao-ferida/images/train/stage_2_71240.jpg
stage_2_71812,stage_2_71812.jpg,c81285ed5df32a4b214df41a24769edf35e2d064c5f4fac35c6cf4b6a2cea704,train,1,name:stage_2_71812,ultralytics_curascan/datasets/dataset-deteccao-ferida/images/train/stage_2_71812.jpg
stage_2_72084,stage_2_72084.jpg,44415de74489af2c0806f19e74b729c98fb3b8bca1b9132490c263258b560dbe,train,1,name:stage_2_72084,ultralytics_curascan/datasets/dataset-deteccao-ferida/images/train/stage_2_72084.jpg
stage_2_7219,stage_2_7219.jpg,7cf5a984c518b6434f3ff77d6ad444c1cb32eb9ec2e0bacf43e3e4bfad96b859,train,1,name:stage_2_7219,ultralytics_curascan/datasets/dataset-deteccao-ferida/images/train/stage_2_7219.jpg
stage_2_72213,stage_2_72213.jpg,c153c41324452dcca1079116d78d8d326c9a3b2ef48d4a5e90ea1695ccafc6ba,train,1,name:stage_2_72213,ultralytics_curascan/datasets/dataset-deteccao-ferida/images/train/stage_2_72213.jpg
stage_2_7246,stage_2_7246.jpg,f8a33f24c9fc2d22ef7dbf076a0180012d8a76f61a9295e9b88c9e1fd27040ba,train,1,name:stage_2_7246,ultralytics_curascan/datasets/dataset-deteccao-ferida/images/train/stage_2_7246.jpg
stage_2_74085,stage_2_74085.jpg,78b3e276bd74cca7f39957dbc2dd6c0a5506ebdf54d75736348287a840abde5d,train,1,name:stage_2_74085,ultralytics_curascan/datasets/dataset-deteccao-ferida/images/train/stage_2_74085.jpg
stage_2_75238,stage_2_75238.jpg,1a5367436e3649afb0b3e397b15d3821463acb3b90721985941da09ca6e04654,train,1,name:stage_2_75238,ultralytics_curascan/datasets/dataset-deteccao-ferida/images/train/stage_2_75238.jpg
stage_2_7550,stage_2_7550.jpg,732e3512fc39bc80b0f8aefa92a6bd6c6cbea370c069ea09e9ba919b5879d27a,train,1,name:stage_2_7550,ultralytics_curascan/datasets/dataset-deteccao-ferida/images/train/stage_2_7550.jpg
stage_2_75501,stage_2_75501.jpg,ba89b26cc649e118e10f6b684224240d46836cb0ab2af8af8558f6cf24fce16f,train,1,name:stage_2_75501,ultralytics_curascan/datasets/dataset-deteccao-ferida/images/train/stage_2_75501.jpg
stage_2_75630,stage_2_75630.jpg,7c17c428564e256e3522ad896f7ecdc45a4898c83f207f325796856eac80e26f,train,1,name:stage_2_75630,ultralytics_curascan/datasets/dataset-deteccao-ferida/images/train/stage_2_75630.jpg
stage_2_75998,stage_2_75998.jpg,1fada8d5a4a419f02ce61364a67eb6893392e2a816bd0c82cbf671f22dc3ba00,train,1,name:stage_2_75998,ultralytics_curascan/datasets/dataset-deteccao-ferida/images/train/stage_2_75998.jpg
stage_2_7808,stage_2_7808.jpg,5629d8987e048ee29e4bd2c430180e2c47992f7b596fe99cbb3cde15e7972e41,train,1,name:stage_2_7808,ultralytics_curascan/datasets/dataset-deteccao-ferida/images/train/stage_2_7808.jpg
stage_2_78148,stage_2_78148.jpg,fff03e46fe0800592147b3112f2fdabd6c0886d7f233b58cb52f2b58b977b36f,train,1,name:stage_2_78148,ultralytics_curascan/datasets/dataset-deteccao-ferida/images/train/stage_2_78148.jpg
stage_2_78867,stage_2_78867.jpg,1fd86f692913aa664d9050798e653b56fc6d1a05603e334b1a59645f56c9fa7c,train,1,name:stage_2_78867,ultralytics_curascan/datasets/dataset-deteccao-ferida/images/train/stage_2_78867.jpg
stage_2_7987,stage_2_7987.jpg,bbe73a89d6e16111e51689b26007d9d311d83a15dad72cd7ff9c6e23c27775de,train,1,name:stage_2_7987,ultralytics_curascan/datasets/dataset-deteccao-ferida/images/train/stage_2_7987.jpg
stage_2_80055,stage_2_80055.jpg,d3b3693a0a2e505f176c0532b72ab06f821456b5f00b2955eb10a2d41284c760,train,1,name:stage_2_80055,ultralytics_curascan/datasets/dataset-deteccao-ferida/images/train/stage_2_80055.jpg
stage_2_81453,stage_2_81453.jpg,65433b0efebde9927eb894500e599aea14b372cfa4b2d8a2e0676a6949e6d428,train,1,name:stage_2_81453,ultralytics_curascan/datasets/dataset-deteccao-ferida/images/train/stage_2_81453.jpg
stage_2_81639,stage_2_81639.jpg,c6f250e99c725deb998f8567059ca4ad6dfa3477a67213eb669d48027eb49826,train,1,name:stage_2_81639,ultralytics_curascan/datasets/dataset-deteccao-ferida/images/train/stage_2_81639.jpg
stage_2_82154,stage_2_82154.jpg,80b442fd7e2af24343b2cd6150ef61319592c8ce2ee9f03d55d23ce04b33a499,train,1,name:stage_2_82154,ultralytics_curascan/datasets/dataset-deteccao-ferida/images/train/stage_2_82154.jpg
stage_2_83220,stage_2_83220.jpg,5a4b039ab1834a3ae0b4db49de78f38f06016b96b0ba997e220579b7be174330,train,1,name:stage_2_83220,ultralytics_curascan/datasets/dataset-deteccao-ferida/images/train/stage_2_83220.jpg
stage_2_83517,stage_2_83517.jpg,0210f41a419805c40da3d68a324e65981023ece6f8cb21735c4804ebf1093993,train,1,name:stage_2_83517,ultralytics_curascan/datasets/dataset-deteccao-ferida/images/train/stage_2_83517.jpg
stage_2_83799,stage_2_83799.jpg,8eec9a659de2e944770dc4acbccaf2973896a88bf52c4e05f12b03559652b543,train,1,name:stage_2_83799,ultralytics_curascan/datasets/dataset-deteccao-ferida/images/train/stage_2_83799.jpg
stage_2_84571,stage_2_84571.jpg,43324b4ee33b0419919a98f136bd6c28ea3f90ba7ac8cac0d80f7621ef650e40,train,1,name:stage_2_84571,ultralytics_curascan/datasets/dataset-deteccao-ferida/images/train/stage_2_84571.jpg
stage_2_85081,stage_2_85081.jpg,51ff63ae0fb2656a6fef9fd42f2a40334bfcee66f40281009bc97793a2c26fc0,train,1,name:stage_2_85081,ultralytics_curascan/datasets/dataset-deteccao-ferida/images/train/stage_2_85081.jpg
stage_2_85334,stage_2_85334.jpg,42514eef2298e2b912499817af55ea4205d541801af726cd59fe06b339ecc696,train,1,name:stage_2_85334,ultralytics_curascan/datasets/dataset-deteccao-ferida/images/train/stage_2_85334.jpg
stage_2_8551,stage_2_8551.jpg,1a349ac07bc47e6de111f3ac29e7a09fecf54eaab160ab0d955bb8a14dba99ce,train,1,name:stage_2_8551,ultralytics_curascan/datasets/dataset-deteccao-ferida/images/train/stage_2_8551.jpg
stage_2_85709,stage_2_85709.jpg,ec0ed5b44c8e38f3c042a543f70ad130b247abf6276a02d9df46648f48fe6670,train,1,name:stage_2_85709,ultralytics_curascan/datasets/dataset-deteccao-ferida/images/train/stage_2_85709.jpg
stage_2_86148,stage_2_86148.jpg,42fc3e1592d3e18b37426cb43e8623df872ad17d261e528e079fed313b889c13,train,1,name:stage_2_86148,ultralytics_curascan/datasets/dataset-deteccao-ferida/images/train/stage_2_86148.jpg
stage_2_86272,stage_2_86272.jpg,f0f8149b7c6c32a23cedaaaf59ec6938c52953e47e8e70bef64cd3ed33229c1f,train,1,name:stage_2_86272,ultralytics_curascan/datasets/dataset-deteccao-ferida/images/train/stage_2_86272.jpg
stage_2_88035,stage_2_88035.jpg,6d3d4d513b1177e980548c0c05fd958556896bd7c95132d55a63d5138a468876,train,1,name:stage_2_88035,ultralytics_curascan/datasets/dataset-deteccao-ferida/images/train/stage_2_88035.jpg
stage_2_88088,stage_2_88088.jpg,beb9fe94db8b1141dd62b3fa79a39ad18f1716b1b42ee5d94491c4d68b2cee0d,train,1,name:stage_2_88088,ultralytics_curascan/datasets/dataset-deteccao-ferida/images/train/stage_2_88088.jpg
stage_2_89899,stage_2_89899.jpg,8583a150559d4e49c83402741f27a0336888849f25cb6e57d2a934ff8ae7d522,train,1,name:stage_2_89899,ultralytics_curascan/datasets/dataset-deteccao-ferida/images/train/stage_2_89899.jpg
stage_2_90110,stage_2_90110.jpg,264adbfd8c7b53b727304db4afd2e95612f92d690d1107134594e47f60861a13,train,1,name:stage_2_90110,ultralytics_curascan/datasets/dataset-deteccao-ferida/images/train/stage_2_90110.jpg
stage_2_91117,stage_2_91117.jpg,3d1676545228f0daeea02d279814cd2292544426792cacf6d2eda3bddf3f0838,train,1,name:stage_2_91117,ultralytics_curascan/datasets/dataset-deteccao-ferida/images/train/stage_2_91117.jpg
stage_2_91778,stage_2_91778.jpg,4b5eca4a55354f77a87da1e965adc387a82e8028c00a312b374b1f9c45065571,train,1,name:stage_2_91778,ultralytics_curascan/datasets/dataset-deteccao-ferida/images/train/stage_2_91778.jpg
stage_2_92784,stage_2_92784.jpg,a120b2496a840f9e5fdd38a2b1ae27e9e1b740afc5a544c8db0edcbe55cfec33,train,1,name:stage_2_92784,ultralytics_curascan/datasets/dataset-deteccao-ferida/images/train/stage_2_92784.jpg
stage_2_93089,stage_2_93089.jpg,a23ee872183a0269ef0d4574536573c8069f7d80c93eb169a83147b38a0f3eee,train,1,name:stage_2_93089,ultralytics_curascan/datasets/dataset-deteccao-ferida/images/train/stage_2_93089.jpg
stage_2_96789,stage_2_96789.jpg,58cebe7ffc6e7fb0588d625376d513b92641b10e22659afe186c39766ed09deb,train,1,name:stage_2_96789,ultralytics_curascan/datasets/dataset-deteccao-ferida/images/train/stage_2_96789.jpg
stage_2_97178,stage_2_97178.jpg,cb90b1d4c6b3b87fd215bee1b67c61178f024b253a9bbfb7a553fd769ca58ff1,train,1,name:stage_2_97178,ultralytics_curascan/datasets/dataset-deteccao-ferida/images/train/stage_2_97178.jpg
stage_2_97606,stage_2_97606.jpg,4dc84fbaaa0f8688d3a20c87789fe72037da7d8c7cee672d58095bf05c1915d0,train,1,name:stage_2_97606,ultralytics_curascan/datasets/dataset-deteccao-ferida/images/train/stage_2_97606.jpg
stage_2_97648,stage_2_97648.jpg,2e89e74f8030ab5538fc0bc9f5ffa28a1a8368ec6c7c31aa5a78b3318167ae22,train,1,name:stage_2_97648,ultralytics_curascan/datasets/dataset-deteccao-ferida/images/train/stage_2_97648.jpg
stage_2_98410,stage_2_98410.jpg,9d56fe0e2bd1992318b9ece4b5f81f9b84e4738675fa1c90c97ad3a8d95e8871,train,1,name:stage_2_98410,ultralytics_curascan/datasets/dataset-deteccao-ferida/images/train/stage_2_98410.jpg
stage_2_98636,stage_2_98636.jpg,2040299694ac3906d1d81e2df4c8475b33d8f1fb466f9b77b5e96778012bfe99,train,1,name:stage_2_98636,ultralytics_curascan/datasets/dataset-deteccao-ferida/images/train/stage_2_98636.jpg
stage_2_9868,stage_2_9868.jpg,0f41bb0c2bf63ab2692e871dcee152a4b4fe2ae4e875957fdf00f091be315925,train,1,name:stage_2_9868,ultralytics_curascan/datasets/dataset-deteccao-ferida/images/train/stage_2_9868.jpg
stage_2_99009,stage_2_99009.jpg,4153df30fd97b93d66cef4692cbe6d3a78eaa049e57363c783cedf6a9d719f15,train,1,name:stage_2_99009,ultralytics_curascan/datasets/dataset-deteccao-ferida/images/train/stage_2_99009.jpg
stage_3_10062,stage_3_10062.jpg,93ec4946c6f6db1b5138416019584b1444247b1139efa03e8109c66300f4a274,train,1,name:stage_3_10062,ultralytics_curascan/datasets/dataset-deteccao-ferida/images/train/stage_3_10062.jpg
stage_3_10102,stage_3_10102.jpg,1c98171d912c96ed5f0c122194f0955b87ba4d6968cb462d68d9b4d54832ed3c,train,1,name:stage_3_10102,ultralytics_curascan/datasets/dataset-deteccao-ferida/images/train/stage_3_10102.jpg
stage_3_10173,stage_3_10173.jpg,c3af33ab6e4aa0bd2c8515adfd3df487672ba4795876a2fa6423c003ed8b1970,train,1,name:stage_3_10173,ultralytics_curascan/datasets/dataset-deteccao-ferida/images/train/stage_3_10173.jpg
stage_3_11492,stage_3_11492.jpg,d6770dceae433775708280373f769a27d9a1a97c8d839c45b6cad55e61354313,train,1,name:stage_3_11492,ultralytics_curascan/datasets/dataset-deteccao-ferida/images/train/stage_3_11492.jpg
stage_3_11737,stage_3_11737.jpg,7ca86d8d7af00bb9607d7a834a559bc0a4ba6be4be0e98e1db448f9bc8c7b292,train,1,name:stage_3_11737,ultralytics_curascan/datasets/dataset-deteccao-ferida/images/train/stage_3_11737.jpg
stage_3_1192,stage_3_1192.jpg,04c1b754f6fe44356daeec1ea1b6da49a75bde445ff8cdcc05883a980fe98716,train,1,name:stage_3_1192,ultralytics_curascan/datasets/dataset-deteccao-ferida/images/train/stage_3_1192.jpg
stage_3_1221,stage_3_1221.jpg,1089aa733bf8c9661ddb8840b3a552f562ecd1d2e974b88f6febef0a6806d66b,train,1,name:stage_3_1221,ultralytics_curascan/datasets/dataset-deteccao-ferida/images/train/stage_3_1221.jpg
stage_3_13399,stage_3_13399.jpg,536ea144d6df9e77a65ebd995b1179b07eafca2678b828c0a59e9006d7ca0d42,train,1,name:stage_3_13399,ultralytics_curascan/datasets/dataset-deteccao-ferida/images/train/stage_3_13399.jpg
stage_3_13792,stage_3_13792.jpg,bcc83eae02ded8f0819076d891ec685f05e7a30bb6f770d0608ecd559d1e4405,train,1,name:stage_3_13792,ultralytics_curascan/datasets/dataset-deteccao-ferida/images/train/stage_3_13792.jpg
stage_3_1403,stage_3_1403.jpg,280fd1f1deec2c0373454be913c94699e917ca9af1dcb2a9550944e2c8bbf37e,train,1,name:stage_3_1403,ultralytics_curascan/datasets/dataset-deteccao-ferida/images/train/stage_3_1403.jpg
stage_3_14233,stage_3_14233.jpg,977a27342ff5d0845aca40f61d39f62bd9a143bd34163436494de4986f5f4047,train,1,name:stage_3_14233,ultralytics_curascan/datasets/dataset-deteccao-ferida/images/train/stage_3_14233.jpg
stage_3_14428,stage_3_14428.jpg,e535001ac1c281acb71f7ba62151e4bd0f858382a28009fba49f8632cd6ee157,train,1,name:stage_3_14428,ultralytics_curascan/datasets/dataset-deteccao-ferida/images/train/stage_3_14428.jpg
stage_3_14432,stage_3_14432.jpg,5e8907c87903a899b3586ccb175b36017fb6afab08566c0679854f7e4dd83657,train,1,name:stage_3_14432,ultralytics_curascan/datasets/dataset-deteccao-ferida/images/train/stage_3_14432.jpg
stage_3_14820,stage_3_14820.jpg,36ae60a3ac0c3a206a9775ba490f5ebd2c3ae7c66fed257e3b93074d4fac2f07,train,1,name:stage_3_14820,ultralytics_curascan/datasets/dataset-deteccao-ferida/images/train/stage_3_14820.jpg
stage_3_14993,stage_3_14993.jpg,cd1015375d828ad4ccc7413786fa39a619b04e64100941b1865be709861aba6c,train,1,name:stage_3_14993,ultralytics_curascan/datasets/dataset-deteccao-ferida/images/train/stage_3_14993.jpg
stage_3_15091,stage_3_15091.jpg,f77dae7925c1be830625c6e0f2f9617e0dad544c5f250ce9b41c68b805db7052,train,1,name:stage_3_15091,ultralytics_curascan/datasets/dataset-deteccao-ferida/images/train/stage_3_15091.jpg
stage_3_15144,stage_3_15144.jpg,614a170b0d4dbbb991a6abbed8b1afccfcf3fc0cb71a09d8eda20df5570cfd5e,train,1,name:stage_3_15144,ultralytics_curascan/datasets/dataset-deteccao-ferida/images/train/stage_3_15144.jpg
stage_3_1515,stage_3_1515.jpg,dd510daebb7b2781522072e99ac14a963e4b2447db6e376da77eb7cae72d62d7,train,1,name:stage_3_1515,ultralytics_curascan/datasets/dataset-deteccao-ferida/images/train/stage_3_1515.jpg
stage_3_17009,stage_3_17009.jpg,2b15b8f22f7da34dbf545056210319839d6dfc2dc1ba5b90f3a4afb73b7e5bc7,train,1,name:stage_3_17009,ultralytics_curascan/datasets/dataset-deteccao-ferida/images/train/stage_3_17009.jpg
stage_3_17064,stage_3_17064.jpg,1a40f975374c6504e5bf7f60aa57bc1368fa8740c142c4e166cbe70a1c7495ef,train,1,name:stage_3_17064,ultralytics_curascan/datasets/dataset-deteccao-ferida/images/train/stage_3_17064.jpg
stage_3_17201,stage_3_17201.jpg,d241de0ed6187a5240cb82e4086f7d9118f4f31f19fd1eeffa23c127d04a9781,train,1,name:stage_3_17201,ultralytics_curascan/datasets/dataset-deteccao-ferida/images/train/stage_3_17201.jpg
stage_3_1760,stage_3_1760.jpg,8b0e79c548c795cd06c8b12689e5e66db61a4ef975e889962a737e8a4f1b3090,train,1,name:stage_3_1760,ultralytics_curascan/datasets/dataset-deteccao-ferida/images/train/stage_3_1760.jpg
stage_3_18098,stage_3_18098.jpg,44be67075860333bdc3bf7478d3262dabc6220d186a85ea8750300c8a0df2755,train,1,name:stage_3_18098,ultralytics_curascan/datasets/dataset-deteccao-ferida/images/train/stage_3_18098.jpg
stage_3_1908,stage_3_1908.jpg,31c8cbcda45ada457c8d412eaaa94f6e5a5718701416dc657563b3ca98a9d615,train,1,name:stage_3_1908,ultralytics_curascan/datasets/dataset-deteccao-ferida/images/train/stage_3_1908.jpg
stage_3_19114,stage_3_19114.jpg,806e4b2c00d7ac79e21aba855c1aa6c9973460c40999331ab6469d95c9ce53b7,train,1,name:stage_3_19114,ultralytics_curascan/datasets/dataset-deteccao-ferida/images/train/stage_3_19114.jpg
stage_3_19325,stage_3_19325.jpg,a5e166b5d615b909121feaf5eb448830dd3beba587e65b1dc1a204d36e47d0d2,train,1,name:stage_3_19325,ultralytics_curascan/datasets/dataset-deteccao-ferida/images/train/stage_3_19325.jpg
stage_3_19471,stage_3_19471.jpg,8a1d3f7be6b1f65c1fd1369932cfb278ddb302815359017e0a146b36060f9875,train,1,name:stage_3_19471,ultralytics_curascan/datasets/dataset-deteccao-ferida/images/train/stage_3_19471.jpg
stage_3_19621,stage_3_19621.jpg,0680e368d807d31936e4850ffcbe6ab457d6b96e8f2272b57ceaf9e1b77ddc42,train,1,name:stage_3_19621,ultralytics_curascan/datasets/dataset-deteccao-ferida/images/train/stage_3_19621.jpg
stage_3_19639,stage_3_19639.jpg,1ba0a61296e6c24796cc7ebcfbf3898c27ca3ffbbf3c35b2021de17f6c86eb0f,train,1,name:stage_3_19639,ultralytics_curascan/datasets/dataset-deteccao-ferida/images/train/stage_3_19639.jpg
stage_3_20010,stage_3_20010.jpg,29951ea12a9f85455bf2bde3a364ac23eb54390169ac50753bb50b6186baf496,train,1,name:stage_3_20010,ultralytics_curascan/datasets/dataset-deteccao-ferida/images/train/stage_3_20010.jpg
stage_3_20106,stage_3_20106.jpg,bc44d0b487c7cdef6c40f1606409619cd12c822135dc6949ba7a38b787baa6c7,train,1,name:stage_3_20106,ultralytics_curascan/datasets/dataset-deteccao-ferida/images/train/stage_3_20106.jpg
stage_3_20237,stage_3_20237.jpg,a70552835ff1c8773e3a22fa62cbb1ee1fa9f34d5cae0fa63a4115539bf8f404,train,1,name:stage_3_20237,ultralytics_curascan/datasets/dataset-deteccao-ferida/images/train/stage_3_20237.jpg
stage_3_21239,stage_3_21239.jpg,4ff8751cadd9e6ea73bd527014bca4742a5ba47e2daf313f4fd999ac6e65849b,train,1,name:stage_3_21239,ultralytics_curascan/datasets/dataset-deteccao-ferida/images/train/stage_3_21239.jpg
stage_3_21459,stage_3_21459.jpg,38431b99b53afdad2ff1e803b1dea7afb51a3a498e9844486b39d57831dfdd3d,train,1,name:stage_3_21459,ultralytics_curascan/datasets/dataset-deteccao-ferida/images/train/stage_3_21459.jpg
stage_3_22359,stage_3_22359.jpg,85af7953c7aff980dc15c5a43077f2d1b5ba7eeba63392dd932d7e3c79e261b6,train,1,name:stage_3_22359,ultralytics_curascan/datasets/dataset-deteccao-ferida/images/train/stage_3_22359.jpg
stage_3_22910,stage_3_22910.jpg,f1e6c722c22d978d34fac6e98fef131d83416e9b3d984ec959032ee2689158f8,train,1,name:stage_3_22910,ultralytics_curascan/datasets/dataset-deteccao-ferida/images/train/stage_3_22910.jpg
stage_3_23376,stage_3_23376.jpg,b4c1479bb713d444c70d9b7a6bf0463c45d69fae1a703f8a22e95ce6e852ae18,train,1,name:stage_3_23376,ultralytics_curascan/datasets/dataset-deteccao-ferida/images/train/stage_3_23376.jpg
stage_3_26079,stage_3_26079.jpg,ec4bb53dce1ad1ee6a67d825b3f6c851fa2df28fddc7f1deef27a2d619f1deef,train,1,name:stage_3_26079,ultralytics_curascan/datasets/dataset-deteccao-ferida/images/train/stage_3_26079.jpg
stage_3_2652,stage_3_2652.jpg,abfbbbe5631b4f1abee79e3fccf35c5c8788192f77e7f288a0ec4092c34fd14a,train,1,name:stage_3_2652,ultralytics_curascan/datasets/dataset-deteccao-ferida/images/train/stage_3_2652.jpg
stage_3_26877,stage_3_26877.jpg,9662b0e601f40dda9503b0d38c335afe00f9819d0c2957827fb32d35b3dc4814,train,1,name:stage_3_26877,ultralytics_curascan/datasets/dataset-deteccao-ferida/images/train/stage_3_26877.jpg
stage_3_26912,stage_3_26912.jpg,4df0b3fa383ea2d2f08b5ce54195fa88e7fd17bb195bb148dae5c1a82501202e,train,1,name:stage_3_26912,ultralytics_curascan/datasets/dataset-deteccao-ferida/images/train/stage_3_26912.jpg
stage_3_2804,stage_3_2804.jpg,b203187d6b9df50fe400e0efd907afa41eaefc7f6ded87ec3ca21b9590a74a88,train,1,name:stage_3_2804,ultralytics_curascan/datasets/dataset-deteccao-ferida/images/train/stage_3_2804.jpg
stage_3_28196,stage_3_28196.jpg,f84f11661d5c26ae1056ccb726a9b782558712dd646301c66d74b2d66bd57bc0,train,1,name:stage_3_28196,ultralytics_curascan/datasets/dataset-deteccao-ferida/images/train/stage_3_28196.jpg
stage_3_28356,stage_3_28356.jpg,766483c34790d5129bb764d393dd528bc7aa1706313b52f53a8b695a412349ef,train,1,name:stage_3_28356,ultralytics_curascan/datasets/dataset-deteccao-ferida/images/train/stage_3_28356.jpg
stage_3_28504,stage_3_28504.jpg,d1929089a5e3273f0d6000b21a50b67d9d4c1c711b5ce6dcadcb2218e18c2a7e,train,1,name:stage_3_28504,ultralytics_curascan/datasets/dataset-deteccao-ferida/images/train/stage_3_28504.jpg
stage_3_28625,stage_3_28625.jpg,ca3607eb6d6afd6a3356dcee2d94baf7886426fa951f7fb15506a51f8d1e2594,train,1,name:stage_3_28625,ultralytics_curascan/datasets/dataset-deteccao-ferida/images/train/stage_3_28625.jpg
stage_3_28830,stage_3_28830.jpg,fc644715a94eff31318cbec4f9293b80f915ebaa4bda1455a972684e96d2053c,train,1,name:stage_3_28830,ultralytics_curascan/datasets/dataset-deteccao-ferida/images/train/stage_3_28830.jpg
stage_3_28981,stage_3_28981.jpg,6672219c96257ed296c819bc6a6a539dc5a65e39bee8423aaa70925d40e27b8c,train,1,name:stage_3_28981,ultralytics_curascan/datasets/dataset-deteccao-ferida/images/train/stage_3_28981.jpg
stage_3_2916,stage_3_2916.jpg,ac0ce782617e075944bfa0a2288ace497edf0a40b8ae7624d7cfbf198f2f67aa,train,1,name:stage_3_2916,ultralytics_curascan/datasets/dataset-deteccao-ferida/images/train/stage_3_2916.jpg
stage_3_29338,stage_3_29338.jpg,23e087077550d4f85818ae4db6fc80027ddf4d5c3a2e683777debfd986e81b65,train,1,name:stage_3_29338,ultralytics_curascan/datasets/dataset-deteccao-ferida/images/train/stage_3_29338.jpg
stage_3_29562,stage_3_29562.jpg,012227e8548955592a4d947fd9eb5859b5b34a4d332903e9f4c2cccd9034311b,train,1,name:stage_3_29562,ultralytics_curascan/datasets/dataset-deteccao-ferida/images/train/stage_3_29562.jpg
stage_3_29601,stage_3_29601.jpg,f883c0e9ed21a1ece8bbecb6720f365cc5f60fd4542c91ac6daadc0aea8efd78,train,1,name:stage_3_29601,ultralytics_curascan/datasets/dataset-deteccao-ferida/images/train/stage_3_29601.jpg
stage_3_29635,stage_3_29635.jpg,7f5407e73a5574e59ae05f028523f7fcfbe774d9e7b63d75e2579137b50c7e71,train,1,name:stage_3_29635,ultralytics_curascan/datasets/dataset-deteccao-ferida/images/train/stage_3_29635.jpg
stage_3_30597,stage_3_30597.jpg,ac492f8be2b5fdeb04be8f6339863e0c2e694d8dac4c6de85af7dbb0e4140b9b,train,1,name:stage_3_30597,ultralytics_curascan/datasets/dataset-deteccao-ferida/images/train/stage_3_30597.jpg
stage_3_31161,stage_3_31161.jpg,63ab92d26a72e1c390c8691e50adf0ed1424bcbd1f59e0901b21efc28e36cc71,train,1,name:stage_3_31161,ultralytics_curascan/datasets/dataset-deteccao-ferida/images/train/stage_3_31161.jpg
stage_3_31319,stage_3_31319.jpg,05af246911496ba025555d230a891f3b3f988726b9c9302ba7e3fd7bff581058,train,1,name:stage_3_31319,ultralytics_curascan/datasets/dataset-deteccao-ferida/images/train/stage_3_31319.jpg
stage_3_31816,stage_3_31816.jpg,5e5a2a074b37aca73259085ad4dcfb5a6e382808bdfc7e50e7ff97557c60666e,train,1,name:stage_3_31816,ultralytics_curascan/datasets/dataset-deteccao-ferida/images/train/stage_3_31816.jpg
stage_3_3202,stage_3_3202.jpg,3abe02210fc69236417667eb81b34d17e018f847661f6ad94ded791605f1c722,train,1,name:stage_3_3202,ultralytics_curascan/datasets/dataset-deteccao-ferida/images/train/stage_3_3202.jpg
stage_3_32301,stage_3_32301.jpg,db4d7ee68937d77b8d2ad34e1f06cba848e70011f4f7bf61c0383ac8e3418b19,train,1,name:stage_3_32301,ultralytics_curascan/datasets/dataset-deteccao-ferida/images/train/stage_3_32301.jpg
stage_3_32361,stage_3_32361.jpg,19b115738cec4d8deacfa9b2c5f30e54ed0c2ecb353488f12989568fd39a9e8f,train,1,name:stage_3_32361,ultralytics_curascan/datasets/dataset-deteccao-ferida/images/train/stage_3_32361.jpg
stage_3_32558,stage_3_32558.jpg,f1ee932c9d2e89a1ec68ac95f4afd35657afcf277e8c2aea6d4a2646ecf856fa,train,1,name:stage_3_32558,ultralytics_curascan/datasets/dataset-deteccao-ferida/images/train/stage_3_32558.jpg
stage_3_33116,stage_3_33116.jpg,df7eff72beeb893c66ae3eaf7a3015dd7c91241a0137a30c3bb11e620f382d56,train,1,name:stage_3_33116,ultralytics_curascan/datasets/dataset-deteccao-ferida/images/train/stage_3_33116.jpg
stage_3_33267,stage_3_33267.jpg,4e83184f2cc8734d4285d4d322c341b8b22eb00e3a09ac3d71af1aac63c4a5c7,train,1,name:stage_3_33267,ultralytics_curascan/datasets/dataset-deteccao-ferida/images/train/stage_3_33267.jpg
stage_3_33377,stage_3_33377.jpg,bbeaf5b8e5737e523333d5e7c83a1bb41ef4b4464b193064880667f3993be57d,train,1,name:stage_3_33377,ultralytics_curascan/datasets/dataset-deteccao-ferida/images/train/stage_3_33377.jpg
stage_3_33509,stage_3_33509.jpg,28636bd4fe7d80b5bf4b7a16fb6cf71824c598f1b80dff0929911b682c947590,train,1,name:stage_3_33509,ultralytics_curascan/datasets/dataset-deteccao-ferida/images/train/stage_3_33509.jpg
stage_3_34168,stage_3_34168.jpg,05869b86256873f874b11f5d9b699d2d41962c7661e23f999ed181ef9deb481a,train,1,name:stage_3_34168,ultralytics_curascan/datasets/dataset-deteccao-ferida/images/train/stage_3_34168.jpg
stage_3_34359,stage_3_34359.jpg,c84df2b4be1aee3377ff1a99dc61f017464da6b937e49036a4a77ade0d28e7de,train,1,name:stage_3_34359,ultralytics_curascan/datasets/dataset-deteccao-ferida/images/train/stage_3_34359.jpg
stage_3_34510,stage_3_34510.jpg,89e9d77e78b59a5067fb2baf623bfef0e287f48b83ef3c02977257c0ec7c23bb,train,1,name:stage_3_34510,ultralytics_curascan/datasets/dataset-deteccao-ferida/images/train/stage_3_34510.jpg
stage_3_34867,stage_3_34867.jpg,b1cbec7f42785001507764adab1aa8216ea947e7904817f2f986968107625f2f,train,1,name:stage_3_34867,ultralytics_curascan/datasets/dataset-deteccao-ferida/images/train/stage_3_34867.jpg
stage_3_35212,stage_3_35212.jpg,2571437a0df2edbb60fcdd5150308950fa10bae9f208379492b20d3610755542,train,1,name:stage_3_35212,ultralytics_curascan/datasets/dataset-deteccao-ferida/images/train/stage_3_35212.jpg
stage_3_35643,stage_3_35643.jpg,4d0e46e95c495dc9f3e752431ecc6d878d2432941b95a71becb9bd6713d0ec05,train,1,name:stage_3_35643,ultralytics_curascan/datasets/dataset-deteccao-ferida/images/train/stage_3_35643.jpg
stage_3_36110,stage_3_36110.jpg,4fbc88f695785acc9aa0c7cd3d68fef55a970208a3414d3615776ec487ee4f8e,train,1,name:stage_3_36110,ultralytics_curascan/datasets/dataset-deteccao-ferida/images/train/stage_3_36110.jpg
stage_3_36667,stage_3_36667.jpg,371240290cee4a7a451f39dcf3c0f4d2890e09410add73a7de049449318792de,train,1,name:stage_3_36667,ultralytics_curascan/datasets/dataset-deteccao-ferida/images/train/stage_3_36667.jpg
stage_3_36997,stage_3_36997.jpg,7d67288498d243b01613e22131b4c255fe537999062981b3dc297b866321a9b4,train,1,name:stage_3_36997,ultralytics_curascan/datasets/dataset-deteccao-ferida/images/train/stage_3_36997.jpg
stage_3_3705,stage_3_3705.jpg,416975f0c1e74164f2e2460afbd16243a4f0df79d08ee94ee2f57dcb8e95ac2c,train,1,name:stage_3_3705,ultralytics_curascan/datasets/dataset-deteccao-ferida/images/train/stage_3_3705.jpg
stage_3_38307,stage_3_38307.jpg,8535b97c89534a91ea55e689fbca6a2f53d205da16143aefa3d9a930f76bc7c6,train,1,name:stage_3_38307,ultralytics_curascan/datasets/dataset-deteccao-ferida/images/train/stage_3_38307.jpg
stage_3_3867,stage_3_3867.jpg,ec70a4c48a9849c5eff5d0f97744ef23736bffc851ffc809e32c7a22a2321cc0,train,1,name:stage_3_3867,ultralytics_curascan/datasets/dataset-deteccao-ferida/images/train/stage_3_3867.jpg
stage_3_38684,stage_3_38684.jpg,4ee25075694ba7721444a485de0ed0be55287e876be2e0661625a5a181f3e3d9,train,1,name:stage_3_38684,ultralytics_curascan/datasets/dataset-deteccao-ferida/images/train/stage_3_38684.jpg
stage_3_39590,stage_3_39590.jpg,d846e502c0b5d4c86c364dec8d598c63a8c6134cd048b00e678b669aa068eb93,train,1,name:stage_3_39590,ultralytics_curascan/datasets/dataset-deteccao-ferida/images/train/stage_3_39590.jpg
stage_3_40188,stage_3_40188.jpg,976f28a6edae398f053dc1d142f2a2eae2c6d2dcd31c649bbf35fe2e7e0d8161,train,1,name:stage_3_40188,ultralytics_curascan/datasets/dataset-deteccao-ferida/images/train/stage_3_40188.jpg
stage_3_40799,stage_3_40799.jpg,0d8d78d8b898f57cd8ae376d5f32beae20ca858927ba34a549a6ba8486ea6854,train,1,name:stage_3_40799,ultralytics_curascan/datasets/dataset-deteccao-ferida/images/train/stage_3_40799.jpg
stage_3_40848,stage_3_40848.jpg,cdae22b80e091cd5ef50fba35cd10313d70f6393d51a250d8c38edd5ea156ee7,train,1,name:stage_3_40848,ultralytics_curascan/datasets/dataset-deteccao-ferida/images/train/stage_3_40848.jpg
stage_3_4161,stage_3_4161.jpg,c1ed395df1b660cd77690dc24cfbe0c0f3194c521d1a13628a2b64046eb60578,train,1,name:stage_3_4161,ultralytics_curascan/datasets/dataset-deteccao-ferida/images/train/stage_3_4161.jpg
stage_3_41615,stage_3_41615.jpg,ceda24ae82985221c30fd708f3a1d22cff65d13319974acfc05507ad62f48c5d,train,1,name:stage_3_41615,ultralytics_curascan/datasets/dataset-deteccao-ferida/images/train/stage_3_41615.jpg
stage_3_4172,stage_3_4172.jpg,fd0b3e348a896aba8f1f42c9713c5edb5363259393794e3b4c10bc0f38ab43d6,train,1,name:stage_3_4172,ultralytics_curascan/datasets/dataset-deteccao-ferida/images/train/stage_3_4172.jpg
stage_3_41780,stage_3_41780.jpg,e39af94ac2119b7fe4f973913eafa4889ec6dbda463ff8ef73e5740eb984931c,train,1,name:stage_3_41780,ultralytics_curascan/datasets/dataset-deteccao-ferida/images/train/stage_3_41780.jpg
stage_3_4267,stage_3_4267.jpg,1e7cfdcb38b498a083224b802b0791611752b823e816b0c8edf776315d7cb7f3,train,1,name:stage_3_4267,ultralytics_curascan/datasets/dataset-deteccao-ferida/images/train/stage_3_4267.jpg
stage_3_43611,stage_3_43611.jpg,7c16af2d5237529ce3b4e33c8e456e1c9529059e4d6c8916f911f04b879f0b62,train,1,name:stage_3_43611,ultralytics_curascan/datasets/dataset-deteccao-ferida/images/train/stage_3_43611.jpg
stage_3_43954,stage_3_43954.jpg,bfcede0d37cee588c203874173b78a1533f47e5ced5aa8af1f17f9bc7b005b30,train,1,name:stage_3_43954,ultralytics_curascan/datasets/dataset-deteccao-ferida/images/train/stage_3_43954.jpg
stage_3_44200,stage_3_44200.jpg,7a374fb5625bcdb7f18493cc28d03372ae50e779850b96857d30b795d3b729ca,train,1,name:stage_3_44200,ultralytics_curascan/datasets/dataset-deteccao-ferida/images/train/stage_3_44200.jpg
stage_3_44531,stage_3_44531.jpg,819c1a2ecb0fa615e0de34b8b82a50600d758cd8c969e77f3d239c9bf1dcf4c8,train,1,name:stage_3_44531,ultralytics_curascan/datasets/dataset-deteccao-ferida/images/train/stage_3_44531.jpg
stage_3_44976,stage_3_44976.jpg,07d69712095b886f4da427e128698528479f219c31a7a1b6e3504ceff94fc037,train,1,name:stage_3_44976,ultralytics_curascan/datasets/dataset-deteccao-ferida/images/train/stage_3_44976.jpg
stage_3_45360,stage_3_45360.jpg,94f6392d4628db555f670cfc93bc299ca7f9d258a4a4912e97751b33273bf60f,train,1,name:stage_3_45360,ultralytics_curascan/datasets/dataset-deteccao-ferida/images/train/stage_3_45360.jpg
stage_3_4540,stage_3_4540.jpg,62b8773f7a54370c6a7b3c83d37d6d593645cd493015ee8252d583e322d1ecce,train,1,name:stage_3_4540,ultralytics_curascan/datasets/dataset-deteccao-ferida/images/train/stage_3_4540.jpg
stage_3_45504,stage_3_45504.jpg,e92e7e85f300b1f927711cc85d08bd43f39d776be6937c3099dfaa6690c2fab3,train,1,name:stage_3_45504,ultralytics_curascan/datasets/dataset-deteccao-ferida/images/train/stage_3_45504.jpg
stage_3_45580,stage_3_45580.jpg,0795d0b8721f85a6bed7c27d43ca71d016e360044bc2bd1198ead8d549dd035e,train,1,name:stage_3_45580,ultralytics_curascan/datasets/dataset-deteccao-ferida/images/train/stage_3_45580.jpg
stage_3_46773,stage_3_46773.jpg,b5e6947a824d6e40c373016c13f61fe7285b72ce7272f044134dd822423b3da3,train,1,name:stage_3_46773,ultralytics_curascan/datasets/dataset-deteccao-ferida/images/train/stage_3_46773.jpg
stage_3_46904,stage_3_46904.jpg,a23060db25e26a260468677a283563b66b51d12fa648b97c0cba16ee11466d75,train,1,name:stage_3_46904,ultralytics_curascan/datasets/dataset-deteccao-ferida/images/train/stage_3_46904.jpg
stage_3_49638,stage_3_49638.jpg,30ee694299456bd18a6431e80e9d03cf0f5d3014a6271200f3f1873ce8cb20a5,train,1,name:stage_3_49638,ultralytics_curascan/datasets/dataset-deteccao-ferida/images/train/stage_3_49638.jpg
stage_3_50149,stage_3_50149.jpg,1107f570d617edfb3e05c24cf448b891c94e24f8aeed41a0bb57d6e39401f879,train,1,name:stage_3_50149,ultralytics_curascan/datasets/dataset-deteccao-ferida/images/train/stage_3_50149.jpg
stage_3_5130,stage_3_5130.jpg,0acd5b2602b4746f36738b157a0d85bd169762a7084fb2aa68d10c106df0cf13,train,1,name:stage_3_5130,ultralytics_curascan/datasets/dataset-deteccao-ferida/images/train/stage_3_5130.jpg
stage_3_52057,stage_3_52057.jpg,634b4209142ecd993e50054e1b1987a91261a1d35a211cdf3ba0bd6da940d051,train,1,name:stage_3_52057,ultralytics_curascan/datasets/dataset-deteccao-ferida/images/train/stage_3_52057.jpg
stage_3_5213,stage_3_5213.jpg,20907d7077d26ebb9045219a1a13d1acc5ed36d49e6e8f8ca2a0808390a84a9c,train,1,name:stage_3_5213,ultralytics_curascan/datasets/dataset-deteccao-ferida/images/train/stage_3_5213.jpg
stage_3_52569,stage_3_52569.jpg,3d5170ae7450fc55d46a3459577e64741deb90edee0bfc67cf44126d392d95d2,train,1,name:stage_3_52569,ultralytics_curascan/datasets/dataset-deteccao-ferida/images/train/stage_3_52569.jpg
stage_3_53022,stage_3_53022.jpg,3e091e6d35c1be06727e44e90f0301976ab83518fdd6f875efac725eb92d683b,train,1,name:stage_3_53022,ultralytics_curascan/datasets/dataset-deteccao-ferida/images/train/stage_3_53022.jpg
stage_3_53788,stage_3_53788.jpg,f6564f7f75c52c78bb1a7752598ed783fe22ce7900b9952a63aff289152fa25f,train,1,name:stage_3_53788,ultralytics_curascan/datasets/dataset-deteccao-ferida/images/train/stage_3_53788.jpg
stage_3_54010,stage_3_54010.jpg,15554df411a20c13195c9e758b23a26c4833b907d04e384db70311e5d5ab95a3,train,1,name:stage_3_54010,ultralytics_curascan/datasets/dataset-deteccao-ferida/images/train/stage_3_54010.jpg
stage_3_54111,stage_3_54111.jpg,4d82518120e7f058bc4bd122de78c8a12bc65daddc8a021a35a2bb011231f34d,train,1,name:stage_3_54111,ultralytics_curascan/datasets/dataset-deteccao-ferida/images/train/stage_3_54111.jpg
stage_3_54662,stage_3_54662.jpg,9a198e2496fe2d74802db8e52756c1fd8e5990a9bfea57a7afc7b44d08cd0289,train,1,name:stage_3_54662,ultralytics_curascan/datasets/dataset-deteccao-ferida/images/train/stage_3_54662.jpg
stage_3_54901,stage_3_54901.jpg,e780131b1cc46dd592d98317be862b52e5c32c7033e304f03ceed14b9733ad10,train,1,name:stage_3_54901,ultralytics_curascan/datasets/dataset-deteccao-ferida/images/train/stage_3_54901.jpg
stage_3_55919,stage_3_55919.jpg,48ffb86f1812bcb8772fc7082b8e853fd1a8d7912fee524228de4e1ab4eac40f,train,1,name:stage_3_55919,ultralytics_curascan/datasets/dataset-deteccao-ferida/images/train/stage_3_55919.jpg
stage_3_57786,stage_3_57786.jpg,e36bf99bd705aae422de02f11cea9571775802b4221c1323f259ed3b41f2515d,train,1,name:stage_3_57786,ultralytics_curascan/datasets/dataset-deteccao-ferida/images/train/stage_3_57786.jpg
stage_3_58111,stage_3_58111.jpg,d556762f6a3d8040e0865845d14f716079f43a7bf1bbea0bc873db3bd7fb85b9,train,1,name:stage_3_58111,ultralytics_curascan/datasets/dataset-deteccao-ferida/images/train/stage_3_58111.jpg
stage_3_58880,stage_3_58880.jpg,7764513b7673f86dc2d5cdfb6657dbbffcb798ecceb2703c441aa812a85aedfd,train,1,name:stage_3_58880,ultralytics_curascan/datasets/dataset-deteccao-ferida/images/train/stage_3_58880.jpg
stage_3_59888,stage_3_59888.jpg,bee0bf48c805e756e5c581a342f2d624ffd4bbaf066bd40a61014a9ab27307c4,train,1,name:stage_3_59888,ultralytics_curascan/datasets/dataset-deteccao-ferida/images/train/stage_3_59888.jpg
stage_3_60768,stage_3_60768.jpg,c7bd01d0394c434abfb75accda65c1163af2702f3770c05cb0d6888b350e53de,train,1,name:stage_3_60768,ultralytics_curascan/datasets/dataset-deteccao-ferida/images/train/stage_3_60768.jpg
stage_3_61012,stage_3_61012.jpg,beeee240e597857b3e536f3298acd2bf1bea2c1e837e3ab8dc82c4b1b4eb581a,train,1,name:stage_3_61012,ultralytics_curascan/datasets/dataset-deteccao-ferida/images/train/stage_3_61012.jpg
stage_3_61351,stage_3_61351.jpg,0ccbb9ef593c1c5a502e1c08eace5bcd01c308193187cb41e06c4a8c4e4d5f03,train,1,name:stage_3_61351,ultralytics_curascan/datasets/dataset-deteccao-ferida/images/train/stage_3_61351.jpg
stage_3_61594,stage_3_61594.jpg,b9bbe26408664636e931b3f829fb8160dc4e7c9fbf720ec3388c42119c62fd72,train,1,name:stage_3_61594,ultralytics_curascan/datasets/dataset-deteccao-ferida/images/train/stage_3_61594.jpg
stage_3_64153,stage_3_64153.jpg,f1d0a199dbff7b786615e6434ddc6f2697f2c0d34f0bc41999ee243daaa52341,train,1,name:stage_3_64153,ultralytics_curascan/datasets/dataset-deteccao-ferida/images/train/stage_3_64153.jpg
stage_3_64651,stage_3_64651.jpg,aad993fc6645caaf58b44766f3c31cc3f75d05a52c1dea80e4204841ff80c0cd,train,1,name:stage_3_64651,ultralytics_curascan/datasets/dataset-deteccao-ferida/images/train/stage_3_64651.jpg
stage_3_65716,stage_3_65716.jpg,f873987a0a07b8ee4826bf7284de823ce863e229ddeb07f568ab7e44db08cae6,train,1,name:stage_3_65716,ultralytics_curascan/datasets/dataset-deteccao-ferida/images/train/stage_3_65716.jpg
stage_3_6593,stage_3_6593.jpg,5ab7f2ebac34d9339767e67c5164638df9b4b9d30535515a84211ca8544ed723,train,1,name:stage_3_6593,ultralytics_curascan/datasets/dataset-deteccao-ferida/images/train/stage_3_6593.jpg
stage_3_66056,stage_3_66056.jpg,eaec5f67f8fad99e90b619c411250db7bb3b61cbc4d0d19214836d5e44db4627,train,1,name:stage_3_66056,ultralytics_curascan/datasets/dataset-deteccao-ferida/images/train/stage_3_66056.jpg
stage_3_66180,stage_3_66180.jpg,a3e5dd16962e78dc51b879d03d1c1a6b05166775ff303ece83092d6b29e79e23,train,1,name:stage_3_66180,ultralytics_curascan/datasets/dataset-deteccao-ferida/images/train/stage_3_66180.jpg
stage_3_66754,stage_3_66754.jpg,6ea4c559bfc15cb51d2d5d7caddefd37971a648cbe7235967c18b758ffd4ae35,train,1,name:stage_3_66754,ultralytics_curascan/datasets/dataset-deteccao-ferida/images/train/stage_3_66754.jpg
stage_3_6790,stage_3_6790.jpg,a8614f2db223b6d1be8a8f78cad3fbda89475af1610a1f4d96c728ca2bc1b6ad,train,1,name:stage_3_6790,ultralytics_curascan/datasets/dataset-deteccao-ferida/images/train/stage_3_6790.jpg
stage_3_68347,stage_3_68347.jpg,58f0e365810a353234a0fcbe651186de263abedf91cdc0ca39e1487e019c8166,train,1,name:stage_3_68347,ultralytics_curascan/datasets/dataset-deteccao-ferida/images/train/stage_3_68347.jpg
stage_3_6836,stage_3_6836.jpg,f1a1acaeaf8b280caaca25c41c2183fa8b7e9bf9c1809166f705c8dc3adeaf77,train,1,name:stage_3_6836,ultralytics_curascan/datasets/dataset-deteccao-ferida/images/train/stage_3_6836.jpg
stage_3_69226,stage_3_69226.jpg,5d067d3b99d5b89614a624ff097eb73f12e7238d26b69ab8f8c61fd6ffb5528a,train,1,name:stage_3_69226,ultralytics_curascan/datasets/dataset-deteccao-ferida/images/train/stage_3_69226.jpg
stage_3_69636,stage_3_69636.jpg,cad90a9aed74a8654575397667d73faa68a94a7021a60554517f66069fd9cd35,train,1,name:stage_3_69636,ultralytics_curascan/datasets/dataset-deteccao-ferida/images/train/stage_3_69636.jpg
stage_3_69726,stage_3_69726.jpg,97315dac9d968e510ad8ec2b9f2578d16a199d2a07c2ee5fe5f881356f270cd8,train,1,name:stage_3_69726,ultralytics_curascan/datasets/dataset-deteccao-ferida/images/train/stage_3_69726.jpg
stage_3_69739,stage_3_69739.jpg,2b630fe7f7dd499ba7542decaf420dccf2a7e99fbdcb819ec8ef17c7601ab541,train,1,name:stage_3_69739,ultralytics_curascan/datasets/dataset-deteccao-ferida/images/train/stage_3_69739.jpg
stage_3_70154,stage_3_70154.jpg,cf7604ad703885316210e3c922bb8eb09f4dcd48369c8eead394558945d8a6a7,train,1,name:stage_3_70154,ultralytics_curascan/datasets/dataset-deteccao-ferida/images/train/stage_3_70154.jpg
stage_3_70227,stage_3_70227.jpg,aa2694c4170891490e535edd40216715bf04081005b106465aca58fd01891222,train,1,name:stage_3_70227,ultralytics_curascan/datasets/dataset-deteccao-ferida/images/train/stage_3_70227.jpg
stage_3_70970,stage_3_70970.jpg,76b8e89cc2d27d0db103cb8b705ec39baf3bbc3ffaeea849c3bd4c7c02c39375,train,1,name:stage_3_70970,ultralytics_curascan/datasets/dataset-deteccao-ferida/images/train/stage_3_70970.jpg
stage_3_71372,stage_3_71372.jpg,fbac1bb46af3733870af535144c94aabea5e88bcfa36fe312508cd3e8ebfdf03,train,1,name:stage_3_71372,ultralytics_curascan/datasets/dataset-deteccao-ferida/images/train/stage_3_71372.jpg
stage_3_71562,stage_3_71562.jpg,9616d99aa4786b30dd981c69132e018dc46c01d3771de296d4b644ccd2949cfc,train,1,name:stage_3_71562,ultralytics_curascan/datasets/dataset-deteccao-ferida/images/train/stage_3_71562.jpg
stage_3_71577,stage_3_71577.jpg,91bbf5a8116d5aaa00683caf6d8a29fc828f1b97502c1c945b49a5235d799f4b,train,1,name:stage_3_71577,ultralytics_curascan/datasets/dataset-deteccao-ferida/images/train/stage_3_71577.jpg
stage_3_71679,stage_3_71679.jpg,8e7be0d77ec805ce105cbde7f0cbdf56501e7dae0a93e9bce248f8d2988824c9,train,1,name:stage_3_71679,ultralytics_curascan/datasets/dataset-deteccao-ferida/images/train/stage_3_71679.jpg
stage_3_7213,stage_3_7213.jpg,eddb17fa5dd09f28cb97ef3cda23a80e6eaec465496a70ec792e48caf0b69eb4,train,1,name:stage_3_7213,ultralytics_curascan/datasets/dataset-deteccao-ferida/images/train/stage_3_7213.jpg
stage_3_73146,stage_3_73146.jpg,95d60a4d3395d7dd472722c14d7f67395e47ee49f32adfea7d5b8cba2b807e6d,train,1,name:stage_3_73146,ultralytics_curascan/datasets/dataset-deteccao-ferida/images/train/stage_3_73146.jpg
stage_3_73193,stage_3_73193.jpg,0c9dc05ee858f85b46ed88323d22648eeb8fe25ea16e862e53650a4d6386906d,train,1,name:stage_3_73193,ultralytics_curascan/datasets/dataset-deteccao-ferida/images/train/stage_3_73193.jpg
stage_3_73559,stage_3_73559.jpg,76530da65dac150c7eff6e519f112ba8efee60b26340fe19a22777ce1e5d73b3,train,1,name:stage_3_73559,ultralytics_curascan/datasets/dataset-deteccao-ferida/images/train/stage_3_73559.jpg
stage_3_73841,stage_3_73841.jpg,7b415c15afd99d127735ad203e7a83a1d2e6aa48f66e65580d0e34282339d3a0,train,1,name:stage_3_73841,ultralytics_curascan/datasets/dataset-deteccao-ferida/images/train/stage_3_73841.jpg
stage_3_74090,stage_3_74090.jpg,4c634d843c893246a7d516f0088628ddb2ee5c40959ad2ba7c571292420687e3,train,1,name:stage_3_74090,ultralytics_curascan/datasets/dataset-deteccao-ferida/images/train/stage_3_74090.jpg
stage_3_74183,stage_3_74183.jpg,9ee85c5a8fec981f33adccc06a4bd8f208309796f485181a74e24da945fc0796,train,1,name:stage_3_74183,ultralytics_curascan/datasets/dataset-deteccao-ferida/images/train/stage_3_74183.jpg
stage_3_75912,stage_3_75912.jpg,c4fb95d2697032ef94d07a4a9c6bb840ed75d7eea1ffa953273ef186f43be3dc,train,1,name:stage_3_75912,ultralytics_curascan/datasets/dataset-deteccao-ferida/images/train/stage_3_75912.jpg
stage_3_75976,stage_3_75976.jpg,f6e74e959afc580613516ec939367c3f5171e341c7dec0c52bc752c671f5b552,train,1,name:stage_3_75976,ultralytics_curascan/datasets/dataset-deteccao-ferida/images/train/stage_3_75976.jpg
stage_3_77264,stage_3_77264.jpg,b8e14af5ba9f304d587121fc9b443f5fe3165f1be0fe5ca15f1bd42dcb2bbdb2,train,1,name:stage_3_77264,ultralytics_curascan/datasets/dataset-deteccao-ferida/images/train/stage_3_77264.jpg
stage_3_78075,stage_3_78075.jpg,b2db3326f6b2d2e5209fb63c543f44da59878bab0c9c18803da3301214e735fc,train,1,name:stage_3_78075,ultralytics_curascan/datasets/dataset-deteccao-ferida/images/train/stage_3_78075.jpg
stage_3_7808,stage_3_7808.jpg,03de5dc9892932ca9668b3e787a599610bdf38915e0a843a3eda09afaef934a9,train,1,name:stage_3_7808,ultralytics_curascan/datasets/dataset-deteccao-ferida/images/train/stage_3_7808.jpg
stage_3_78468,stage_3_78468.jpg,5854dd37466347d221f6538b3c9f7c12b509fa7c4ddfbba258ff59abb29ba9ff,train,1,name:stage_3_78468,ultralytics_curascan/datasets/dataset-deteccao-ferida/images/train/stage_3_78468.jpg
stage_3_7865,stage_3_7865.jpg,49d2d11c8e41770c887b223c25d792b384f95aac1dff1dd2431582fb7f3e92c1,train,1,name:stage_3_7865,ultralytics_curascan/datasets/dataset-deteccao-ferida/images/train/stage_3_7865.jpg
stage_3_79198,stage_3_79198.jpg,831e4d42cf474be735dabbb7f86d65e2ca5ec07286198ed01edc2c38f4d53057,train,1,name:stage_3_79198,ultralytics_curascan/datasets/dataset-deteccao-ferida/images/train/stage_3_79198.jpg
stage_3_80922,stage_3_80922.jpg,a704d739670892c771e30c889c7e0c000b416350e3662bf495fcadbcc94a0f49,train,1,name:stage_3_80922,ultralytics_curascan/datasets/dataset-deteccao-ferida/images/train/stage_3_80922.jpg
stage_3_81352,stage_3_81352.jpg,9d06b877b4a9e4df122e24ad56f9406e696c5395c953d0b7440a93befcc42472,train,1,name:stage_3_81352,ultralytics_curascan/datasets/dataset-deteccao-ferida/images/train/stage_3_81352.jpg
stage_3_81686,stage_3_81686.jpg,563a79f0b17008a3bbcdd76e5e2a6001a5fa79524e18c0ad34b2f4a0108abb3a,train,1,name:stage_3_81686,ultralytics_curascan/datasets/dataset-deteccao-ferida/images/train/stage_3_81686.jpg
stage_3_81933,stage_3_81933.jpg,4a74cacfc1c7b1a13c93d8ecbabcac7442ea00131fdc5007f6f4487fdbe3b363,train,1,name:stage_3_81933,ultralytics_curascan/datasets/dataset-deteccao-ferida/images/train/stage_3_81933.jpg
stage_3_82676,stage_3_82676.jpg,655d6016bcaa3f6528db8d858526d01465f630ae0861fb9cab02e7dbe9d835c7,train,1,name:stage_3_82676,ultralytics_curascan/datasets/dataset-deteccao-ferida/images/train/stage_3_82676.jpg
stage_3_83233,stage_3_83233.jpg,df6bb9f966395056bd513d8c65603077a415841325e5fbd3ff25c9018736d279,train,1,name:stage_3_83233,ultralytics_curascan/datasets/dataset-deteccao-ferida/images/train/stage_3_83233.jpg
stage_3_83879,stage_3_83879.jpg,0f736cf6e681381c4ce4be00d29f26cd1771c5e632cff395c879d168d186c4f4,train,1,name:stage_3_83879,ultralytics_curascan/datasets/dataset-deteccao-ferida/images/train/stage_3_83879.jpg
stage_3_85164,stage_3_85164.jpg,e49344e8f3f1f98d0d97ef2c32853d8e4ed5972fad59fdf7232f4a484812e34f,train,1,name:stage_3_85164,ultralytics_curascan/datasets/dataset-deteccao-ferida/images/train/stage_3_85164.jpg
stage_3_85413,stage_3_85413.jpg,651538b0e35792c3aed518e7bc3dc7ebc9f0449cb0e581b26cb7fa020daf8850,train,1,name:stage_3_85413,ultralytics_curascan/datasets/dataset-deteccao-ferida/images/train/stage_3_85413.jpg
stage_3_85458,stage_3_85458.jpg,7860da25b24b6ecad3cb132417bc734caaaa36423a6cf46e1070681afee7af23,train,1,name:stage_3_85458,ultralytics_curascan/datasets/dataset-deteccao-ferida/images/train/stage_3_85458.jpg
stage_3_8603,stage_3_8603.jpg,8a1662f8fecd797902b03a092bf889511cbf08012981ff522cc26719722223ac,train,1,name:stage_3_8603,ultralytics_curascan/datasets/dataset-deteccao-ferida/images/train/stage_3_8603.jpg
stage_3_86703,stage_3_86703.jpg,3773320c6ab7bc8de1f7c84e8d54b2e72e94676b899730d7b4d06c8bc7c6dd72,train,1,name:stage_3_86703,ultralytics_curascan/datasets/dataset-deteccao-ferida/images/train/stage_3_86703.jpg
stage_3_87205,stage_3_87205.jpg,371882d0000b3cf83e7aaf39e89b54ee62dbe137f281c2fd30c46778f3969cbc,train,1,name:stage_3_87205,ultralytics_curascan/datasets/dataset-deteccao-ferida/images/train/stage_3_87205.jpg
stage_3_87637,stage_3_87637.jpg,ea1d5e124bc347ef6dec6dddf2666161c34f9a84e557754d9939be6c47a7f88d,train,1,name:stage_3_87637,ultralytics_curascan/datasets/dataset-deteccao-ferida/images/train/stage_3_87637.jpg
stage_3_87706,stage_3_87706.jpg,e22a8e74cbc8a03d1a12ec127122deaadbd3db478102071a67b8c128e98657e2,train,1,name:stage_3_87706,ultralytics_curascan/datasets/dataset-deteccao-ferida/images/train/stage_3_87706.jpg
stage_3_89244,stage_3_89244.jpg,65c8b075b32bae97e19bbbe88a68081e1c1ca40f835b2448cc2587f588934d2e,train,1,name:stage_3_89244,ultralytics_curascan/datasets/dataset-deteccao-ferida/images/train/stage_3_89244.jpg
stage_3_90105,stage_3_90105.jpg,5dbda64069ce4873ed227201395b764a3652b5a526bd569e896f14e83c901b3b,train,1,name:stage_3_90105,ultralytics_curascan/datasets/dataset-deteccao-ferida/images/train/stage_3_90105.jpg
stage_3_90185,stage_3_90185.jpg,f6f19234971fb3fd4b74210796281df0d1840436311d8bbdcd56b93aef57f30e,train,1,name:stage_3_90185,ultralytics_curascan/datasets/dataset-deteccao-ferida/images/train/stage_3_90185.jpg
stage_3_91489,stage_3_91489.jpg,7a777b4eb6aea83d7ebf684d9a0c3e588f2efa2b2f4950d32876f9d793a791f2,train,1,name:stage_3_91489,ultralytics_curascan/datasets/dataset-deteccao-ferida/images/train/stage_3_91489.jpg
101_0,101_0.jpg,c3fb2985bb5e7b125e43c448911b3206cf72e46d532fcfba5ec33782304f97db,val,1,clinical:101,ultralytics_curascan/datasets/dataset-deteccao-ferida/images/val/101_0.jpg
101_1,101_1.jpg,88122113d59613e1e5e6e60e8ec92e4711d4e04235af1e2a98bc313e2fdcff21,val,1,clinical:101,ultralytics_curascan/datasets/dataset-deteccao-ferida/images/val/101_1.jpg
104_0 (2),104_0 (2).jpg,f5f22a3265368e90b1ff848518310f318efe18dc470034cf9df7319e86afd089,val,1,clinical:104,ultralytics_curascan/datasets/dataset-deteccao-ferida/images/val/104_0 (2).jpg
105_0 (2),105_0 (2).jpg,a02218397464f92bcb30706b87fad04dbd7a99bfbebf8bca55de2637015f8377,val,1,clinical:105,ultralytics_curascan/datasets/dataset-deteccao-ferida/images/val/105_0 (2).jpg
108_0 (2),108_0 (2).jpg,9fb6cde74a434c7d28fa39129ef2691bf018dc52ad68474e66903637dcc68f71,val,1,clinical:108,ultralytics_curascan/datasets/dataset-deteccao-ferida/images/val/108_0 (2).jpg
110_2,110_2.jpg,9bbfb7e9c2a04ad263db25fff775bb5b0e727845da19531987f1f6d564ebdc67,val,1,clinical:110,ultralytics_curascan/datasets/dataset-deteccao-ferida/images/val/110_2.jpg
111_0 (2),111_0 (2).jpg,213a65195662eb055fc618b7f798d6f006e0684a6a0fffcc6dd29cfe0130cd63,val,1,clinical:111,ultralytics_curascan/datasets/dataset-deteccao-ferida/images/val/111_0 (2).jpg
113_0,113_0.jpg,e427170c94346f599b1f1bbef4f4d4e24f2a3557415ca324d18f58f63ece3d4a,val,1,clinical:113,ultralytics_curascan/datasets/dataset-deteccao-ferida/images/val/113_0.jpg
117_1,117_1.jpg,746fa4f6fefd400475f53313036776559270c9dc6061857f47df85687042ca08,val,1,clinical:117,ultralytics_curascan/datasets/dataset-deteccao-ferida/images/val/117_1.jpg
118_2,118_2.jpg,2aa9a95f64d2f3d56f14ac6fe315467d45fdd2ac8de82d74107d86c1c2ce0cb7,val,1,clinical:118,ultralytics_curascan/datasets/dataset-deteccao-ferida/images/val/118_2.jpg
118_3,118_3.jpg,688d1ca29d55e6d267af5c2c821f4c37a73da6932a62ffb6178aff139487fe36,val,1,clinical:118,ultralytics_curascan/datasets/dataset-deteccao-ferida/images/val/118_3.jpg
119_0 (2),119_0 (2).jpg,e87e4dcacf9c1a44bb596d27be842f2a2b66aabddf8cb6a63c0c8143c264050c,val,1,clinical:119,ultralytics_curascan/datasets/dataset-deteccao-ferida/images/val/119_0 (2).jpg
11_0 (3),11_0 (3).jpg,b7eb318a66c6b16d3345f64a57adade15f356b20895aea88190cfe0e0c68e30a,val,1,clinical:11,ultralytics_curascan/datasets/dataset-deteccao-ferida/images/val/11_0 (3).jpg
11_2,11_2.jpg,774c59e68d6efa3053ede13bf6ea6c65ba588a6dd925fa51d347c3fdb6001a47,val,1,clinical:11,ultralytics_curascan/datasets/dataset-deteccao-ferida/images/val/11_2.jpg
122_0 (2),122_0 (2).jpg,57373062945efb2c939b4cb6b31239fac23dc8f40e2de7e883c1f7fe4c900a27,val,1,clinical:122,ultralytics_curascan/datasets/dataset-deteccao-ferida/images/val/122_0 (2).jpg
122_0 (3),122_0 (3).jpg,f7aa0b24f939fcd15035cc45a97224346465bab16880d4bf9061c93259bb4d25,val,1,clinical:122,ultralytics_curascan/datasets/dataset-deteccao-ferida/images/val/122_0 (3).jpg
122_0,122_0.jpg,b2919330fdde83d4262e7a7609a1b3b0da78b026dec5855f17cd0a0da59afec0,val,1,clinical:122,ultralytics_curascan/datasets/dataset-deteccao-ferida/images/val/122_0.jpg
123_0 (2),123_0 (2).jpg,001153119554aecc0d3e3a421616208e7b301eaae2ca6def16bb75c78a2fa889,val,1,clinical:123,ultralytics_curascan/datasets/dataset-deteccao-ferida/images/val/123_0 (2).jpg
125_0 (2),125_0 (2).jpg,bfdededd94f2d50d585542359f5f5a8ea48a7aecbf783e6f5262c9bb40923c13,val,1,clinical:125,ultralytics_curascan/datasets/dataset-deteccao-ferida/images/val/125_0 (2).jpg
125_0 (3),125_0 (3).jpg,053b27730636f4d9a94ca1fb019debf8619a50d287fde7e102e200de8072ce28,val,1,clinical:125,ultralytics_curascan/datasets/dataset-deteccao-ferida/images/val/125_0 (3).jpg
126_0 (2),126_0 (2).jpg,973b634c664d177490bfee624e9de05ea6be1d198df9bef1d2acfeff2b96df03,val,1,clinical:126,ultralytics_curascan/datasets/dataset-deteccao-ferida/images/val/126_0 (2).jpg
128_0,128_0.jpg,44e1d2e65b1b9051a012a0b4fdcced73a3be43e6d3f5c7b4e1423d319b0dba3d,val,1,clinical:128,ultralytics_curascan/datasets/dataset-deteccao-ferida/images/val/128_0.jpg
131_1,131_1.jpg,8675721ea4b2dabb0d79c2855920539e95d38dd5c7d3df9825df3c6e77840e74,val,1,clinical:131,ultralytics_curascan/datasets/dataset-deteccao-ferida/images/val/131_1.jpg
132_0,132_0.jpg,9aa0170ab1dab455bc33d6ed73b7b296dfb2fb1b7db99b8210d97c2c6a9ffb7a,val,1,clinical:132,ultralytics_curascan/datasets/dataset-deteccao-ferida/images/val/132_0.jpg
134_1 (2),134_1 (2).jpg,50bd1bb46e43ff279ce87b34ce57795c2012d4044de931df52f6bbf34cc37324,val,2,clinical:134,ultralytics_curascan/datasets/dataset-deteccao-ferida/images/val/134_1 (2).jpg
136_0,136_0.jpg,d1e5091d01ffab8d273d2464e6a18e6266896b93f4e4e90c6159463d563a7265,val,1,clinical:136,ultralytics_curascan/datasets/dataset-deteccao-ferida/images/val/136_0.jpg
137_1,137_1.jpg,9aa6225066670e9a8987792eb1474a53c67f132ed5db948a643ad513967082bc,val,2,clinical:137,ultralytics_curascan/datasets/dataset-deteccao-ferida/images/val/137_1.jpg
13_0 (3),13_0 (3).jpg,8b06fcb7fb3889e76ed6ad8e2f7bb1ded7a96ee2f7b538cbd06c348fc03b7fd5,val,1,clinical:13,ultralytics_curascan/datasets/dataset-deteccao-ferida/images/val/13_0 (3).jpg
13_1 (2),13_1 (2).jpg,08d26625f073dae2d1919a81e4bace07a97ba85a7a8f380324e398b93196e77f,val,1,clinical:13,ultralytics_curascan/datasets/dataset-deteccao-ferida/images/val/13_1 (2).jpg
147_1,147_1.jpg,aa568f35e064ef994ccc8e11e51504591288e78fa101e58e0d279e3c9c8d466b,val,1,clinical:147,ultralytics_curascan/datasets/dataset-deteccao-ferida/images/val/147_1.jpg
14_0 (3),14_0 (3).jpg,bacec72d662f3e0d7e2505cecad0d5c56386c02b15047fd86f26d620b7fbc36d,val,1,clinical:14,ultralytics_curascan/datasets/dataset-deteccao-ferida/images/val/14_0 (3).jpg
14_0 (4),14_0 (4).jpg,74539d195a03d6853a7013c8f039c041398d4acabfa29c3fa5ed22516964a1ca,val,1,clinical:14,ultralytics_curascan/datasets/dataset-deteccao-ferida/images/val/14_0 (4).jpg
150_1,150_1.jpg,6dc543c2d73cfa94fa9e59195219cdb6ac49de47275675f378602cedea57b134,val,1,clinical:150,ultralytics_curascan/datasets/dataset-deteccao-ferida/images/val/150_1.jpg
153_0,153_0.jpg,455da4837ca33b6ff2287421675a0721134d1cc147915e094772a3cb0b6741bf,val,1,clinical:153,ultralytics_curascan/datasets/dataset-deteccao-ferida/images/val/153_0.jpg
153_1,153_1.jpg,bddad97d836d9f25707b9f43ab7ca956eaa956650d3fc2de312f68d0bb88cc12,val,1,clinical:153,ultralytics_curascan/datasets/dataset-deteccao-ferida/images/val/153_1.jpg
15_0 (2),15_0 (2).jpg,ab9423205ffd6b43e744082bc6071d526eea6704c1a5b1e702d5d21ccae8cfc0,val,1,clinical:15,ultralytics_curascan/datasets/dataset-deteccao-ferida/images/val/15_0 (2).jpg
15_0 (4),15_0 (4).jpg,8a6348fb9843ecd17416a4498b25f2e9ef7ec8f23d3320396bf74d0969948ab3,val,1,clinical:15,ultralytics_curascan/datasets/dataset-deteccao-ferida/images/val/15_0 (4).jpg
15_1,15_1.jpg,37c01e7f8f2295f2c0881ab69ba4b329c734bc3222a3a7de0711d9d6de47085c,val,1,clinical:15,ultralytics_curascan/datasets/dataset-deteccao-ferida/images/val/15_1.jpg
16_0,16_0.jpg,eea1671b2f1bb7b8056c31c4866c23586369ad5e1a72e505fae94b4ed13054e0,val,1,clinical:16,ultralytics_curascan/datasets/dataset-deteccao-ferida/images/val/16_0.jpg
18_0 (3),18_0 (3).jpg,17c5256d44e7c1096776a4062d87f0715cbc300d0f97956b7582ab072fccefa0,val,1,clinical:18,ultralytics_curascan/datasets/dataset-deteccao-ferida/images/val/18_0 (3).jpg
1_0 (2),1_0 (2).jpg,2a6868096bc31c3d190a9249fbada4330ea7623d16937b2a5b313797fd1893d8,val,1,clinical:1,ultralytics_curascan/datasets/dataset-deteccao-ferida/images/val/1_0 (2).jpg
23_0,23_0.jpg,a502ea633ed4c241c5640b496f578607e3a61fbc7f5727e4bebe4d125c69e917,val,1,clinical:23,ultralytics_curascan/datasets/dataset-deteccao-ferida/images/val/23_0.jpg
23_1 (3),23_1 (3).jpg,e820f9e0b7c54627cc12daa6c2d8f04c91e91b598d1fb120dc4b5b7d531f4b20,val,1,clinical:23,ultralytics_curascan/datasets/dataset-deteccao-ferida/images/val/23_1 (3).jpg
24_0 (3),24_0 (3).jpg,57666c4429b7bfdb12a6cc1b9106734eaff1e1ae098103ee81ebeb16fb6eb2e0,val,1,clinical:24,ultralytics_curascan/datasets/dataset-deteccao-ferida/images/val/24_0 (3).jpg
24_0 (4),24_0 (4).jpg,c8d42297da0617a529ae01a5ddcbf857645c58de0f175b3e625108b3f5570214,val,1,clinical:24,ultralytics_curascan/datasets/dataset-deteccao-ferida/images/val/24_0 (4).jpg
24_0,24_0.jpg,2a0689106458f79a0359d63118f6ec00e29b696fc4fda1add2046c0d554a64a9,val,1,clinical:24,ultralytics_curascan/datasets/dataset-deteccao-ferida/images/val/24_0.jpg
25_0 (3),25_0 (3).jpg,010ded56115a4035004b566c568884c85097f63b1b11b37d5d2595ad4e1b73a5,val,1,clinical:25,ultralytics_curascan/datasets/dataset-deteccao-ferida/images/val/25_0 (3).jpg
26_0 (3),26_0 (3).jpg,3a0a29d856ea37c72352d0f7a55161362d28e68e14899d08300f9f4847208410,val,1,clinical:26,ultralytics_curascan/datasets/dataset-deteccao-ferida/images/val/26_0 (3).jpg
2_0 (3),2_0 (3).jpg,726539ea4f9b7f993896c3e6dbc9209e57df4908bd0e9145a7bb982dba69976d,val,1,clinical:2,ultralytics_curascan/datasets/dataset-deteccao-ferida/images/val/2_0 (3).jpg
2_0,2_0.jpg,e6cf5924489c6cd894f66533c97514c8363691b01642759cdf2854b9b64126ae,val,1,clinical:2,ultralytics_curascan/datasets/dataset-deteccao-ferida/images/val/2_0.jpg
32_0 (2),32_0 (2).jpg,4096b17c9191e03ee140e43bde8e07a0a63a970b59abc5ffa84bbf9622917890,val,1,clinical:32,ultralytics_curascan/datasets/dataset-deteccao-ferida/images/val/32_0 (2).jpg
32_0,32_0.jpg,d03efeb080e949c02c7d551c8cd5d565e06dfa467817840cc614d53c33596a11,val,1,clinical:32,ultralytics_curascan/datasets/dataset-deteccao-ferida/images/val/32_0.jpg
33_0 (2),33_0 (2).jpg,b58771fbdbeaecb7889bd713866a198074c9796c6c5803634d58f177ed86f03f,val,1,clinical:33,ultralytics_curascan/datasets/dataset-deteccao-ferida/images/val/33_0 (2).jpg
35_0 (4),35_0 (4).jpg,674d55aa20e1b2f1ea68e0ce8a39563ca984bf69e4a026871c219df8174a73fb,val,1,clinical:35,ultralytics_curascan/datasets/dataset-deteccao-ferida/images/val/35_0 (4).jpg
37_0 (4),37_0 (4).jpg,0b729fd4e6a4489a696783406b411a30fcb5be59426e741dac735a911b9c1dd8,val,2,clinical:37,ultralytics_curascan/datasets/dataset-deteccao-ferida/images/val/37_0 (4).jpg
37_0,37_0.jpg,336aba106c2b031ce9b91c2bdf0deac5ba70f614941bf502a7e4b8a723fc68b8,val,1,clinical:37,ultralytics_curascan/datasets/dataset-deteccao-ferida/images/val/37_0.jpg
40_0 (3),40_0 (3).jpg,24a866b7ea9bfbddcea5f78f0aa6eed5bb8056a90f316c9e7e9b9e996922c599,val,1,clinical:40,ultralytics_curascan/datasets/dataset-deteccao-ferida/images/val/40_0 (3).jpg
40_4,40_4.jpg,71b11500678c464d49b7a457a5cab8507cc557a57f9d2c7e06b1d8182ad9be45,val,1,clinical:40,ultralytics_curascan/datasets/dataset-deteccao-ferida/images/val/40_4.jpg
41_1,41_1.jpg,1b8cab2b9cbf021e305fcffabdb225376e398b4ba665ee5c1d185a7d5922d853,val,1,clinical:41,ultralytics_curascan/datasets/dataset-deteccao-ferida/images/val/41_1.jpg
42_0 (3),42_0 (3).jpg,626f73d462ab509bdc68afd373f93b457bd5244ba820003008c9f75585eec4f2,val,1,clinical:42,ultralytics_curascan/datasets/dataset-deteccao-ferida/images/val/42_0 (3).jpg
43_0 (4),43_0 (4).jpg,8aadb7aa6802ecd5bdfa1f0a56675852ddb36233b90bf5601c9f4a3d32c9b259,val,1,clinical:43,ultralytics_curascan/datasets/dataset-deteccao-ferida/images/val/43_0 (4).jpg
44_0 (4),44_0 (4).jpg,aded31c346d9365adfe88c14651cc29dbbc1d2f6e5c209b7b41e0969857ef8ff,val,1,clinical:44,ultralytics_curascan/datasets/dataset-deteccao-ferida/images/val/44_0 (4).jpg
44_0,44_0.jpg,41374e12c80e096e33452a548b3aea6cbd491b6d50959d181e32fe8396e93777,val,1,clinical:44,ultralytics_curascan/datasets/dataset-deteccao-ferida/images/val/44_0.jpg
45_0 (3),45_0 (3).jpg,fed708b1f6846cb71ea369f2a9a6f2570c3c3d5d8f32376d9e6ce4189d495d1d,val,1,clinical:45,ultralytics_curascan/datasets/dataset-deteccao-ferida/images/val/45_0 (3).jpg
47_0 (4),47_0 (4).jpg,de47efe829b50a6cf82377ea447bde85ae13fefe34c2622050247405622436f0,val,1,clinical:47,ultralytics_curascan/datasets/dataset-deteccao-ferida/images/val/47_0 (4).jpg
48_2,48_2.jpg,ecc6131ad8bab6598a85fcd72a21a8d13dc8d60a9cbf6da45dbbecca3e051d12,val,1,clinical:48,ultralytics_curascan/datasets/dataset-deteccao-ferida/images/val/48_2.jpg
49_0,49_0.jpg,60b890b781cc7ba24be4fb45cc535de2bf40355ec5fee7133df8d0218ceb0284,val,1,clinical:49,ultralytics_curascan/datasets/dataset-deteccao-ferida/images/val/49_0.jpg
50_0 (2),50_0 (2).jpg,c6bd8801b7a108ecdd04572ac71044515b6213818554fce9ee7aeb4ffacabf5b,val,1,clinical:50,ultralytics_curascan/datasets/dataset-deteccao-ferida/images/val/50_0 (2).jpg
50_0,50_0.jpg,9aa377b638f195646e7b744e06c29e464708a7cce861ffacb9ceb77c08c6b573,val,1,clinical:50,ultralytics_curascan/datasets/dataset-deteccao-ferida/images/val/50_0.jpg
51_0 (2),51_0 (2).jpg,f8ab45e4b4aa702ea03ce36f0e594d9ca91bf70ad56e1ab042f6be15859e823b,val,1,clinical:51,ultralytics_curascan/datasets/dataset-deteccao-ferida/images/val/51_0 (2).jpg
51_0 (3),51_0 (3).jpg,2ab6e2f81171637fcee3f165f3a645570e27f1f455b0390c92950fe440c808a3,val,1,clinical:51,ultralytics_curascan/datasets/dataset-deteccao-ferida/images/val/51_0 (3).jpg
51_0 (4),51_0 (4).jpg,9bdda98c43b122642fe58924c33df44f06198674ceea6ade9c7c2c79b7566512,val,1,clinical:51,ultralytics_curascan/datasets/dataset-deteccao-ferida/images/val/51_0 (4).jpg
52_1,52_1.jpg,60603694c2fe131960b4bcd254e73372908a97c33017e4851b5dc2689c6c82fc,val,2,clinical:52,ultralytics_curascan/datasets/dataset-deteccao-ferida/images/val/52_1.jpg
54_0 (2),54_0 (2).jpg,8b620640d184b3cbf5a9db5ad3cd2aebc9e9651e90b3c8c9586ebaeab6e14780,val,1,clinical:54,ultralytics_curascan/datasets/dataset-deteccao-ferida/images/val/54_0 (2).jpg
54_0,54_0.jpg,97c03e479c22a8cdfc36accf48c30659315c9d38c8bc34f01635f62b622a9bcc,val,1,clinical:54,ultralytics_curascan/datasets/dataset-deteccao-ferida/images/val/54_0.jpg
59_0 (4),59_0 (4).jpg,d924e64af12d8a5e7a9f84d51398f7ed5e353592eafac1344a8d45947fb18180,val,1,clinical:59,ultralytics_curascan/datasets/dataset-deteccao-ferida/images/val/59_0 (4).jpg
59_0,59_0.jpg,dd47e7a76cf92697e0378faf256f5b9262397a2734ee51acf5cfbea75bb2bf01,val,0,clinical:59,ultralytics_curascan/datasets/dataset-deteccao-ferida/images/val/59_0.jpg
5_0 (2),5_0 (2).jpg,2e01f0dd2bf45a53035cff023fb9f4ff850a4356af9d0ab976740c0432bba07c,val,1,clinical:5,ultralytics_curascan/datasets/dataset-deteccao-ferida/images/val/5_0 (2).jpg
5_0 (3),5_0 (3).jpg,0a164978bc20cea461e93141a0c0efc81211b86487ce4e7210e9d8feabcb29c0,val,2,clinical:5,ultralytics_curascan/datasets/dataset-deteccao-ferida/images/val/5_0 (3).jpg
60_1,60_1.jpg,86598dc7369fd0628b42bd2555e8466ceee1cee92d9ffb8b08458ad9d5a0868a,val,2,clinical:60,ultralytics_curascan/datasets/dataset-deteccao-ferida/images/val/60_1.jpg
61_0 (2),61_0 (2).jpg,0318272222c0ad34eadf9b589afdd42984bc9982e1c6591b9d8bbaf2c14b4893,val,1,clinical:61,ultralytics_curascan/datasets/dataset-deteccao-ferida/images/val/61_0 (2).jpg
62_0 (2),62_0 (2).jpg,c4da50c4f781d568c6660e5f782d5e5b80a98358ad8aeedde6c2e9f12da3b3cb,val,1,clinical:62,ultralytics_curascan/datasets/dataset-deteccao-ferida/images/val/62_0 (2).jpg
63_0 (2),63_0 (2).jpg,9d8f6ce0e31b0372fda241850d197c6075a58aabdb76cdec6f64356f8c8a3976,val,1,clinical:63,ultralytics_curascan/datasets/dataset-deteccao-ferida/images/val/63_0 (2).jpg
63_0 (3),63_0 (3).jpg,156bae2b34e2a1e535b6fdf2e9e37d5ded00b92d7dcc3c407b1b90e491cc8e69,val,1,clinical:63,ultralytics_curascan/datasets/dataset-deteccao-ferida/images/val/63_0 (3).jpg
63_1,63_1.jpg,69ce3acbbaca81a2647dd3826b92923299487a561e5341d2c4febef2e7a09aa9,val,1,clinical:63,ultralytics_curascan/datasets/dataset-deteccao-ferida/images/val/63_1.jpg
67_1 (2),67_1 (2).jpg,52dd823f89533cee16f6c341103780ea0b5955755771cbdd0195b87791de3f78,val,1,clinical:67,ultralytics_curascan/datasets/dataset-deteccao-ferida/images/val/67_1 (2).jpg
68_0 (2),68_0 (2).jpg,0f5f92456ee837a51ac0c94f1ee6a09c8bb5ed87be8581f9bbf4d77cacdd2581,val,1,clinical:68,ultralytics_curascan/datasets/dataset-deteccao-ferida/images/val/68_0 (2).jpg
68_1 (2),68_1 (2).jpg,bc9ab09347b41ad644186b9b2195d343f5e60a119efd9df791d0ed3109b6587f,val,1,clinical:68,ultralytics_curascan/datasets/dataset-deteccao-ferida/images/val/68_1 (2).jpg
69_0 (3),69_0 (3).jpg,532994f9375faf5c4b3ce359d548f901b7a61cb2dd31b0eaa14e3461c97733c0,val,1,clinical:69,ultralytics_curascan/datasets/dataset-deteccao-ferida/images/val/69_0 (3).jpg
70_0 (3),70_0 (3).jpg,9943303cd4d49a5fefbad9128bd5360e7960b951c58457067d7915500164417d,val,1,clinical:70,ultralytics_curascan/datasets/dataset-deteccao-ferida/images/val/70_0 (3).jpg
72_0 (4),72_0 (4).jpg,eadcf64f142ec85c320c1bc3398e95f68077a6af682e8928cd3e8f51d297bf96,val,1,clinical:72,ultralytics_curascan/datasets/dataset-deteccao-ferida/images/val/72_0 (4).jpg
73_0 (3),73_0 (3).jpg,5b7cad12bbc80a460fe60a3498fb1abf769fa242abc7173f9fc695549855d8c8,val,1,clinical:73,ultralytics_curascan/datasets/dataset-deteccao-ferida/images/val/73_0 (3).jpg
73_0 (4),73_0 (4).jpg,07a29d3e8a906bd22ea23ba2482f74ab029ca3b0ce30ae5c7c6752dcaf059797,val,1,clinical:73,ultralytics_curascan/datasets/dataset-deteccao-ferida/images/val/73_0 (4).jpg
75_0 (2),75_0 (2).jpg,2d0130b9d0d3647cc4a8e8bdbac74789876544a515f19dd885fb8682005a1c25,val,1,clinical:75,ultralytics_curascan/datasets/dataset-deteccao-ferida/images/val/75_0 (2).jpg
75_2,75_2.jpg,0c0e203517faf003be4a108ff497313fadb594783dd2a6047bbe22db45f3fe91,val,2,clinical:75,ultralytics_curascan/datasets/dataset-deteccao-ferida/images/val/75_2.jpg
75_3,75_3.jpg,df6ac1c8cea297c88aafa13dda84583c1f3f94ac3f3b54fe009fabbf6769e6f7,val,2,clinical:75,ultralytics_curascan/datasets/dataset-deteccao-ferida/images/val/75_3.jpg
78_3,78_3.jpg,8a24f06ef7e4f9a2dfada75b4805ec91b413758c19d8b13562fbcbecb703ed76,val,3,clinical:78,ultralytics_curascan/datasets/dataset-deteccao-ferida/images/val/78_3.jpg
7_0 (2),7_0 (2).jpg,b37e97c7886bd2517b6f09c8815d11f543546208a9cb005188ac28f078f5da72,val,1,clinical:7,ultralytics_curascan/datasets/dataset-deteccao-ferida/images/val/7_0 (2).jpg
7_0 (3),7_0 (3).jpg,37ffde756ef87754aa4f7543f4027987b654de93f60f0b24364a92bafbb885cc,val,2,clinical:7,ultralytics_curascan/datasets/dataset-deteccao-ferida/images/val/7_0 (3).jpg
80_0 (2),80_0 (2).jpg,366ba8d380c7073c2fe8678d5228b650304a51220cccdc70deb5b8c08335fc6f,val,1,clinical:80,ultralytics_curascan/datasets/dataset-deteccao-ferida/images/val/80_0 (2).jpg
81_0 (4),81_0 (4).jpg,b98606deda131e18762381b339d9d967645b18b5aa8e225d34a88ff848bda9ac,val,1,clinical:81,ultralytics_curascan/datasets/dataset-deteccao-ferida/images/val/81_0 (4).jpg
82_0,82_0.jpg,1ea6fd464be8151c8d99e7ff7277299d352333458db5b6ec41fbf2ef4d112fb6,val,1,clinical:82,ultralytics_curascan/datasets/dataset-deteccao-ferida/images/val/82_0.jpg
83_0 (4),83_0 (4).jpg,c243ce7ce401a4af413aff6aaf796f0bb11e0dbbc0f6da89bee305ea8c1e3f3c,val,1,clinical:83,ultralytics_curascan/datasets/dataset-deteccao-ferida/images/val/83_0 (4).jpg
84_0,84_0.jpg,13c9ae9bdb5bbc02566c7e73137b0d8bf1591f5604631fd4e734f31aec7170e5,val,1,clinical:84,ultralytics_curascan/datasets/dataset-deteccao-ferida/images/val/84_0.jpg
85_0,85_0.jpg,d4b1c91745512bfd5a4d14a8238784d6939bead25b1bf266ae276dcec78f8261,val,1,clinical:85,ultralytics_curascan/datasets/dataset-deteccao-ferida/images/val/85_0.jpg
8_0 (4),8_0 (4).jpg,a228626ac72b5c6d79043097d84db3d5bb87d81564fde484283ab5555fbd83e2,val,1,clinical:8,ultralytics_curascan/datasets/dataset-deteccao-ferida/images/val/8_0 (4).jpg
90_0 (2),90_0 (2).jpg,d68aa8a4f8e071403b1d1907d04ed6658e6c3a1b0e90084687bcfb73eb123b74,val,1,clinical:90,ultralytics_curascan/datasets/dataset-deteccao-ferida/images/val/90_0 (2).jpg
91_0 (3),91_0 (3).jpg,b29b9ce6cdf6c671b59589d29c1763f98e9decb13b7a427d894c9c4f1cb1c52b,val,1,clinical:91,ultralytics_curascan/datasets/dataset-deteccao-ferida/images/val/91_0 (3).jpg
91_0,91_0.jpg,ec3959590309f353f9543db3b219e8969ef95940052f2c761340c83e98abd5dc,val,1,clinical:91,ultralytics_curascan/datasets/dataset-deteccao-ferida/images/val/91_0.jpg
92_0,92_0.jpg,35950683e05d22d8533e52e6823106f0f205d8063039853955e66c3e77d8dcc4,val,1,clinical:92,ultralytics_curascan/datasets/dataset-deteccao-ferida/images/val/92_0.jpg
94_0 (4),94_0 (4).jpg,0b83150a56162e277e76786d6adcca2630e3cd52cc8ab8f86abe8b7cdc21d4f8,val,1,clinical:94,ultralytics_curascan/datasets/dataset-deteccao-ferida/images/val/94_0 (4).jpg
96_0 (4),96_0 (4).jpg,094ff55e781ded06f2de7cf4176f0f6b9466e5a5f5c6fa44ad8607a921f3fefc,val,1,clinical:96,ultralytics_curascan/datasets/dataset-deteccao-ferida/images/val/96_0 (4).jpg
97_1,97_1.jpg,858c587718ff9008cadd1285b9ca4fb93e19e652b7b5b3adac6048b9209e0dc2,val,2,clinical:97,ultralytics_curascan/datasets/dataset-deteccao-ferida/images/val/97_1.jpg
99_0 (2),99_0 (2).jpg,9738f33445ca023182d2a899ad3cd52a89e00f08c0b71fa805c3b4f5c4b0c13d,val,1,clinical:99,ultralytics_curascan/datasets/dataset-deteccao-ferida/images/val/99_0 (2).jpg
99_0 (4),99_0 (4).jpg,7d9331639180e2f4fbdde5b883f664ee26b6b4a4bee5f3a6eb490896c013fc63,val,1,clinical:99,ultralytics_curascan/datasets/dataset-deteccao-ferida/images/val/99_0 (4).jpg
9_1,9_1.jpg,89b49fb0f0f9b41a7be780e87300b1db4930c91a4b8ac71501f0718043554157,val,1,clinical:9,ultralytics_curascan/datasets/dataset-deteccao-ferida/images/val/9_1.jpg
stage_1_13620,stage_1_13620.jpg,afa5b0ed0401a280ecc1e490301652d6889b667750925d5b7c5b3b20688aeb2d,val,1,name:stage_1_13620,ultralytics_curascan/datasets/dataset-deteccao-ferida/images/val/stage_1_13620.jpg
stage_1_14215,stage_1_14215.jpg,90e3a5cc0b7d54cf967eaeb4087222a5c1bb87f08c024802d9119cb272dccb0d,val,0,name:stage_1_14215,ultralytics_curascan/datasets/dataset-deteccao-ferida/images/val/stage_1_14215.jpg
stage_1_15820,stage_1_15820.jpg,ad110affa1248db05138e6f214900aaefcbe6bde2fd80b8ce28baeaada1560a3,val,1,name:stage_1_15820,ultralytics_curascan/datasets/dataset-deteccao-ferida/images/val/stage_1_15820.jpg
stage_1_21465,stage_1_21465.jpg,2575f013d4c61e31ae4035233f71d1e48c0a6c00fb585e27b76956709b7ec48a,val,1,name:stage_1_21465,ultralytics_curascan/datasets/dataset-deteccao-ferida/images/val/stage_1_21465.jpg
stage_1_25864,stage_1_25864.jpg,b95d8cb5f2140987670c2fc03fac9cfb8e49717ea38d43d687d528fc0dcfbcee,val,1,name:stage_1_25864,ultralytics_curascan/datasets/dataset-deteccao-ferida/images/val/stage_1_25864.jpg
stage_1_32029,stage_1_32029.jpg,2046cab8e036b2c4739ce74e3cec90adbbccc312ef520682b61b1765bfd621ef,val,1,name:stage_1_32029,ultralytics_curascan/datasets/dataset-deteccao-ferida/images/val/stage_1_32029.jpg
stage_1_34306,stage_1_34306.jpg,318a748b29269c920daa126241af372a3831977b5e936289442479a0fce3dcf5,val,1,name:stage_1_34306,ultralytics_curascan/datasets/dataset-deteccao-ferida/images/val/stage_1_34306.jpg
stage_1_37467,stage_1_37467.jpg,7fc6bfa1631a141934b243b3a2f658003c4133adb601170cc3702ea691773261,val,1,name:stage_1_37467,ultralytics_curascan/datasets/dataset-deteccao-ferida/images/val/stage_1_37467.jpg
stage_1_41863,stage_1_41863.jpg,4f458bb43d7803aed3e7a5d180b161465e0642f8206c6949033342b90d687bb5,val,1,name:stage_1_41863,ultralytics_curascan/datasets/dataset-deteccao-ferida/images/val/stage_1_41863.jpg
stage_1_43721,stage_1_43721.jpg,cb2c08910551262c2ba667ce16e2c71a9763c6a9b55a6849b0429237f87b9fff,val,1,name:stage_1_43721,ultralytics_curascan/datasets/dataset-deteccao-ferida/images/val/stage_1_43721.jpg
stage_1_45932,stage_1_45932.jpg,c39788e5065bd0ca58ffca0c9d3c6acfd8d49e59cc97dd970162d76a07211eeb,val,0,name:stage_1_45932,ultralytics_curascan/datasets/dataset-deteccao-ferida/images/val/stage_1_45932.jpg
stage_1_46738,stage_1_46738.jpg,2a6fb99b0920238f0712baf05d22e8e73162ebba63d83ed95bc9bd9a034139f1,val,0,name:stage_1_46738,ultralytics_curascan/datasets/dataset-deteccao-ferida/images/val/stage_1_46738.jpg
stage_1_49395,stage_1_49395.jpg,a83c9cfbf464b38eb7771afa44a6ec891541962d13724c9b5fe1a2595ba774cf,val,1,name:stage_1_49395,ultralytics_curascan/datasets/dataset-deteccao-ferida/images/val/stage_1_49395.jpg
stage_1_4942,stage_1_4942.jpg,fec44be92bb352922168c1a97c599c5eb22e10bcf926ba3bbe6d9cc1f3db9576,val,1,name:stage_1_4942,ultralytics_curascan/datasets/dataset-deteccao-ferida/images/val/stage_1_4942.jpg
stage_1_52592,stage_1_52592.jpg,19d68371380c97b2e48ecfa4d612597784c3f404f8950440aa654b16376be6fe,val,1,name:stage_1_52592,ultralytics_curascan/datasets/dataset-deteccao-ferida/images/val/stage_1_52592.jpg
stage_1_52843,stage_1_52843.jpg,5fa70902a0d998073376f95c8afbb5aaf00f2e4b83a085c8ecde0e445357edca,val,1,name:stage_1_52843,ultralytics_curascan/datasets/dataset-deteccao-ferida/images/val/stage_1_52843.jpg
stage_1_53188,stage_1_53188.jpg,d4c9a3e3c3b66dff82a9aa4fa85343787306ce82829d0c6c93aa18eb61d28f99,val,1,name:stage_1_53188,ultralytics_curascan/datasets/dataset-deteccao-ferida/images/val/stage_1_53188.jpg
stage_1_57315,stage_1_57315.jpg,b221b556fb6e06e27cd37fc79d9f3d2e7b6fb1aa802ba12584aee41645a7b747,val,1,name:stage_1_57315,ultralytics_curascan/datasets/dataset-deteccao-ferida/images/val/stage_1_57315.jpg
stage_1_59706,stage_1_59706.jpg,e5dc9549b5568abb9b6ea5bd80905dfe0760cefd6b0f3631910aeb7a797d00fd,val,1,name:stage_1_59706,ultralytics_curascan/datasets/dataset-deteccao-ferida/images/val/stage_1_59706.jpg
stage_1_64902,stage_1_64902.jpg,b17bff2d44bb0a7993eafb9ea430904a3d03104f04c1b0b8d3f17df054acb287,val,1,name:stage_1_64902,ultralytics_curascan/datasets/dataset-deteccao-ferida/images/val/stage_1_64902.jpg
stage_1_66363,stage_1_66363.jpg,13d4acf755a6187c81103c6debcfb67a092f7dde7541d7919c034048449b81a6,val,1,name:stage_1_66363,ultralytics_curascan/datasets/dataset-deteccao-ferida/images/val/stage_1_66363.jpg
stage_1_66861,stage_1_66861.jpg,0777b0c5fb77bd95ceec526184b9acff174ed7cf2b538c41a78316cf3020d8cc,val,1,name:stage_1_66861,ultralytics_curascan/datasets/dataset-deteccao-ferida/images/val/stage_1_66861.jpg
stage_1_7130,stage_1_7130.jpg,72aa5fe0bba586ed8900103458e6f6fc95270e6d2fd847bc978775e496c7a904,val,1,name:stage_1_7130,ultralytics_curascan/datasets/dataset-deteccao-ferida/images/val/stage_1_7130.jpg
stage_1_73024,stage_1_73024.jpg,4f38bf61d02132cedc4512aee7a4ac3a293fa0d82ec2e3b018ee695295767766,val,1,name:stage_1_73024,ultralytics_curascan/datasets/dataset-deteccao-ferida/images/val/stage_1_73024.jpg
stage_1_78682,stage_1_78682.jpg,08ac5b90d2a72fd510c8250dbcf23b2374f8503327939c36db5bb19cd543ad70,val,0,name:stage_1_78682,ultralytics_curascan/datasets/dataset-deteccao-ferida/images/val/stage_1_78682.jpg
stage_1_81315,stage_1_81315.jpg,e106544860910da85ecb265e2e6d638bee16b310af3f899d08c2068b2e7321b3,val,0,name:stage_1_81315,ultralytics_curascan/datasets/dataset-deteccao-ferida/images/val/stage_1_81315.jpg
stage_1_88669,stage_1_88669.jpg,727df232870edc8d1eeee1a9c607414404e9698bad04db9dc393ce92d6bed60b,val,1,name:stage_1_88669,ultralytics_curascan/datasets/dataset-deteccao-ferida/images/val/stage_1_88669.jpg
stage_1_94637,stage_1_94637.jpg,170fdd31ef286702d18d54e5b47afdd55e2b52a9995458fdae54e5e93fcc2dbb,val,1,name:stage_1_94637,ultralytics_curascan/datasets/dataset-deteccao-ferida/images/val/stage_1_94637.jpg
stage_1_9606,stage_1_9606.jpg,ed9eea44f2a9e26720d107d86216fd4eae90bca569d3e678128e81bb4f8e6365,val,0,name:stage_1_9606,ultralytics_curascan/datasets/dataset-deteccao-ferida/images/val/stage_1_9606.jpg
stage_1_96674,stage_1_96674.jpg,788f2c8e489175122853f8a3dcd00820593f895e6087e55be8156428536973c1,val,1,name:stage_1_96674,ultralytics_curascan/datasets/dataset-deteccao-ferida/images/val/stage_1_96674.jpg
stage_1_98533,stage_1_98533.jpg,35f4f11f9cd081468b91ac6f106368c998e1044e9dcb006b1943b5e70b1b77ec,val,1,name:stage_1_98533,ultralytics_curascan/datasets/dataset-deteccao-ferida/images/val/stage_1_98533.jpg
stage_2_10119,stage_2_10119.jpg,890d74431bbbcc428607e70f6eb273d7ebea1f2b6bed17f7367df090554478cd,val,0,name:stage_2_10119,ultralytics_curascan/datasets/dataset-deteccao-ferida/images/val/stage_2_10119.jpg
stage_2_11956,stage_2_11956.jpg,28645495e9f58940e6336a8af0303f4fb0f73f5f42552826359d326f4ec3dcd1,val,1,name:stage_2_11956,ultralytics_curascan/datasets/dataset-deteccao-ferida/images/val/stage_2_11956.jpg
stage_2_12646,stage_2_12646.jpg,d3e01f6989334c8e966a8ef0e539acf0c7cc3985b5974618b0cd6bf9a0785cde,val,1,name:stage_2_12646,ultralytics_curascan/datasets/dataset-deteccao-ferida/images/val/stage_2_12646.jpg
stage_2_13253,stage_2_13253.jpg,6ff18b4f268b35a6b54a275bfa606da9ba14933b38ebfb682b99ad7c119951b2,val,1,name:stage_2_13253,ultralytics_curascan/datasets/dataset-deteccao-ferida/images/val/stage_2_13253.jpg
stage_2_15421,stage_2_15421.jpg,f381aa0b904841c8370a2096bc7753bbf5fb85acd2a54605f78508265d3c9fa9,val,1,name:stage_2_15421,ultralytics_curascan/datasets/dataset-deteccao-ferida/images/val/stage_2_15421.jpg
stage_2_19241,stage_2_19241.jpg,799ecf864953f788e0cf49881009c85e3c2ae182df519cb9917cc3ef0d030de6,val,1,name:stage_2_19241,ultralytics_curascan/datasets/dataset-deteccao-ferida/images/val/stage_2_19241.jpg
stage_2_20465,stage_2_20465.jpg,9326e1b6549b82b763066eeab5162fcf99019fd5df139fd81d5d2e91242774e7,val,1,name:stage_2_20465,ultralytics_curascan/datasets/dataset-deteccao-ferida/images/val/stage_2_20465.jpg
stage_2_20581,stage_2_20581.jpg,ca3432904653812a95e621b0ede38618b411d5c8e75e39a54d051c199da27f60,val,1,name:stage_2_20581,ultralytics_curascan/datasets/dataset-deteccao-ferida/images/val/stage_2_20581.jpg
stage_2_28660,stage_2_28660.jpg,4b13c76aa07d9700e497810007ce098b8ca3d7fd69f995d7a6627136e094ab19,val,1,name:stage_2_28660,ultralytics_curascan/datasets/dataset-deteccao-ferida/images/val/stage_2_28660.jpg
stage_2_31044,stage_2_31044.jpg,4023a5acd7ee458d048e2140855e60c913f362384bfd3fcdacd46ea2a1abbb30,val,1,name:stage_2_31044,ultralytics_curascan/datasets/dataset-deteccao-ferida/images/val/stage_2_31044.jpg
stage_2_31300,stage_2_31300.jpg,405bf83ea344f4352e95d4389c5ae7e3bf2795834f8386b516fa9820dfa09b50,val,1,name:stage_2_31300,ultralytics_curascan/datasets/dataset-deteccao-ferida/images/val/stage_2_31300.jpg
stage_2_32526,stage_2_32526.jpg,065f4fde15762efb3a03b0d966a9622018968f904eb5a597754a435336534f97,val,2,name:stage_2_32526,ultralytics_curascan/datasets/dataset-deteccao-ferida/images/val/stage_2_32526.jpg
stage_2_36189,stage_2_36189.jpg,e7d08e55998e7b55cc43f8822b5af029fd5b38e84354ae9dad5e06a197cdcaaf,val,1,name:stage_2_36189,ultralytics_curascan/datasets/dataset-deteccao-ferida/images/val/stage_2_36189.jpg
stage_2_42066,stage_2_42066.jpg,000f58b2061e88afc4fd060b2cf2ee6524e69e4b50a240d1b6a4ab71414738a8,val,0,name:stage_2_42066,ultralytics_curascan/datasets/dataset-deteccao-ferida/images/val/stage_2_42066.jpg
stage_2_4946,stage_2_4946.jpg,b06e8fd7ec7c00c9912bdf920bc1eef083b5bc35fdc822c0b869bd7f8a15cdff,val,1,name:stage_2_4946,ultralytics_curascan/datasets/dataset-deteccao-ferida/images/val/stage_2_4946.jpg
stage_2_53022,stage_2_53022.jpg,bb07bc27845096e5a366b832c9c480d3a0c44d9492d13a88a0ee1a1ad384381c,val,1,name:stage_2_53022,ultralytics_curascan/datasets/dataset-deteccao-ferida/images/val/stage_2_53022.jpg
stage_2_54450,stage_2_54450.jpg,5318a861ad1bbfb5bb935d9055ce0f0b6bf11ea3e1579431303c2e6a7a90ed30,val,1,name:stage_2_54450,ultralytics_curascan/datasets/dataset-deteccao-ferida/images/val/stage_2_54450.jpg
stage_2_54923,stage_2_54923.jpg,edc496164472041dc80e17ef65da03e992f1fb6aed98970e1b25ec724681b698,val,1,name:stage_2_54923,ultralytics_curascan/datasets/dataset-deteccao-ferida/images/val/stage_2_54923.jpg
stage_2_55150,stage_2_55150.jpg,91516ec4e44d198dcce8c8cd57e3ad8892fb518f6d8be88a9639d58f19d9787d,val,1,name:stage_2_55150,ultralytics_curascan/datasets/dataset-deteccao-ferida/images/val/stage_2_55150.jpg
stage_2_56458,stage_2_56458.jpg,6ab65a121bc42d4fd055a9ebe8423564d9eee4b155a3f70f0b414f9cf73d2bcd,val,1,name:stage_2_56458,ultralytics_curascan/datasets/dataset-deteccao-ferida/images/val/stage_2_56458.jpg
stage_2_57909,stage_2_57909.jpg,39e546d1d699ffae3fa60beb72212757bcb8008e030832a97281db7f0b325643,val,1,name:stage_2_57909,ultralytics_curascan/datasets/dataset-deteccao-ferida/images/val/stage_2_57909.jpg
stage_2_59382,stage_2_59382.jpg,1dcc19f15c30dcbff48ae388d0767666ff66f7ce4f65e5f55a474474e87df550,val,1,name:stage_2_59382,ultralytics_curascan/datasets/dataset-deteccao-ferida/images/val/stage_2_59382.jpg
stage_2_60339,stage_2_60339.jpg,6594e0b807f6f0680f12316c3df5dfec80f0371308a5408cc8dec447278579a8,val,1,name:stage_2_60339,ultralytics_curascan/datasets/dataset-deteccao-ferida/images/val/stage_2_60339.jpg
stage_2_62700,stage_2_62700.jpg,732855fe613d1dd020cfbe65208ed0fc29d3a8951323663aa99c05bd58ad9bb3,val,1,name:stage_2_62700,ultralytics_curascan/datasets/dataset-deteccao-ferida/images/val/stage_2_62700.jpg
stage_2_63592,stage_2_63592.jpg,c04a8007ca5733fcb0f273742e783123709804d041ee65a03f00ff5a677533d7,val,1,name:stage_2_63592,ultralytics_curascan/datasets/dataset-deteccao-ferida/images/val/stage_2_63592.jpg
stage_2_64787,stage_2_64787.jpg,e3aeb9c5a39a12977e898fb563fea851028b6e7eef6207a68d109c5c1ea38962,val,1,name:stage_2_64787,ultralytics_curascan/datasets/dataset-deteccao-ferida/images/val/stage_2_64787.jpg
stage_2_67639,stage_2_67639.jpg,83b9a9bdbe34f97bd9ab83fcb71f650f41a0646fcdeb316ec740f82ce289ea9b,val,1,name:stage_2_67639,ultralytics_curascan/datasets/dataset-deteccao-ferida/images/val/stage_2_67639.jpg
stage_2_67942,stage_2_67942.jpg,de4be18d09958fb790adacd0a93f552c5f8a3d28df8c7238ff5f79960b4adeb5,val,1,name:stage_2_67942,ultralytics_curascan/datasets/dataset-deteccao-ferida/images/val/stage_2_67942.jpg
stage_2_69202,stage_2_69202.jpg,307d676d9095fe939f028236e68a787b21f5b66c85eddf66278fa29d8f32f4ef,val,1,name:stage_2_69202,ultralytics_curascan/datasets/dataset-deteccao-ferida/images/val/stage_2_69202.jpg
stage_2_70870,stage_2_70870.jpg,ee7dcad31b6386f54ea547f6aba56cdc0b80e8000f64737f6f671c3d47235522,val,1,name:stage_2_70870,ultralytics_curascan/datasets/dataset-deteccao-ferida/images/val/stage_2_70870.jpg
stage_2_71038,stage_2_71038.jpg,e8cbc68131b5ea4b8c77d38589889637fe3774a1e34838c6ced7b269b88fadbe,val,1,name:stage_2_71038,ultralytics_curascan/datasets/dataset-deteccao-ferida/images/val/stage_2_71038.jpg
stage_2_72015,stage_2_72015.jpg,cf2427720317f29562618ac89de3d7c8b0580716148055d879da06f6edd2141e,val,1,name:stage_2_72015,ultralytics_curascan/datasets/dataset-deteccao-ferida/images/val/stage_2_72015.jpg
stage_2_72016,stage_2_72016.jpg,b31a7a8a14542c9eed9a33d604c1464884b97485751d0af1720a1246b8c8e99a,val,1,name:stage_2_72016,ultralytics_curascan/datasets/dataset-deteccao-ferida/images/val/stage_2_72016.jpg
stage_2_7247,stage_2_7247.jpg,c13ef949dcb027d3ad7c591c5578c9837bb809f86d025dfd7d6d33fa56309c37,val,1,name:stage_2_7247,ultralytics_curascan/datasets/dataset-deteccao-ferida/images/val/stage_2_7247.jpg
stage_2_73822,stage_2_73822.jpg,abd982a421a36bcb09e47f91d0085f5cc586f825a491322b3c221756e65b1f7a,val,1,name:stage_2_73822,ultralytics_curascan/datasets/dataset-deteccao-ferida/images/val/stage_2_73822.jpg
stage_2_74112,stage_2_74112.jpg,6ed1e155a90a3ba30fb7b93c74f5b536ab05f8220c3376b1b346cfb59222526d,val,1,name:stage_2_74112,ultralytics_curascan/datasets/dataset-deteccao-ferida/images/val/stage_2_74112.jpg
stage_2_74508,stage_2_74508.jpg,e9bde7d6837f83f6292d6586e6a6b7a0aa8580e816c7c4a9fdbb3cc7dc9ed2e9,val,0,name:stage_2_74508,ultralytics_curascan/datasets/dataset-deteccao-ferida/images/val/stage_2_74508.jpg
stage_2_7529,stage_2_7529.jpg,56c567461a436ed5ac5de72dd525667e773af78e59781f45439feb276c50b337,val,1,name:stage_2_7529,ultralytics_curascan/datasets/dataset-deteccao-ferida/images/val/stage_2_7529.jpg
stage_2_7919,stage_2_7919.jpg,ae82186fbfd63105d7dd1e46807909869eed8cc7919b1950bcea72a51c17568b,val,1,name:stage_2_7919,ultralytics_curascan/datasets/dataset-deteccao-ferida/images/val/stage_2_7919.jpg
stage_2_8016,stage_2_8016.jpg,794d91e50defbfd41214bfed4bde57bf9f1b7774e55c9746d8ae48140cb5fb0d,val,1,name:stage_2_8016,ultralytics_curascan/datasets/dataset-deteccao-ferida/images/val/stage_2_8016.jpg
stage_2_85106,stage_2_85106.jpg,b7ca876331c9a11d3c6ca4e9797dda770f7001e87e9f0c6d1033276b739e1c6e,val,1,name:stage_2_85106,ultralytics_curascan/datasets/dataset-deteccao-ferida/images/val/stage_2_85106.jpg
stage_2_88114,stage_2_88114.jpg,29bb9394edda99c691f585bb9ce0a658647acda2e957601486ddd6f27b905e3b,val,1,name:stage_2_88114,ultralytics_curascan/datasets/dataset-deteccao-ferida/images/val/stage_2_88114.jpg
stage_2_89205,stage_2_89205.jpg,084199806420f0055c3972b4711bd8de29d636787e3ac9e23144303c2467d5bd,val,1,name:stage_2_89205,ultralytics_curascan/datasets/dataset-deteccao-ferida/images/val/stage_2_89205.jpg
stage_2_9330,stage_2_9330.jpg,0184276089206d30fe7bc24dd2f44f526fbe357dc0c30a573e2c7d62a74297db,val,1,name:stage_2_9330,ultralytics_curascan/datasets/dataset-deteccao-ferida/images/val/stage_2_9330.jpg
stage_2_94121,stage_2_94121.jpg,7aef82446794e098637a93d698028566d88bb7f0e641471c4609b362675c9c75,val,1,name:stage_2_94121,ultralytics_curascan/datasets/dataset-deteccao-ferida/images/val/stage_2_94121.jpg
stage_2_95558,stage_2_95558.jpg,c8c7cffa4d91d16ad635340bc25ce800e74fea5e8c23ed1cf2ce18e5d5fb73ff,val,1,name:stage_2_95558,ultralytics_curascan/datasets/dataset-deteccao-ferida/images/val/stage_2_95558.jpg
stage_3_10677,stage_3_10677.jpg,cf1a9b214405f20be2582688d8418c030138dc6fde90292242ffa2df05bb3367,val,1,name:stage_3_10677,ultralytics_curascan/datasets/dataset-deteccao-ferida/images/val/stage_3_10677.jpg
stage_3_12331,stage_3_12331.jpg,cca1f41e8d44a7014b87b72358055f1bc6e687b056e7fc90faf355c1d666e85b,val,1,name:stage_3_12331,ultralytics_curascan/datasets/dataset-deteccao-ferida/images/val/stage_3_12331.jpg
stage_3_14105,stage_3_14105.jpg,f2209981631a22d0e8440e3931c76595c340045fdf91e81d7c8e1a5a6bef20eb,val,1,name:stage_3_14105,ultralytics_curascan/datasets/dataset-deteccao-ferida/images/val/stage_3_14105.jpg
stage_3_14801,stage_3_14801.jpg,92229d16f8c4bb75c28717c814f2dd20d96c968a0a6a31bf0673e55c7df957a7,val,1,name:stage_3_14801,ultralytics_curascan/datasets/dataset-deteccao-ferida/images/val/stage_3_14801.jpg
stage_3_15932,stage_3_15932.jpg,ef0bec032478191b8f2c5f7b90b49af455ec484d5fffe5b0664e5f7d1b1a0a8a,val,1,name:stage_3_15932,ultralytics_curascan/datasets/dataset-deteccao-ferida/images/val/stage_3_15932.jpg
stage_3_18798,stage_3_18798.jpg,b6be631fad7c55d97d44df24d315a82c917fa0900fc443ba1899ec38a8f630a2,val,1,name:stage_3_18798,ultralytics_curascan/datasets/dataset-deteccao-ferida/images/val/stage_3_18798.jpg
stage_3_19044,stage_3_19044.jpg,ff9551fc0bb56c594ee74082aa3a83461fa23be58d9ae82fcd456e1785a5676e,val,1,name:stage_3_19044,ultralytics_curascan/datasets/dataset-deteccao-ferida/images/val/stage_3_19044.jpg
stage_3_22808,stage_3_22808.jpg,5acf6cb361c97cbce054db774c280f76f99b338438a552c5362d35a64e9726cc,val,1,name:stage_3_22808,ultralytics_curascan/datasets/dataset-deteccao-ferida/images/val/stage_3_22808.jpg
stage_3_29358,stage_3_29358.jpg,c5723ceaff01e77c41361162b74ede2b6647010c0d5e0bf5c2dee12314229083,val,1,name:stage_3_29358,ultralytics_curascan/datasets/dataset-deteccao-ferida/images/val/stage_3_29358.jpg
stage_3_30424,stage_3_30424.jpg,72ed4ed59339940fb50de0e72d89fd51acc2ab3e05f1146c2b990f093107a3ae,val,1,name:stage_3_30424,ultralytics_curascan/datasets/dataset-deteccao-ferida/images/val/stage_3_30424.jpg
stage_3_31033,stage_3_31033.jpg,c6f4f7bacf3913aca666439ee70e87bfbfad97b69be2181c7aa866efb527267d,val,1,name:stage_3_31033,ultralytics_curascan/datasets/dataset-deteccao-ferida/images/val/stage_3_31033.jpg
stage_3_32236,stage_3_32236.jpg,dc5af037971c7a0d2da32d3ebabb0364234491e353aa3bbd4b405eb06bd55ed5,val,1,name:stage_3_32236,ultralytics_curascan/datasets/dataset-deteccao-ferida/images/val/stage_3_32236.jpg
stage_3_33508,stage_3_33508.jpg,aca47968bc78d297078f8c349085e21c174417dbff045303a7e11bff385fa382,val,1,name:stage_3_33508,ultralytics_curascan/datasets/dataset-deteccao-ferida/images/val/stage_3_33508.jpg
stage_3_33817,stage_3_33817.jpg,231f66deae630ba3b972c1267c672450965e2d3b49d195eb117af396cb4bf756,val,1,name:stage_3_33817,ultralytics_curascan/datasets/dataset-deteccao-ferida/images/val/stage_3_33817.jpg
stage_3_34702,stage_3_34702.jpg,3373f5c2e6c78c28bb6ded60c426b3033fa12bf18f734f925f336884bffa4de9,val,1,name:stage_3_34702,ultralytics_curascan/datasets/dataset-deteccao-ferida/images/val/stage_3_34702.jpg
stage_3_36345,stage_3_36345.jpg,3aae6a44706a33ba8a0bda5a4a474f11450451fc27fe18bf781e11163bd107c7,val,1,name:stage_3_36345,ultralytics_curascan/datasets/dataset-deteccao-ferida/images/val/stage_3_36345.jpg
stage_3_36453,stage_3_36453.jpg,367d8f53dec4c38aaa3c7c742a999cf822cd199d26568d713394c4823aadf2b3,val,1,name:stage_3_36453,ultralytics_curascan/datasets/dataset-deteccao-ferida/images/val/stage_3_36453.jpg
stage_3_37134,stage_3_37134.jpg,644da7de1e3536ff0863d44d1ec1de2c7fc1a6bd51a31a376487d59d41d6fc42,val,1,name:stage_3_37134,ultralytics_curascan/datasets/dataset-deteccao-ferida/images/val/stage_3_37134.jpg
stage_3_3814,stage_3_3814.jpg,7e825f0885143a57e78879a743acdbc9ed5288adf4dd6b4d7147db90d42283ca,val,1,name:stage_3_3814,ultralytics_curascan/datasets/dataset-deteccao-ferida/images/val/stage_3_3814.jpg
stage_3_3816,stage_3_3816.jpg,d6bc873f54c160c77907999a17a1464be6d95ca9e3c0353db7bc60e46640e087,val,1,name:stage_3_3816,ultralytics_curascan/datasets/dataset-deteccao-ferida/images/val/stage_3_3816.jpg
stage_3_40230,stage_3_40230.jpg,f49c697b14081cd603b252fd1173f862ea7483e3e9bd5af1ad93652762e6953e,val,1,name:stage_3_40230,ultralytics_curascan/datasets/dataset-deteccao-ferida/images/val/stage_3_40230.jpg
stage_3_42257,stage_3_42257.jpg,636a964c8b9ac2014c8c0a53df531ff2bb1216a2a174ae5e7bd631c19c79cf4e,val,1,name:stage_3_42257,ultralytics_curascan/datasets/dataset-deteccao-ferida/images/val/stage_3_42257.jpg
stage_3_4907,stage_3_4907.jpg,f0739475c169f162c9b03936c4f09faf60f08f360b334629627d554d913db217,val,1,name:stage_3_4907,ultralytics_curascan/datasets/dataset-deteccao-ferida/images/val/stage_3_4907.jpg
stage_3_57592,stage_3_57592.jpg,66afeb392d57714c052ed2774cdcb13264149c8ba335b2144a8b9a15f286aed3,val,1,name:stage_3_57592,ultralytics_curascan/datasets/dataset-deteccao-ferida/images/val/stage_3_57592.jpg
stage_3_57770,stage_3_57770.jpg,c47996703bab41ee38946395184b816ee300bbbd1eaf5a9860e64a47f460e4bb,val,1,name:stage_3_57770,ultralytics_curascan/datasets/dataset-deteccao-ferida/images/val/stage_3_57770.jpg
stage_3_69803,stage_3_69803.jpg,bdf1ee025664e496ea862175501e698c10128f2cb1a2197b91bd7e524a2c3ce6,val,1,name:stage_3_69803,ultralytics_curascan/datasets/dataset-deteccao-ferida/images/val/stage_3_69803.jpg
stage_3_70238,stage_3_70238.jpg,40cc3a7f9d49b0395e53dddc7c367d4ffe148ac7ef7fc8decd17e3e5b6ea921d,val,1,name:stage_3_70238,ultralytics_curascan/datasets/dataset-deteccao-ferida/images/val/stage_3_70238.jpg
stage_3_73918,stage_3_73918.jpg,a2d1e63ab1a514c67de4116aec56b4a6a5391a3fa19828168e546155ffa4d5fd,val,1,name:stage_3_73918,ultralytics_curascan/datasets/dataset-deteccao-ferida/images/val/stage_3_73918.jpg
stage_3_74692,stage_3_74692.jpg,9e7a689eec2f7cbad012e32c23b7b072006458274a88a126a33c343f182b21d5,val,1,name:stage_3_74692,ultralytics_curascan/datasets/dataset-deteccao-ferida/images/val/stage_3_74692.jpg
stage_3_76472,stage_3_76472.jpg,ea1ac0750508fb88ad415902898565901bd6ed330b9a985d2c778eb9c979e917,val,1,name:stage_3_76472,ultralytics_curascan/datasets/dataset-deteccao-ferida/images/val/stage_3_76472.jpg
stage_3_76622,stage_3_76622.jpg,52b1d0125cf1cfc663528e591f84e7823c69ec0cbcd3662c37c238a3b3840ae6,val,1,name:stage_3_76622,ultralytics_curascan/datasets/dataset-deteccao-ferida/images/val/stage_3_76622.jpg
stage_3_78152,stage_3_78152.jpg,ecfe7a2a18fa9a7a58d64ff3f9676105ea34ef6340c5dd31a634bc4062cb29d4,val,1,name:stage_3_78152,ultralytics_curascan/datasets/dataset-deteccao-ferida/images/val/stage_3_78152.jpg
stage_3_79173,stage_3_79173.jpg,323e2654148e750453089672aa02059f001f5608c394ab9513c7bc79a611e338,val,1,name:stage_3_79173,ultralytics_curascan/datasets/dataset-deteccao-ferida/images/val/stage_3_79173.jpg
stage_3_8618,stage_3_8618.jpg,e7cd18f5f045ac10c0995c1cee71a365bafc00850e63ba8a8c1ae0d93a5089ad,val,1,name:stage_3_8618,ultralytics_curascan/datasets/dataset-deteccao-ferida/images/val/stage_3_8618.jpg
100_0 (2),100_0 (2).jpg,34ac600b86f49e05a4021b43eafdf5a3f0a0ac5fa0f00565a4db20f4af7b3d92,test,1,clinical:100,ultralytics_curascan/datasets/dataset-deteccao-ferida/images/test/100_0 (2).jpg
101_0 (3),101_0 (3).jpg,ae062e824f859e728fdd6485ac236c8718737800922fb45550883d27e00e73b2,test,1,clinical:101,ultralytics_curascan/datasets/dataset-deteccao-ferida/images/test/101_0 (3).jpg
103_0 (3),103_0 (3).jpg,1290a94076a377cde174acb96188c2f1003e49afcb343af508bc6eecbd83b791,test,2,clinical:103,ultralytics_curascan/datasets/dataset-deteccao-ferida/images/test/103_0 (3).jpg
103_1,103_1.jpg,1a017befc994cd1b08e3ec4826345dc8f4c76aefc90a067bec0f8c0fdfa2e104,test,2,clinical:103,ultralytics_curascan/datasets/dataset-deteccao-ferida/images/test/103_1.jpg
106_0 (3),106_0 (3).jpg,e5b210a4b057d04e66859a7107daee481122c2e7dd76ddd3e310baaabad6ac5d,test,1,clinical:106,ultralytics_curascan/datasets/dataset-deteccao-ferida/images/test/106_0 (3).jpg
10_0 (4),10_0 (4).jpg,77f6d37d428946c652f9323d5da13354eba5775d363da767ac39e29e5990c867,test,1,clinical:10,ultralytics_curascan/datasets/dataset-deteccao-ferida/images/test/10_0 (4).jpg
110_0,110_0.jpg,36b7e556c70ffd01d08de6e30a4b858639b3ed877d501ceab69734e3a43298a5,test,1,clinical:110,ultralytics_curascan/datasets/dataset-deteccao-ferida/images/test/110_0.jpg
111_0 (3),111_0 (3).jpg,1d734e9b6eae6010444c9e6aa5662fc7db7004b4cbf3ed6be7f9823cafa8297f,test,1,clinical:111,ultralytics_curascan/datasets/dataset-deteccao-ferida/images/test/111_0 (3).jpg
112_0 (2),112_0 (2).jpg,def2795c9316d88effc35cf8ffc9af9cb4ad789e5b109edf0b4322ca47f07a55,test,1,clinical:112,ultralytics_curascan/datasets/dataset-deteccao-ferida/images/test/112_0 (2).jpg
114_0 (3),114_0 (3).jpg,f2214f7a4b93530d9b0713d8fc8c2473adf11332ac8d8136de6358a49f60eee8,test,1,clinical:114,ultralytics_curascan/datasets/dataset-deteccao-ferida/images/test/114_0 (3).jpg
115_0 (2),115_0 (2).jpg,3acfe7fc52771d3b893ed8a5ddcccb8d9ec2030d1d14fc24396d73c7e69d1c01,test,1,clinical:115,ultralytics_curascan/datasets/dataset-deteccao-ferida/images/test/115_0 (2).jpg
115_0 (3),115_0 (3).jpg,10fa6c38db369bfa60e1370e9fb0a393ab89422a7f70ae08463394fea22d2236,test,1,clinical:115,ultralytics_curascan/datasets/dataset-deteccao-ferida/images/test/115_0 (3).jpg
11_1 (2),11_1 (2).jpg,efe3bf93069b48ecd29b0f0862268ce5722ca40b7908bae7233b4041313b0999,test,1,clinical:11,ultralytics_curascan/datasets/dataset-deteccao-ferida/images/test/11_1 (2).jpg
11_3,11_3.jpg,e2d39b32e0365babc1c0b79273c5f2c76f731553cfdb0119d754af4199af00f2,test,1,clinical:11,ultralytics_curascan/datasets/dataset-deteccao-ferida/images/test/11_3.jpg
120_0,120_0.jpg,1212bcea0b1960f23575c304b27a02cdcb9f49355f718a2c249ae98dcd741636,test,1,clinical:120,ultralytics_curascan/datasets/dataset-deteccao-ferida/images/test/120_0.jpg
124_0 (3),124_0 (3).jpg,763491bff627195004d0ecabdb07b5035058078f960ad97e83454ca16b942566,test,1,clinical:124,ultralytics_curascan/datasets/dataset-deteccao-ferida/images/test/124_0 (3).jpg
126_0 (3),126_0 (3).jpg,b8f1467e5ae977b50e919d07f51da6761a69e30e0745c0e0676d21874a54c0c3,test,1,clinical:126,ultralytics_curascan/datasets/dataset-deteccao-ferida/images/test/126_0 (3).jpg
126_0,126_0.jpg,3b2c7aebe00dee8e2d0ceebbb379bf70cb6cd867fe16391e6114d3235d8321d5,test,1,clinical:126,ultralytics_curascan/datasets/dataset-deteccao-ferida/images/test/126_0.jpg
129_2,129_2.jpg,bc3d8b0ed02aac0d16456b16b4354aae26cc5780fa881c7bb057ef44747c10f1,test,1,clinical:129,ultralytics_curascan/datasets/dataset-deteccao-ferida/images/test/129_2.jpg
129_3,129_3.jpg,51eef1411f7034d678fe6cdc2cea4e58968579ff54148b7b429a1c517c527b4d,test,1,clinical:129,ultralytics_curascan/datasets/dataset-deteccao-ferida/images/test/129_3.jpg
130_0,130_0.jpg,bb58ce69743a8e665aad056deea435b5da31736d6e057009f69bbd64bcf058cd,test,1,clinical:130,ultralytics_curascan/datasets/dataset-deteccao-ferida/images/test/130_0.jpg
131_0 (2),131_0 (2).jpg,eb059151da8b0138ca73b5f6d0bf2a93e6345800cfc93f5d0ca656f4284a8908,test,1,clinical:131,ultralytics_curascan/datasets/dataset-deteccao-ferida/images/test/131_0 (2).jpg
132_0 (2),132_0 (2).jpg,c514d8649dde76e1230ab8bde27ceabae9e14879524e1a1c58c72211dbc68c1c,test,1,clinical:132,ultralytics_curascan/datasets/dataset-deteccao-ferida/images/test/132_0 (2).jpg
132_1,132_1.jpg,96a54c6510628772faf7d9fe76a24304e104ca1b39c5d9558f603186431550f0,test,1,clinical:132,ultralytics_curascan/datasets/dataset-deteccao-ferida/images/test/132_1.jpg
134_0 (2),134_0 (2).jpg,8f23449ac75b6dfebf2305f086005501113d09a14a0ea9795ead18377cc79a19,test,1,clinical:134,ultralytics_curascan/datasets/dataset-deteccao-ferida/images/test/134_0 (2).jpg
134_0,134_0.jpg,406a161b5dbbd3566d46dd564e5e842fb158a32ee4a152e70eebeda9263b9a52,test,1,clinical:134,ultralytics_curascan/datasets/dataset-deteccao-ferida/images/test/134_0.jpg
139_1,139_1.jpg,92ad60cebfa7ae1f03308f65c3713176961bebec9cebed91cd349186523d4f2a,test,1,clinical:139,ultralytics_curascan/datasets/dataset-deteccao-ferida/images/test/139_1.jpg
13_0 (2),13_0 (2).jpg,762d75cef21924b8de5227bf1cf08d69f4eee8777960b9acf8252d1b88f4c5f3,test,1,clinical:13,ultralytics_curascan/datasets/dataset-deteccao-ferida/images/test/13_0 (2).jpg
142_0,142_0.jpg,69c67d90bf78c9436d0142b3a8bd718512730577da9010e0e8d1be1b8594842a,test,1,clinical:142,ultralytics_curascan/datasets/dataset-deteccao-ferida/images/test/142_0.jpg
143_0 (2),143_0 (2).jpg,284fb08b38efb62ca030740ae1326a3aceb05848ea632eaa8bd4be7463318114,test,1,clinical:143,ultralytics_curascan/datasets/dataset-deteccao-ferida/images/test/143_0 (2).jpg
145_0 (2),145_0 (2).jpg,ffaf2c77c17a9cb592eaa69cf9d5ee19fd28dac32b28f92b01fc11ba6841f8cf,test,1,clinical:145,ultralytics_curascan/datasets/dataset-deteccao-ferida/images/test/145_0 (2).jpg
146_0 (2),146_0 (2).jpg,418bbcffdd6487773572f66b49078d72045406af2c5cec48aa95d2526d54916d,test,1,clinical:146,ultralytics_curascan/datasets/dataset-deteccao-ferida/images/test/146_0 (2).jpg
146_2,146_2.jpg,30fdc283e5c73753b0526ab1fdfbdcb642f6857334272d7b796f3464cf9723da,test,1,clinical:146,ultralytics_curascan/datasets/dataset-deteccao-ferida/images/test/146_2.jpg
14_0,14_0.jpg,e85b0a522922da59c71aba1c91dfdf4aa5d81c1f84089a364fbc05dafb35ef4a,test,1,clinical:14,ultralytics_curascan/datasets/dataset-deteccao-ferida/images/test/14_0.jpg
151_0 (2),151_0 (2).jpg,58a60ffa2dd81a3a1d98a166ef964c67fb6024f6e42415a0415ec0c8365ea24a,test,1,clinical:151,ultralytics_curascan/datasets/dataset-deteccao-ferida/images/test/151_0 (2).jpg
152_0 (2),152_0 (2).jpg,256c5c65aa904f2f3ad5ae51fe38abf053fe4d3de39d02d7a96738f434400fd8,test,1,clinical:152,ultralytics_curascan/datasets/dataset-deteccao-ferida/images/test/152_0 (2).jpg
156_1,156_1.jpg,16022b18f3436e81cda45a771d0e782d6a62989ffcef3fa445ff93d5c2732cf1,test,1,clinical:156,ultralytics_curascan/datasets/dataset-deteccao-ferida/images/test/156_1.jpg
16_0 (2),16_0 (2).jpg,3f5be6b9028c205ae43238e73ef917337aa656f0484d68f537a04cef95b64830,test,1,clinical:16,ultralytics_curascan/datasets/dataset-deteccao-ferida/images/test/16_0 (2).jpg
17_0 (2),17_0 (2).jpg,54c869361bd6ff24fe5889f9014013f882b406b62b97b8f2e9313e5ae29eecaf,test,1,clinical:17,ultralytics_curascan/datasets/dataset-deteccao-ferida/images/test/17_0 (2).jpg
17_0,17_0.jpg,c0c5e73e57853b1a2230facd39a71e274bd42a9b35f541fa67a5124a5c4313f4,test,1,clinical:17,ultralytics_curascan/datasets/dataset-deteccao-ferida/images/test/17_0.jpg
18_0,18_0.jpg,d7ace02b77358a281e2627549cca81e2cb9d82a40ded9c05b66a140179103ca6,test,1,clinical:18,ultralytics_curascan/datasets/dataset-deteccao-ferida/images/test/18_0.jpg
1_0 (4),1_0 (4).jpg,24cfb03a66b0de6b660ad779fc97d7e15f4897e99b90379f3bad241ad205e496,test,1,clinical:1,ultralytics_curascan/datasets/dataset-deteccao-ferida/images/test/1_0 (4).jpg
21_0 (3),21_0 (3).jpg,4ce012d4f9ac3e281eaaf22de2334be37c95a2319241a76fd68e2c4bc43eabfc,test,1,clinical:21,ultralytics_curascan/datasets/dataset-deteccao-ferida/images/test/21_0 (3).jpg
22_0,22_0.jpg,040bfda7b9d733c5664db12cd76ca6857f5626ca82c35db9205b2e3a7321f9c2,test,1,clinical:22,ultralytics_curascan/datasets/dataset-deteccao-ferida/images/test/22_0.jpg
23_0 (2),23_0 (2).jpg,99078a3b120fc7655ac8a16c920b02fd66a6ab54c1723fbb25da6d01b59348dc,test,1,clinical:23,ultralytics_curascan/datasets/dataset-deteccao-ferida/images/test/23_0 (2).jpg
25_3 (2),25_3 (2).jpg,f0840ce8aa315ce6be491236662b4fde5734d6c59fb9cbc409be9a68501c3b70,test,1,clinical:25,ultralytics_curascan/datasets/dataset-deteccao-ferida/images/test/25_3 (2).jpg
26_0,26_0.jpg,16d1d18f011c1985a239034eada65fbaa870c71c90e085181a5315951436d060,test,0,clinical:26,ultralytics_curascan/datasets/dataset-deteccao-ferida/images/test/26_0.jpg
27_0 (2),27_0 (2).jpg,f8e715535baf489a89d1b286865f53e9d1b5e5a7b3b7e3453512ad1c0692a50a,test,1,clinical:27,ultralytics_curascan/datasets/dataset-deteccao-ferida/images/test/27_0 (2).jpg
31_0 (2),31_0 (2).jpg,1059f95056f5208ee1ca70d55ff055e0b54962df5e8cbfcc7f681a464116fb51,test,1,clinical:31,ultralytics_curascan/datasets/dataset-deteccao-ferida/images/test/31_0 (2).jpg
32_0 (3),32_0 (3).jpg,9c97b472ac6b6b8c79dd0e5a24058c75d759e81fe77b7e711eeaebc5ce9a4d1f,test,1,clinical:32,ultralytics_curascan/datasets/dataset-deteccao-ferida/images/test/32_0 (3).jpg
33_0 (3),33_0 (3).jpg,95b345d987f373d83aab579109fa2316157d0dbfa7a224cfd8a6a8f44566fd0a,test,1,clinical:33,ultralytics_curascan/datasets/dataset-deteccao-ferida/images/test/33_0 (3).jpg
34_0 (2),34_0 (2).jpg,1e76a275551548bc8e3a60335ffe0d861cacc2640fe939fd8131d02338ea002c,test,1,clinical:34,ultralytics_curascan/datasets/dataset-deteccao-ferida/images/test/34_0 (2).jpg
34_0 (3),34_0 (3).jpg,96478d54bdff8a0e6f65cad2524e2ca46e4fabba02fb9b3d84403e571ce75e68,test,1,clinical:34,ultralytics_curascan/datasets/dataset-deteccao-ferida/images/test/34_0 (3).jpg
35_0 (2),35_0 (2).jpg,f6d5df026ff6423ef92f3777ff33e3e227709c62801489777cc7574c9035aff4,test,1,clinical:35,ultralytics_curascan/datasets/dataset-deteccao-ferida/images/test/35_0 (2).jpg
36_0 (2),36_0 (2).jpg,fd878410e41cdbb74dbad7b9bd4834d103a56269d59682ec86bad69223f96d89,test,1,clinical:36,ultralytics_curascan/datasets/dataset-deteccao-ferida/images/test/36_0 (2).jpg
36_0,36_0.jpg,1aded05db8530c79550022927383064093b1ac9df2241df072817b20da74b4d0,test,1,clinical:36,ultralytics_curascan/datasets/dataset-deteccao-ferida/images/test/36_0.jpg
37_0 (2),37_0 (2).jpg,2f15e49fe019326dd6299d0868c4468f6e019414519796be5742768f78cfe362,test,1,clinical:37,ultralytics_curascan/datasets/dataset-deteccao-ferida/images/test/37_0 (2).jpg
38_1 (2),38_1 (2).jpg,2b9851898c6ea9cf23c0ae95b58dabad51a87a27b1a61747ecac44e0722f2c02,test,1,clinical:38,ultralytics_curascan/datasets/dataset-deteccao-ferida/images/test/38_1 (2).jpg
40_2,40_2.jpg,677d5125ede213078fba22199b48bda1dfb6efc6fbbe18a25c65727bd2ab6069,test,1,clinical:40,ultralytics_curascan/datasets/dataset-deteccao-ferida/images/test/40_2.jpg
45_0,45_0.jpg,d54d56e388e5c550f91170f717608195a310a094dae6d067f11da1f933064628,test,1,clinical:45,ultralytics_curascan/datasets/dataset-deteccao-ferida/images/test/45_0.jpg
47_0 (3),47_0 (3).jpg,6560f0411e41d955ebb33d051ce552ad1055b75ff3c76eddfd0d77369947a267,test,1,clinical:47,ultralytics_curascan/datasets/dataset-deteccao-ferida/images/test/47_0 (3).jpg
48_0,48_0.jpg,8699943c8342ca2e1506132125c5333bc3ffdbfc4bb60d1ad5b0dacc0194da79,test,1,clinical:48,ultralytics_curascan/datasets/dataset-deteccao-ferida/images/test/48_0.jpg
4_0 (4),4_0 (4).jpg,43a9d8b305b824fb4515bc6fc918ba51ff9e08cfcc79e62b294b02ad5393a123,test,1,clinical:4,ultralytics_curascan/datasets/dataset-deteccao-ferida/images/test/4_0 (4).jpg
50_0 (3),50_0 (3).jpg,75b0e75dec050ff415574c37d5608bd2a6869c3810df03eb51e92fb63b683c4b,test,1,clinical:50,ultralytics_curascan/datasets/dataset-deteccao-ferida/images/test/50_0 (3).jpg
50_0 (4),50_0 (4).jpg,ef6cbd9d8d44dc7b2a85effdbd266622e1338d87cd9b563ffb91e556fb0ee5b9,test,1,clinical:50,ultralytics_curascan/datasets/dataset-deteccao-ferida/images/test/50_0 (4).jpg
51_0,51_0.jpg,d379e62f32627a75da21cb3e528cb62fd0b236d7136945cfedcf4445c5f31aa3,test,2,clinical:51,ultralytics_curascan/datasets/dataset-deteccao-ferida/images/test/51_0.jpg
51_1 (2),51_1 (2).jpg,420378dd8e8714ffa381340d30070ed71232ec20a63d4cfea5866ed5438eb63d,test,1,clinical:51,ultralytics_curascan/datasets/dataset-deteccao-ferida/images/test/51_1 (2).jpg
53_0 (3),53_0 (3).jpg,9253e6faf104a608b90f7bbb0675c64bb8ce5214d9a73efbdf5baaa75cb60cef,test,1,clinical:53,ultralytics_curascan/datasets/dataset-deteccao-ferida/images/test/53_0 (3).jpg
53_0,53_0.jpg,38f24bae4b76a0a99d9a05d74bf694bc74ea5c9406f6dcc9d57666c6d3e2d75c,test,1,clinical:53,ultralytics_curascan/datasets/dataset-deteccao-ferida/images/test/53_0.jpg
53_1,53_1.jpg,0d0ae3d0bffd23c1eee3ad4a50883e320a1c3e9c1a3fc7d3fcdb2d58908e62dc,test,1,clinical:53,ultralytics_curascan/datasets/dataset-deteccao-ferida/images/test/53_1.jpg
54_0 (3),54_0 (3).jpg,9d21226a9fff77adf7f35108246ee468fc74c33a3bdd8160216449cba1fea629,test,1,clinical:54,ultralytics_curascan/datasets/dataset-deteccao-ferida/images/test/54_0 (3).jpg
54_1 (2),54_1 (2).jpg,a9356e881cdb1a1c50be5ec8f2c0d40a07b31d997ca007de2e254c3a9ff22141,test,1,clinical:54,ultralytics_curascan/datasets/dataset-deteccao-ferida/images/test/54_1 (2).jpg
56_0 (3),56_0 (3).jpg,c572c2e8a093c2147b65c2826e850afc395e3ddcde6f2a60d9120d3c33a8df7f,test,1,clinical:56,ultralytics_curascan/datasets/dataset-deteccao-ferida/images/test/56_0 (3).jpg
56_0 (4),56_0 (4).jpg,0c9a5e4d9a6e8f982306291452cd83f0c5ed18de1629a155d14b42825bdf851b,test,1,clinical:56,ultralytics_curascan/datasets/dataset-deteccao-ferida/images/test/56_0 (4).jpg
56_0,56_0.jpg,9f837a2fb1fde5e72e385086677c73cf00030124f73359355be4a65e0b7203eb,test,1,clinical:56,ultralytics_curascan/datasets/dataset-deteccao-ferida/images/test/56_0.jpg
56_1 (2),56_1 (2).jpg,6d64342567f5140bca154eecffe9147686e25c504b206e30e954515770660362,test,1,clinical:56,ultralytics_curascan/datasets/dataset-deteccao-ferida/images/test/56_1 (2).jpg
57_0 (4),57_0 (4).jpg,49a2d858a9c8af8bee17c12f00898817b36d417900f87050272dd52201ab97f2,test,1,clinical:57,ultralytics_curascan/datasets/dataset-deteccao-ferida/images/test/57_0 (4).jpg
5_1,5_1.jpg,fdec62304d61af4ea88676a8d7a315298577fb1765cc5e1f169a52e3518e000b,test,3,clinical:5,ultralytics_curascan/datasets/dataset-deteccao-ferida/images/test/5_1.jpg
60_0,60_0.jpg,8d773999eb143e42c0a087e03d9b6015d6f353554fd59b713b84a68d2fe3e1b7,test,1,clinical:60,ultralytics_curascan/datasets/dataset-deteccao-ferida/images/test/60_0.jpg
61_0 (3),61_0 (3).jpg,50eb3dd006d9c0e90bfc6a3616dcf33331c6aa3fb53aeb2aea2f1c0567cdb340,test,1,clinical:61,ultralytics_curascan/datasets/dataset-deteccao-ferida/images/test/61_0 (3).jpg
62_0 (3),62_0 (3).jpg,58507dc32a8f3d954d69634be51dfedd2bf23209479960b5aef59ae30226fff7,test,1,clinical:62,ultralytics_curascan/datasets/dataset-deteccao-ferida/images/test/62_0 (3).jpg
63_0,63_0.jpg,cf3e8a6f622fb0c75a4249bc67d56b54185db49217f217d0cd60a96643f46b08,test,1,clinical:63,ultralytics_curascan/datasets/dataset-deteccao-ferida/images/test/63_0.jpg
64_0 (3),64_0 (3).jpg,6a4ae3b29cf416a4d576d9fcd3ae4fd2c90b0278ee424bd280c70e5127383005,test,1,clinical:64,ultralytics_curascan/datasets/dataset-deteccao-ferida/images/test/64_0 (3).jpg
68_0 (4),68_0 (4).jpg,3fa46763d4922299cfa5d016071327115b3d921947653cc4d36d64b1ef638bf2,test,1,clinical:68,ultralytics_curascan/datasets/dataset-deteccao-ferida/images/test/68_0 (4).jpg
68_1,68_1.jpg,937a4577e6cffe8063e220475fe75c9f3be3b7d852bbd3938e9ac5998e661c12,test,1,clinical:68,ultralytics_curascan/datasets/dataset-deteccao-ferida/images/test/68_1.jpg
69_0 (2),69_0 (2).jpg,e42df806d551274989ec039d230e77f87d4c3c798a8058e7a9e015f38144a571,test,1,clinical:69,ultralytics_curascan/datasets/dataset-deteccao-ferida/images/test/69_0 (2).jpg
69_0,69_0.jpg,f13ade022848f88baeb9cb8654d8d9497a9db7c730c533d94a2d91a84f85f48d,test,1,clinical:69,ultralytics_curascan/datasets/dataset-deteccao-ferida/images/test/69_0.jpg
6_0 (3),6_0 (3).jpg,c52fd64635ae02a33756dd2182deedac338f998c7bb4f98d32b818270631b6e0,test,1,clinical:6,ultralytics_curascan/datasets/dataset-deteccao-ferida/images/test/6_0 (3).jpg
6_0,6_0.jpg,f12f57873f647da5c34307d2a6af47c9730919885925ff13ae1ef44ef7c4948c,test,1,clinical:6,ultralytics_curascan/datasets/dataset-deteccao-ferida/images/test/6_0.jpg
6_1 (3),6_1 (3).jpg,036e8a5dc6268fb9e9fc23d8e3763006942e3228079f135d04644cfa972803a8,test,1,clinical:6,ultralytics_curascan/datasets/dataset-deteccao-ferida/images/test/6_1 (3).jpg
72_0,72_0.jpg,3976d89b5907c41770f6ae71579eaa0a29220a91ce091b782408e020ae915695,test,1,clinical:72,ultralytics_curascan/datasets/dataset-deteccao-ferida/images/test/72_0.jpg
73_0 (2),73_0 (2).jpg,86e951ab6ba43baee259586f87d75b053af118bab8579fbaa77bb3a025548411,test,1,clinical:73,ultralytics_curascan/datasets/dataset-deteccao-ferida/images/test/73_0 (2).jpg
76_4,76_4.jpg,74e73a6f791794d7676e707a4521e254e66832e6e4fdf5498b2fd1a64acb11bc,test,2,clinical:76,ultralytics_curascan/datasets/dataset-deteccao-ferida/images/test/76_4.jpg
78_0 (2),78_0 (2).jpg,8b025aa795498735047642655cee28c97d9d765d38ee571429c23c19f508456a,test,2,clinical:78,ultralytics_curascan/datasets/dataset-deteccao-ferida/images/test/78_0 (2).jpg
78_0,78_0.jpg,5c2ace3291e742e88e768325a0c4843d7abd86d7c8b23afc7f213b8ca9a59a81,test,3,clinical:78,ultralytics_curascan/datasets/dataset-deteccao-ferida/images/test/78_0.jpg
79_0 (4),79_0 (4).jpg,118bb3fe0f3a21c0605ce4990c80dc743c7c6820f42a4c4a057c3957f9d2dc6b,test,1,clinical:79,ultralytics_curascan/datasets/dataset-deteccao-ferida/images/test/79_0 (4).jpg
81_2,81_2.jpg,4e67acc3e1d2431547dad93bf3e3daa328ae8e98f8a97cd858a87fa57e5ceb55,test,1,clinical:81,ultralytics_curascan/datasets/dataset-deteccao-ferida/images/test/81_2.jpg
82_3,82_3.jpg,b2f14ef1112a8a23d559c86515c3bf70b56c29104262d411c7683efba27a30e8,test,1,clinical:82,ultralytics_curascan/datasets/dataset-deteccao-ferida/images/test/82_3.jpg
84_0 (2),84_0 (2).jpg,373993416addb14dee8ce41d865ca16137f724d3838255b302ddebf423eac735,test,1,clinical:84,ultralytics_curascan/datasets/dataset-deteccao-ferida/images/test/84_0 (2).jpg
84_0 (4),84_0 (4).jpg,eecdbfdc11e6551282f1f154b103bbcaac497fc981f553107be3e7c97c0e0157,test,1,clinical:84,ultralytics_curascan/datasets/dataset-deteccao-ferida/images/test/84_0 (4).jpg
87_4,87_4.jpg,55fd0b5acadca6aa7e49b6bcecdc7898ad033c610ae3aa5ba9448d31a4949a29,test,1,clinical:87,ultralytics_curascan/datasets/dataset-deteccao-ferida/images/test/87_4.jpg
88_0,88_0.jpg,cf825a76511c4166c028d29b5dfa05f5501d7ac30b8fa34776fa31f5f279307f,test,1,clinical:88,ultralytics_curascan/datasets/dataset-deteccao-ferida/images/test/88_0.jpg
93_0 (3),93_0 (3).jpg,e755a6796cb7dda607bc2aeb1ec0e3c7d99a81f21fe0f009044263b992760ada,test,1,clinical:93,ultralytics_curascan/datasets/dataset-deteccao-ferida/images/test/93_0 (3).jpg
94_0 (2),94_0 (2).jpg,930b21ecdce97f3d8fc7957aa189eafa108ea60a22d2296f5c49098d631ac3bd,test,1,clinical:94,ultralytics_curascan/datasets/dataset-deteccao-ferida/images/test/94_0 (2).jpg
95_0 (2),95_0 (2).jpg,4ec78858085e4f783f122095b5ef9534de29d31e0ec82d0b7e3b2c4f6ef94889,test,1,clinical:95,ultralytics_curascan/datasets/dataset-deteccao-ferida/images/test/95_0 (2).jpg
97_0 (2),97_0 (2).jpg,c72a32d3345857bf4c8a65a05448684eecb090241b77c22de35b9f52423aae59,test,1,clinical:97,ultralytics_curascan/datasets/dataset-deteccao-ferida/images/test/97_0 (2).jpg
stage_1_14696,stage_1_14696.jpg,e102ce600af7ea4d9b0e79704733320087b56da48f699f09bc2be8840f338f97,test,1,name:stage_1_14696,ultralytics_curascan/datasets/dataset-deteccao-ferida/images/test/stage_1_14696.jpg
stage_1_16848,stage_1_16848.jpg,570c8337354d5bf0346a8e00fbbe0d0afe096ac0b786379a864d491444156fd5,test,1,name:stage_1_16848,ultralytics_curascan/datasets/dataset-deteccao-ferida/images/test/stage_1_16848.jpg
stage_1_19605,stage_1_19605.jpg,ea529dd6d815becb39d8617ec8cccb5ba778f2c7fa772ff15986062ad1a5d3ad,test,1,name:stage_1_19605,ultralytics_curascan/datasets/dataset-deteccao-ferida/images/test/stage_1_19605.jpg
stage_1_19898,stage_1_19898.jpg,7566a2f8a8b06a601586c64f2c477bad92d2da463adb80913914b8591569980c,test,1,name:stage_1_19898,ultralytics_curascan/datasets/dataset-deteccao-ferida/images/test/stage_1_19898.jpg
stage_1_21151,stage_1_21151.jpg,e14e130c94d3383e2e3cf0d3d55907ab6bd087e05b56f48807b756172c04d22d,test,1,name:stage_1_21151,ultralytics_curascan/datasets/dataset-deteccao-ferida/images/test/stage_1_21151.jpg
stage_1_22039,stage_1_22039.jpg,eb95f32d3b219df6991496c56be6a6a941945b021d752c4dd40bff74d182abc5,test,1,name:stage_1_22039,ultralytics_curascan/datasets/dataset-deteccao-ferida/images/test/stage_1_22039.jpg
stage_1_27512,stage_1_27512.jpg,bcbe1447d07224399343f942cca94729053b973257c765c80b250c9f228f10ca,test,1,name:stage_1_27512,ultralytics_curascan/datasets/dataset-deteccao-ferida/images/test/stage_1_27512.jpg
stage_1_30082,stage_1_30082.jpg,06ad7e14491036766bf8a201030f1e7933a47de865423082321594d9db804bd9,test,1,name:stage_1_30082,ultralytics_curascan/datasets/dataset-deteccao-ferida/images/test/stage_1_30082.jpg
stage_1_30106,stage_1_30106.jpg,e4a4c5baa76ffb55f0466c0ab95642814c858dab90e6be24daf21f6ce20c7e47,test,1,name:stage_1_30106,ultralytics_curascan/datasets/dataset-deteccao-ferida/images/test/stage_1_30106.jpg
stage_1_32025,stage_1_32025.jpg,f5ceaeb4da1fd3b6c7630209efd60da403c97178423df871558c94b00f93fda2,test,1,name:stage_1_32025,ultralytics_curascan/datasets/dataset-deteccao-ferida/images/test/stage_1_32025.jpg
stage_1_32407,stage_1_32407.jpg,a4cd365bfd0f1b3bd889514f33c3d5ddd64fac29f1de9ab435a6c67d17124c02,test,1,name:stage_1_32407,ultralytics_curascan/datasets/dataset-deteccao-ferida/images/test/stage_1_32407.jpg
stage_1_3244,stage_1_3244.jpg,2d8df7c44fd75a8f2d63b8d0be60b103140c241776b9375232ba57881fce6614,test,1,name:stage_1_3244,ultralytics_curascan/datasets/dataset-deteccao-ferida/images/test/stage_1_3244.jpg
stage_1_33998,stage_1_33998.jpg,335ed3c9b9b98ed04d54135e5352dff5918c1893bfdda9e5ec23471e5182f7ea,test,1,name:stage_1_33998,ultralytics_curascan/datasets/dataset-deteccao-ferida/images/test/stage_1_33998.jpg
stage_1_35855,stage_1_35855.jpg,5ae02aa0e5f4f9d13c74429a908932d9a78e2d6a752ce29499657c2b27306968,test,0,name:stage_1_35855,ultralytics_curascan/datasets/dataset-deteccao-ferida/images/test/stage_1_35855.jpg
stage_1_4057,stage_1_4057.jpg,857f28628e525a78dd0770105b205f24ac55df645ecfebb7d9ad71ed35b6e52e,test,1,name:stage_1_4057,ultralytics_curascan/datasets/dataset-deteccao-ferida/images/test/stage_1_4057.jpg
stage_1_42797,stage_1_42797.jpg,b2df89c907074be6d7542da44f3246f0b3f2ce1b84504845efc343863ecfcca1,test,1,name:stage_1_42797,ultralytics_curascan/datasets/dataset-deteccao-ferida/images/test/stage_1_42797.jpg
stage_1_45032,stage_1_45032.jpg,f1e6bb97ee265e62db728d2c3c1fbaa23860208ff966c5f56f84c91fabe5bfb6,test,0,name:stage_1_45032,ultralytics_curascan/datasets/dataset-deteccao-ferida/images/test/stage_1_45032.jpg
stage_1_5767,stage_1_5767.jpg,d1c523f9d34c447bb8d46fd7d610e537b78d3abb9f56154d604fcf2bd68558dc,test,1,name:stage_1_5767,ultralytics_curascan/datasets/dataset-deteccao-ferida/images/test/stage_1_5767.jpg
stage_1_58916,stage_1_58916.jpg,0d1c1b922d86f19f58a0878539b85ca105bdc29cf1c97d375f2f27bd6e39bf51,test,1,name:stage_1_58916,ultralytics_curascan/datasets/dataset-deteccao-ferida/images/test/stage_1_58916.jpg
stage_1_59646,stage_1_59646.jpg,9d74fbacea5d3a2817b51e0cf156043eeb96541e7b527d583fcc9eea7190d854,test,1,name:stage_1_59646,ultralytics_curascan/datasets/dataset-deteccao-ferida/images/test/stage_1_59646.jpg
stage_1_59688,stage_1_59688.jpg,73d880352418ee44cb283993c295fa6d758ddf263884eff8f62a71a232aad74e,test,1,name:stage_1_59688,ultralytics_curascan/datasets/dataset-deteccao-ferida/images/test/stage_1_59688.jpg
stage_1_65864,stage_1_65864.jpg,a07fe84499bb7da0c36824502e814480111b0e0cdcc82996bd5df9e1455fa677,test,1,name:stage_1_65864,ultralytics_curascan/datasets/dataset-deteccao-ferida/images/test/stage_1_65864.jpg
stage_1_72077,stage_1_72077.jpg,f2302d51c8de5405b8439779806766c02e3f446e291aeaa43d550a4ab6c4a652,test,1,name:stage_1_72077,ultralytics_curascan/datasets/dataset-deteccao-ferida/images/test/stage_1_72077.jpg
stage_1_74220,stage_1_74220.jpg,9f394a038ca948407178f22df344a592024609cf352e0ffec58b5f84fa594619,test,1,name:stage_1_74220,ultralytics_curascan/datasets/dataset-deteccao-ferida/images/test/stage_1_74220.jpg
stage_1_89283,stage_1_89283.jpg,875c93e4f538dba58f6710c46ffa7c5660fa8cb38dd0038106548abab567b3ec,test,0,name:stage_1_89283,ultralytics_curascan/datasets/dataset-deteccao-ferida/images/test/stage_1_89283.jpg
stage_1_92025,stage_1_92025.jpg,d9b30bf606d58edaf810ffce70137ca759b64276f1d841059c8aa868ff1307ec,test,1,name:stage_1_92025,ultralytics_curascan/datasets/dataset-deteccao-ferida/images/test/stage_1_92025.jpg
stage_1_93900,stage_1_93900.jpg,1a28eb87e8355b9f9314ffc96aba0e7aa84fd0d0c693d042276593b89a0e6111,test,1,name:stage_1_93900,ultralytics_curascan/datasets/dataset-deteccao-ferida/images/test/stage_1_93900.jpg
stage_1_94025,stage_1_94025.jpg,04736e4ed7f210fcbf3aab71d928cff93ed30080f223ee3808d97a13546b50c6,test,1,name:stage_1_94025,ultralytics_curascan/datasets/dataset-deteccao-ferida/images/test/stage_1_94025.jpg
stage_1_96737,stage_1_96737.jpg,66cfc47c5aeec426bc8fc5480f105bab9ce2db903707c92594acdaa55e22f6e0,test,0,name:stage_1_96737,ultralytics_curascan/datasets/dataset-deteccao-ferida/images/test/stage_1_96737.jpg
stage_1_97667,stage_1_97667.jpg,e62194b117f4335ea3cacdb69c2d7a9febf996052e8bc885d72ac8f8256caa57,test,1,name:stage_1_97667,ultralytics_curascan/datasets/dataset-deteccao-ferida/images/test/stage_1_97667.jpg
stage_1_99608,stage_1_99608.jpg,b65538f28809db71490771014c29d5ce1388fa912c0a556b15bdfc56045f83ff,test,1,name:stage_1_99608,ultralytics_curascan/datasets/dataset-deteccao-ferida/images/test/stage_1_99608.jpg
stage_2_12175,stage_2_12175.jpg,43d026316c5489cf5cf9afce2f2fe9930dfc6fafb99338fa2baea1ca9a636280,test,1,name:stage_2_12175,ultralytics_curascan/datasets/dataset-deteccao-ferida/images/test/stage_2_12175.jpg
stage_2_13877,stage_2_13877.jpg,6ab65a121bc42d4fd055a9ebe8423564d9eee4b155a3f70f0b414f9cf73d2bcd,test,1,name:stage_2_13877,ultralytics_curascan/datasets/dataset-deteccao-ferida/images/test/stage_2_13877.jpg
stage_2_20537,stage_2_20537.jpg,cc445b212e55fdfd3cfbf6af7a0704362eea5e3a4b53e2cd1aa62ad6f0f4046c,test,1,name:stage_2_20537,ultralytics_curascan/datasets/dataset-deteccao-ferida/images/test/stage_2_20537.jpg
stage_2_2077,stage_2_2077.jpg,c765b6490c082541927f0ae905c1192672fa170489fc1c184ee2d4c121081102,test,1,name:stage_2_2077,ultralytics_curascan/datasets/dataset-deteccao-ferida/images/test/stage_2_2077.jpg
stage_2_24105,stage_2_24105.jpg,9eb6daa8a3b137ce65cc0e4fb7ee3e653da3e3b6e2ef79a204edf5fac932a13e,test,1,name:stage_2_24105,ultralytics_curascan/datasets/dataset-deteccao-ferida/images/test/stage_2_24105.jpg
stage_2_27385,stage_2_27385.jpg,61fef4f1f258c30f3d91053f7255640746ff52cb97d1aad3c6996510731e266b,test,1,name:stage_2_27385,ultralytics_curascan/datasets/dataset-deteccao-ferida/images/test/stage_2_27385.jpg
stage_2_27596,stage_2_27596.jpg,09f4743d91c999790e7a2bc461123bf21d67fa57d6ebd79ef04faaa4e4fd1bcc,test,1,name:stage_2_27596,ultralytics_curascan/datasets/dataset-deteccao-ferida/images/test/stage_2_27596.jpg
stage_2_3097,stage_2_3097.jpg,9933daab24a99056585104f480e1f472b5f582dd552f579cecc58500729235aa,test,1,name:stage_2_3097,ultralytics_curascan/datasets/dataset-deteccao-ferida/images/test/stage_2_3097.jpg
stage_2_31907,stage_2_31907.jpg,871b802c5459f7e2dcb98801b6a303cbffbeabfb3ef6db0c5366dec7f831c152,test,1,name:stage_2_31907,ultralytics_curascan/datasets/dataset-deteccao-ferida/images/test/stage_2_31907.jpg
stage_2_33073,stage_2_33073.jpg,84557bafc16ba84d4b6baed77a84f9963705dc1dccf60aaa7305f8f358f65562,test,1,name:stage_2_33073,ultralytics_curascan/datasets/dataset-deteccao-ferida/images/test/stage_2_33073.jpg
stage_2_38788,stage_2_38788.jpg,a6913661d38a9206ffd48e8d21b8f5e69c707e002f4c5831451ee6755cc772fa,test,1,name:stage_2_38788,ultralytics_curascan/datasets/dataset-deteccao-ferida/images/test/stage_2_38788.jpg
stage_2_4805,stage_2_4805.jpg,325c451c45affe803fcabfc5d3a744b33346a8acf9852f9b289972ce1ee8efbe,test,1,name:stage_2_4805,ultralytics_curascan/datasets/dataset-deteccao-ferida/images/test/stage_2_4805.jpg
stage_2_48605,stage_2_48605.jpg,f88e2d871e591420d262e1732f50aab44b06ae0b1f90e880108e0b656c999978,test,1,name:stage_2_48605,ultralytics_curascan/datasets/dataset-deteccao-ferida/images/test/stage_2_48605.jpg
stage_2_49231,stage_2_49231.jpg,59398f084b702e119d26bab17b67fb2e2f1ad9bfac2e5a43e91bb77034e14a18,test,1,name:stage_2_49231,ultralytics_curascan/datasets/dataset-deteccao-ferida/images/test/stage_2_49231.jpg
stage_2_5028,stage_2_5028.jpg,2660c89a2f6de4fc3db6532519e31c01ba8522909925e8b2e3449332dca11650,test,1,name:stage_2_5028,ultralytics_curascan/datasets/dataset-deteccao-ferida/images/test/stage_2_5028.jpg
stage_2_50779,stage_2_50779.jpg,5401eaeaa62478cae6e783fc1fe4ed3caab4d591dd95ecb14dbf14d163b723dd,test,1,name:stage_2_50779,ultralytics_curascan/datasets/dataset-deteccao-ferida/images/test/stage_2_50779.jpg
stage_2_51203,stage_2_51203.jpg,eb8e904b93306e8d1e2cd475bdda3ebf6333eed193811ce00fae16d64d429348,test,1,name:stage_2_51203,ultralytics_curascan/datasets/dataset-deteccao-ferida/images/test/stage_2_51203.jpg
stage_2_5226,stage_2_5226.jpg,6a9eef7e81f5f47e181490b35fd8e862cb190a6d6da3432705e1938514ad58e9,test,1,name:stage_2_5226,ultralytics_curascan/datasets/dataset-deteccao-ferida/images/test/stage_2_5226.jpg
stage_2_5342,stage_2_5342.jpg,ff7a0685d3dad2be002bfa8fa12a09ded5e1258d9dd699d0ebe2751f3ea498c6,test,1,name:stage_2_5342,ultralytics_curascan/datasets/dataset-deteccao-ferida/images/test/stage_2_5342.jpg
stage_2_53497,stage_2_53497.jpg,f82e04df3ba2e6898b0029feefbc60e82229e31f2e2fab57f61859590648e10e,test,1,name:stage_2_53497,ultralytics_curascan/datasets/dataset-deteccao-ferida/images/test/stage_2_53497.jpg
stage_2_56439,stage_2_56439.jpg,71010d36ef5ac00e05adc3086764fcf0520f68c473c59b92e11aeabc02466618,test,1,name:stage_2_56439,ultralytics_curascan/datasets/dataset-deteccao-ferida/images/test/stage_2_56439.jpg
stage_2_57806,stage_2_57806.jpg,507d1d9fd5ec7373123b7e82e271d4905744e480d272640fe4b56a9960565aa7,test,1,name:stage_2_57806,ultralytics_curascan/datasets/dataset-deteccao-ferida/images/test/stage_2_57806.jpg
stage_2_5835,stage_2_5835.jpg,45b05afdef37d6a6a404386bdfbcaf4c7aa10a79e1b8f80a78c6b39ccd1a955b,test,1,name:stage_2_5835,ultralytics_curascan/datasets/dataset-deteccao-ferida/images/test/stage_2_5835.jpg
stage_2_58817,stage_2_58817.jpg,f77ba11c6fc290e5d370b6ea4354c1853bfd4e0acc1cf83c91d850be46d5ebd9,test,1,name:stage_2_58817,ultralytics_curascan/datasets/dataset-deteccao-ferida/images/test/stage_2_58817.jpg
stage_2_59338,stage_2_59338.jpg,4eef9688e5242590c4b070c36f696af976a17378955b7e83bf6c1b3ca7367472,test,1,name:stage_2_59338,ultralytics_curascan/datasets/dataset-deteccao-ferida/images/test/stage_2_59338.jpg
stage_2_61228,stage_2_61228.jpg,9f4291f5bbb10c639f71428cfa177435d40f18ea28579e9e1688c2d001466bbb,test,1,name:stage_2_61228,ultralytics_curascan/datasets/dataset-deteccao-ferida/images/test/stage_2_61228.jpg
stage_2_62883,stage_2_62883.jpg,11e26419ef178b811aa3dfa7345f6606719f4a156259524dfa5674125abe3521,test,1,name:stage_2_62883,ultralytics_curascan/datasets/dataset-deteccao-ferida/images/test/stage_2_62883.jpg
stage_2_66185,stage_2_66185.jpg,6459780654646930cf0a8c0f2a27009465f14c54cf7ab600fc9648f4616c269d,test,1,name:stage_2_66185,ultralytics_curascan/datasets/dataset-deteccao-ferida/images/test/stage_2_66185.jpg
stage_2_71079,stage_2_71079.jpg,b3cf1cb5125d6996fb3e50653fa83cb70f65d907e4de342a7fbb1c3074b867c2,test,1,name:stage_2_71079,ultralytics_curascan/datasets/dataset-deteccao-ferida/images/test/stage_2_71079.jpg
stage_2_74412,stage_2_74412.jpg,5fc5ccb6683646a1e71bf93d776fe92b62895300f3809f37ec56ea2e575620f8,test,1,name:stage_2_74412,ultralytics_curascan/datasets/dataset-deteccao-ferida/images/test/stage_2_74412.jpg
stage_2_7494,stage_2_7494.jpg,43a93c41d09189d09e8dfbf161eba2ffaa1edafff8cb6a347c2262fdad90fb12,test,1,name:stage_2_7494,ultralytics_curascan/datasets/dataset-deteccao-ferida/images/test/stage_2_7494.jpg
stage_2_7656,stage_2_7656.jpg,3fdc99108a205d244fadb7ef034f4ba8519bc52cf39fe41b5e84f108bb509cd0,test,1,name:stage_2_7656,ultralytics_curascan/datasets/dataset-deteccao-ferida/images/test/stage_2_7656.jpg
stage_2_76738,stage_2_76738.jpg,532d1d22dcacf7e01643b2ce0602a49c2a02adce00c92a227c43b32ddbff153e,test,1,name:stage_2_76738,ultralytics_curascan/datasets/dataset-deteccao-ferida/images/test/stage_2_76738.jpg
stage_2_76773,stage_2_76773.jpg,8dba421f232e4a42409444a5477e4ffe55cda9f7cd2d201a384f3cc65a322f4c,test,1,name:stage_2_76773,ultralytics_curascan/datasets/dataset-deteccao-ferida/images/test/stage_2_76773.jpg
stage_2_78569,stage_2_78569.jpg,e0f045dba5bd3b22529c3eafb05bb10d8877793230d67e5932e10a0a3dcc98c8,test,1,name:stage_2_78569,ultralytics_curascan/datasets/dataset-deteccao-ferida/images/test/stage_2_78569.jpg
stage_2_83522,stage_2_83522.jpg,3a8fe75daa6ca8c20522895f81af5a5b3c98e85b7f4d5387ded07810c0983921,test,1,name:stage_2_83522,ultralytics_curascan/datasets/dataset-deteccao-ferida/images/test/stage_2_83522.jpg
stage_2_8374,stage_2_8374.jpg,6c1d6603aa32110731e726215459c766c8ff8c85f4db03ea798b0f5c6e1f9dbf,test,1,name:stage_2_8374,ultralytics_curascan/datasets/dataset-deteccao-ferida/images/test/stage_2_8374.jpg
stage_2_85199,stage_2_85199.jpg,19b2db91d210d01d55e72fd23035463f53837dceac5f8f3e49914f75e25cbed7,test,1,name:stage_2_85199,ultralytics_curascan/datasets/dataset-deteccao-ferida/images/test/stage_2_85199.jpg
stage_2_8705,stage_2_8705.jpg,c044c300f0e139df01a62869a0545a6675d6af87a98375b1827226d61ba4987b,test,1,name:stage_2_8705,ultralytics_curascan/datasets/dataset-deteccao-ferida/images/test/stage_2_8705.jpg
stage_2_8856,stage_2_8856.jpg,8fe5935ece9928fb9c2dbf59cd83b3d0088a912e40e87af20e2e1cf3b73d4043,test,1,name:stage_2_8856,ultralytics_curascan/datasets/dataset-deteccao-ferida/images/test/stage_2_8856.jpg
stage_2_91999,stage_2_91999.jpg,4e0ef30c403a15ad02903bcae6203fe38680bf07eddd38c20f4b485c575f48e0,test,1,name:stage_2_91999,ultralytics_curascan/datasets/dataset-deteccao-ferida/images/test/stage_2_91999.jpg
stage_2_94924,stage_2_94924.jpg,177b1d55b88f10bca637fa0144212a0249cc70364ca4c28d4abc014135cdc62d,test,1,name:stage_2_94924,ultralytics_curascan/datasets/dataset-deteccao-ferida/images/test/stage_2_94924.jpg
stage_3_12724,stage_3_12724.jpg,0efc05c83c095952802b12285d9b54441bc5fe6be0c669a65b9a4361c3202260,test,1,name:stage_3_12724,ultralytics_curascan/datasets/dataset-deteccao-ferida/images/test/stage_3_12724.jpg
stage_3_15378,stage_3_15378.jpg,6a8b11a83d69d307b091eb8cbbeb84ad45e55e038c4e1e13615497ddbf84af60,test,1,name:stage_3_15378,ultralytics_curascan/datasets/dataset-deteccao-ferida/images/test/stage_3_15378.jpg
stage_3_17208,stage_3_17208.jpg,1fd40d1bc22d8e814c279140345db016202f812ae838a23cfdd76184679c7915,test,1,name:stage_3_17208,ultralytics_curascan/datasets/dataset-deteccao-ferida/images/test/stage_3_17208.jpg
stage_3_1778,stage_3_1778.jpg,2d8d82fb0417634af916670b86dd1234d1ed15aac8a0c9c1b8b85c5aba2cebe1,test,1,name:stage_3_1778,ultralytics_curascan/datasets/dataset-deteccao-ferida/images/test/stage_3_1778.jpg
stage_3_20404,stage_3_20404.jpg,781e1dadc956252f73edd01da73415939db7bf5a112419ed5a653cbd13151903,test,1,name:stage_3_20404,ultralytics_curascan/datasets/dataset-deteccao-ferida/images/test/stage_3_20404.jpg
stage_3_21164,stage_3_21164.jpg,4e3bd098c2aeeaccc0e95565af8757c5765dad6f4911c0938adda6a16fb89e76,test,1,name:stage_3_21164,ultralytics_curascan/datasets/dataset-deteccao-ferida/images/test/stage_3_21164.jpg
stage_3_23858,stage_3_23858.jpg,ef455769681fcd04701482a87c99052b4be8ecf92bb06f0f0b7f807fcd2f3b14,test,1,name:stage_3_23858,ultralytics_curascan/datasets/dataset-deteccao-ferida/images/test/stage_3_23858.jpg
stage_3_25416,stage_3_25416.jpg,4b2b03dece2ef67a7d9a1e7932e76341373be5640d883b50208db43287eeb96a,test,1,name:stage_3_25416,ultralytics_curascan/datasets/dataset-deteccao-ferida/images/test/stage_3_25416.jpg
stage_3_2602,stage_3_2602.jpg,d76bb3c447099594c467d8ad40d91530af93f062bb81d81e0fd8bf924f3b3e75,test,1,name:stage_3_2602,ultralytics_curascan/datasets/dataset-deteccao-ferida/images/test/stage_3_2602.jpg
stage_3_26165,stage_3_26165.jpg,9fc58dfcefbee656e9012367dc98359e7bb5de56be4e1a66416ee46b3d9375fe,test,1,name:stage_3_26165,ultralytics_curascan/datasets/dataset-deteccao-ferida/images/test/stage_3_26165.jpg
stage_3_27711,stage_3_27711.jpg,01405f2e880ba140bd8ef4b77326f9e2ef35e79c4a67ef8d80d9154275bb810d,test,1,name:stage_3_27711,ultralytics_curascan/datasets/dataset-deteccao-ferida/images/test/stage_3_27711.jpg
stage_3_29386,stage_3_29386.jpg,f57ba1e87e7f4d112ae18c08647d9a200205addb18f0d9794d466524ec8cf15c,test,1,name:stage_3_29386,ultralytics_curascan/datasets/dataset-deteccao-ferida/images/test/stage_3_29386.jpg
stage_3_2962,stage_3_2962.jpg,9ad7c98ac8f7b02cd64e7f701cd4bb24be4831e918cdb8ab94ee2d5f1770af4a,test,1,name:stage_3_2962,ultralytics_curascan/datasets/dataset-deteccao-ferida/images/test/stage_3_2962.jpg
stage_3_32168,stage_3_32168.jpg,63f86f1c203de0535ab2cf783d03d51b295337d37b32e7d0b691be93393d1ff3,test,1,name:stage_3_32168,ultralytics_curascan/datasets/dataset-deteccao-ferida/images/test/stage_3_32168.jpg
stage_3_32323,stage_3_32323.jpg,3dde4e776624a70461722e3932ae96c3856f2b782db122ad72cf2c4387a6c461,test,1,name:stage_3_32323,ultralytics_curascan/datasets/dataset-deteccao-ferida/images/test/stage_3_32323.jpg
stage_3_33620,stage_3_33620.jpg,acb9150e98f5e5aaf7a9e9cee693bb5089ed996b8ca47b23bbefe954b3b1e853,test,1,name:stage_3_33620,ultralytics_curascan/datasets/dataset-deteccao-ferida/images/test/stage_3_33620.jpg
stage_3_34382,stage_3_34382.jpg,4bc31fcdf88e707c500e40132ebc45c5db8e65412f0afb18c4223368a3cdd45c,test,1,name:stage_3_34382,ultralytics_curascan/datasets/dataset-deteccao-ferida/images/test/stage_3_34382.jpg
stage_3_39204,stage_3_39204.jpg,1b23ec26d5ebf626ff88734b7a0b98428b94256019d7c423a055af77f3b2dabc,test,1,name:stage_3_39204,ultralytics_curascan/datasets/dataset-deteccao-ferida/images/test/stage_3_39204.jpg
stage_3_41009,stage_3_41009.jpg,a50da21231539e60d53a45b855793b1de3d60dfe9cd40edae2936b9224cb7bf2,test,1,name:stage_3_41009,ultralytics_curascan/datasets/dataset-deteccao-ferida/images/test/stage_3_41009.jpg
stage_3_42880,stage_3_42880.jpg,e7da7aa3a02cc2e772a296b8b0c8271a6992ed674b98b5329c0968c8db53b632,test,1,name:stage_3_42880,ultralytics_curascan/datasets/dataset-deteccao-ferida/images/test/stage_3_42880.jpg
stage_3_4381,stage_3_4381.jpg,fb013507857912dc77743b3b4c6f4099c85ab68a8b978cb6380dc0f04a37826e,test,1,name:stage_3_4381,ultralytics_curascan/datasets/dataset-deteccao-ferida/images/test/stage_3_4381.jpg
stage_3_46135,stage_3_46135.jpg,1c52d1529c9fd7ce10f243c108973628434c43a6c1e3d2bc1256856d4d2c8a04,test,1,name:stage_3_46135,ultralytics_curascan/datasets/dataset-deteccao-ferida/images/test/stage_3_46135.jpg
stage_3_49000,stage_3_49000.jpg,50502eb835d54cb3405d50a900d272fa17757bf39c009cbfdbfad2a149b986c6,test,1,name:stage_3_49000,ultralytics_curascan/datasets/dataset-deteccao-ferida/images/test/stage_3_49000.jpg
stage_3_49822,stage_3_49822.jpg,c096a292755dfab7e65c58d9c46b7afd3dccb8dad5f58f1d81e78e62797f85b5,test,1,name:stage_3_49822,ultralytics_curascan/datasets/dataset-deteccao-ferida/images/test/stage_3_49822.jpg
stage_3_51649,stage_3_51649.jpg,e62c6fa87c4fab2ecde4cb218d8a9e44a70369689a0d141abf88b2f1def17e04,test,1,name:stage_3_51649,ultralytics_curascan/datasets/dataset-deteccao-ferida/images/test/stage_3_51649.jpg
stage_3_5293,stage_3_5293.jpg,1cb94e69f1af6ff70c29672576f8555bd8a520aa28be8a67ca07cdd00cc1d1b7,test,1,name:stage_3_5293,ultralytics_curascan/datasets/dataset-deteccao-ferida/images/test/stage_3_5293.jpg
stage_3_55779,stage_3_55779.jpg,a56b633a7fb8a435c7b5e3fa26dea59e2f38f9c82f86def373b019d086ea982b,test,1,name:stage_3_55779,ultralytics_curascan/datasets/dataset-deteccao-ferida/images/test/stage_3_55779.jpg
stage_3_63168,stage_3_63168.jpg,3db70568f3471c6fd3917274f0476d79f2b571d6a70df3f48cbef56c52abfa2f,test,1,name:stage_3_63168,ultralytics_curascan/datasets/dataset-deteccao-ferida/images/test/stage_3_63168.jpg
stage_3_63187,stage_3_63187.jpg,5a1461ba10c2e3ff8028cdce59d883518e9f79333dadc5051a70eb600d3fa976,test,1,name:stage_3_63187,ultralytics_curascan/datasets/dataset-deteccao-ferida/images/test/stage_3_63187.jpg
stage_3_65287,stage_3_65287.jpg,f2b63ff79971b04d70f3607effd94aa8547854b6c2bc9e96c861b702ad76f56d,test,1,name:stage_3_65287,ultralytics_curascan/datasets/dataset-deteccao-ferida/images/test/stage_3_65287.jpg
stage_3_66114,stage_3_66114.jpg,3087433addb7265b8d3fd90a2b1077c90e917d73d8f1e351f5aa3e38b08f1a15,test,1,name:stage_3_66114,ultralytics_curascan/datasets/dataset-deteccao-ferida/images/test/stage_3_66114.jpg
stage_3_68687,stage_3_68687.jpg,1faab55b74feee226dce5b72207eda6c8ff866a25e7da078a9ce67d87e5ed598,test,1,name:stage_3_68687,ultralytics_curascan/datasets/dataset-deteccao-ferida/images/test/stage_3_68687.jpg
stage_3_73273,stage_3_73273.jpg,c1c7322f87034c9e8d889c040833f0e1a49ae484b2e47625cdb2407879456536,test,1,name:stage_3_73273,ultralytics_curascan/datasets/dataset-deteccao-ferida/images/test/stage_3_73273.jpg
stage_3_74839,stage_3_74839.jpg,ef6c61b442ea462591e1f0d86d09e7322bb66f185dd8f79fd87059e6ee89051d,test,1,name:stage_3_74839,ultralytics_curascan/datasets/dataset-deteccao-ferida/images/test/stage_3_74839.jpg
stage_3_76597,stage_3_76597.jpg,dc0dc13ceb3b2431aaded757dc1407e9341c1131c8e76e734f3a2b5c743b096d,test,1,name:stage_3_76597,ultralytics_curascan/datasets/dataset-deteccao-ferida/images/test/stage_3_76597.jpg
stage_3_78315,stage_3_78315.jpg,fbe2baf8416565c0d61a7cb37558d6b29720dcbbaecace94fb908f8f1053f372,test,1,name:stage_3_78315,ultralytics_curascan/datasets/dataset-deteccao-ferida/images/test/stage_3_78315.jpg
stage_3_78431,stage_3_78431.jpg,9633f1c4b97acfe708c5e7040f51fd953ea26ac3598f95fe88a3b7eadfa972d5,test,1,name:stage_3_78431,ultralytics_curascan/datasets/dataset-deteccao-ferida/images/test/stage_3_78431.jpg
stage_3_80709,stage_3_80709.jpg,f01e4c4633f28baa32c4b4b267faff805983d6dc7d67f288aeb85855bdc6d892,test,1,name:stage_3_80709,ultralytics_curascan/datasets/dataset-deteccao-ferida/images/test/stage_3_80709.jpg
stage_3_81655,stage_3_81655.jpg,35e28e1120c09aa6b82a1f18dafffb3397322036ea7af22124216fc6602cf61f,test,1,name:stage_3_81655,ultralytics_curascan/datasets/dataset-deteccao-ferida/images/test/stage_3_81655.jpg
stage_3_83885,stage_3_83885.jpg,7bc9624dcea487eb15e9022a9b31cdcf6282c70b7a8da81247c54dcb14f22fdb,test,1,name:stage_3_83885,ultralytics_curascan/datasets/dataset-deteccao-ferida/images/test/stage_3_83885.jpg
stage_3_83908,stage_3_83908.jpg,38827267647ef4a9d04058f4c81e75739f46c1572c2b1d80fc751bcc4cedca81,test,1,name:stage_3_83908,ultralytics_curascan/datasets/dataset-deteccao-ferida/images/test/stage_3_83908.jpg
stage_3_85855,stage_3_85855.jpg,41654bfbd4e2d8e192eeef30eaf8fd5f364d17c009438279cad8d1c1326b60fa,test,1,name:stage_3_85855,ultralytics_curascan/datasets/dataset-deteccao-ferida/images/test/stage_3_85855.jpg
stage_3_86799,stage_3_86799.jpg,91f76399245fe16793bf443c3bf5dba1917b46aab65184b475334a325748ca0d,test,1,name:stage_3_86799,ultralytics_curascan/datasets/dataset-deteccao-ferida/images/test/stage_3_86799.jpg
stage_3_86929,stage_3_86929.jpg,3dad7b057f98ab7c8a3e867f4017770870ed13bd48cf38af35455391510a5019,test,1,name:stage_3_86929,ultralytics_curascan/datasets/dataset-deteccao-ferida/images/test/stage_3_86929.jpg
stage_3_87647,stage_3_87647.jpg,192be06011c103bc2bef8b3f8e063d564e698bfdb3af44d329ad653c56c0d4f0,test,1,name:stage_3_87647,ultralytics_curascan/datasets/dataset-deteccao-ferida/images/test/stage_3_87647.jpg
stage_3_87888,stage_3_87888.jpg,245fb5a6a55c13d58d365f89f6015716a0bec91ab4461de579bf4d246204c355,test,1,name:stage_3_87888,ultralytics_curascan/datasets/dataset-deteccao-ferida/images/test/stage_3_87888.jpg
stage_3_8825,stage_3_8825.jpg,8ca0544880e72e3f9ec33fc141a85ab2416f00c945819afcf6a107d7b29064b2,test,1,name:stage_3_8825,ultralytics_curascan/datasets/dataset-deteccao-ferida/images/test/stage_3_8825.jpg
stage_3_89382,stage_3_89382.jpg,ee1cdd125c0aee2446f35f84dd80e6b1101e8c2d8d195d6b78f011d7abd450cf,test,1,name:stage_3_89382,ultralytics_curascan/datasets/dataset-deteccao-ferida/images/test/stage_3_89382.jpg
stage_3_90546,stage_3_90546.jpg,aca9eeddbdc7fbfa0705b1c252466475e5bb639714a76fc64119bb2d4052a1fc,test,1,name:stage_3_90546,ultralytics_curascan/datasets/dataset-deteccao-ferida/images/test/stage_3_90546.jpg
