id,identity,file_name,content_sha256,stage_file_name,stage_content_sha256,group_id,split,label_5,label_12,label_34,hiperemia,granulacao,esfacelo,necrose_seca,nao_classificavel,m1,m2,match_kind,source_relative_path,stage_source_relative_path
117_0 (2),117_0 (2),117_0 (2).jpg,2354ec32180ae00e98d17e1b669907919d174d83c69be56f7472dfa4f498a590,117_0 (2).jpg,d674ba6f626eb68284a4ec9f0d91da4739be59f63560aa24c3283cdc225c605a,clinical:117,test,estagio_4,nao_classificavel,estagio_4,0,1,0,0,0,GRANULAÇÃO,NÃO CLASSIFICÁVEL,identity,ablation/tissue_classic_1229/images/117_0 (2).jpg,ultralytics_curascan/datasets/estagio-nivel-34n-20-05-26/train/estagio_4/117_0 (2).jpg
117_0 (3),117_0 (3),117_0 (3).jpg,12ced2b5d3efe7ea8f171b5055996a28e50ab04161d61edd106b2fe701eba516,117_0 (3).jpg,b3fbcb4a70b4143af1da6ee29357c94438edf117b2a9f3e1f4e604ad20a56f5c,clinical:117,test,estagio_2,estagio_2,,0,0,0,0,0,NÃO CLASSIFICÁVEL,NÃO CLASSIFICÁVEL,identity,ablation/tissue_classic_1229/images/117_0 (3).jpg,ultralytics_curascan/datasets/estagio-nivel-12n-20-05-26/train/estagio_2/117_0 (3).jpg
117_1,117_1,117_1.jpg,37fa4e0dff5a782013c942c790cd1b1a1ce4579e20b6f291c03b79135dd1516a,117_1.jpg,746fa4f6fefd400475f53313036776559270c9dc6061857f47df85687042ca08,clinical:117,test,estagio_1,estagio_1,,1,0,0,0,0,HIPEREMIA,NÃO CLASSIFICÁVEL,identity,ablation/tissue_classic_1229/images/117_1.jpg,ultralytics_curascan/datasets/estagio-nivel-12n-20-05-26/train/estagio_1/117_1.jpg
124_0,124_0,124_0.jpg,9adac0223fd91f19914d999504d9f6718ffc7c464bf3e9c8800671954fa5aaa6,124_0.jpg,fffc43e9d1ee4abac8a75763affcfb530a0279f0583517499d83300ace1856a7,clinical:124,test,estagio_3,nao_classificavel,estagio_3,0,1,0,0,0,GRANULAÇÃO,NÃO CLASSIFICÁVEL,identity,ablation/tissue_classic_1229/images/124_0.jpg,ultralytics_curascan/datasets/estagio-nivel-34n-20-05-26/train/estagio_3/124_0.jpg
124_0 (3),124_0 (3),124_0 (3).jpg,4579ac17b4989b21174c28d6d08bf0c3482a0cfbcb9938954e27ee784cde6994,124_0 (3).jpg,763491bff627195004d0ecabdb07b5035058078f960ad97e83454ca16b942566,clinical:124,test,estagio_3,nao_classificavel,estagio_3,0,1,0,0,0,GRANULAÇÃO,NÃO CLASSIFICÁVEL,identity,ablation/tissue_classic_1229/images/124_0 (3).jpg,ultralytics_curascan/datasets/estagio-nivel-34n-20-05-26/train/estagio_3/124_0 (3).jpg
19_0 (4),19_0 (4),19_0 (4).jpg,ce4872b0c75b270931496e9318381c8048f2dc892ff60cd2dcceedf04080c89a,19_0 (4).jpg,2344ebdfd09c7e80b1f6399391a1ffd9e4cd590b04fc4bbc0f0892c98bc5d40b,clinical:19,test,estagio_3,nao_classificavel,estagio_3,0,0,0,0,0,NÃO CLASSIFICÁVEL,NÃO CLASSIFICÁVEL,identity,ablation/tissue_classic_1229/images/19_0 (4).jpg,ultralytics_curascan/datasets/estagio-nivel-34n-20-05-26/train/estagio_3/19_0 (4).jpg
54_0,54_0,54_0.jpg,72b66bb9417170c58f8e41dc1c986afabcc418cbf19b084d34c5e8129dd26179,54_0.jpg,97c03e479c22a8cdfc36accf48c30659315c9d38c8bc34f01635f62b622a9bcc,clinical:54,test,estagio_3,nao_classificavel,estagio_3,0,0,0,0,0,NÃO CLASSIFICÁVEL,NÃO CLASSIFICÁVEL,identity,ablation/tissue_classic_1229/images/54_0.jpg,ultralytics_curascan/datasets/estagio-nivel-34n-20-05-26/val/estagio_3/54_0.jpg
54_0 (3),54_0 (3),54_0 (3).jpg,c5bdad1391372fd87b817a2f5e0cdd89ffe5c708887f82ff40e30b2c50e9a27a,54_0 (3).jpg,9d21226a9fff77adf7f35108246ee468fc74c33a3bdd8160216449cba1fea629,clinical:54,test,estagio_3,nao_classificavel,estagio_3,0,1,0,0,0,GRANULAÇÃO,NÃO CLASSIFICÁVEL,identity,ablation/tissue_classic_1229/images/54_0 (3).jpg,ultralytics_curascan/datasets/estagio-nivel-34n-20-05-26/train/estagio_3/54_0 (3).jpg
62_0,62_0,62_0.jpg,d1275539a5b35a2423be20c1ec2fe851d7b7ca3fdab3a147114be8398977dc8a,62_0.jpg,dd273d90316cb0be5b424df2d2c85d11e54a2b0a0df815e62d8640eb4d09804a,clinical:62,test,estagio_3,nao_classificavel,estagio_3,0,1,0,0,0,GRANULAÇÃO,NÃO CLASSIFICÁVEL,identity,ablation/tissue_classic_1229/images/62_0.jpg,ultralytics_curascan/datasets/estagio-nivel-34n-20-05-26/train/estagio_3/62_0.jpg
62_0 (2),62_0 (2),62_0 (2).jpg,af17d9d6a7d5f66176d8cea876e81bd062c843980bf369220b279f5a7c5de074,62_0 (2).jpg,c4da50c4f781d568c6660e5f782d5e5b80a98358ad8aeedde6c2e9f12da3b3cb,clinical:62,test,estagio_3,nao_classificavel,estagio_3,0,1,0,0,0,GRANULAÇÃO,NÃO CLASSIFICÁVEL,identity,ablation/tissue_classic_1229/images/62_0 (2).jpg,ultralytics_curascan/datasets/estagio-nivel-34n-20-05-26/test/estagio_3/62_0 (2).jpg
62_0 (3),62_0 (3),62_0 (3).jpg,b6939cd9a6d3683ea5cb9cf78d9a4251a00bb1e49df1b7c85a94132acae11e4a,62_0 (3).jpg,58507dc32a8f3d954d69634be51dfedd2bf23209479960b5aef59ae30226fff7,clinical:62,test,estagio_4,nao_classificavel,estagio_4,0,1,1,1,0,GRANULAÇÃO,AMBAS,identity,ablation/tissue_classic_1229/images/62_0 (3).jpg,ultralytics_curascan/datasets/estagio-nivel-34n-20-05-26/train/estagio_4/62_0 (3).jpg
62_0 (4),62_0 (4),62_0 (4).jpg,764a8436e4fcf9b6eced2265da84cdc262a18f84ff5549e3dc98b7a0b4a70698,62_0 (4).jpg,58eb9e4f4af3ebfbd2d0806d18954c1515f420de776c6d8b6cf483a002a39a76,clinical:62,test,estagio_3,nao_classificavel,estagio_3,0,1,0,0,0,GRANULAÇÃO,NÃO CLASSIFICÁVEL,identity,ablation/tissue_classic_1229/images/62_0 (4).jpg,ultralytics_curascan/datasets/estagio-nivel-34n-20-05-26/train/estagio_3/62_0 (4).jpg
72_0 (2),72_0 (2),72_0 (2).jpg,b4ef10bc652062bc6d8138d4a1da1967f4b6d32ee0cff8f35ab919cfccb6ac1e,72_0 (2).jpg,6045ccc604572d09573958e6181c17c33dd15e496a362e0d5ccbf571434d5105,clinical:72,test,estagio_3,nao_classificavel,estagio_3,0,0,1,0,0,NÃO CLASSIFICÁVEL,ESFACELO,identity,ablation/tissue_classic_1229/images/72_0 (2).jpg,ultralytics_curascan/datasets/estagio-nivel-34n-20-05-26/train/estagio_3/72_0 (2).jpg
72_0 (3),72_0 (3),72_0 (3).jpg,e5dc57d730b4baaa6f2d1ad745f3a6f35e431028a89621ecf6925118461c7105,72_0 (3).jpg,fba7097973e0276bde2565d4770e50d1deb5017140eb3fd9b20ccfb55d9d334e,clinical:72,test,estagio_3,nao_classificavel,estagio_3,0,0,1,0,0,NÃO CLASSIFICÁVEL,ESFACELO,identity,ablation/tissue_classic_1229/images/72_0 (3).jpg,ultralytics_curascan/datasets/estagio-nivel-34n-20-05-26/train/estagio_3/72_0 (3).jpg
72_0 (4),72_0 (4),72_0 (4).jpg,710a6cf3c7c022f684bda0ccc55120efd0770ddbd0b45e1411e785e11015d017,72_0 (4).jpg,eadcf64f142ec85c320c1bc3398e95f68077a6af682e8928cd3e8f51d297bf96,clinical:72,test,estagio_3,nao_classificavel,estagio_3,0,0,0,0,0,NÃO CLASSIFICÁVEL,NÃO CLASSIFICÁVEL,identity,ablation/tissue_classic_1229/images/72_0 (4).jpg,ultralytics_curascan/datasets/estagio-nivel-34n-20-05-26/test/estagio_3/72_0 (4).jpg
72_1,72_1,72_1.jpg,4d629208d5d8fb8e458cf87b5d19bdccb1d120d69c37606d1a3b0a41d946b553,72_1.jpg,e615662b42440f146a2dc06c7347ea32e654c5329c1d1bc065ab898b81903df2,clinical:72,test,estagio_3,nao_classificavel,estagio_3,0,0,1,0,0,NÃO CLASSIFICÁVEL,ESFACELO,identity,ablation/tissue_classic_1229/images/72_1.jpg,ultralytics_curascan/datasets/estagio-nivel-34n-20-05-26/test/estagio_3/72_1.jpg
74_0 (2),74_0 (2),74_0 (2).jpg,c988aa5aa2b46a7f40b33ce4bc75d2e0384f85775b5e1f964b4541b8165094cd,74_0 (2).jpg,680f1d1faa5246f55bcceabfea47256aec8955caeb3886da7ad01a6a6cc57b96,clinical:74,test,estagio_3,nao_classificavel,estagio_3,0,0,1,0,0,NÃO CLASSIFICÁVEL,ESFACELO,identity,ablation/tissue_classic_1229/images/74_0 (2).jpg,ultralytics_curascan/datasets/estagio-nivel-34n-20-05-26/train/estagio_3/74_0 (2).jpg
74_0 (3),74_0 (3),74_0 (3).jpg,938d847fb075bb62f8d1d33dcd2257673ec7238dd69e35d613a731e3d007aa47,74_0 (3).jpg,f36fcb83fb9ffacc242451b263bd57bea992d6846736b7aa942cc9a1c537a70f,clinical:74,test,estagio_3,nao_classificavel,estagio_3,0,0,0,1,0,NÃO CLASSIFICÁVEL,NECROSE SECA,identity,ablation/tissue_classic_1229/images/74_0 (3).jpg,ultralytics_curascan/datasets/estagio-nivel-34n-20-05-26/train/estagio_3/74_0 (3).jpg
74_0 (4),74_0 (4),74_0 (4).jpg,ca5d819110f55305f0a28752d917e59b1fc18864fa5345f8889cdc82f0a1d8eb,74_0 (4).jpg,bed75f9b10e2dae99785c656716b48773e681cdfd36f76efd9164bda5855d481,clinical:74,test,estagio_3,nao_classificavel,estagio_3,0,0,1,0,0,NÃO CLASSIFICÁVEL,ESFACELO,identity,ablation/tissue_classic_1229/images/74_0 (4).jpg,ultralytics_curascan/datasets/estagio-nivel-34n-20-05-26/train/estagio_3/74_0 (4).jpg
93_0,93_0,93_0.jpg,540365b714b284957815e9399cf02cb7ea13477694093d9fff25c6e650e81800,93_0.jpg,ffd1074add544c8f5d797b0f7fe862576628ce2fb6b91dc07ea094bdfb7ad9ab,clinical:93,test,estagio_3,nao_classificavel,estagio_3,0,0,0,0,1,NÃO CLASSIFICÁVEL,NÃO CLASSIFICÁVEL,identity,ablation/tissue_classic_1229/images/93_0.jpg,ultralytics_curascan/datasets/estagio-nivel-34n-20-05-26/train/estagio_3/93_0.jpg
93_0 (2),93_0 (2),93_0 (2).jpg,b5c189b716c2392e0e7eef1bb082e417abb787db09335758a7eaefd0179a02ad,93_0 (2).jpg,bad5a37471cf425a85cb3fb3d5296cc61b1d2f1afa7cb1e683748b3aaf06bdb6,clinical:93,test,estagio_4,nao_classificavel,estagio_4,0,1,1,0,0,GRANULAÇÃO,ESFACELO,identity,ablation/tissue_classic_1229/images/93_0 (2).jpg,ultralytics_curascan/datasets/estagio-nivel-34n-20-05-26/train/estagio_4/93_0 (2).jpg
93_0 (3),93_0 (3),93_0 (3).jpg,5346b6ec2302b1727c68ff71c1c2918ba8774c17fbfa2917b4791189e98ed0cc,93_0 (3).jpg,e755a6796cb7dda607bc2aeb1ec0e3c7d99a81f21fe0f009044263b992760ada,clinical:93,test,estagio_3,nao_classificavel,estagio_3,0,1,0,0,0,GRANULAÇÃO,NÃO CLASSIFICÁVEL,identity,ablation/tissue_classic_1229/images/93_0 (3).jpg,ultralytics_curascan/datasets/estagio-nivel-34n-20-05-26/train/estagio_3/93_0 (3).jpg
93_0 (4),93_0 (4),93_0 (4).jpg,3fbd1d21037c5ac124c43e7dbcce984a05ee2066b4f8df9cb965b833b98f4400,93_0 (4).jpg,455e774df765ecd3e5c20bfb6ba0036fda612219dcaf56e4fb91f3e42cf19cb8,clinical:93,test,estagio_2,estagio_2,,0,1,0,0,0,GRANULAÇÃO,NÃO CLASSIFICÁVEL,identity,ablation/tissue_classic_1229/images/93_0 (4).jpg,ultralytics_curascan/datasets/estagio-nivel-12n-20-05-26/val/estagio_2/93_0 (4).jpg
95_0,95_0,95_0.jpg,f368a3758e1e97a49332780ad9abd4ba0ed6fa7c64b75463106c95d6abe193d2,95_0.jpg,b26db72f96c03d3400919959bbb41ca1a142d35c50419449568d3760957d93e2,clinical:95,test,estagio_3,nao_classificavel,estagio_3,0,1,0,0,0,GRANULAÇÃO,NÃO CLASSIFICÁVEL,identity,ablation/tissue_classic_1229/images/95_0.jpg,ultralytics_curascan/datasets/estagio-nivel-34n-20-05-26/train/estagio_3/95_0.jpg
95_0 (2),95_0 (2),95_0 (2).jpg,771e91fde234da35197481e89f7c5c160025e2e516481c6a3cf1f7aa71b31baf,95_0 (2).jpg,4ec78858085e4f783f122095b5ef9534de29d31e0ec82d0b7e3b2c4f6ef94889,clinical:95,test,estagio_2,estagio_2,,1,0,0,0,0,HIPEREMIA,NÃO CLASSIFICÁVEL,identity,ablation/tissue_classic_1229/images/95_0 (2).jpg,ultralytics_curascan/datasets/estagio-nivel-12n-20-05-26/train/estagio_2/95_0 (2).jpg
95_0 (4),95_0 (4),95_0 (4).jpg,98656d02c5c73a3a8abbe1f5c950db6e48fff2c620340f56ba2da7e71b0d1aab,95_0 (4).jpg,e11062896dafb565605d8b86cd57e17e285b922389491533518f031c13ca21c1,clinical:95,test,estagio_2,estagio_2,,1,0,0,0,0,HIPEREMIA,NÃO CLASSIFICÁVEL,identity,ablation/tissue_classic_1229/images/95_0 (4).jpg,ultralytics_curascan/datasets/estagio-nivel-12n-20-05-26/train/estagio_2/95_0 (4).jpg
9_0 (3),9_0 (3),9_0 (3).jpg,89c25cc331be82681b43c1a92955c8338fba0db66d42fab2a82ec9fb392e6d00,9_0 (3).jpg,fe4e13f3224dff415f932fc3668c5c0b3170ac7b48467976f9d15ed1a64c799c,clinical:9,test,estagio_3,nao_classificavel,estagio_3,0,1,1,0,0,GRANULAÇÃO,ESFACELO,identity,ablation/tissue_classic_1229/images/9_0 (3).jpg,ultralytics_curascan/datasets/estagio-nivel-34n-20-05-26/val/estagio_3/9_0 (3).jpg
9_0 (4),9_0 (4),9_0 (4).jpg,b40b0f41936229d2b253c9d57a007630471f41b1c4c77cefc08d75b888a27562,9_0 (4).jpg,5a36aa92f5649622fd890a160d64233048f7d26b9ee94100ad10ad304beb33af,clinical:9,test,estagio_2,estagio_2,,1,1,0,0,0,AMBAS,NÃO CLASSIFICÁVEL,identity,ablation/tissue_classic_1229/images/9_0 (4).jpg,ultralytics_curascan/datasets/estagio-nivel-12n-20-05-26/train/estagio_2/9_0 (4).jpg
9_1,9_1,9_1.jpg,8bfd963f6f41457d0dfbb4d873bb6c6bb0b2c0fef27db6d2049dee03f44a47a6,9_1.jpg,89b49fb0f0f9b41a7be780e87300b1db4930c91a4b8ac71501f0718043554157,clinical:9,test,estagio_2,estagio_2,,0,1,0,0,0,GRANULAÇÃO,NÃO CLASSIFICÁVEL,identity,ablation/tissue_classic_1229/images/9_1.jpg,ultralytics_curascan/datasets/estagio-nivel-12n-20-05-26/val/estagio_2/9_1.jpg
stage_1_16682,stage_1_16682,stage_1_16682.jpg,297a8007e4900aae639fa25be477110b9075f73726d77857f1e849749f382c70,stage_1_16682.jpg,8e28b7c47c4f14b11fffe560c3b25a39cce2b2f2b8a2cdda6f6ae6cd9b44ecf8,name:stage_1_16682,test,estagio_1,estagio_1,,1,0,0,0,0,HIPEREMIA,NÃO CLASSIFICÁVEL,identity,ablation/tissue_classic_1229/images/stage_1_16682.jpg,ultralytics_curascan/datasets/estagio-nivel-12n-20-05-26/train/estagio_1/stage_1_16682.jpg
stage_1_30082,stage_1_30082,stage_1_30082.jpg,d0f5fb502566a0aa5b76e92d8a242be15a6d0be4eecca049e1632921687bff0c,stage_1_30082.jpg,06ad7e14491036766bf8a201030f1e7933a47de865423082321594d9db804bd9,name:stage_1_30082,test,estagio_1,estagio_1,,1,0,0,0,0,HIPEREMIA,NÃO CLASSIFICÁVEL,identity,ablation/tissue_classic_1229/images/stage_1_30082.jpg,ultralytics_curascan/datasets/estagio-nivel-12n-20-05-26/train/estagio_1/stage_1_30082.jpg
stage_1_30388,stage_1_30388,stage_1_30388.jpg,c1d4301b2cc4f5dda5c5dc6c1023cdf6e5b37501a2e9b93e626b7403c8428a50,stage_1_30388.jpg,989a9d4efc736abf8baef2294585c07ae7b215a517b2aa5a376f0d9050e3b471,name:stage_1_30388,test,estagio_1,estagio_1,,1,0,0,0,0,HIPEREMIA,NÃO CLASSIFICÁVEL,identity,ablation/tissue_classic_1229/images/stage_1_30388.jpg,ultralytics_curascan/datasets/estagio-nivel-12n-20-05-26/train/estagio_1/stage_1_30388.jpg
stage_1_37503,stage_1_37503,stage_1_37503.jpg,d20d829551cdc9f33e64fe3a1e7553b769af221ee2415b2a90fbdd5e83a262fa,stage_1_37503.jpg,440f050efbd3e24a5493eb3a58058a27687cc08b2afb0b632336338f0abd4b7d,name:stage_1_37503,test,estagio_1,estagio_1,,1,0,0,0,0,HIPEREMIA,NÃO CLASSIFICÁVEL,identity,ablation/tissue_classic_1229/images/stage_1_37503.jpg,ultralytics_curascan/datasets/estagio-nivel-12n-20-05-26/train/estagio_1/stage_1_37503.jpg
stage_1_41810,stage_1_41810,stage_1_41810.jpg,f060a5a7e9ef27daa7d6b3e73acd193e5fbf7ec098b8ec522029f6986b28b8f9,stage_1_41810.jpg,710bb4e5c10d70b4d507fd8785fae4e8c35b1380f4aee53f1ff7ae3ff72bb86a,name:stage_1_41810,test,estagio_1,estagio_1,,1,0,0,0,0,HIPEREMIA,NÃO CLASSIFICÁVEL,identity,ablation/tissue_classic_1229/images/stage_1_41810.jpg,ultralytics_curascan/datasets/estagio-nivel-12n-20-05-26/train/estagio_1/stage_1_41810.jpg
stage_1_45803,stage_1_45803,stage_1_45803.jpg,dd6ba97b58267c5f72cc8c3cd5acc092b30caef262650964fc21c1b594d5f49d,stage_1_45803.jpg,76a21bba602c94d943b6b844005a5a5d4c59e17b27660b9adcd3f637ee0c16bd,name:stage_1_45803,test,estagio_1,estagio_1,,1,0,0,0,0,HIPEREMIA,NÃO CLASSIFICÁVEL,identity,ablation/tissue_classic_1229/images/stage_1_45803.jpg,ultralytics_curascan/datasets/estagio-nivel-12n-20-05-26/train/estagio_1/stage_1_45803.jpg
stage_1_74220,stage_1_74220,stage_1_74220.jpg,7033ab724c693f18bd17308f80a7af586f96df4eb290cd06a9647dcb4dd7980a,stage_1_74220.jpg,9f394a038ca948407178f22df344a592024609cf352e0ffec58b5f84fa594619,name:stage_1_74220,test,estagio_1,estagio_1,,1,0,0,0,0,HIPEREMIA,NÃO CLASSIFICÁVEL,identity,ablation/tissue_classic_1229/images/stage_1_74220.jpg,ultralytics_curascan/datasets/estagio-nivel-12n-20-05-26/train/estagio_1/stage_1_74220.jpg
stage_1_90701,stage_1_90701,stage_1_90701.jpg,5eb0a9945c808b9be1bd58913daa37fb6026d532a9ac174f12c66186b83ddf16,stage_1_90701.jpg,5ffd118d7fb5f8a32721eed9446329e3d1830f2b0480cb7272241476be42757a,name:stage_1_90701,test,estagio_1,estagio_1,,1,0,0,0,0,HIPEREMIA,NÃO CLASSIFICÁVEL,identity,ablation/tissue_classic_1229/images/stage_1_90701.jpg,ultralytics_curascan/datasets/estagio-nivel-12n-20-05-26/train/estagio_1/stage_1_90701.jpg
stage_1_94342,stage_1_94342,stage_1_94342.jpg,92a10af5b86d1905c44ee127341291368996b969cd870d534ac6ab09a5d68189,stage_1_94342.jpg,8a81ab9a05c004f65ca617fbd4e7b0c4508134bf781e94947f538eff472f3c83,name:stage_1_94342,test,estagio_1,estagio_1,,1,0,0,0,0,HIPEREMIA,NÃO CLASSIFICÁVEL,identity,ablation/tissue_classic_1229/images/stage_1_94342.jpg,ultralytics_curascan/datasets/estagio-nivel-12n-20-05-26/train/estagio_1/stage_1_94342.jpg
stage_1_9504,stage_1_9504,stage_1_9504.jpg,72164cb51d62ba53eee991a7a746b03d3d97f1913ce9054a67e518203ff00649,stage_1_9504.jpg,058490e2c12e43301ecfa58c26afbdd88a5ebba4eb9f0ca2f3f316c20c114194,name:stage_1_9504,test,estagio_1,estagio_1,,1,0,0,0,0,HIPEREMIA,NÃO CLASSIFICÁVEL,identity,ablation/tissue_classic_1229/images/stage_1_9504.jpg,ultralytics_curascan/datasets/estagio-nivel-12n-20-05-26/train/estagio_1/stage_1_9504.jpg
stage_2_35875,stage_2_35875,stage_2_35875.jpg,a97a36e1f3e1c89b6961c316d7c091f7927e3e6995a0fec3fbbfb7abbb78e0d8,stage_2_35875.jpg,f6afbcf34e48580e8c1659209660c558bda5736aa4956143bb3fa3faad67327a,name:stage_2_35875,test,estagio_2,estagio_2,,0,0,0,0,0,NÃO CLASSIFICÁVEL,NÃO CLASSIFICÁVEL,identity,ablation/tissue_classic_1229/images/stage_2_35875.jpg,ultralytics_curascan/datasets/estagio-nivel-12n-20-05-26/train/estagio_2/stage_2_35875.jpg
stage_2_50576,stage_2_50576,stage_2_50576.jpg,ade2849b030635afb162ccf3aa2ae60c46412b9df35192db6bcff872d5bfb49d,stage_2_50576.jpg,b74cafab30a54c252c91408c9a0081644880b7a9387a03b69f5cc10ffa5ce6c4,name:stage_2_50576,test,estagio_2,estagio_2,,0,0,0,0,0,NÃO CLASSIFICÁVEL,NÃO CLASSIFICÁVEL,identity,ablation/tissue_classic_1229/images/stage_2_50576.jpg,ultralytics_curascan/datasets/estagio-nivel-12n-20-05-26/val/estagio_2/stage_2_50576.jpg
stage_2_64165,stage_2_64165,stage_2_64165.jpg,b148e048908e22556838041a4d5cdff6f490223d33e9764acc369f451ea44adb,stage_2_64165.jpg,2d6489c5ddbe64bf92e315a4f3ec92acaa13df052ebfa91588920d2d046b2091,name:stage_2_64165,test,estagio_3,nao_classificavel,estagio_3,0,0,0,0,0,NÃO CLASSIFICÁVEL,NÃO CLASSIFICÁVEL,identity,ablation/tissue_classic_1229/images/stage_2_64165.jpg,ultralytics_curascan/datasets/estagio-nivel-34n-20-05-26/train/estagio_3/stage_2_64165.jpg
stage_2_72015,stage_2_72015,stage_2_72015.jpg,219a83e30f6fa5285ee553a99020afe6d8108667eb069f426643e3400c2c7642,stage_2_72015.jpg,cf2427720317f29562618ac89de3d7c8b0580716148055d879da06f6edd2141e,name:stage_2_72015,test,estagio_2,estagio_2,,0,0,0,0,0,NÃO CLASSIFICÁVEL,NÃO CLASSIFICÁVEL,identity,ablation/tissue_classic_1229/images/stage_2_72015.jpg,ultralytics_curascan/datasets/estagio-nivel-12n-20-05-26/train/estagio_2/stage_2_72015.jpg
stage_2_73822,stage_2_73822,stage_2_73822.jpg,8d04da6751079dc3f11e6e468f1a5a061adcac97ff98d514845af9eac5a6e8b7,stage_2_73822.jpg,abd982a421a36bcb09e47f91d0085f5cc586f825a491322b3c221756e65b1f7a,name:stage_2_73822,test,estagio_2,estagio_2,,0,0,0,0,0,NÃO CLASSIFICÁVEL,NÃO CLASSIFICÁVEL,identity,ablation/tissue_classic_1229/images/stage_2_73822.jpg,ultralytics_curascan/datasets/estagio-nivel-12n-20-05-26/train/estagio_2/stage_2_73822.jpg
stage_2_78148,stage_2_78148,stage_2_78148.jpg,f552ae17eca778259cdd48f1285eb81e4bcca7200bad7b613a9ecb19968f8166,stage_2_78148.jpg,fff03e46fe0800592147b3112f2fdabd6c0886d7f233b58cb52f2b58b977b36f,name:stage_2_78148,test,estagio_3,nao_classificavel,estagio_3,0,0,0,0,0,NÃO CLASSIFICÁVEL,NÃO CLASSIFICÁVEL,identity,ablation/tissue_classic_1229/images/stage_2_78148.jpg,ultralytics_curascan/datasets/estagio-nivel-34n-20-05-26/train/estagio_3/stage_2_78148.jpg
100_0 (4),100_0 (4),100_0 (4).jpg,8fb7e291171636cf0816606feecc04ff540442570cd1660d8320dfb3fe89203c,100_0 (4).jpg,0c03e58a4b788a38ba73a1cb2ac42c078d5126b4ed34c120692a582e350860af,clinical:100,train,estagio_1,estagio_1,,1,0,0,0,0,HIPEREMIA,NÃO CLASSIFICÁVEL,identity,ablation/tissue_classic_1229/images/100_0 (4).jpg,ultralytics_curascan/datasets/estagio-nivel-12n-20-05-26/train/estagio_1/100_0 (4).jpg
101_0,101_0,101_0.jpg,7a146b8ac31fc2afd7fc503ebadfbc363483f17573ec5f168ce339eb41a17d2c,101_0.jpg,c3fb2985bb5e7b125e43c448911b3206cf72e46d532fcfba5ec33782304f97db,clinical:101,train,estagio_3,nao_classificavel,estagio_3,0,1,0,0,0,GRANULAÇÃO,NÃO CLASSIFICÁVEL,identity,ablation/tissue_classic_1229/images/101_0.jpg,ultralytics_curascan/datasets/estagio-nivel-34n-20-05-26/train/estagio_3/101_0.jpg
101_0 (2),101_0 (2),101_0 (2).jpg,62e156e7c848d3fc56b69aae862809f333f41eca0ea6541da0e99421568fee7d,101_0 (2).jpg,9fb41bf446c2ebe0fdaf2f5c466b9dfcde2d896f8bb6869abf57dc052ebe8596,clinical:101,train,estagio_4,nao_classificavel,estagio_4,0,1,0,0,0,GRANULAÇÃO,NÃO CLASSIFICÁVEL,identity,ablation/tissue_classic_1229/images/101_0 (2).jpg,ultralytics_curascan/datasets/estagio-nivel-34n-20-05-26/test/estagio_4/101_0 (2).jpg
101_0 (3),101_0 (3),101_0 (3).jpg,b6111ebeee5da7e6c0fe7b44b96699889f96d6334495bd774761dd6425983f90,101_0 (3).jpg,ae062e824f859e728fdd6485ac236c8718737800922fb45550883d27e00e73b2,clinical:101,train,estagio_3,nao_classificavel,estagio_3,0,1,0,0,0,GRANULAÇÃO,NÃO CLASSIFICÁVEL,identity,ablation/tissue_classic_1229/images/101_0 (3).jpg,ultralytics_curascan/datasets/estagio-nivel-34n-20-05-26/train/estagio_3/101_0 (3).jpg
101_1,101_1,101_1.jpg,0c0f059d5837624bcc40c69be240e8b046fe6535a7441552d384e5ce2d207353,101_1.jpg,88122113d59613e1e5e6e60e8ec92e4711d4e04235af1e2a98bc313e2fdcff21,clinical:101,train,estagio_3,nao_classificavel,estagio_3,0,1,1,0,0,GRANULAÇÃO,ESFACELO,identity,ablation/tissue_classic_1229/images/101_1.jpg,ultralytics_curascan/datasets/estagio-nivel-34n-20-05-26/train/estagio_3/101_1.jpg
102_0 (3),102_0 (3),102_0 (3).jpg,2db66ba08b16b9a0e97cf160b300197dca14b028fe7a04539c0f463df50a7825,102_0 (3).jpg,4ebbff9b09bef874a7f15f46b32fb0cd6091d873db3fb51510d61aa7a62a3503,clinical:102,train,estagio_3,nao_classificavel,estagio_3,0,1,1,0,0,GRANULAÇÃO,ESFACELO,identity,ablation/tissue_classic_1229/images/102_0 (3).jpg,ultralytics_curascan/datasets/estagio-nivel-34n-20-05-26/val/estagio_3/102_0 (3).jpg
103_0,103_0,103_0.jpg,b61c1f2f6ce37cb78a5accc70fb7f50b2334a2f4f0aa718dd5487490d277a6ed,103_0.jpg,e99c1c86318837cdde8fe9eeebed5ac49a03207b59e789cd8c5f5966eea20623,clinical:103,train,estagio_4,nao_classificavel,estagio_4,0,1,1,0,0,GRANULAÇÃO,ESFACELO,identity,ablation/tissue_classic_1229/images/103_0.jpg,ultralytics_curascan/datasets/estagio-nivel-34n-20-05-26/train/estagio_4/103_0.jpg
103_0 (2),103_0 (2),103_0 (2).jpg,685456a2bd049d631e96e58036bd6fbf9600cccdd82ee3bfd857c4123f87cc20,103_0 (2).jpg,13157987bf3a3c55eae13ff587a093bc6cd336795df862ee5ef785e4e6c2a214,clinical:103,train,estagio_3,nao_classificavel,estagio_3,0,0,0,0,0,NÃO CLASSIFICÁVEL,NÃO CLASSIFICÁVEL,identity,ablation/tissue_classic_1229/images/103_0 (2).jpg,ultralytics_curascan/datasets/estagio-nivel-34n-20-05-26/train/estagio_3/103_0 (2).jpg
103_0 (3),103_0 (3),103_0 (3).jpg,c39d57c44e2a213afe56e8019deb0700f2322314e96a94eaf6013b2a77502f57,103_0 (3).jpg,1290a94076a377cde174acb96188c2f1003e49afcb343af508bc6eecbd83b791,clinical:103,train,estagio_2,estagio_2,,0,0,0,0,0,NÃO CLASSIFICÁVEL,NÃO CLASSIFICÁVEL,identity,ablation/tissue_classic_1229/images/103_0 (3).jpg,ultralytics_curascan/datasets/estagio-nivel-12n-20-05-26/train/estagio_2/103_0 (3).jpg
103_1,103_1,103_1.jpg,3c0963f71eb9f29619c50e36064c851a33ddbeaad0741e044505b1b6925ba823,103_1.jpg,1a017befc994cd1b08e3ec4826345dc8f4c76aefc90a067bec0f8c0fdfa2e104,clinical:103,train,estagio_2,estagio_2,,0,0,0,0,0,NÃO CLASSIFICÁVEL,NÃO CLASSIFICÁVEL,identity,ablation/tissue_classic_1229/images/103_1.jpg,ultralytics_curascan/datasets/estagio-nivel-12n-20-05-26/train/estagio_2/103_1.jpg
104_0,104_0,104_0.jpg,211d9dd9aec1e61e2e32d249ae174175f15627729458bbdb4b381b4252f1fa39,104_0.jpg,9bccd5820b6ee4a5736750d0b78114e4e9348ad97df55a5ef0c4cf7751836a8f,clinical:104,train,estagio_1,estagio_1,,0,0,0,0,0,NÃO CLASSIFICÁVEL,NÃO CLASSIFICÁVEL,identity,ablation/tissue_classic_1229/images/104_0.jpg,ultralytics_curascan/datasets/estagio-nivel-12n-20-05-26/train/estagio_1/104_0.jpg
104_0 (2),104_0 (2),104_0 (2).jpg,298704bea227f1d34cd5978006544da902e414a3d383ae24fa9d2280ee604734,104_0 (2).jpg,f5f22a3265368e90b1ff848518310f318efe18dc470034cf9df7319e86afd089,clinical:104,train,estagio_3,nao_classificavel,estagio_3,0,1,1,0,0,GRANULAÇÃO,ESFACELO,identity,ablation/tissue_classic_1229/images/104_0 (2).jpg,ultralytics_curascan/datasets/estagio-nivel-34n-20-05-26/train/estagio_3/104_0 (2).jpg
105_0,105_0,105_0.jpg,fc166af17713490166d0edb81416623095e1e919b18481501a6a9bca27c85ed1,105_0.jpg,5f66105a11cd5b7403b4d54056b86ebe04227679308138e1ea1abc100ba16c97,clinical:105,train,estagio_3,nao_classificavel,estagio_3,0,1,0,0,0,GRANULAÇÃO,NÃO CLASSIFICÁVEL,identity,ablation/tissue_classic_1229/images/105_0.jpg,ultralytics_curascan/datasets/estagio-nivel-34n-20-05-26/train/estagio_3/105_0.jpg
105_0 (2),105_0 (2),105_0 (2).jpg,9d192c987fd41b4e015e0d7045578e889a5da351ed044b22721674cd4a2e37d5,105_0 (2).jpg,a02218397464f92bcb30706b87fad04dbd7a99bfbebf8bca55de2637015f8377,clinical:105,train,estagio_4,nao_classificavel,estagio_4,0,0,1,0,0,NÃO CLASSIFICÁVEL,ESFACELO,identity,ablation/tissue_classic_1229/images/105_0 (2).jpg,ultralytics_curascan/datasets/estagio-nivel-34n-20-05-26/train/estagio_4/105_0 (2).jpg
106_0,106_0,106_0.jpg,0cbe7242be866ff5500df6abf21efe3370221ebc22b72b4eabad37e43bf7d776,106_0.jpg,62ec5eedcc06535af1d2bbabcc77034ad16ddf6b1979611b5286d45fd8faa90f,clinical:106,train,estagio_3,nao_classificavel,estagio_3,0,0,0,0,0,NÃO CLASSIFICÁVEL,NÃO CLASSIFICÁVEL,identity,ablation/tissue_classic_1229/images/106_0.jpg,ultralytics_curascan/datasets/estagio-nivel-34n-20-05-26/train/estagio_3/106_0.jpg
106_0 (3),106_0 (3),106_0 (3).jpg,f670e3f36897688f78990661992cfb976caf3e2bf53518e6961993dd29f09fdb,106_0 (3).jpg,e5b210a4b057d04e66859a7107daee481122c2e7dd76ddd3e310baaabad6ac5d,clinical:106,train,estagio_1,estagio_1,,1,0,0,0,0,HIPEREMIA,NÃO CLASSIFICÁVEL,identity,ablation/tissue_classic_1229/images/106_0 (3).jpg,ultralytics_curascan/datasets/estagio-nivel-12n-20-05-26/val/estagio_1/106_0 (3).jpg
107_0 (2),107_0 (2),107_0 (2).jpg,39c6ca492ab8b3bef267fb4ef65cd025d52031ef23681d4a445a1818ab0dc38d,107_0 (2).jpg,d26643154d3e5fd7fabbebfee4c6b87856828753c994471db1ee868a7b0fa510,clinical:107,train,estagio_3,nao_classificavel,estagio_3,0,1,0,0,0,GRANULAÇÃO,NÃO CLASSIFICÁVEL,identity,ablation/tissue_classic_1229/images/107_0 (2).jpg,ultralytics_curascan/datasets/estagio-nivel-34n-20-05-26/train/estagio_3/107_0 (2).jpg
107_0 (3),107_0 (3),107_0 (3).jpg,f9f4553e895779ad1fa7ee0f3014107e4b3f8985fa256d7e95d517119b93b57d,107_0 (3).jpg,960adb00b6db2514e3b2260684feeb5f59c2b6fa0e99c753ef40d90ca5002549,clinical:107,train,estagio_2,estagio_2,,0,0,0,0,0,NÃO CLASSIFICÁVEL,NÃO CLASSIFICÁVEL,identity,ablation/tissue_classic_1229/images/107_0 (3).jpg,ultralytics_curascan/datasets/estagio-nivel-12n-20-05-26/train/estagio_2/107_0 (3).jpg
107_1,107_1,107_1.jpg,3e4c9e808eced003418bae30418ac3fb839824fc082124fe3dbad8120065c848,107_1.jpg,3d8989c19a6c9dc170e1b7c9c1b331f7bd2521731be9ac0523ee6096f247ba24,clinical:107,train,estagio_2,estagio_2,,0,0,0,0,0,NÃO CLASSIFICÁVEL,NÃO CLASSIFICÁVEL,identity,ablation/tissue_classic_1229/images/107_1.jpg,ultralytics_curascan/datasets/estagio-nivel-12n-20-05-26/train/estagio_2/107_1.jpg
108_0,108_0,108_0.jpg,0cbc9187f398da515a3f205dce7c239151ab7fc801bda82b06c7c137ac42d7be,108_0.jpg,a89f085cb342adaa912a0a45672051d4638d45a5a6d886cf0d1e3cd0180a6a81,clinical:108,train,estagio_3,nao_classificavel,estagio_3,0,0,0,0,0,NÃO CLASSIFICÁVEL,NÃO CLASSIFICÁVEL,identity,ablation/tissue_classic_1229/images/108_0.jpg,ultralytics_curascan/datasets/estagio-nivel-34n-20-05-26/train/estagio_3/108_0.jpg
108_0 (3),108_0 (3),108_0 (3).jpg,3c31d2667cb3635932ce7d71c45526a3230994c937d72d8307637c6fd73a5191,108_0 (3).jpg,d53edde0eeadaf4544e3b200b01bc59b6662277d7be4bd13373fbaece115fddd,clinical:108,train,estagio_4,nao_classificavel,estagio_4,0,1,1,0,0,GRANULAÇÃO,ESFACELO,identity,ablation/tissue_classic_1229/images/108_0 (3).jpg,ultralytics_curascan/datasets/estagio-nivel-34n-20-05-26/train/estagio_4/108_0 (3).jpg
108_1,108_1,108_1.jpg,c758b72ca5b0790746675f90fa1ebf16fd23274b9af5fe32f7f6f4d593a7f07b,108_1.jpg,420b315b8ccf0735beb0777b684500680bf2b84364f6c05eb16481f3139d74d3,clinical:108,train,estagio_4,nao_classificavel,estagio_4,0,0,0,0,0,NÃO CLASSIFICÁVEL,NÃO CLASSIFICÁVEL,identity,ablation/tissue_classic_1229/images/108_1.jpg,ultralytics_curascan/datasets/estagio-nivel-34n-20-05-26/train/estagio_4/108_1.jpg
10_0,10_0,10_0.jpg,f2ce5110f6b8639e4b65a9a9882e5873d81a7869222939478a816a142a17d50d,10_0.jpg,35c10f34145ed7500d5faf5061f3f968c38eaa526076370206fa9159639909a3,clinical:10,train,estagio_3,nao_classificavel,estagio_3,0,1,0,0,0,GRANULAÇÃO,NÃO CLASSIFICÁVEL,identity,ablation/tissue_classic_1229/images/10_0.jpg,ultralytics_curascan/datasets/estagio-nivel-34n-20-05-26/train/estagio_3/10_0.jpg
10_0 (2),10_0 (2),10_0 (2).jpg,78206f896a17c12d7aada068e1e38e6f827f7d075dcd45d0abaa0818ad12ae43,10_0 (2).jpg,f9c186ac56a5ccead90517aba5eebbb919fce3ed9566468c8e6dd656ac4747d7,clinical:10,train,estagio_3,nao_classificavel,estagio_3,0,0,0,0,0,NÃO CLASSIFICÁVEL,NÃO CLASSIFICÁVEL,identity,ablation/tissue_classic_1229/images/10_0 (2).jpg,ultralytics_curascan/datasets/estagio-nivel-34n-20-05-26/train/estagio_3/10_0 (2).jpg
10_0 (3),10_0 (3),10_0 (3).jpg,857f0d1fea6cc439e50654bf6b326e193ce83ead120adf71d94baf36199d58e4,10_0 (3).jpg,007c04af4cb5eafecd346a66d3f7896f0b90c96b0abd7b20818e414d5632e722,clinical:10,train,estagio_3,nao_classificavel,estagio_3,0,0,1,0,0,NÃO CLASSIFICÁVEL,ESFACELO,identity,ablation/tissue_classic_1229/images/10_0 (3).jpg,ultralytics_curascan/datasets/estagio-nivel-34n-20-05-26/val/estagio_3/10_0 (3).jpg
10_1,10_1,10_1.jpg,3bd512ea0b5fd821adc368e2afc1d108bb2a082cfe75c6d2af7dabffbf1d3eac,10_1.jpg,8a691844f58120c25db14fec20bd1c08799faac4c73611658e3011fab8ce0f45,clinical:10,train,estagio_4,nao_classificavel,estagio_4,0,1,1,0,0,GRANULAÇÃO,ESFACELO,identity,ablation/tissue_classic_1229/images/10_1.jpg,ultralytics_curascan/datasets/estagio-nivel-34n-20-05-26/train/estagio_4/10_1.jpg
10_2,10_2,10_2.jpg,af9d4460bf2d9f50b18278d6350a7943e6a390be2872cac4cdb032abbc7d4522,10_2.jpg,0d5c0892b9cdc4935d81179d9096a6b3893047969f2c6a0daed3dc165758ee99,clinical:10,train,estagio_4,nao_classificavel,estagio_4,0,1,1,0,0,GRANULAÇÃO,ESFACELO,identity,ablation/tissue_classic_1229/images/10_2.jpg,ultralytics_curascan/datasets/estagio-nivel-34n-20-05-26/train/estagio_4/10_2.jpg
10_3,10_3,10_3.jpg,8028d677b947a5325c948722e54c7310395db32559a8cd5b1fec6d46c2ac4d2e,10_3.jpg,b690a2dbfea67ba07e95064cb93295dd7cbc67d4355aa6aeac3dd72bd533bd5f,clinical:10,train,estagio_4,nao_classificavel,estagio_4,0,1,1,0,0,GRANULAÇÃO,ESFACELO,identity,ablation/tissue_classic_1229/images/10_3.jpg,ultralytics_curascan/datasets/estagio-nivel-34n-20-05-26/test/estagio_4/10_3.jpg
110_0 (3),110_0 (3),110_0 (3).jpg,885c2fc6274c35cc87d91c4c1fdaeda0cd2fd1525189a725e89ad9d7e378a6b1,110_0 (3).jpg,fba742183bbeace1d1d87aab45af025290298f7155c16eee7a5c760161b3c4e6,clinical:110,train,estagio_3,nao_classificavel,estagio_3,0,1,0,0,0,GRANULAÇÃO,NÃO CLASSIFICÁVEL,identity,ablation/tissue_classic_1229/images/110_0 (3).jpg,ultralytics_curascan/datasets/estagio-nivel-34n-20-05-26/train/estagio_3/110_0 (3).jpg
110_2,110_2,110_2.jpg,c9b877ac4e47e6bf01900de9c8dff1fcdbb7798d419cff2cec0444bffdeb2218,110_2.jpg,9bbfb7e9c2a04ad263db25fff775bb5b0e727845da19531987f1f6d564ebdc67,clinical:110,train,estagio_2,estagio_2,,0,1,0,0,0,GRANULAÇÃO,NÃO CLASSIFICÁVEL,identity,ablation/tissue_classic_1229/images/110_2.jpg,ultralytics_curascan/datasets/estagio-nivel-12n-20-05-26/train/estagio_2/110_2.jpg
111_0,111_0,111_0.jpg,5592d78573d941b17662eade6119827660d6897707c7cedec33aebd5e7dc1bdf,111_0.jpg,bf368bfdb4e92caa7c2f3e9a75d877ed5117d325adf0f977dd7c554c4425631e,clinical:111,train,estagio_3,nao_classificavel,estagio_3,0,1,0,0,0,GRANULAÇÃO,NÃO CLASSIFICÁVEL,identity,ablation/tissue_classic_1229/images/111_0.jpg,ultralytics_curascan/datasets/estagio-nivel-34n-20-05-26/test/estagio_3/111_0.jpg
111_0 (3),111_0 (3),111_0 (3).jpg,72f78cb8a1cba702b439fe8c1b181cf83311e6be5451699ad50f1ea1578f52cf,111_0 (3).jpg,1d734e9b6eae6010444c9e6aa5662fc7db7004b4cbf3ed6be7f9823cafa8297f,clinical:111,train,estagio_3,nao_classificavel,estagio_3,0,1,0,0,0,GRANULAÇÃO,NÃO CLASSIFICÁVEL,identity,ablation/tissue_classic_1229/images/111_0 (3).jpg,ultralytics_curascan/datasets/estagio-nivel-34n-20-05-26/train/estagio_3/111_0 (3).jpg
112_0,112_0,112_0.jpg,21a3d1c42c0ac143f0adc4ca0af23dbcbdf50c0c60fd487181012b89a2cfbcc4,112_0.jpg,058f02a4a02e862cf0362760e7279bc0d060fe3c2080e4dfd17fe37afe3a9271,clinical:112,train,estagio_3,nao_classificavel,estagio_3,0,1,1,0,0,GRANULAÇÃO,ESFACELO,identity,ablation/tissue_classic_1229/images/112_0.jpg,ultralytics_curascan/datasets/estagio-nivel-34n-20-05-26/train/estagio_3/112_0.jpg
112_0 (3),112_0 (3),112_0 (3).jpg,83aba9182db6ffc80795da4395854190cf3e1ae8884749bfc994e036afdd782d,112_0 (3).jpg,28de4e5cae8f134bbcd90ac004baaccbbd0a8e1959195f29de50351c0eacd66c,clinical:112,train,estagio_3,nao_classificavel,estagio_3,0,1,0,0,0,GRANULAÇÃO,NÃO CLASSIFICÁVEL,identity,ablation/tissue_classic_1229/images/112_0 (3).jpg,ultralytics_curascan/datasets/estagio-nivel-34n-20-05-26/train/estagio_3/112_0 (3).jpg
113_0,113_0,113_0.jpg,82d7a6e3a86b3c9820a251cefccd804c80fe73875d206115ad024c569fec669e,113_0.jpg,e427170c94346f599b1f1bbef4f4d4e24f2a3557415ca324d18f58f63ece3d4a,clinical:113,train,estagio_3,nao_classificavel,estagio_3,0,1,0,0,0,GRANULAÇÃO,NÃO CLASSIFICÁVEL,identity,ablation/tissue_classic_1229/images/113_0.jpg,ultralytics_curascan/datasets/estagio-nivel-34n-20-05-26/train/estagio_3/113_0.jpg
113_0 (2),113_0 (2),113_0 (2).jpg,f4141cc0be2b2ff193660bd4db8063fe1182f81d123532d905b82ea90b7873a2,113_0 (2).jpg,fcfcca6fa61be2e9f88aa35af67a2ff746a5a5231331aae4868c99796e93c417,clinical:113,train,estagio_4,nao_classificavel,estagio_4,0,1,1,0,0,GRANULAÇÃO,ESFACELO,identity,ablation/tissue_classic_1229/images/113_0 (2).jpg,ultralytics_curascan/datasets/estagio-nivel-34n-20-05-26/train/estagio_4/113_0 (2).jpg
113_0 (3),113_0 (3),113_0 (3).jpg,f503fc291d68f3e03fdbc1743bf67480c9d8e2c825ae06ce4f2a8d413cb220a1,113_0 (3).jpg,93b7df4d850219efc1fb6c6d1e42f5f7d207e63756b20ed36920fb2c79e9cf92,clinical:113,train,estagio_3,nao_classificavel,estagio_3,0,1,1,0,0,GRANULAÇÃO,ESFACELO,identity,ablation/tissue_classic_1229/images/113_0 (3).jpg,ultralytics_curascan/datasets/estagio-nivel-34n-20-05-26/test/estagio_3/113_0 (3).jpg
114_0,114_0,114_0.jpg,23f204a06e40ab67acd4e4491529d1dc2886e037d63aad8b1de625be53ca0158,114_0.jpg,b653041c1de2d2209c7cc6fabea106788dfce011b832e05c51ca581a3cad31c4,clinical:114,train,estagio_3,nao_classificavel,estagio_3,0,0,0,0,0,NÃO CLASSIFICÁVEL,NÃO CLASSIFICÁVEL,identity,ablation/tissue_classic_1229/images/114_0.jpg,ultralytics_curascan/datasets/estagio-nivel-34n-20-05-26/train/estagio_3/114_0.jpg
114_0 (2),114_0 (2),114_0 (2).jpg,acc08e52cffc75fce5f66706f05c2f43165abda45accac247830c9252809b00e,114_0 (2).jpg,a99adbf79eedaae33f107b241119d8fcaf28be352233bce52c8493afbef79160,clinical:114,train,estagio_4,nao_classificavel,estagio_4,0,0,1,0,0,NÃO CLASSIFICÁVEL,ESFACELO,identity,ablation/tissue_classic_1229/images/114_0 (2).jpg,ultralytics_curascan/datasets/estagio-nivel-34n-20-05-26/train/estagio_4/114_0 (2).jpg
114_0 (3),114_0 (3),114_0 (3).jpg,97b3e783227642deede5a7ae6191b6315da4b311259f0fa861a7bdde1e8aa4af,114_0 (3).jpg,f2214f7a4b93530d9b0713d8fc8c2473adf11332ac8d8136de6358a49f60eee8,clinical:114,train,estagio_3,nao_classificavel,estagio_3,0,1,1,0,0,GRANULAÇÃO,ESFACELO,identity,ablation/tissue_classic_1229/images/114_0 (3).jpg,ultralytics_curascan/datasets/estagio-nivel-34n-20-05-26/train/estagio_3/114_0 (3).jpg
114_1,114_1,114_1.jpg,8ac795bf595f14a3e4092be659f16bd924e04ae9ba5bc28ac1d0f776bbba3eec,114_1.jpg,91ed9381870f7202164c3ba906590828887d377580ccf83e2da67d4a25817399,clinical:114,train,estagio_2,estagio_2,,0,0,0,0,0,NÃO CLASSIFICÁVEL,NÃO CLASSIFICÁVEL,identity,ablation/tissue_classic_1229/images/114_1.jpg,ultralytics_curascan/datasets/estagio-nivel-12n-20-05-26/train/estagio_2/114_1.jpg
115_0 (2),115_0 (2),115_0 (2).jpg,15da5ba156160685ec313c263a36809dcfea6560bb78dcf850e02b9fe9bd3c58,115_0 (2).jpg,3acfe7fc52771d3b893ed8a5ddcccb8d9ec2030d1d14fc24396d73c7e69d1c01,clinical:115,train,estagio_3,nao_classificavel,estagio_3,0,1,0,0,0,GRANULAÇÃO,NÃO CLASSIFICÁVEL,identity,ablation/tissue_classic_1229/images/115_0 (2).jpg,ultralytics_curascan/datasets/estagio-nivel-34n-20-05-26/val/estagio_3/115_0 (2).jpg
115_1,115_1,115_1.jpg,480e8b0a5a72f6724a942f1f2662529dd00f71d2ea362c59aa2ee1bfa1981a07,115_1.jpg,c4f1a3cd93fc2596126383429c04e70eff235c196551405b23380d252b69bd22,clinical:115,train,estagio_2,estagio_2,,0,1,0,0,0,GRANULAÇÃO,NÃO CLASSIFICÁVEL,identity,ablation/tissue_classic_1229/images/115_1.jpg,ultralytics_curascan/datasets/estagio-nivel-12n-20-05-26/train/estagio_2/115_1.jpg
116_0 (3),116_0 (3),116_0 (3).jpg,8074334835746edb82103ee9051d7c655669909971c415706d44a85c4352e7d0,116_0 (3).jpg,52094565e1af4dfe9f985f8a50ebd2ed961490ae27eaab29cf027c387dcedc2e,clinical:116,train,estagio_3,nao_classificavel,estagio_3,0,1,0,0,0,GRANULAÇÃO,NÃO CLASSIFICÁVEL,identity,ablation/tissue_classic_1229/images/116_0 (3).jpg,ultralytics_curascan/datasets/estagio-nivel-34n-20-05-26/train/estagio_3/116_0 (3).jpg
118_0,118_0,118_0.jpg,f3c0d49a882c49085f90ae20b0ba05edbcb04783e5f66b4fb77c4ffbee2b271e,118_0.jpg,aabb4e23151ea82b0e9e80ed519e5956d57c65a4c4f19ee6db58762434cbd274,clinical:118,train,estagio_3,nao_classificavel,estagio_3,0,1,0,0,0,GRANULAÇÃO,NÃO CLASSIFICÁVEL,identity,ablation/tissue_classic_1229/images/118_0.jpg,ultralytics_curascan/datasets/estagio-nivel-34n-20-05-26/train/estagio_3/118_0.jpg
118_0 (3),118_0 (3),118_0 (3).jpg,db09034adcf0febcac6bcdd51d3bd70f0da687a2985b1d5905bf6ec72d93a64b,118_0 (3).jpg,b1788fa64b9faa531bdd960afa75f44fadfaf303406c00197115bd6f6c478bcd,clinical:118,train,estagio_2,estagio_2,,0,0,0,0,0,NÃO CLASSIFICÁVEL,NÃO CLASSIFICÁVEL,identity,ablation/tissue_classic_1229/images/118_0 (3).jpg,ultralytics_curascan/datasets/estagio-nivel-12n-20-05-26/test/estagio_2/118_0 (3).jpg
118_1,118_1,118_1.jpg,69a6042ad4ff4c2634d92c115c848a6ab3e71a38641dd8879630f6f95baaa2a6,118_1.jpg,f0e4a9d35b9ccd33d288e5c2f38e02c2afb8c20eecf36c71e0a4e15ad9824cca,clinical:118,train,estagio_2,estagio_2,,0,0,0,0,0,NÃO CLASSIFICÁVEL,NÃO CLASSIFICÁVEL,identity,ablation/tissue_classic_1229/images/118_1.jpg,ultralytics_curascan/datasets/estagio-nivel-12n-20-05-26/test/estagio_2/118_1.jpg
118_2,118_2,118_2.jpg,ae415b23b071a5810686f8a5afabb293a11df25d62eb85e8447f14a422dff935,118_2.jpg,2aa9a95f64d2f3d56f14ac6fe315467d45fdd2ac8de82d74107d86c1c2ce0cb7,clinical:118,train,estagio_2,estagio_2,,0,0,0,0,0,NÃO CLASSIFICÁVEL,NÃO CLASSIFICÁVEL,identity,ablation/tissue_classic_1229/images/118_2.jpg,ultralytics_curascan/datasets/estagio-nivel-12n-20-05-26/train/estagio_2/118_2.jpg
118_3,118_3,118_3.jpg,50a2ed9a9b4af5a970f3e959681de0626adcfdbbc924fc4d91241fb92afd3a19,118_3.jpg,688d1ca29d55e6d267af5c2c821f4c37a73da6932a62ffb6178aff139487fe36,clinical:118,train,estagio_2,estagio_2,,0,0,0,0,0,NÃO CLASSIFICÁVEL,NÃO CLASSIFICÁVEL,identity,ablation/tissue_classic_1229/images/118_3.jpg,ultralytics_curascan/datasets/estagio-nivel-12n-20-05-26/train/estagio_2/118_3.jpg
119_0 (2),119_0 (2),119_0 (2).jpg,9e80026c9864200bbc93c6eb13b00bb87a49d91ffbeec723b55c2a3255e38a0c,119_0 (2).jpg,e87e4dcacf9c1a44bb596d27be842f2a2b66aabddf8cb6a63c0c8143c264050c,clinical:119,train,estagio_3,nao_classificavel,estagio_3,0,0,0,0,0,NÃO CLASSIFICÁVEL,NÃO CLASSIFICÁVEL,identity,ablation/tissue_classic_1229/images/119_0 (2).jpg,ultralytics_curascan/datasets/estagio-nivel-34n-20-05-26/train/estagio_3/119_0 (2).jpg
119_0 (3),119_0 (3),119_0 (3).jpg,0929acc14391876edc23022331def92c0509d2e38c414dbc8e4323e742048eb1,119_0 (3).jpg,b72e3499f19baded59f7a15b73c81d21c936ca2b8d6be917f63d39f304f7fe20,clinical:119,train,estagio_3,nao_classificavel,estagio_3,0,1,0,0,0,GRANULAÇÃO,NÃO CLASSIFICÁVEL,identity,ablation/tissue_classic_1229/images/119_0 (3).jpg,ultralytics_curascan/datasets/estagio-nivel-34n-20-05-26/train/estagio_3/119_0 (3).jpg
11_0 (2),11_0 (2),11_0 (2).jpg,ca3824903d95c5c75007d3dd673cd9b42f9cf0df049f849c940d69fba7f20a34,11_0 (2).jpg,40c67bb74614a38f49794f26f2f6be30f9bc78b32d80cd4f0aa84dcc6b0a92e6,clinical:11,train,estagio_3,nao_classificavel,estagio_3,0,0,1,0,0,NÃO CLASSIFICÁVEL,ESFACELO,identity,ablation/tissue_classic_1229/images/11_0 (2).jpg,ultralytics_curascan/datasets/estagio-nivel-34n-20-05-26/val/estagio_3/11_0 (2).jpg
11_0 (3),11_0 (3),11_0 (3).jpg,b7b7a640e71b6d2007dfab7899f458881d03046f331b2020ddfeee98243b51ab,11_0 (3).jpg,b7eb318a66c6b16d3345f64a57adade15f356b20895aea88190cfe0e0c68e30a,clinical:11,train,estagio_3,nao_classificavel,estagio_3,0,1,1,0,0,GRANULAÇÃO,ESFACELO,identity,ablation/tissue_classic_1229/images/11_0 (3).jpg,ultralytics_curascan/datasets/estagio-nivel-34n-20-05-26/train/estagio_3/11_0 (3).jpg
11_1 (2),11_1 (2),11_1 (2).jpg,e25c63a3b6e2011acf28779ada3ac838a3c3c91851ce110c942181f7bbc0e78e,11_1 (2).jpg,efe3bf93069b48ecd29b0f0862268ce5722ca40b7908bae7233b4041313b0999,clinical:11,train,estagio_3,nao_classificavel,estagio_3,0,1,1,0,0,GRANULAÇÃO,ESFACELO,identity,ablation/tissue_classic_1229/images/11_1 (2).jpg,ultralytics_curascan/datasets/estagio-nivel-34n-20-05-26/train/estagio_3/11_1 (2).jpg
11_2 (2),11_2 (2),11_2 (2).jpg,9375985af2001f079bf26e2a6aed4ed7d1c96a09649e7f864e5e3ca9e4f93d51,11_2 (2).jpg,cfe54a839cdb5284d952839629c38cffbf29f6b8e8ba02efd59c0dc188e6eddd,clinical:11,train,estagio_3,nao_classificavel,estagio_3,0,1,0,0,0,GRANULAÇÃO,NÃO CLASSIFICÁVEL,identity,ablation/tissue_classic_1229/images/11_2 (2).jpg,ultralytics_curascan/datasets/estagio-nivel-34n-20-05-26/train/estagio_3/11_2 (2).jpg
120_0 (2),120_0 (2),120_0 (2).jpg,bb14e437ce0f71174e6edb31a9790e3957269189de809d7a12d609c0b7041a43,120_0 (2).jpg,8a6a7a72c038da1004b774fc18ad512c6dac867af1b6036dc52d8360a0f92ad2,clinical:120,train,estagio_4,nao_classificavel,estagio_4,0,1,0,0,0,GRANULAÇÃO,NÃO CLASSIFICÁVEL,identity,ablation/tissue_classic_1229/images/120_0 (2).jpg,ultralytics_curascan/datasets/estagio-nivel-34n-20-05-26/train/estagio_4/120_0 (2).jpg
120_0 (3),120_0 (3),120_0 (3).jpg,b06c9cfaeb636eb31b9901b91ebc9d4a3e576351aea7f5530ae3c421af85c386,120_0 (3).jpg,b1057609ddcdadf028cb809b3353e4dd400dcee45d888d71dfd3f132794ad942,clinical:120,train,estagio_3,nao_classificavel,estagio_3,0,1,0,0,0,GRANULAÇÃO,NÃO CLASSIFICÁVEL,identity,ablation/tissue_classic_1229/images/120_0 (3).jpg,ultralytics_curascan/datasets/estagio-nivel-34n-20-05-26/train/estagio_3/120_0 (3).jpg
121_0,121_0,121_0.jpg,810ebe8d2db64ec9a76899996d9d361babf8845c846b37794b610b6ebe185081,121_0.jpg,aab9790628629b7da8b845bf209f9fc9a260e43166d0fa5255948dc7baae7634,clinical:121,train,estagio_3,nao_classificavel,estagio_3,0,1,0,0,0,GRANULAÇÃO,NÃO CLASSIFICÁVEL,identity,ablation/tissue_classic_1229/images/121_0.jpg,ultralytics_curascan/datasets/estagio-nivel-34n-20-05-26/train/estagio_3/121_0.jpg
121_0 (3),121_0 (3),121_0 (3).jpg,d9f5c8ad71cec132c136fdb5d9edd427023bf6df408d13ffab375a7d1ba5ee5a,121_0 (3).jpg,71180b120733242bb07ed42532834030daec642dbd3578f8cadf8bdbfaaffd35,clinical:121,train,estagio_3,nao_classificavel,estagio_3,0,1,0,0,0,GRANULAÇÃO,NÃO CLASSIFICÁVEL,identity,ablation/tissue_classic_1229/images/121_0 (3).jpg,ultralytics_curascan/datasets/estagio-nivel-34n-20-05-26/train/estagio_3/121_0 (3).jpg
122_0 (2),122_0 (2),122_0 (2).jpg,d077bdb22f85aead176d7d646ef2e2292767f482d8f2f533a9c89498609a58bf,122_0 (2).jpg,57373062945efb2c939b4cb6b31239fac23dc8f40e2de7e883c1f7fe4c900a27,clinical:122,train,estagio_4,nao_classificavel,estagio_4,0,0,0,0,0,NÃO CLASSIFICÁVEL,NÃO CLASSIFICÁVEL,identity,ablation/tissue_classic_1229/images/122_0 (2).jpg,ultralytics_curascan/datasets/estagio-nivel-34n-20-05-26/train/estagio_4/122_0 (2).jpg
122_0 (3),122_0 (3),122_0 (3).jpg,e6a2d9143383b1654df419218b6486f7ade480a4d52975ef56296e42d99ec2fd,122_0 (3).jpg,f7aa0b24f939fcd15035cc45a97224346465bab16880d4bf9061c93259bb4d25,clinical:122,train,estagio_2,estagio_2,,0,0,0,0,0,NÃO CLASSIFICÁVEL,NÃO CLASSIFICÁVEL,identity,ablation/tissue_classic_1229/images/122_0 (3).jpg,ultralytics_curascan/datasets/estagio-nivel-12n-20-05-26/val/estagio_2/122_0 (3).jpg
122_1 (2),122_1 (2),122_1 (2).jpg,2f475fcfd177d435e5909cb277f893f112c28f1f88736853da99b89c0bb9deb2,122_1 (2).jpg,2bb7b80de6ee75b9a5954bb54007c1af05376b2ca1944a759e810bd4933af844,clinical:122,train,estagio_2,estagio_2,,0,1,0,0,0,GRANULAÇÃO,NÃO CLASSIFICÁVEL,identity,ablation/tissue_classic_1229/images/122_1 (2).jpg,ultralytics_curascan/datasets/estagio-nivel-12n-20-05-26/train/estagio_2/122_1 (2).jpg
122_2,122_2,122_2.jpg,742108b6752d6445446fe8cd2e6a5fdb9c1974b0f9e46ebf7a50b64f974bcc55,122_2.jpg,59c0e1852e447cd5656333d8fa2bf297e981ccfdc84fd5383b52dcf65c7a9d15,clinical:122,train,estagio_2,estagio_2,,0,0,0,0,0,NÃO CLASSIFICÁVEL,NÃO CLASSIFICÁVEL,identity,ablation/tissue_classic_1229/images/122_2.jpg,ultralytics_curascan/datasets/estagio-nivel-12n-20-05-26/test/estagio_2/122_2.jpg
122_3,122_3,122_3.jpg,33cdfc5af1f92d19e0b7d755c56d34fb0feae4e8769b6698c01122166a609a5c,122_3.jpg,1d3c074bad5ca06078b26538b208c14342f8f31acd466dc7d103c3a4fbd2fde2,clinical:122,train,estagio_2,estagio_2,,0,0,0,0,0,NÃO CLASSIFICÁVEL,NÃO CLASSIFICÁVEL,identity,ablation/tissue_classic_1229/images/122_3.jpg,ultralytics_curascan/datasets/estagio-nivel-12n-20-05-26/train/estagio_2/122_3.jpg
123_0 (2),123_0 (2),123_0 (2).jpg,c1c63b421b75e7073c0d78f18dbf1df8bb494793b7e9fb2bdf14562fabed6087,123_0 (2).jpg,001153119554aecc0d3e3a421616208e7b301eaae2ca6def16bb75c78a2fa889,clinical:123,train,estagio_4,nao_classificavel,estagio_4,0,1,1,0,0,GRANULAÇÃO,ESFACELO,identity,ablation/tissue_classic_1229/images/123_0 (2).jpg,ultralytics_curascan/datasets/estagio-nivel-34n-20-05-26/train/estagio_4/123_0 (2).jpg
123_0 (3),123_0 (3),123_0 (3).jpg,7367d70b95e4adc276eaf80b3849a4b6058996d30e11e1d0ba28a74b4ddb00de,123_0 (3).jpg,f205fb75e14bb7a1e294b72f85019b456320473e937483e0af864d70fd315482,clinical:123,train,estagio_3,nao_classificavel,estagio_3,0,0,0,0,0,NÃO CLASSIFICÁVEL,NÃO CLASSIFICÁVEL,identity,ablation/tissue_classic_1229/images/123_0 (3).jpg,ultralytics_curascan/datasets/estagio-nivel-34n-20-05-26/val/estagio_3/123_0 (3).jpg
126_0,126_0,126_0.jpg,c1b1fd5cdcbf631986574b840f508b8824037e8076f820a795d21bdfbb4db23c,126_0.jpg,3b2c7aebe00dee8e2d0ceebbb379bf70cb6cd867fe16391e6114d3235d8321d5,clinical:126,train,estagio_3,nao_classificavel,estagio_3,0,1,0,0,0,GRANULAÇÃO,NÃO CLASSIFICÁVEL,identity,ablation/tissue_classic_1229/images/126_0.jpg,ultralytics_curascan/datasets/estagio-nivel-34n-20-05-26/train/estagio_3/126_0.jpg
126_0 (2),126_0 (2),126_0 (2).jpg,82d7b64e565388f62cd5193bde0665c37408de4539a883e78fad0f76c7858aed,126_0 (2).jpg,973b634c664d177490bfee624e9de05ea6be1d198df9bef1d2acfeff2b96df03,clinical:126,train,estagio_4,nao_classificavel,estagio_4,0,0,0,0,0,NÃO CLASSIFICÁVEL,NÃO CLASSIFICÁVEL,identity,ablation/tissue_classic_1229/images/126_0 (2).jpg,ultralytics_curascan/datasets/estagio-nivel-34n-20-05-26/train/estagio_4/126_0 (2).jpg
126_0 (3),126_0 (3),126_0 (3).jpg,0604dfbe03f448551b6f9cbd4f4684c30534efa76aa5df0179050a7df99ab9a0,126_0 (3).jpg,b8f1467e5ae977b50e919d07f51da6761a69e30e0745c0e0676d21874a54c0c3,clinical:126,train,estagio_3,nao_classificavel,estagio_3,0,1,0,0,0,GRANULAÇÃO,NÃO CLASSIFICÁVEL,identity,ablation/tissue_classic_1229/images/126_0 (3).jpg,ultralytics_curascan/datasets/estagio-nivel-34n-20-05-26/train/estagio_3/126_0 (3).jpg
127_0 (2),127_0 (2),127_0 (2).jpg,5a6a30c3ccfe9e2669d1aea568ff71e9f3b3a63138d434e849f43d124cc29ca6,127_0 (2).jpg,3d7e1b5c677d32a9f580ce425ffb473c3fa9e011d661c35e5831f6d12d05a1d6,clinical:127,train,estagio_3,nao_classificavel,estagio_3,0,0,1,0,0,NÃO CLASSIFICÁVEL,ESFACELO,identity,ablation/tissue_classic_1229/images/127_0 (2).jpg,ultralytics_curascan/datasets/estagio-nivel-34n-20-05-26/train/estagio_3/127_0 (2).jpg
127_0 (3),127_0 (3),127_0 (3).jpg,2cefb966c04eb1fc0e786aeeb4bc3049fa83e426254a522d37f966f07d2854d7,127_0 (3).jpg,55cbdcc4a94ec20a8b9dd67d0044b9b8f5c50c4dcd8b7c4b58be63063a4d8fc6,clinical:127,train,estagio_3,nao_classificavel,estagio_3,0,1,0,0,0,GRANULAÇÃO,NÃO CLASSIFICÁVEL,identity,ablation/tissue_classic_1229/images/127_0 (3).jpg,ultralytics_curascan/datasets/estagio-nivel-34n-20-05-26/train/estagio_3/127_0 (3).jpg
128_0,128_0,128_0.jpg,91156744976cc37532c47e1f24c68e8baaddb2daf769f3bbae39462cd1cb6cc3,128_0.jpg,44e1d2e65b1b9051a012a0b4fdcced73a3be43e6d3f5c7b4e1423d319b0dba3d,clinical:128,train,estagio_4,nao_classificavel,estagio_4,0,1,0,0,0,GRANULAÇÃO,NÃO CLASSIFICÁVEL,identity,ablation/tissue_classic_1229/images/128_0.jpg,ultralytics_curascan/datasets/estagio-nivel-34n-20-05-26/test/estagio_4/128_0.jpg
128_0 (2),128_0 (2),128_0 (2).jpg,bbc9b018ec286bf2ee9db714f6bc0fdf83b2060967dc1018d7c2040bcf539657,128_0 (2).jpg,31dc1b5db8cae599a6a39b7a1b252df8d1dcbe193d6978f9c2fe934fb9331e25,clinical:128,train,estagio_3,nao_classificavel,estagio_3,0,1,0,0,0,GRANULAÇÃO,NÃO CLASSIFICÁVEL,identity,ablation/tissue_classic_1229/images/128_0 (2).jpg,ultralytics_curascan/datasets/estagio-nivel-34n-20-05-26/train/estagio_3/128_0 (2).jpg
128_0 (3),128_0 (3),128_0 (3).jpg,f3a13f948bc6d3e8ec5a8257e8164dab437effc2eba1cf688d03cffb83d0329e,128_0 (3).jpg,56efb7dd1644695f2bfbd170ee5270c50d4bddefc9dded92bbda6495e83b558a,clinical:128,train,estagio_3,nao_classificavel,estagio_3,0,1,0,0,0,GRANULAÇÃO,NÃO CLASSIFICÁVEL,identity,ablation/tissue_classic_1229/images/128_0 (3).jpg,ultralytics_curascan/datasets/estagio-nivel-34n-20-05-26/test/estagio_3/128_0 (3).jpg
129_0 (2),129_0 (2),129_0 (2).jpg,4e8d1fd799408bb7b56c5dc604e21d478f39d1c14abf81a4fa71c1120830626c,129_0 (2).jpg,7f79a8f9dc6ec9db21cb8316998c2d65293099071e23938d62aee2043fed24b1,clinical:129,train,estagio_3,nao_classificavel,estagio_3,0,1,0,0,0,GRANULAÇÃO,NÃO CLASSIFICÁVEL,identity,ablation/tissue_classic_1229/images/129_0 (2).jpg,ultralytics_curascan/datasets/estagio-nivel-34n-20-05-26/test/estagio_3/129_0 (2).jpg
129_2,129_2,129_2.jpg,9f90b4ebd35e975bb18d260305e0e78dd3d2ad7233f8d01077e875f166e7b45d,129_2.jpg,bc3d8b0ed02aac0d16456b16b4354aae26cc5780fa881c7bb057ef44747c10f1,clinical:129,train,estagio_3,nao_classificavel,estagio_3,0,0,0,0,0,NÃO CLASSIFICÁVEL,NÃO CLASSIFICÁVEL,identity,ablation/tissue_classic_1229/images/129_2.jpg,ultralytics_curascan/datasets/estagio-nivel-34n-20-05-26/train/estagio_3/129_2.jpg
129_3,129_3,129_3.jpg,c1204c635f0ae992fa9d1aac6faf3a6b124c72557b95b9611c8747e4f367bbaa,129_3.jpg,51eef1411f7034d678fe6cdc2cea4e58968579ff54148b7b429a1c517c527b4d,clinical:129,train,estagio_3,nao_classificavel,estagio_3,0,0,0,0,0,NÃO CLASSIFICÁVEL,NÃO CLASSIFICÁVEL,identity,ablation/tissue_classic_1229/images/129_3.jpg,ultralytics_curascan/datasets/estagio-nivel-34n-20-05-26/train/estagio_3/129_3.jpg
12_0 (2),12_0 (2),12_0 (2).jpg,f8ea7a4dba55e829e42bcbbd566a3aae1ff92b039a935178a7c2f50137e60006,12_0 (2).jpg,f68741785bb450712792c49871346cf98b662b095625a0fe2fd16ae67473f0a2,clinical:12,train,estagio_3,nao_classificavel,estagio_3,0,0,1,0,0,NÃO CLASSIFICÁVEL,ESFACELO,identity,ablation/tissue_classic_1229/images/12_0 (2).jpg,ultralytics_curascan/datasets/estagio-nivel-34n-20-05-26/train/estagio_3/12_0 (2).jpg
12_0 (3),12_0 (3),12_0 (3).jpg,0a8e80a264b34836ec69217a221b297190a8b3a43f385b9fbbcbfd351562ddf4,12_0 (3).jpg,890c8adeb1210a37bc08bc88906fcc963bc4d6594684c30b0ecbc1046bceb448,clinical:12,train,estagio_4,nao_classificavel,estagio_4,0,1,1,0,0,GRANULAÇÃO,ESFACELO,identity,ablation/tissue_classic_1229/images/12_0 (3).jpg,ultralytics_curascan/datasets/estagio-nivel-34n-20-05-26/train/estagio_4/12_0 (3).jpg
130_0 (2),130_0 (2),130_0 (2).jpg,66b8a6c54db4f7d7cf1f4068742343a270726b2b0025fae92f64666df665a5b5,130_0 (2).jpg,65ea9929a27767043f478ebd45cc75737720b77a8dd2890d8a92ed9d49d5261d,clinical:130,train,estagio_3,nao_classificavel,estagio_3,0,1,0,0,0,GRANULAÇÃO,NÃO CLASSIFICÁVEL,identity,ablation/tissue_classic_1229/images/130_0 (2).jpg,ultralytics_curascan/datasets/estagio-nivel-34n-20-05-26/train/estagio_3/130_0 (2).jpg
131_0,131_0,131_0.jpg,c4197bc297c84626b20978f5c0b3e65a00761eb9d4b3556dbf8a3ceb098900c8,131_0.jpg,de52bbce0095155d773b7d83c7c2c708b7f86504db0a068015e91bdfcc10b90e,clinical:131,train,estagio_3,nao_classificavel,estagio_3,0,0,0,0,0,NÃO CLASSIFICÁVEL,NÃO CLASSIFICÁVEL,identity,ablation/tissue_classic_1229/images/131_0.jpg,ultralytics_curascan/datasets/estagio-nivel-34n-20-05-26/train/estagio_3/131_0.jpg
131_0 (2),131_0 (2),131_0 (2).jpg,33b805d787904b8fd03c7116960dbbcafb885f42149b529efda0497cc80490cf,131_0 (2).jpg,eb059151da8b0138ca73b5f6d0bf2a93e6345800cfc93f5d0ca656f4284a8908,clinical:131,train,estagio_3,nao_classificavel,estagio_3,0,1,0,0,0,GRANULAÇÃO,NÃO CLASSIFICÁVEL,identity,ablation/tissue_classic_1229/images/131_0 (2).jpg,ultralytics_curascan/datasets/estagio-nivel-34n-20-05-26/train/estagio_3/131_0 (2).jpg
131_1,131_1,131_1.jpg,0054838ceae4ad86174969866970fc9ef797b364b64c921937be6e7d01734aa3,131_1.jpg,8675721ea4b2dabb0d79c2855920539e95d38dd5c7d3df9825df3c6e77840e74,clinical:131,train,estagio_3,nao_classificavel,estagio_3,0,1,0,0,0,GRANULAÇÃO,NÃO CLASSIFICÁVEL,identity,ablation/tissue_classic_1229/images/131_1.jpg,ultralytics_curascan/datasets/estagio-nivel-34n-20-05-26/train/estagio_3/131_1.jpg
132_0 (2),132_0 (2),132_0 (2).jpg,21fff134a558987331084168693d59832b9c94ed7919625883495c92a5ee3f19,132_0 (2).jpg,c514d8649dde76e1230ab8bde27ceabae9e14879524e1a1c58c72211dbc68c1c,clinical:132,train,estagio_2,estagio_2,,0,0,0,0,0,NÃO CLASSIFICÁVEL,NÃO CLASSIFICÁVEL,identity,ablation/tissue_classic_1229/images/132_0 (2).jpg,ultralytics_curascan/datasets/estagio-nivel-12n-20-05-26/train/estagio_2/132_0 (2).jpg
132_1,132_1,132_1.jpg,91c260def35e473b099d63e6525953f3062baee2c2b40cb3ff5d598d46e9ed0f,132_1.jpg,96a54c6510628772faf7d9fe76a24304e104ca1b39c5d9558f603186431550f0,clinical:132,train,estagio_3,nao_classificavel,estagio_3,0,0,0,0,0,NÃO CLASSIFICÁVEL,NÃO CLASSIFICÁVEL,identity,ablation/tissue_classic_1229/images/132_1.jpg,ultralytics_curascan/datasets/estagio-nivel-34n-20-05-26/train/estagio_3/132_1.jpg
133_0 (2),133_0 (2),133_0 (2).jpg,7fd2f5107112468cb1b80e38b8e9f26f1f2cc6ac408b7bfe9ef0a99cef3190d8,133_0 (2).jpg,8fe5c597a08cfa173905f49bed6b4fe0b38eea2751d395ea86eb54e479a74f8f,clinical:133,train,estagio_3,nao_classificavel,estagio_3,0,0,0,0,0,NÃO CLASSIFICÁVEL,NÃO CLASSIFICÁVEL,identity,ablation/tissue_classic_1229/images/133_0 (2).jpg,ultralytics_curascan/datasets/estagio-nivel-34n-20-05-26/train/estagio_3/133_0 (2).jpg
137_0,137_0,137_0.jpg,2738a91ef1ecaeb43a96cb92233af22d45fefa9636df5a34e5f46d7a39175ebe,137_0.jpg,42c0f019c0601baf5f241b60e8dd98a47408dfdb300e15cac8982b438a10f6eb,clinical:137,train,estagio_3,nao_classificavel,estagio_3,0,1,0,0,0,GRANULAÇÃO,NÃO CLASSIFICÁVEL,identity,ablation/tissue_classic_1229/images/137_0.jpg,ultralytics_curascan/datasets/estagio-nivel-34n-20-05-26/val/estagio_3/137_0.jpg
137_0 (2),137_0 (2),137_0 (2).jpg,b95d5edf4b338a280ce50acd5727a1791aad25be2414f619e01333fe5a9f3e6a,137_0 (2).jpg,7b3e1ff2fc90b75165eedd8614e33f179ec770938213d235e862d13283eb83da,clinical:137,train,estagio_3,nao_classificavel,estagio_3,0,1,0,0,0,GRANULAÇÃO,NÃO CLASSIFICÁVEL,identity,ablation/tissue_classic_1229/images/137_0 (2).jpg,ultralytics_curascan/datasets/estagio-nivel-34n-20-05-26/test/estagio_3/137_0 (2).jpg
138_1,138_1,138_1.jpg,6357fa11e64f8713861086619b3065ccb5bb1d03ec9e83bdbd5d65d1a69a1089,138_1.jpg,e932259b7dd28d215a5f7ba9c84bdac7138337dd5ad6fcdc93f02a02a4658c50,clinical:138,train,estagio_3,nao_classificavel,estagio_3,0,1,0,0,0,GRANULAÇÃO,NÃO CLASSIFICÁVEL,identity,ablation/tissue_classic_1229/images/138_1.jpg,ultralytics_curascan/datasets/estagio-nivel-34n-20-05-26/train/estagio_3/138_1.jpg
13_0,13_0,13_0.jpg,4a23fb96413b9a6d4dcd58a7b515ec419b5b08d64ae15706ab14473d4eaf62b2,13_0.jpg,9ab16489bbaaf2f5fefa43221ee13778230527bf07a8a7317b2946ecacf74c91,clinical:13,train,estagio_3,nao_classificavel,estagio_3,0,1,1,0,0,GRANULAÇÃO,ESFACELO,identity,ablation/tissue_classic_1229/images/13_0.jpg,ultralytics_curascan/datasets/estagio-nivel-34n-20-05-26/train/estagio_3/13_0.jpg
13_0 (2),13_0 (2),13_0 (2).jpg,3a3799e2afa3671aa1e743dae16790f48087b7536a71a991deec127adb14e205,13_0 (2).jpg,762d75cef21924b8de5227bf1cf08d69f4eee8777960b9acf8252d1b88f4c5f3,clinical:13,train,estagio_3,nao_classificavel,estagio_3,0,0,0,0,0,NÃO CLASSIFICÁVEL,NÃO CLASSIFICÁVEL,identity,ablation/tissue_classic_1229/images/13_0 (2).jpg,ultralytics_curascan/datasets/estagio-nivel-34n-20-05-26/train/estagio_3/13_0 (2).jpg
13_0 (4),13_0 (4),13_0 (4).jpg,8fe216ec624bf7b1759d85c5f2d744bfa82ad679e1d919934515ac53713423eb,13_0 (4).jpg,da7e77fe1ec19763964b9d223044bae808a0c70881288693d96369d3542daca0,clinical:13,train,estagio_2,estagio_2,,1,0,0,0,0,HIPEREMIA,NÃO CLASSIFICÁVEL,identity,ablation/tissue_classic_1229/images/13_0 (4).jpg,ultralytics_curascan/datasets/estagio-nivel-12n-20-05-26/train/estagio_2/13_0 (4).jpg
13_1,13_1,13_1.jpg,ca10323260f8366bc0213ed16e084e93afac055ce221b274537aa2d6a6d3c163,13_1.jpg,edb8e4418d8c700e7e143b5dff334daee05af875f6c5a53c2a308a44b1583dd8,clinical:13,train,estagio_3,nao_classificavel,estagio_3,0,0,0,0,0,NÃO CLASSIFICÁVEL,NÃO CLASSIFICÁVEL,identity,ablation/tissue_classic_1229/images/13_1.jpg,ultralytics_curascan/datasets/estagio-nivel-34n-20-05-26/train/estagio_3/13_1.jpg
13_1 (2),13_1 (2),13_1 (2).jpg,9cc26895a320bee7f42594c5f9973ce48e7088fbc2f36bc568564d51ea1348ed,13_1 (2).jpg,08d26625f073dae2d1919a81e4bace07a97ba85a7a8f380324e398b93196e77f,clinical:13,train,estagio_3,nao_classificavel,estagio_3,0,1,0,0,0,GRANULAÇÃO,NÃO CLASSIFICÁVEL,identity,ablation/tissue_classic_1229/images/13_1 (2).jpg,ultralytics_curascan/datasets/estagio-nivel-34n-20-05-26/test/estagio_3/13_1 (2).jpg
13_2,13_2,13_2.jpg,0c4f1552d192c1d5928217d269ccae8db315f25fe12b8f969da8a7627107ded6,13_2.jpg,0844cdd3becd74543b4e684587cd7492e6d2d60d861eb37dff5744093ce4a1b0,clinical:13,train,estagio_3,nao_classificavel,estagio_3,0,1,1,0,0,GRANULAÇÃO,ESFACELO,identity,ablation/tissue_classic_1229/images/13_2.jpg,ultralytics_curascan/datasets/estagio-nivel-34n-20-05-26/train/estagio_3/13_2.jpg
140_0 (2),140_0 (2),140_0 (2).jpg,c1922d55a1edcf4931fff6d16713cdf7ecf5b7d7663c13e462bec93e46629efa,140_0 (2).jpg,5b5519c92260a2abb6d233109a052133f09aa401ec993e3036469ea769a027cd,clinical:140,train,estagio_3,nao_classificavel,estagio_3,0,1,0,0,0,GRANULAÇÃO,NÃO CLASSIFICÁVEL,identity,ablation/tissue_classic_1229/images/140_0 (2).jpg,ultralytics_curascan/datasets/estagio-nivel-34n-20-05-26/test/estagio_3/140_0 (2).jpg
140_1,140_1,140_1.jpg,b81190cd01067152e3d82de668a9ffb6b350dfb506c8d11e8cfb6487f942f542,140_1.jpg,e9792c452c2edb4c965f693d4c71dc4d1067ec139509f5f93f861c7dfcb80d4c,clinical:140,train,estagio_3,nao_classificavel,estagio_3,0,1,0,0,0,GRANULAÇÃO,NÃO CLASSIFICÁVEL,identity,ablation/tissue_classic_1229/images/140_1.jpg,ultralytics_curascan/datasets/estagio-nivel-34n-20-05-26/train/estagio_3/140_1.jpg
141_0,141_0,141_0.jpg,da3467dc36d1b67382ee634772b50553e18ee030f4f9b55b710655a5e015265c,141_0.jpg,b7345f10d823d8da361e7fddde1108c24e5fdd8a1dc307e6873ef43bc37d86af,clinical:141,train,estagio_3,nao_classificavel,estagio_3,0,0,1,0,0,NÃO CLASSIFICÁVEL,ESFACELO,identity,ablation/tissue_classic_1229/images/141_0.jpg,ultralytics_curascan/datasets/estagio-nivel-34n-20-05-26/test/estagio_3/141_0.jpg
141_0 (2),141_0 (2),141_0 (2).jpg,98774c5f71e1d5eeb044c3d8d92e6c4f16534faed8b7257d0b9c4ac238b712dd,141_0 (2).jpg,382d6632da081dde73d78975aef8c6b916e94f64f362f8f0ad58008ad3bac933,clinical:141,train,estagio_2,estagio_2,,1,0,0,0,0,HIPEREMIA,NÃO CLASSIFICÁVEL,identity,ablation/tissue_classic_1229/images/141_0 (2).jpg,ultralytics_curascan/datasets/estagio-nivel-12n-20-05-26/train/estagio_2/141_0 (2).jpg
142_0,142_0,142_0.jpg,e396d8928ab0cb71148245cf6078594e484c7b3db8dee0168675a0039d01b4aa,142_0.jpg,69c67d90bf78c9436d0142b3a8bd718512730577da9010e0e8d1be1b8594842a,clinical:142,train,estagio_3,nao_classificavel,estagio_3,0,1,0,0,0,GRANULAÇÃO,NÃO CLASSIFICÁVEL,identity,ablation/tissue_classic_1229/images/142_0.jpg,ultralytics_curascan/datasets/estagio-nivel-34n-20-05-26/train/estagio_3/142_0.jpg
142_0 (2),142_0 (2),142_0 (2).jpg,4939e41f0b4cd57e95c6bc85247549c988d0a096a1bb61919feb572e879157ab,142_0 (2).jpg,9d29f97e41f79b9d1196320564a3599ce35c5a2ebf47f6cb8a2ec833e62e5a10,clinical:142,train,estagio_3,nao_classificavel,estagio_3,0,1,0,0,0,GRANULAÇÃO,NÃO CLASSIFICÁVEL,identity,ablation/tissue_classic_1229/images/142_0 (2).jpg,ultralytics_curascan/datasets/estagio-nivel-34n-20-05-26/test/estagio_3/142_0 (2).jpg
143_0 (2),143_0 (2),143_0 (2).jpg,38c017d1a789437e158f78d087f7c0ea49a3fb630812d167b39b3ebd35de6cb1,143_0 (2).jpg,284fb08b38efb62ca030740ae1326a3aceb05848ea632eaa8bd4be7463318114,clinical:143,train,estagio_3,nao_classificavel,estagio_3,0,0,0,0,0,NÃO CLASSIFICÁVEL,NÃO CLASSIFICÁVEL,identity,ablation/tissue_classic_1229/images/143_0 (2).jpg,ultralytics_curascan/datasets/estagio-nivel-34n-20-05-26/train/estagio_3/143_0 (2).jpg
144_0 (2),144_0 (2),144_0 (2).jpg,d3d8ea3eb93af7f348c9ec047c7ecd0953be2807b3a10324114209292019a5eb,144_0 (2).jpg,ef5f8a88ba7fdd01838f070e10d31d300d5f3795435e339b3bdb7e51d50df188,clinical:144,train,estagio_3,nao_classificavel,estagio_3,0,1,0,0,0,GRANULAÇÃO,NÃO CLASSIFICÁVEL,identity,ablation/tissue_classic_1229/images/144_0 (2).jpg,ultralytics_curascan/datasets/estagio-nivel-34n-20-05-26/test/estagio_3/144_0 (2).jpg
144_1,144_1,144_1.jpg,db122307a93b0114ec7744bef864afe7dcbc27d38ae143c3921d5ea99abed1c3,144_1.jpg,6490fb2b75d80d386ddb65aefeb00772dc1ad98abe9f9f1e03e8139783c101b2,clinical:144,train,estagio_2,estagio_2,,1,1,0,0,0,AMBAS,NÃO CLASSIFICÁVEL,identity,ablation/tissue_classic_1229/images/144_1.jpg,ultralytics_curascan/datasets/estagio-nivel-12n-20-05-26/val/estagio_2/144_1.jpg
144_2,144_2,144_2.jpg,c35b4ad7f00e02951dad00169d86f06e593337f528d1d543113b445a44ffee8d,144_2.jpg,f7e40f2c3751dcf5f8a4ae3af643a5800fd406c9e26a5c236d9e1842db93ed11,clinical:144,train,estagio_3,nao_classificavel,estagio_3,0,1,0,0,0,GRANULAÇÃO,NÃO CLASSIFICÁVEL,identity,ablation/tissue_classic_1229/images/144_2.jpg,ultralytics_curascan/datasets/estagio-nivel-34n-20-05-26/test/estagio_3/144_2.jpg
144_3,144_3,144_3.jpg,9d7c04083de804b2bb05c6654ab1fc82ead3a67c235dad6331c1ee174a0414b4,144_3.jpg,64e60dc62a50c43083fcc3f61d39e6d2f0f15a2589a8ccfe8b5df23255f527d9,clinical:144,train,estagio_3,nao_classificavel,estagio_3,0,1,0,0,0,GRANULAÇÃO,NÃO CLASSIFICÁVEL,identity,ablation/tissue_classic_1229/images/144_3.jpg,ultralytics_curascan/datasets/estagio-nivel-34n-20-05-26/train/estagio_3/144_3.jpg
144_4,144_4,144_4.jpg,bb307248381e40b16485a7ad3ebde97839892d99d5631cbd5b81aa7006900565,144_4.jpg,475bc11b740f3b2966f9abc841b7f147dc665d4000a9138e6499fa625cb237fe,clinical:144,train,estagio_2,estagio_2,,1,1,0,0,0,AMBAS,NÃO CLASSIFICÁVEL,identity,ablation/tissue_classic_1229/images/144_4.jpg,ultralytics_curascan/datasets/estagio-nivel-12n-20-05-26/train/estagio_2/144_4.jpg
146_0 (2),146_0 (2),146_0 (2).jpg,8b8d238854c48408f08efd8205bc1dc0ef2ed231f19dbe2d91d4cac2554ef1ed,146_0 (2).jpg,418bbcffdd6487773572f66b49078d72045406af2c5cec48aa95d2526d54916d,clinical:146,train,estagio_3,nao_classificavel,estagio_3,0,1,0,0,0,GRANULAÇÃO,NÃO CLASSIFICÁVEL,identity,ablation/tissue_classic_1229/images/146_0 (2).jpg,ultralytics_curascan/datasets/estagio-nivel-34n-20-05-26/val/estagio_3/146_0 (2).jpg
146_2,146_2,146_2.jpg,028e66b7e651219b3585079f85cb4c4a871816ab94789602cb9c7fe0cacee4fb,146_2.jpg,30fdc283e5c73753b0526ab1fdfbdcb642f6857334272d7b796f3464cf9723da,clinical:146,train,estagio_3,nao_classificavel,estagio_3,0,0,0,0,0,NÃO CLASSIFICÁVEL,NÃO CLASSIFICÁVEL,identity,ablation/tissue_classic_1229/images/146_2.jpg,ultralytics_curascan/datasets/estagio-nivel-34n-20-05-26/train/estagio_3/146_2.jpg
147_0 (2),147_0 (2),147_0 (2).jpg,c05daff246551bceab4daa8b84f1dd4c2db7e29fd993f4f6fbc2c5f2e5d74ff3,147_0 (2).jpg,f4017964c3d02b072b2970e77ab766278746a496882cf853f7e5772463ee4ea0,clinical:147,train,estagio_3,nao_classificavel,estagio_3,0,1,0,0,0,GRANULAÇÃO,NÃO CLASSIFICÁVEL,identity,ablation/tissue_classic_1229/images/147_0 (2).jpg,ultralytics_curascan/datasets/estagio-nivel-34n-20-05-26/train/estagio_3/147_0 (2).jpg
148_0,148_0,148_0.jpg,af63183449f6f801838df9902f755e9a05b3d4f16ee5c67f78b24692f37e5be2,148_0.jpg,b9fbc7829098534610bfc3aa953634c9d1cb46a35ad22869dc6b3f5f099b4a86,clinical:148,train,estagio_3,nao_classificavel,estagio_3,0,1,0,0,0,GRANULAÇÃO,NÃO CLASSIFICÁVEL,identity,ablation/tissue_classic_1229/images/148_0.jpg,ultralytics_curascan/datasets/estagio-nivel-34n-20-05-26/train/estagio_3/148_0.jpg
148_0 (2),148_0 (2),148_0 (2).jpg,f9368401c946f16589a10595c726a2d6a36427b62c337eaebf31777f96e6534c,148_0 (2).jpg,00c8c2472f30ac9bb43a495261091ec3f598ed91066f05266fbdd9a5d1c51199,clinical:148,train,estagio_3,nao_classificavel,estagio_3,0,1,0,0,0,GRANULAÇÃO,NÃO CLASSIFICÁVEL,identity,ablation/tissue_classic_1229/images/148_0 (2).jpg,ultralytics_curascan/datasets/estagio-nivel-34n-20-05-26/train/estagio_3/148_0 (2).jpg
149_0 (2),149_0 (2),149_0 (2).jpg,20b03dc9b814244d5120d11e454b7c38a333ebd77fceb2f15e1ac9ed853639f6,149_0 (2).jpg,0b96c0373c9c53f3e528418672aeb8a9fd20c8b7de9dc3791cd7e2ac1cf5575b,clinical:149,train,estagio_3,nao_classificavel,estagio_3,0,1,0,0,0,GRANULAÇÃO,NÃO CLASSIFICÁVEL,identity,ablation/tissue_classic_1229/images/149_0 (2).jpg,ultralytics_curascan/datasets/estagio-nivel-34n-20-05-26/train/estagio_3/149_0 (2).jpg
14_0 (4),14_0 (4),14_0 (4).jpg,5d5fbb3b5ce823368117ea547f3cd930c104e23d98d10a10b2dbd01f3d27f855,14_0 (4).jpg,74539d195a03d6853a7013c8f039c041398d4acabfa29c3fa5ed22516964a1ca,clinical:14,train,estagio_2,estagio_2,,1,0,0,0,0,HIPEREMIA,NÃO CLASSIFICÁVEL,identity,ablation/tissue_classic_1229/images/14_0 (4).jpg,ultralytics_curascan/datasets/estagio-nivel-12n-20-05-26/val/estagio_2/14_0 (4).jpg
150_0 (2),150_0 (2),150_0 (2).jpg,376ce6cde8564954bd3c14fb75a44002c4eca8f64176f5d5f20828366f94061b,150_0 (2).jpg,4760c080cd365c35ec1888890abecea713ce1ca9bbfd36895061980181c0b9f0,clinical:150,train,estagio_3,nao_classificavel,estagio_3,0,1,0,0,0,GRANULAÇÃO,NÃO CLASSIFICÁVEL,identity,ablation/tissue_classic_1229/images/150_0 (2).jpg,ultralytics_curascan/datasets/estagio-nivel-34n-20-05-26/train/estagio_3/150_0 (2).jpg
150_1,150_1,150_1.jpg,eabc51089d4f8a54167a71400ec131d45c5f89458bd9ace29a77a25937a1115c,150_1.jpg,6dc543c2d73cfa94fa9e59195219cdb6ac49de47275675f378602cedea57b134,clinical:150,train,estagio_3,nao_classificavel,estagio_3,0,1,1,0,0,GRANULAÇÃO,ESFACELO,identity,ablation/tissue_classic_1229/images/150_1.jpg,ultralytics_curascan/datasets/estagio-nivel-34n-20-05-26/train/estagio_3/150_1.jpg
151_0,151_0,151_0.jpg,7fb4b5059086a33ae7f741d7f5f1af0118066c781f8af01b51fe04f862d5c10a,151_0.jpg,488d666c5380ab293d618c5dec43cd2a37507dad5749cf6892c27237336760fc,clinical:151,train,estagio_3,nao_classificavel,estagio_3,0,1,0,0,0,GRANULAÇÃO,NÃO CLASSIFICÁVEL,identity,ablation/tissue_classic_1229/images/151_0.jpg,ultralytics_curascan/datasets/estagio-nivel-34n-20-05-26/train/estagio_3/151_0.jpg
151_1,151_1,151_1.jpg,099b53df27546e13a9304f018b5d1a032e3bf4dc1a9734d851ba411c3e251e7e,151_1.jpg,1d5cac77fb56a19642d00d2f672ec4e22cf397ac421f8d64bce82f6b680188da,clinical:151,train,estagio_3,nao_classificavel,estagio_3,0,1,0,0,0,GRANULAÇÃO,NÃO CLASSIFICÁVEL,identity,ablation/tissue_classic_1229/images/151_1.jpg,ultralytics_curascan/datasets/estagio-nivel-34n-20-05-26/train/estagio_3/151_1.jpg
152_0,152_0,152_0.jpg,c65a1c26d3e768c6983de4043c4d208588efcd3459be44161099403142c53138,152_0.jpg,6f2c93ec3fb6eb63335ac111802de9bfc1433efaa054c800700dcb6c1320d870,clinical:152,train,estagio_3,nao_classificavel,estagio_3,0,1,0,0,0,GRANULAÇÃO,NÃO CLASSIFICÁVEL,identity,ablation/tissue_classic_1229/images/152_0.jpg,ultralytics_curascan/datasets/estagio-nivel-34n-20-05-26/train/estagio_3/152_0.jpg
152_0 (2),152_0 (2),152_0 (2).jpg,387c640491e8e3eeb2e243d1838ea0cc994493b910d83789196be2316b74d6d1,152_0 (2).jpg,256c5c65aa904f2f3ad5ae51fe38abf053fe4d3de39d02d7a96738f434400fd8,clinical:152,train,estagio_2,estagio_2,,0,0,0,0,0,NÃO CLASSIFICÁVEL,NÃO CLASSIFICÁVEL,identity,ablation/tissue_classic_1229/images/152_0 (2).jpg,ultralytics_curascan/datasets/estagio-nivel-12n-20-05-26/train/estagio_2/152_0 (2).jpg
154_0,154_0,154_0.jpg,546d63edc9dfebe4399a19efe6c5b45d96486a67ff8c7af273ac0e5478c1919f,154_0.jpg,f7cc25cb83494f77d139f5314f730fa855eeedea8a4762f4254968cbb626ee22,clinical:154,train,estagio_3,nao_classificavel,estagio_3,0,1,0,0,0,GRANULAÇÃO,NÃO CLASSIFICÁVEL,identity,ablation/tissue_classic_1229/images/154_0.jpg,ultralytics_curascan/datasets/estagio-nivel-34n-20-05-26/train/estagio_3/154_0.jpg
154_0 (2),154_0 (2),154_0 (2).jpg,f5724d6f3865a76300e16eb89d070b0a9e62cdaaaff35f8c4a01da5f1ab36bbb,154_0 (2).jpg,f0bc0dec8df0a3f13f7b071cf302017acb28bb3d0248fb9218d43e9d708545d9,clinical:154,train,estagio_2,estagio_2,,0,0,0,0,0,NÃO CLASSIFICÁVEL,NÃO CLASSIFICÁVEL,identity,ablation/tissue_classic_1229/images/154_0 (2).jpg,ultralytics_curascan/datasets/estagio-nivel-12n-20-05-26/train/estagio_2/154_0 (2).jpg
155_0,155_0,155_0.jpg,b6152da70265a197851df2d1485522d0c3bc52133cba2beb93bdd814bbe3b977,155_0.jpg,4b5a9f8552a4de79da91c10e1b0ff5d3755d124356139ff88333467b1ffe65fc,clinical:155,train,estagio_3,nao_classificavel,estagio_3,0,1,1,0,0,GRANULAÇÃO,ESFACELO,identity,ablation/tissue_classic_1229/images/155_0.jpg,ultralytics_curascan/datasets/estagio-nivel-34n-20-05-26/train/estagio_3/155_0.jpg
156_0,156_0,156_0.jpg,b6ccf9d9e74d513468824c76c9f499f2abfafa5b5bfdc9fde2cecf1e58604fb3,156_0.jpg,4c381935be133dd9f5be0356b33d266fd063c6fdf741b828ea6e93370f0be23b,clinical:156,train,estagio_3,nao_classificavel,estagio_3,0,1,0,0,0,GRANULAÇÃO,NÃO CLASSIFICÁVEL,identity,ablation/tissue_classic_1229/images/156_0.jpg,ultralytics_curascan/datasets/estagio-nivel-34n-20-05-26/val/estagio_3/156_0.jpg
156_1,156_1,156_1.jpg,a8cb6b123c64d3f1d62682f3a19ac9a5907839a63cb24b07434a577afc46b5b4,156_1.jpg,16022b18f3436e81cda45a771d0e782d6a62989ffcef3fa445ff93d5c2732cf1,clinical:156,train,estagio_2,estagio_2,,0,1,0,0,0,GRANULAÇÃO,NÃO CLASSIFICÁVEL,identity,ablation/tissue_classic_1229/images/156_1.jpg,ultralytics_curascan/datasets/estagio-nivel-12n-20-05-26/val/estagio_2/156_1.jpg
15_0 (3),15_0 (3),15_0 (3).jpg,8672cd6a4d358a5554151838e832864599460d50d94bb48db66b0373a93da800,15_0 (3).jpg,29b637e738ad4696ec85789e0c964458d48ffdfcd1a9b1e7841c21f2b24725db,clinical:15,train,estagio_3,nao_classificavel,estagio_3,0,1,0,0,0,GRANULAÇÃO,NÃO CLASSIFICÁVEL,identity,ablation/tissue_classic_1229/images/15_0 (3).jpg,ultralytics_curascan/datasets/estagio-nivel-34n-20-05-26/val/estagio_3/15_0 (3).jpg
15_0 (4),15_0 (4),15_0 (4).jpg,c9f545e008e5655b241ef96c310b303c9162cf68efc3fa059facbe80649c12e4,15_0 (4).jpg,8a6348fb9843ecd17416a4498b25f2e9ef7ec8f23d3320396bf74d0969948ab3,clinical:15,train,estagio_1,estagio_1,,1,0,0,0,0,HIPEREMIA,NÃO CLASSIFICÁVEL,identity,ablation/tissue_classic_1229/images/15_0 (4).jpg,ultralytics_curascan/datasets/estagio-nivel-12n-20-05-26/test/estagio_1/15_0 (4).jpg
15_1,15_1,15_1.jpg,2570d6f66b7dc291c2c81406fdd14f230e26d8265ed7c50406db985547a75778,15_1.jpg,37c01e7f8f2295f2c0881ab69ba4b329c734bc3222a3a7de0711d9d6de47085c,clinical:15,train,estagio_3,nao_classificavel,estagio_3,0,1,1,0,0,GRANULAÇÃO,ESFACELO,identity,ablation/tissue_classic_1229/images/15_1.jpg,ultralytics_curascan/datasets/estagio-nivel-34n-20-05-26/train/estagio_3/15_1.jpg
16_0,16_0,16_0.jpg,3768b18338885d87612c1cf7035810c6a2700b97605c1e8fab6df81f7e0eea97,16_0.jpg,eea1671b2f1bb7b8056c31c4866c23586369ad5e1a72e505fae94b4ed13054e0,clinical:16,train,estagio_3,nao_classificavel,estagio_3,0,1,0,0,0,GRANULAÇÃO,NÃO CLASSIFICÁVEL,identity,ablation/tissue_classic_1229/images/16_0.jpg,ultralytics_curascan/datasets/estagio-nivel-34n-20-05-26/test/estagio_3/16_0.jpg
16_0 (2),16_0 (2),16_0 (2).jpg,a2704d14bbb97cb51c0e24da3942bd237e00bf35fb3288b6971b4b2dbaaec260,16_0 (2).jpg,3f5be6b9028c205ae43238e73ef917337aa656f0484d68f537a04cef95b64830,clinical:16,train,estagio_3,nao_classificavel,estagio_3,0,1,0,0,0,GRANULAÇÃO,NÃO CLASSIFICÁVEL,identity,ablation/tissue_classic_1229/images/16_0 (2).jpg,ultralytics_curascan/datasets/estagio-nivel-34n-20-05-26/test/estagio_3/16_0 (2).jpg
16_0 (4),16_0 (4),16_0 (4).jpg,d2bca9853d7a1f13d8d32af39641ba781c1118859c2ac60e0c6ed283874c4354,16_0 (4).jpg,c86a83d4a64b5393bcfdb5735826084e3f25435a4ce4d0691f8395b924b40d8c,clinical:16,train,estagio_3,nao_classificavel,estagio_3,0,1,1,0,0,GRANULAÇÃO,ESFACELO,identity,ablation/tissue_classic_1229/images/16_0 (4).jpg,ultralytics_curascan/datasets/estagio-nivel-34n-20-05-26/train/estagio_3/16_0 (4).jpg
17_0,17_0,17_0.jpg,66965f2be7c8837bee69ab439099b29789896803fa4030a6ac78cbd0c20d3cf1,17_0.jpg,c0c5e73e57853b1a2230facd39a71e274bd42a9b35f541fa67a5124a5c4313f4,clinical:17,train,estagio_3,nao_classificavel,estagio_3,0,0,0,0,0,NÃO CLASSIFICÁVEL,NÃO CLASSIFICÁVEL,identity,ablation/tissue_classic_1229/images/17_0.jpg,ultralytics_curascan/datasets/estagio-nivel-34n-20-05-26/val/estagio_3/17_0.jpg
17_0 (2),17_0 (2),17_0 (2).jpg,fdd37f94f629d6c4e2fba325b16a0f6c2491988e3202b3f52b5f947d9272b886,17_0 (2).jpg,54c869361bd6ff24fe5889f9014013f882b406b62b97b8f2e9313e5ae29eecaf,clinical:17,train,estagio_3,nao_classificavel,estagio_3,0,1,0,0,0,GRANULAÇÃO,NÃO CLASSIFICÁVEL,identity,ablation/tissue_classic_1229/images/17_0 (2).jpg,ultralytics_curascan/datasets/estagio-nivel-34n-20-05-26/train/estagio_3/17_0 (2).jpg
17_0 (3),17_0 (3),17_0 (3).jpg,a36224473da3f44bb3e5c86d3515b98692549b258e6889413912f0d525e07f56,17_0 (3).jpg,6e983ca0ce8a1e16ad3cd186cd8990724aaa837e508507380b404bab7f62ceb4,clinical:17,train,estagio_3,nao_classificavel,estagio_3,0,1,0,0,0,GRANULAÇÃO,NÃO CLASSIFICÁVEL,identity,ablation/tissue_classic_1229/images/17_0 (3).jpg,ultralytics_curascan/datasets/estagio-nivel-34n-20-05-26/val/estagio_3/17_0 (3).jpg
17_1,17_1,17_1.jpg,a545cb495f35d1c122dd234e2a55d8677186956162af2a015b39cb2fe443921f,17_1.jpg,75dcb9a91581fd785261a003c696c79298e4fed335081a269b8344710fabb237,clinical:17,train,estagio_3,nao_classificavel,estagio_3,0,0,0,0,0,NÃO CLASSIFICÁVEL,NÃO CLASSIFICÁVEL,identity,ablation/tissue_classic_1229/images/17_1.jpg,ultralytics_curascan/datasets/estagio-nivel-34n-20-05-26/val/estagio_3/17_1.jpg
17_1 (2),17_1 (2),17_1 (2).jpg,e4af80e74d5b628cf959f8e3a4d08089d27920f9618a417ae69055eb3d42785f,17_1 (2).jpg,3cd7f2db1d2739b1195885f2ef4bfacaf609bf193f01c8e462a704236766b878,clinical:17,train,estagio_3,nao_classificavel,estagio_3,0,1,0,0,0,GRANULAÇÃO,NÃO CLASSIFICÁVEL,identity,ablation/tissue_classic_1229/images/17_1 (2).jpg,ultralytics_curascan/datasets/estagio-nivel-34n-20-05-26/train/estagio_3/17_1 (2).jpg
18_0,18_0,18_0.jpg,e3a39fa758f3647849d7d018a9f03089a157b0caf83ded7370e02789a82351f5,18_0.jpg,d7ace02b77358a281e2627549cca81e2cb9d82a40ded9c05b66a140179103ca6,clinical:18,train,estagio_3,nao_classificavel,estagio_3,0,0,1,0,0,NÃO CLASSIFICÁVEL,ESFACELO,identity,ablation/tissue_classic_1229/images/18_0.jpg,ultralytics_curascan/datasets/estagio-nivel-34n-20-05-26/train/estagio_3/18_0.jpg
18_0 (2),18_0 (2),18_0 (2).jpg,7c1f3066b9ed45f36d5d0af4b2967bf411de92e891193c39d4c91cc99854d337,18_0 (2).jpg,e62b2dbfc8ffbf0f39f82d04e848567eee280d8ea3cdaeda6cc4a8fbbe1cb146,clinical:18,train,estagio_3,nao_classificavel,estagio_3,0,0,0,0,0,NÃO CLASSIFICÁVEL,NÃO CLASSIFICÁVEL,identity,ablation/tissue_classic_1229/images/18_0 (2).jpg,ultralytics_curascan/datasets/estagio-nivel-34n-20-05-26/val/estagio_3/18_0 (2).jpg
18_0 (4),18_0 (4),18_0 (4).jpg,0b20068c3333ccce4ad5e59d4cafeb8c6a01d35fd594c413e8d4e7e105606073,18_0 (4).jpg,48b4a21847cae894ce6e6cc3d785c0bcaabbdf772eba7cf4d798ad1c17bac10c,clinical:18,train,estagio_2,estagio_2,,1,0,0,0,0,HIPEREMIA,NÃO CLASSIFICÁVEL,identity,ablation/tissue_classic_1229/images/18_0 (4).jpg,ultralytics_curascan/datasets/estagio-nivel-12n-20-05-26/val/estagio_2/18_0 (4).jpg
18_1,18_1,18_1.jpg,f8b4eb873a4b39c05f4af5484143b08845491c144203a8683e86884488900dfa,18_1.jpg,52759863b5e5940c52188417c573780c279bee4382e3f1272cb51ce674a3e2a1,clinical:18,train,estagio_3,nao_classificavel,estagio_3,0,0,1,0,0,NÃO CLASSIFICÁVEL,ESFACELO,identity,ablation/tissue_classic_1229/images/18_1.jpg,ultralytics_curascan/datasets/estagio-nivel-34n-20-05-26/train/estagio_3/18_1.jpg
1_0,1_0,1_0.jpg,5cc483cc4ed79b7e0a85514be78a65878a9a0025a102eb8fb9bdb5f4ac5f1b1a,1_0.jpg,6f883680c2049aab69493507aced52599242bea1485704a511b7e1652f11c66e,clinical:1,train,estagio_3,nao_classificavel,estagio_3,0,0,0,0,0,NÃO CLASSIFICÁVEL,NÃO CLASSIFICÁVEL,identity,ablation/tissue_classic_1229/images/1_0.jpg,ultralytics_curascan/datasets/estagio-nivel-34n-20-05-26/train/estagio_3/1_0.jpg
1_0 (4),1_0 (4),1_0 (4).jpg,73f497c1171b46ed76e4e9e31b88adb3c15e2e258a8fffc7af951a4a553bcb50,1_0 (4).jpg,24cfb03a66b0de6b660ad779fc97d7e15f4897e99b90379f3bad241ad205e496,clinical:1,train,estagio_2,estagio_2,,1,0,0,0,0,HIPEREMIA,NÃO CLASSIFICÁVEL,identity,ablation/tissue_classic_1229/images/1_0 (4).jpg,ultralytics_curascan/datasets/estagio-nivel-12n-20-05-26/train/estagio_2/1_0 (4).jpg
20_0 (2),20_0 (2),20_0 (2).jpg,31aa71eb815be076cf0e2193ae5135854ca0d5a0bcf1d999e334f8f3d9c17b7b,20_0 (2).jpg,7f0ea05299d36237e92add281178d55d646ddd4e431fcd8d5c5ff2b23398ecb5,clinical:20,train,estagio_3,nao_classificavel,estagio_3,0,1,0,0,0,GRANULAÇÃO,NÃO CLASSIFICÁVEL,identity,ablation/tissue_classic_1229/images/20_0 (2).jpg,ultralytics_curascan/datasets/estagio-nivel-34n-20-05-26/test/estagio_3/20_0 (2).jpg
20_0 (3),20_0 (3),20_0 (3).jpg,cbeca6e324e92f01d0df60a0bcd3f41ad58e34e2250a89e08644452b34070ad6,20_0 (3).jpg,1f273bc5bb9c24dec54453829ec4e09f0f63bc516cb7132f5815634d9cfc1962,clinical:20,train,estagio_3,nao_classificavel,estagio_3,0,1,0,0,0,GRANULAÇÃO,NÃO CLASSIFICÁVEL,identity,ablation/tissue_classic_1229/images/20_0 (3).jpg,ultralytics_curascan/datasets/estagio-nivel-34n-20-05-26/val/estagio_3/20_0 (3).jpg
20_0 (4),20_0 (4),20_0 (4).jpg,cae19482f35684e6581adeba4d8bfb9c53cde44799140e1ccf13b90928c2be78,20_0 (4).jpg,1d022a61e5ef89c99328ef83f112bf9384b54c3ecf4ee3de5568db5eb30db13a,clinical:20,train,estagio_2,estagio_2,,1,0,0,0,0,HIPEREMIA,NÃO CLASSIFICÁVEL,identity,ablation/tissue_classic_1229/images/20_0 (4).jpg,ultralytics_curascan/datasets/estagio-nivel-12n-20-05-26/train/estagio_2/20_0 (4).jpg
21_0 (2),21_0 (2),21_0 (2).jpg,4c029bb10551ee3f62f9349c2997e36250541bc7569b78e2a9fecbd754d4902a,21_0 (2).jpg,90c42749242404b96ef02cec2dafe987f5b0f2336b5feb6ef8032899850cf45a,clinical:21,train,estagio_3,nao_classificavel,estagio_3,0,1,0,0,0,GRANULAÇÃO,NÃO CLASSIFICÁVEL,identity,ablation/tissue_classic_1229/images/21_0 (2).jpg,ultralytics_curascan/datasets/estagio-nivel-34n-20-05-26/train/estagio_3/21_0 (2).jpg
21_0 (3),21_0 (3),21_0 (3).jpg,868e386a2ecccc2c09dff3e750303377bf1275ffeaae0cc48d146b68216a198e,21_0 (3).jpg,4ce012d4f9ac3e281eaaf22de2334be37c95a2319241a76fd68e2c4bc43eabfc,clinical:21,train,estagio_3,nao_classificavel,estagio_3,0,1,0,0,0,GRANULAÇÃO,NÃO CLASSIFICÁVEL,identity,ablation/tissue_classic_1229/images/21_0 (3).jpg,ultralytics_curascan/datasets/estagio-nivel-34n-20-05-26/train/estagio_3/21_0 (3).jpg
22_0,22_0,22_0.jpg,a90db8bae9dbf4463c561c988832a2fc06be80cabe50ddadaffac3cf9f5aee4c,22_0.jpg,040bfda7b9d733c5664db12cd76ca6857f5626ca82c35db9205b2e3a7321f9c2,clinical:22,train,estagio_3,nao_classificavel,estagio_3,0,1,0,0,0,GRANULAÇÃO,NÃO CLASSIFICÁVEL,identity,ablation/tissue_classic_1229/images/22_0.jpg,ultralytics_curascan/datasets/estagio-nivel-34n-20-05-26/test/estagio_3/22_0.jpg
22_0 (2),22_0 (2),22_0 (2).jpg,18efd785096457e9633870cbe8698db73d485929eb78b246f63b3dae2ed2a4f4,22_0 (2).jpg,b3b378740a915e81c5f9cd8308789817b196777298219186605bffec6a8dc8e1,clinical:22,train,estagio_1,estagio_1,,1,0,0,0,0,HIPEREMIA,NÃO CLASSIFICÁVEL,identity,ablation/tissue_classic_1229/images/22_0 (2).jpg,ultralytics_curascan/datasets/estagio-nivel-12n-20-05-26/test/estagio_1/22_0 (2).jpg
22_0 (3),22_0 (3),22_0 (3).jpg,774914198dfe6e9a96da46fa60208a0e8e8fa11e7cb985c9264c5b07382fcad5,22_0 (3).jpg,ec9e60f0360954ec6c8e0e91048cedbb5eac97519cf930e53cc166a39022405b,clinical:22,train,estagio_3,nao_classificavel,estagio_3,0,1,0,0,0,GRANULAÇÃO,NÃO CLASSIFICÁVEL,identity,ablation/tissue_classic_1229/images/22_0 (3).jpg,ultralytics_curascan/datasets/estagio-nivel-34n-20-05-26/test/estagio_3/22_0 (3).jpg
22_0 (4),22_0 (4),22_0 (4).jpg,75e2c83a0212d45f773915fdcc8075068ec013a1c709304c5f2a793b7df63a53,22_0 (4).jpg,000e01c94405cabca9269fc9af7c6c32b051caf2e7fd07c4e72ef44d5ed50b49,clinical:22,train,estagio_2,estagio_2,,1,0,0,0,0,HIPEREMIA,NÃO CLASSIFICÁVEL,identity,ablation/tissue_classic_1229/images/22_0 (4).jpg,ultralytics_curascan/datasets/estagio-nivel-12n-20-05-26/train/estagio_2/22_0 (4).jpg
23_0,23_0,23_0.jpg,cc8bda4f86bdc3c0f0846e75cfba1c3f94800ed381b378adbd909aa85736d1a6,23_0.jpg,a502ea633ed4c241c5640b496f578607e3a61fbc7f5727e4bebe4d125c69e917,clinical:23,train,estagio_3,nao_classificavel,estagio_3,0,1,0,0,0,GRANULAÇÃO,NÃO CLASSIFICÁVEL,identity,ablation/tissue_classic_1229/images/23_0.jpg,ultralytics_curascan/datasets/estagio-nivel-34n-20-05-26/train/estagio_3/23_0.jpg
23_0 (3),23_0 (3),23_0 (3).jpg,c4cb0d282e39ecf6abc263f7b989dc4e5ee4e9c75e83d29ba7195749877ff20c,23_0 (3).jpg,e095642cfd1f5e9c51e23ebcf3832601d14c007c9c066f02ab01b74b6d17c532,clinical:23,train,estagio_1,estagio_1,,1,0,0,0,0,HIPEREMIA,NÃO CLASSIFICÁVEL,identity,ablation/tissue_classic_1229/images/23_0 (3).jpg,ultralytics_curascan/datasets/estagio-nivel-12n-20-05-26/test/estagio_1/23_0 (3).jpg
23_0 (4),23_0 (4),23_0 (4).jpg,334ad69a8b6f73c3d9e89a0640b1ec32a82d474fcfccdfd19e3ac2ef21a9599e,23_0 (4).jpg,e84deb5d8f24f710174bfc338cea4d065c3123819e523227fa1f4b5183e7ac4c,clinical:23,train,estagio_2,estagio_2,,1,0,0,0,0,HIPEREMIA,NÃO CLASSIFICÁVEL,identity,ablation/tissue_classic_1229/images/23_0 (4).jpg,ultralytics_curascan/datasets/estagio-nivel-12n-20-05-26/train/estagio_2/23_0 (4).jpg
23_1,23_1,23_1.jpg,7cf43b384cc96563abafcd5ead9073f284a99704663e856c21599f1a7ff39ef0,23_1.jpg,6c2ab2427b4a24397c70cc4829489f55da193b5df17fab0f10a31a8a3822baa5,clinical:23,train,estagio_3,nao_classificavel,estagio_3,0,0,0,0,0,NÃO CLASSIFICÁVEL,NÃO CLASSIFICÁVEL,identity,ablation/tissue_classic_1229/images/23_1.jpg,ultralytics_curascan/datasets/estagio-nivel-34n-20-05-26/test/estagio_3/23_1.jpg
23_1 (3),23_1 (3),23_1 (3).jpg,55a59c433a0bf73b2a20d3d809bdf1987626162d6397a37062f6453563ccabcc,23_1 (3).jpg,e820f9e0b7c54627cc12daa6c2d8f04c91e91b598d1fb120dc4b5b7d531f4b20,clinical:23,train,estagio_3,nao_classificavel,estagio_3,0,1,0,0,0,GRANULAÇÃO,NÃO CLASSIFICÁVEL,identity,ablation/tissue_classic_1229/images/23_1 (3).jpg,ultralytics_curascan/datasets/estagio-nivel-34n-20-05-26/train/estagio_3/23_1 (3).jpg
24_0,24_0,24_0.jpg,6ef16edade33d20921854946ece6e03a9813e9fcecc015fd6ab9b4ee1f3ad30d,24_0.jpg,2a0689106458f79a0359d63118f6ec00e29b696fc4fda1add2046c0d554a64a9,clinical:24,train,estagio_3,nao_classificavel,estagio_3,0,0,1,1,0,NÃO CLASSIFICÁVEL,AMBAS,identity,ablation/tissue_classic_1229/images/24_0.jpg,ultralytics_curascan/datasets/estagio-nivel-34n-20-05-26/val/estagio_3/24_0.jpg
24_0 (2),24_0 (2),24_0 (2).jpg,93471b588b87d55bcf8333daf0f8261d014373b74535a49dd9fa7d5daf5408a7,24_0 (2).jpg,2fa4a03c08643ce7fc321459c33b761d37d6a3caf2eed23377f11f5af3053002,clinical:24,train,estagio_3,nao_classificavel,estagio_3,0,1,0,0,0,GRANULAÇÃO,NÃO CLASSIFICÁVEL,identity,ablation/tissue_classic_1229/images/24_0 (2).jpg,ultralytics_curascan/datasets/estagio-nivel-34n-20-05-26/test/estagio_3/24_0 (2).jpg
24_0 (3),24_0 (3),24_0 (3).jpg,4e1956ca9640835cb63aee9454df061d80b910fffe348a41fa7e6d4435d2e65b,24_0 (3).jpg,57666c4429b7bfdb12a6cc1b9106734eaff1e1ae098103ee81ebeb16fb6eb2e0,clinical:24,train,estagio_3,nao_classificavel,estagio_3,0,1,0,0,0,GRANULAÇÃO,NÃO CLASSIFICÁVEL,identity,ablation/tissue_classic_1229/images/24_0 (3).jpg,ultralytics_curascan/datasets/estagio-nivel-34n-20-05-26/test/estagio_3/24_0 (3).jpg
24_0 (4),24_0 (4),24_0 (4).jpg,5caf84c2f82d70f91395010af55cfa2ea9e5a60128a6d5a847ff78c85a352021,24_0 (4).jpg,c8d42297da0617a529ae01a5ddcbf857645c58de0f175b3e625108b3f5570214,clinical:24,train,estagio_3,nao_classificavel,estagio_3,0,1,0,0,0,GRANULAÇÃO,NÃO CLASSIFICÁVEL,identity,ablation/tissue_classic_1229/images/24_0 (4).jpg,ultralytics_curascan/datasets/estagio-nivel-34n-20-05-26/train/estagio_3/24_0 (4).jpg
24_1,24_1,24_1.jpg,dfaf2d76067ac5d85240d5f2e3b13adec7efc6bc5567a206314677c8cef26f54,24_1.jpg,c095bd0d6f5943c2ef94ee1b77efe003e11202b397f5754b2510e69c5af0690e,clinical:24,train,estagio_3,nao_classificavel,estagio_3,0,0,0,0,0,NÃO CLASSIFICÁVEL,NÃO CLASSIFICÁVEL,identity,ablation/tissue_classic_1229/images/24_1.jpg,ultralytics_curascan/datasets/estagio-nivel-34n-20-05-26/test/estagio_3/24_1.jpg
25_0 (3),25_0 (3),25_0 (3).jpg,998cbf49cf3c4ad9e085b1e19f5e5a96673a5129ecd5c368cd6998d3dc3bd906,25_0 (3).jpg,010ded56115a4035004b566c568884c85097f63b1b11b37d5d2595ad4e1b73a5,clinical:25,train,estagio_2,estagio_2,,1,0,0,0,0,HIPEREMIA,NÃO CLASSIFICÁVEL,identity,ablation/tissue_classic_1229/images/25_0 (3).jpg,ultralytics_curascan/datasets/estagio-nivel-12n-20-05-26/train/estagio_2/25_0 (3).jpg
25_0 (4),25_0 (4),25_0 (4).jpg,93aecb4becfcc80be4def689ff87c2874cf746bf078a8199a2ab40eaac20630f,25_0 (4).jpg,aa836cc46252597be80bf580341f80f430f33ff1d15f84e1b4d92c0dd387db0d,clinical:25,train,estagio_3,nao_classificavel,estagio_3,0,0,0,0,0,NÃO CLASSIFICÁVEL,NÃO CLASSIFICÁVEL,identity,ablation/tissue_classic_1229/images/25_0 (4).jpg,ultralytics_curascan/datasets/estagio-nivel-34n-20-05-26/train/estagio_3/25_0 (4).jpg
25_1 (2),25_1 (2),25_1 (2).jpg,7e08c1fa0e08137392e47e1ff946bfa696d17ff63381855bf25a7ad9ec5e2f44,25_1 (2).jpg,6c90ebbbcb0f8a69f2c2daac0ec4491258257e1288be85fd3f8272ea15a3395e,clinical:25,train,estagio_3,nao_classificavel,estagio_3,0,1,1,0,0,GRANULAÇÃO,ESFACELO,identity,ablation/tissue_classic_1229/images/25_1 (2).jpg,ultralytics_curascan/datasets/estagio-nivel-34n-20-05-26/train/estagio_3/25_1 (2).jpg
25_1 (3),25_1 (3),25_1 (3).jpg,f15a46cc65c04a4a55aa145b1bf5568ee19bc7706faa5b609b5536b15d18fe2a,25_1 (3).jpg,9383ef0d5d4bb2049b5596aad4417621efc2d0ebdb329e8e078ba01df7b4b9fc,clinical:25,train,estagio_3,nao_classificavel,estagio_3,0,0,1,0,0,NÃO CLASSIFICÁVEL,ESFACELO,identity,ablation/tissue_classic_1229/images/25_1 (3).jpg,ultralytics_curascan/datasets/estagio-nivel-34n-20-05-26/train/estagio_3/25_1 (3).jpg
25_2 (2),25_2 (2),25_2 (2).jpg,bd6de58d88811b64507065c2aca9c334c3b299a0e0bb33916eb258fa652508e0,25_2 (2).jpg,fa291ae86c5a8ec8452bf3d6240521acb5343254e04d6429dc47178330f21748,clinical:25,train,estagio_2,estagio_2,,0,0,0,0,0,NÃO CLASSIFICÁVEL,NÃO CLASSIFICÁVEL,identity,ablation/tissue_classic_1229/images/25_2 (2).jpg,ultralytics_curascan/datasets/estagio-nivel-12n-20-05-26/train/estagio_2/25_2 (2).jpg
25_3 (2),25_3 (2),25_3 (2).jpg,57ea1a6818047ad4eb27af0a85d7f8a5e9e0c27a97f415c85618b90d8681a5de,25_3 (2).jpg,f0840ce8aa315ce6be491236662b4fde5734d6c59fb9cbc409be9a68501c3b70,clinical:25,train,estagio_2,estagio_2,,1,0,0,0,0,HIPEREMIA,NÃO CLASSIFICÁVEL,identity,ablation/tissue_classic_1229/images/25_3 (2).jpg,ultralytics_curascan/datasets/estagio-nivel-12n-20-05-26/train/estagio_2/25_3 (2).jpg
25_4,25_4,25_4.jpg,a8011ea04dfba717806bdb61bbd60dd75c59bd51d6db7d81034e8abde98855e8,25_4.jpg,c08f2e317683881da186211ff6b76ad1c8b8b341365a15568b8f012d8355d4f0,clinical:25,train,estagio_3,nao_classificavel,estagio_3,0,0,1,0,0,NÃO CLASSIFICÁVEL,ESFACELO,identity,ablation/tissue_classic_1229/images/25_4.jpg,ultralytics_curascan/datasets/estagio-nivel-34n-20-05-26/train/estagio_3/25_4.jpg
27_0,27_0,27_0.jpg,6fec93c593586d700807c78916c4b0f716fabc4c5c345d29578e018ce8303239,27_0.jpg,0c28ca93f10b0185028de673a2e8533277dd5a8d3b4f9e2694758c6c5155f76a,clinical:27,train,estagio_4,nao_classificavel,estagio_4,0,0,1,0,0,NÃO CLASSIFICÁVEL,ESFACELO,identity,ablation/tissue_classic_1229/images/27_0.jpg,ultralytics_curascan/datasets/estagio-nivel-34n-20-05-26/train/estagio_4/27_0.jpg
27_0 (2),27_0 (2),27_0 (2).jpg,c5e101a88e49aecad625c2c4b4df542213d6e0bf25fa7081ad232937644dc902,27_0 (2).jpg,f8e715535baf489a89d1b286865f53e9d1b5e5a7b3b7e3453512ad1c0692a50a,clinical:27,train,estagio_3,nao_classificavel,estagio_3,0,0,0,0,0,NÃO CLASSIFICÁVEL,NÃO CLASSIFICÁVEL,identity,ablation/tissue_classic_1229/images/27_0 (2).jpg,ultralytics_curascan/datasets/estagio-nivel-34n-20-05-26/test/estagio_3/27_0 (2).jpg
27_0 (3),27_0 (3),27_0 (3).jpg,13786bb3158ede08a66380fd90c171536b874578975ab0b7feec057564df9f55,27_0 (3).jpg,dc8dbfa3fd7a3acc796c5b1c0c8644ac3fa99f3d7b2c102d3974f071c1425489,clinical:27,train,estagio_4,nao_classificavel,estagio_4,0,0,0,0,0,NÃO CLASSIFICÁVEL,NÃO CLASSIFICÁVEL,identity,ablation/tissue_classic_1229/images/27_0 (3).jpg,ultralytics_curascan/datasets/estagio-nivel-34n-20-05-26/train/estagio_4/27_0 (3).jpg
27_0 (4),27_0 (4),27_0 (4).jpg,b40f1a2847d85b97e611f070f67937a1a407fd00ddcd5de6f0c8ebc81da9efad,27_0 (4).jpg,c733b232bbbd84e319dd07424255d1360504d1fd731313d4c2cede6bd27cb4c5,clinical:27,train,estagio_2,estagio_2,,1,0,0,0,0,HIPEREMIA,NÃO CLASSIFICÁVEL,identity,ablation/tissue_classic_1229/images/27_0 (4).jpg,ultralytics_curascan/datasets/estagio-nivel-12n-20-05-26/test/estagio_2/27_0 (4).jpg
28_0,28_0,28_0.jpg,91768af20cec1e238879d2a30ab674b2df25ec0c3a03f2582dca43ebd6dfd75c,28_0.jpg,49e05d16b5faeb46862920bbb809d6e719e7134d3cda8831592f94d9d2b38b5e,clinical:28,train,estagio_3,nao_classificavel,estagio_3,0,0,0,0,0,NÃO CLASSIFICÁVEL,NÃO CLASSIFICÁVEL,identity,ablation/tissue_classic_1229/images/28_0.jpg,ultralytics_curascan/datasets/estagio-nivel-34n-20-05-26/test/estagio_3/28_0.jpg
28_0 (3),28_0 (3),28_0 (3).jpg,23b97432e99a5c07b60888a54d20780fa8a5810b959ed260ee7eb99510d778ad,28_0 (3).jpg,660cef36a4eb7f12f1465c035206766fcd427849002ff297c74f42980bc615af,clinical:28,train,estagio_3,nao_classificavel,estagio_3,0,1,1,0,0,GRANULAÇÃO,ESFACELO,identity,ablation/tissue_classic_1229/images/28_0 (3).jpg,ultralytics_curascan/datasets/estagio-nivel-34n-20-05-26/train/estagio_3/28_0 (3).jpg
29_0,29_0,29_0.jpg,f8cae8cef2b56c4cc6d519226043767cc51d1a2d88c1e6746af88ac7af12ece0,29_0.jpg,e076b8b7f4bda112cd03ba1be4c6abe7404433a0cd2408003bc73bee5c2e6b16,clinical:29,train,estagio_3,nao_classificavel,estagio_3,0,1,0,0,0,GRANULAÇÃO,NÃO CLASSIFICÁVEL,identity,ablation/tissue_classic_1229/images/29_0.jpg,ultralytics_curascan/datasets/estagio-nivel-34n-20-05-26/train/estagio_3/29_0.jpg
29_0 (2),29_0 (2),29_0 (2).jpg,caa639f19592f083ece167efe4399dd162411726ba515bb6e3ab9bdea3bd122e,29_0 (2).jpg,a7e18cc51df86227d41f5684689fc075f70b2dcc9a7d8e900e75929a9b9b0246,clinical:29,train,estagio_3,nao_classificavel,estagio_3,0,1,0,0,0,GRANULAÇÃO,NÃO CLASSIFICÁVEL,identity,ablation/tissue_classic_1229/images/29_0 (2).jpg,ultralytics_curascan/datasets/estagio-nivel-34n-20-05-26/train/estagio_3/29_0 (2).jpg
29_0 (3),29_0 (3),29_0 (3).jpg,1d82a0212b5298b68b55a9ced324d11360138ce15f6cb0f9e3db0bf18846973c,29_0 (3).jpg,b98262f299d3f65fab4abf550eab65afabfa09460506a165688d612034dd7cb4,clinical:29,train,estagio_3,nao_classificavel,estagio_3,0,0,0,0,0,NÃO CLASSIFICÁVEL,NÃO CLASSIFICÁVEL,identity,ablation/tissue_classic_1229/images/29_0 (3).jpg,ultralytics_curascan/datasets/estagio-nivel-34n-20-05-26/train/estagio_3/29_0 (3).jpg
2_0,2_0,2_0.jpg,c37918a41aa0aa9f03a201ceb03ffb53b41515809bad0f372bc7201aeaa6167a,2_0.jpg,e6cf5924489c6cd894f66533c97514c8363691b01642759cdf2854b9b64126ae,clinical:2,train,estagio_2,estagio_2,,1,0,0,0,0,HIPEREMIA,NÃO CLASSIFICÁVEL,identity,ablation/tissue_classic_1229/images/2_0.jpg,ultralytics_curascan/datasets/estagio-nivel-12n-20-05-26/train/estagio_2/2_0.jpg
2_0 (2),2_0 (2),2_0 (2).jpg,b27ed168735dcf92659d76e738b4f804860ff72f5f37c9b4957b10b5bee5b726,2_0 (2).jpg,7379dded7d4be042d410dd921e6b9ea920fd62ce5c353db5e02c659aa74b547a,clinical:2,train,estagio_2,estagio_2,,1,0,0,0,0,HIPEREMIA,NÃO CLASSIFICÁVEL,identity,ablation/tissue_classic_1229/images/2_0 (2).jpg,ultralytics_curascan/datasets/estagio-nivel-12n-20-05-26/train/estagio_2/2_0 (2).jpg
30_0,30_0,30_0.jpg,708e14d60ed2f4918ad2dddbdf5b06dc06f5984be7d7ab35ebaade1f6b7f324c,30_0.jpg,d94b5718b42240bc1b95af950c790a749bec8085b08c46665013113185e96b75,clinical:30,train,estagio_2,estagio_2,,1,0,0,0,0,HIPEREMIA,NÃO CLASSIFICÁVEL,identity,ablation/tissue_classic_1229/images/30_0.jpg,ultralytics_curascan/datasets/estagio-nivel-12n-20-05-26/train/estagio_2/30_0.jpg
30_0 (2),30_0 (2),30_0 (2).jpg,5346fcf616865194e2de62d704273c0041d6be2b4591106129662d94815f4351,30_0 (2).jpg,fcee2f687fa12e0518c32a32dbfe0f8b222506694f979e6578b1fb0e6f1828fa,clinical:30,train,estagio_3,nao_classificavel,estagio_3,0,0,0,0,0,NÃO CLASSIFICÁVEL,NÃO CLASSIFICÁVEL,identity,ablation/tissue_classic_1229/images/30_0 (2).jpg,ultralytics_curascan/datasets/estagio-nivel-34n-20-05-26/train/estagio_3/30_0 (2).jpg
30_0 (3),30_0 (3),30_0 (3).jpg,214b5dd40d363962097fc2fdb68dacfd21e067ea15e071bd4b6085431a8200c4,30_0 (3).jpg,3c3e6cb5c32e998fb27f012f8b9501ebaf0a5525b8597e3f949ecb3762ee6a71,clinical:30,train,estagio_4,nao_classificavel,estagio_4,0,1,1,0,0,GRANULAÇÃO,ESFACELO,identity,ablation/tissue_classic_1229/images/30_0 (3).jpg,ultralytics_curascan/datasets/estagio-nivel-34n-20-05-26/val/estagio_4/30_0 (3).jpg
30_0 (4),30_0 (4),30_0 (4).jpg,e70c9d23a73cfff3a5485a408636f71cd62cfb7a37271b6a170e22bad4ba46c6,30_0 (4).jpg,56c19095d12c33bd35ca3e445bc0ac159161a70f122beebc8862d8f04357e7ee,clinical:30,train,estagio_4,nao_classificavel,estagio_4,0,0,1,0,1,NÃO CLASSIFICÁVEL,ESFACELO,identity,ablation/tissue_classic_1229/images/30_0 (4).jpg,ultralytics_curascan/datasets/estagio-nivel-34n-20-05-26/train/estagio_4/30_0 (4).jpg
30_1,30_1,30_1.jpg,cad15f0b21165c404a7f8775af84ca71bdde034b5f11219cc688e99180d0677b,30_1.jpg,442fc4905a7a5784001347876abbc5e9f570dee5e1be787839c9ec54ca74c88e,clinical:30,train,estagio_3,nao_classificavel,estagio_3,0,0,0,0,0,NÃO CLASSIFICÁVEL,NÃO CLASSIFICÁVEL,identity,ablation/tissue_classic_1229/images/30_1.jpg,ultralytics_curascan/datasets/estagio-nivel-34n-20-05-26/train/estagio_3/30_1.jpg
31_0,31_0,31_0.jpg,9c81cd78676d5e9072ae28e4c68adaf223d1db52c284ee2788472c344cdbeeb7,31_0.jpg,93a826133d8464e77827c3aad35f7cb902f64e2b6765d7790ac4873aff1a264f,clinical:31,train,estagio_3,nao_classificavel,estagio_3,0,0,1,0,0,NÃO CLASSIFICÁVEL,ESFACELO,identity,ablation/tissue_classic_1229/images/31_0.jpg,ultralytics_curascan/datasets/estagio-nivel-34n-20-05-26/train/estagio_3/31_0.jpg
31_0 (4),31_0 (4),31_0 (4).jpg,594d8f890feb8fce2f46a21ebe050a9e232e1d4c5d20819e0e29797be32e7f16,31_0 (4).jpg,5e5d03dfe37a946f3456ef33684dde4e433a013a55c1e452b9b074fa64165540,clinical:31,train,estagio_3,nao_classificavel,estagio_3,0,1,0,0,0,GRANULAÇÃO,NÃO CLASSIFICÁVEL,identity,ablation/tissue_classic_1229/images/31_0 (4).jpg,ultralytics_curascan/datasets/estagio-nivel-34n-20-05-26/train/estagio_3/31_0 (4).jpg
33_0,33_0,33_0.jpg,24cfa757279bfc2dde5de067e21bad818dbfab3a58566d68fd73e758fa6b5702,33_0.jpg,7477a60b3519b4e6f11bbb568de3e2f8bac37b1f8db3d22cd72bb11434700800,clinical:33,train,estagio_3,nao_classificavel,estagio_3,0,0,1,0,0,NÃO CLASSIFICÁVEL,ESFACELO,identity,ablation/tissue_classic_1229/images/33_0.jpg,ultralytics_curascan/datasets/estagio-nivel-34n-20-05-26/train/estagio_3/33_0.jpg
33_0 (4),33_0 (4),33_0 (4).jpg,bc3a3d997ac885bef2588fa081ccd5035abb4c58dbb741d5fa51699e9ea271fb,33_0 (4).jpg,21296bde32d2df6e79904e20a53c69d6f075b311ed5eb922940d3ec247f757fa,clinical:33,train,estagio_3,nao_classificavel,estagio_3,0,0,0,0,0,NÃO CLASSIFICÁVEL,NÃO CLASSIFICÁVEL,identity,ablation/tissue_classic_1229/images/33_0 (4).jpg,ultralytics_curascan/datasets/estagio-nivel-34n-20-05-26/train/estagio_3/33_0 (4).jpg
34_0,34_0,34_0.jpg,59b9a7edb641f40fc73f820d2c2d3572e870b5b74a13967cc2b5177b45217425,34_0.jpg,53995e79d7bc1dba81ff3a2f01f5be31ba048523a2190f5d09b47592ea10e48f,clinical:34,train,estagio_3,nao_classificavel,estagio_3,0,1,1,0,0,GRANULAÇÃO,ESFACELO,identity,ablation/tissue_classic_1229/images/34_0.jpg,ultralytics_curascan/datasets/estagio-nivel-34n-20-05-26/train/estagio_3/34_0.jpg
34_0 (4),34_0 (4),34_0 (4).jpg,3f193e15b34966d6a9070b07006bd7cc784af51ace1987a6cff23247aa318dff,34_0 (4).jpg,12f31aa5bb6899dcf322a6efd58644ee388cec789fddabdc2d87b7b329bed9eb,clinical:34,train,estagio_3,nao_classificavel,estagio_3,0,1,0,0,0,GRANULAÇÃO,NÃO CLASSIFICÁVEL,identity,ablation/tissue_classic_1229/images/34_0 (4).jpg,ultralytics_curascan/datasets/estagio-nivel-34n-20-05-26/train/estagio_3/34_0 (4).jpg
35_0,35_0,35_0.jpg,b6c4d5b21fcdcfa0591ed5f7cafbda7ec03208f9a1d297b57066935eb9526fd7,35_0.jpg,494c4f9f8ef93aa8ff62ed8c0047391965f3fab1a2ac1a5b77ec24a38018578b,clinical:35,train,estagio_3,nao_classificavel,estagio_3,0,1,0,0,0,GRANULAÇÃO,NÃO CLASSIFICÁVEL,identity,ablation/tissue_classic_1229/images/35_0.jpg,ultralytics_curascan/datasets/estagio-nivel-34n-20-05-26/train/estagio_3/35_0.jpg
35_0 (2),35_0 (2),35_0 (2).jpg,7afa3e377fbcf25d266b93e92fef9acccdf56c8dc7b3578c3dc382465feb27d6,35_0 (2).jpg,f6d5df026ff6423ef92f3777ff33e3e227709c62801489777cc7574c9035aff4,clinical:35,train,estagio_4,nao_classificavel,estagio_4,0,1,1,0,0,GRANULAÇÃO,ESFACELO,identity,ablation/tissue_classic_1229/images/35_0 (2).jpg,ultralytics_curascan/datasets/estagio-nivel-34n-20-05-26/val/estagio_4/35_0 (2).jpg
35_0 (4),35_0 (4),35_0 (4).jpg,36c51d9dd25b9b56c4c30f4115c0a5e3d16823efd7ae1505b62d2451e4031c76,35_0 (4).jpg,674d55aa20e1b2f1ea68e0ce8a39563ca984bf69e4a026871c219df8174a73fb,clinical:35,train,estagio_1,estagio_1,,0,1,0,0,0,GRANULAÇÃO,NÃO CLASSIFICÁVEL,identity,ablation/tissue_classic_1229/images/35_0 (4).jpg,ultralytics_curascan/datasets/estagio-nivel-12n-20-05-26/train/estagio_1/35_0 (4).jpg
36_0,36_0,36_0.jpg,5fcc7e7764a85b64225a4eed95ff302c13c39add52e1e11ad3376882d2ec970c,36_0.jpg,1aded05db8530c79550022927383064093b1ac9df2241df072817b20da74b4d0,clinical:36,train,estagio_3,nao_classificavel,estagio_3,0,0,1,0,0,NÃO CLASSIFICÁVEL,ESFACELO,identity,ablation/tissue_classic_1229/images/36_0.jpg,ultralytics_curascan/datasets/estagio-nivel-34n-20-05-26/train/estagio_3/36_0.jpg
36_0 (2),36_0 (2),36_0 (2).jpg,462fe87e0be9c5b6fce500b5c06e070c7fe8cc24d37e37c19b9c7092b6cf1d30,36_0 (2).jpg,fd878410e41cdbb74dbad7b9bd4834d103a56269d59682ec86bad69223f96d89,clinical:36,train,estagio_3,nao_classificavel,estagio_3,0,0,0,0,0,NÃO CLASSIFICÁVEL,NÃO CLASSIFICÁVEL,identity,ablation/tissue_classic_1229/images/36_0 (2).jpg,ultralytics_curascan/datasets/estagio-nivel-34n-20-05-26/train/estagio_3/36_0 (2).jpg
36_0 (3),36_0 (3),36_0 (3).jpg,1ea5958391626aa152862938e7c051f0da401f83455dbb552d03e3f8cdea509b,36_0 (3).jpg,7fb0029fb18829f1805127545dd5c89e5a7a6b5d79b0edb67ccb120449b009e9,clinical:36,train,estagio_3,nao_classificavel,estagio_3,0,0,1,0,0,NÃO CLASSIFICÁVEL,ESFACELO,identity,ablation/tissue_classic_1229/images/36_0 (3).jpg,ultralytics_curascan/datasets/estagio-nivel-34n-20-05-26/train/estagio_3/36_0 (3).jpg
36_0 (4),36_0 (4),36_0 (4).jpg,68b7989098421aac872d94a00de79fd1ad70cfda5d4537c3b15679dfddfead6b,36_0 (4).jpg,3cb5792b363de5bbe582acf2710a4581ee21c6e31e234c28a1da838ec2ee8641,clinical:36,train,estagio_3,nao_classificavel,estagio_3,0,1,0,0,0,GRANULAÇÃO,NÃO CLASSIFICÁVEL,identity,ablation/tissue_classic_1229/images/36_0 (4).jpg,ultralytics_curascan/datasets/estagio-nivel-34n-20-05-26/val/estagio_3/36_0 (4).jpg
37_0,37_0,37_0.jpg,5461a7ebd890dac847b8c4b6e6849726ebd253b30318cec2e42b6cc5a8c8eef1,37_0.jpg,336aba106c2b031ce9b91c2bdf0deac5ba70f614941bf502a7e4b8a723fc68b8,clinical:37,train,estagio_3,nao_classificavel,estagio_3,0,1,0,0,0,GRANULAÇÃO,NÃO CLASSIFICÁVEL,identity,ablation/tissue_classic_1229/images/37_0.jpg,ultralytics_curascan/datasets/estagio-nivel-34n-20-05-26/train/estagio_3/37_0.jpg
37_0 (2),37_0 (2),37_0 (2).jpg,bff90467de262797616c5fafc11e29ca15cabf977e1f0167a18e9c5deaf63cf8,37_0 (2).jpg,2f15e49fe019326dd6299d0868c4468f6e019414519796be5742768f78cfe362,clinical:37,train,estagio_2,estagio_2,,0,0,0,0,0,NÃO CLASSIFICÁVEL,NÃO CLASSIFICÁVEL,identity,ablation/tissue_classic_1229/images/37_0 (2).jpg,ultralytics_curascan/datasets/estagio-nivel-12n-20-05-26/test/estagio_2/37_0 (2).jpg
37_0 (3),37_0 (3),37_0 (3).jpg,5603b9613e2e7a158180327e370cc3ea0c0479d1813b7ea089d4960dedd7dfec,37_0 (3).jpg,c2d077778e44bd758431f8859b1ae1916d7d72d5e5a354caa846ff884268ec02,clinical:37,train,estagio_3,nao_classificavel,estagio_3,0,1,0,0,0,GRANULAÇÃO,NÃO CLASSIFICÁVEL,identity,ablation/tissue_classic_1229/images/37_0 (3).jpg,ultralytics_curascan/datasets/estagio-nivel-34n-20-05-26/test/estagio_3/37_0 (3).jpg
37_1,37_1,37_1.jpg,475e1294c7cebfb32e748e623dd6c76cc4d34db8f1eca88af45002ea8cb0a578,37_1.jpg,1f90b5eebbb70ae7ce3f4ce1fd48f742129188dec379b4d3218ded8521d09401,clinical:37,train,estagio_3,nao_classificavel,estagio_3,0,1,0,0,0,GRANULAÇÃO,NÃO CLASSIFICÁVEL,identity,ablation/tissue_classic_1229/images/37_1.jpg,ultralytics_curascan/datasets/estagio-nivel-34n-20-05-26/train/estagio_3/37_1.jpg
37_2,37_2,37_2.jpg,01fdc3228aa2db967afc08eaf08ee8856107c2dd685b917c2a8c0b5b62635380,37_2.jpg,cc7ebb55010cf77dc47625641dc664c648abf7d0ae4b19cd0268561daaa03fde,clinical:37,train,estagio_3,nao_classificavel,estagio_3,0,0,0,0,0,NÃO CLASSIFICÁVEL,NÃO CLASSIFICÁVEL,identity,ablation/tissue_classic_1229/images/37_2.jpg,ultralytics_curascan/datasets/estagio-nivel-34n-20-05-26/train/estagio_3/37_2.jpg
37_3,37_3,37_3.jpg,9b61f93e9876af8691236e453bc1c61912a84df5c01ffb3cd7dbc1edaa66995e,37_3.jpg,c05915b76d35095554d7002da5579168004bd2bddde3da570a0b7bae3c394f4d,clinical:37,train,estagio_2,estagio_2,,1,0,0,0,0,HIPEREMIA,NÃO CLASSIFICÁVEL,identity,ablation/tissue_classic_1229/images/37_3.jpg,ultralytics_curascan/datasets/estagio-nivel-12n-20-05-26/train/estagio_2/37_3.jpg
38_0,38_0,38_0.jpg,c6f426421fd5b9f985d396859f06f3ce0aa283076e440cf93b5553f2d0b9d97d,38_0.jpg,578901aad26fdca4e9941c5f80b17f5799ef947b61ac0fd3c585a727adf12d4e,clinical:38,train,estagio_3,nao_classificavel,estagio_3,0,1,1,0,0,GRANULAÇÃO,ESFACELO,identity,ablation/tissue_classic_1229/images/38_0.jpg,ultralytics_curascan/datasets/estagio-nivel-34n-20-05-26/train/estagio_3/38_0.jpg
38_0 (2),38_0 (2),38_0 (2).jpg,be506b5386c1bc15efd4f440af8e9f3b9489eb858d122457572910a7d9b4ea61,38_0 (2).jpg,b2897f59428d9a00738e330863edb72c5b4100f7e8839ec3f143e2c1b1254ac8,clinical:38,train,estagio_3,nao_classificavel,estagio_3,0,1,0,0,0,GRANULAÇÃO,NÃO CLASSIFICÁVEL,identity,ablation/tissue_classic_1229/images/38_0 (2).jpg,ultralytics_curascan/datasets/estagio-nivel-34n-20-05-26/train/estagio_3/38_0 (2).jpg
38_1 (2),38_1 (2),38_1 (2).jpg,b6324a42e2d2ed824dfc7f1b86dfc9b3bb43f662209700ae316ae1f67973df37,38_1 (2).jpg,2b9851898c6ea9cf23c0ae95b58dabad51a87a27b1a61747ecac44e0722f2c02,clinical:38,train,estagio_3,nao_classificavel,estagio_3,0,0,1,0,1,NÃO CLASSIFICÁVEL,ESFACELO,identity,ablation/tissue_classic_1229/images/38_1 (2).jpg,ultralytics_curascan/datasets/estagio-nivel-34n-20-05-26/train/estagio_3/38_1 (2).jpg
39_0,39_0,39_0.jpg,b40f8e5c0049b84d70da1387d9b72fd7ab6be45f0aabe599eaf948d4ac799eb8,39_0.jpg,81bb40ff35c3b641e6e3cd51ddb227bdcc97a618c3044570c99a38da9d7ff106,clinical:39,train,estagio_3,nao_classificavel,estagio_3,0,0,0,0,0,NÃO CLASSIFICÁVEL,NÃO CLASSIFICÁVEL,identity,ablation/tissue_classic_1229/images/39_0.jpg,ultralytics_curascan/datasets/estagio-nivel-34n-20-05-26/train/estagio_3/39_0.jpg
39_0 (3),39_0 (3),39_0 (3).jpg,5a69907d7a78e6ff2d12483f8bab1feb640ae3aa87706cf4dca0a250b59d8679,39_0 (3).jpg,09b0e60a64a380744e90b65422249f0ccb274918fa8503025be87cee3c19c1d7,clinical:39,train,estagio_3,nao_classificavel,estagio_3,0,1,0,0,0,GRANULAÇÃO,NÃO CLASSIFICÁVEL,identity,ablation/tissue_classic_1229/images/39_0 (3).jpg,ultralytics_curascan/datasets/estagio-nivel-34n-20-05-26/train/estagio_3/39_0 (3).jpg
39_0 (4),39_0 (4),39_0 (4).jpg,a65dd5aad67aa7ca991adf8689496a25f0d27ed91d13779b7c7eab72fe124662,39_0 (4).jpg,04257fbed4a7c5ce7caaa8578db34259a5da409dbb72b0751465fc8d8d851ffe,clinical:39,train,estagio_2,estagio_2,,0,0,0,0,0,NÃO CLASSIFICÁVEL,NÃO CLASSIFICÁVEL,identity,ablation/tissue_classic_1229/images/39_0 (4).jpg,ultralytics_curascan/datasets/estagio-nivel-12n-20-05-26/train/estagio_2/39_0 (4).jpg
39_1,39_1,39_1.jpg,430bf418aa32cdd85229e8a2b02993ac23fd3ced55f75de8811fd8e809504946,39_1.jpg,484fb7f5351140dd5c0857c1aa1243c40113a9b24aec7acccb44b0d7a18a7984,clinical:39,train,estagio_2,estagio_2,,0,0,0,0,0,NÃO CLASSIFICÁVEL,NÃO CLASSIFICÁVEL,identity,ablation/tissue_classic_1229/images/39_1.jpg,ultralytics_curascan/datasets/estagio-nivel-12n-20-05-26/train/estagio_2/39_1.jpg
3_0,3_0,3_0.jpg,360b68c7e89f592ce6987389455adc5aa64e3ee174593c3e7f93910686e416b2,3_0.jpg,2330b75dd4aa698bd56a4bf65a6259cdfcf9c612efdce9148c96de8aa5f9e1d3,clinical:3,train,estagio_4,nao_classificavel,estagio_4,0,1,0,0,0,GRANULAÇÃO,NÃO CLASSIFICÁVEL,identity,ablation/tissue_classic_1229/images/3_0.jpg,ultralytics_curascan/datasets/estagio-nivel-34n-20-05-26/train/estagio_4/3_0.jpg
3_0 (2),3_0 (2),3_0 (2).jpg,d6e39a875203a124579ff41cb9112a28e1782efdb8d96f2a85edbeaa95eb68b4,3_0 (2).jpg,808776563dfebf61c8239ba23d1567fa97483205967c2f220faa6cc6853584fc,clinical:3,train,estagio_4,nao_classificavel,estagio_4,0,0,0,0,0,NÃO CLASSIFICÁVEL,NÃO CLASSIFICÁVEL,identity,ablation/tissue_classic_1229/images/3_0 (2).jpg,ultralytics_curascan/datasets/estagio-nivel-34n-20-05-26/train/estagio_4/3_0 (2).jpg
3_0 (4),3_0 (4),3_0 (4).jpg,aea7c258bf36a260742aefa0edda1e2173dce589d7dbb48642011948b3ec945c,3_0 (4).jpg,d22409f9ffca5fc7d49142918435cee458fb82fd94413b54f393b22dc2192236,clinical:3,train,estagio_2,estagio_2,,0,0,0,0,0,NÃO CLASSIFICÁVEL,NÃO CLASSIFICÁVEL,identity,ablation/tissue_classic_1229/images/3_0 (4).jpg,ultralytics_curascan/datasets/estagio-nivel-12n-20-05-26/train/estagio_2/3_0 (4).jpg
40_0,40_0,40_0.jpg,d676ac45bc00577f450d030e2e5eaa0ee3611318337df5ade06b1436c818de55,40_0.jpg,fc2b1a0520d5b509e1b113c91eeedb2703516e94e024976252a8a5ed7a3edb7c,clinical:40,train,estagio_3,nao_classificavel,estagio_3,0,1,1,0,0,GRANULAÇÃO,ESFACELO,identity,ablation/tissue_classic_1229/images/40_0.jpg,ultralytics_curascan/datasets/estagio-nivel-34n-20-05-26/train/estagio_3/40_0.jpg
40_0 (2),40_0 (2),40_0 (2).jpg,b77278125015b1bf8a2a8f7f92f482a42f806aa5e767259805c2a71e7dd73c38,40_0 (2).jpg,3406cf4c4c2a0f0e7e3c197a4d8bc92b12be5109d07968e51fc2ec81f1d49b97,clinical:40,train,estagio_3,nao_classificavel,estagio_3,0,0,0,0,0,NÃO CLASSIFICÁVEL,NÃO CLASSIFICÁVEL,identity,ablation/tissue_classic_1229/images/40_0 (2).jpg,ultralytics_curascan/datasets/estagio-nivel-34n-20-05-26/train/estagio_3/40_0 (2).jpg
40_0 (3),40_0 (3),40_0 (3).jpg,239390dd822a6e0e3393da8690a7d7cf4af1a076d414d7e309b3c57b635864fd,40_0 (3).jpg,24a866b7ea9bfbddcea5f78f0aa6eed5bb8056a90f316c9e7e9b9e996922c599,clinical:40,train,estagio_3,nao_classificavel,estagio_3,0,1,0,0,0,GRANULAÇÃO,NÃO CLASSIFICÁVEL,identity,ablation/tissue_classic_1229/images/40_0 (3).jpg,ultralytics_curascan/datasets/estagio-nivel-34n-20-05-26/train/estagio_3/40_0 (3).jpg
40_0 (4),40_0 (4),40_0 (4).jpg,0024fe7090dc1e53ed5b9783f745ecc1417defd2b253893bf61748983aafd478,40_0 (4).jpg,b188b9e81460ced930b56540b9beb3d131dcf8ee9f4d32c1e04bfb440f0913e2,clinical:40,train,estagio_3,nao_classificavel,estagio_3,0,0,0,0,0,NÃO CLASSIFICÁVEL,NÃO CLASSIFICÁVEL,identity,ablation/tissue_classic_1229/images/40_0 (4).jpg,ultralytics_curascan/datasets/estagio-nivel-34n-20-05-26/train/estagio_3/40_0 (4).jpg
40_1,40_1,40_1.jpg,cad33aea9651a9f0d7f908a3a5ee257789b286d4c571b2ba8a547b346bbcd93b,40_1.jpg,07617396a6f4737e95eff154fce929431ff600451e00e527a4e64e19d04ab22a,clinical:40,train,estagio_3,nao_classificavel,estagio_3,0,0,0,0,0,NÃO CLASSIFICÁVEL,NÃO CLASSIFICÁVEL,identity,ablation/tissue_classic_1229/images/40_1.jpg,ultralytics_curascan/datasets/estagio-nivel-34n-20-05-26/train/estagio_3/40_1.jpg
40_2,40_2,40_2.jpg,b32346803703ca2d29e7c657fe2326ba1bdbc85411b854949c7b87ad613bd019,40_2.jpg,677d5125ede213078fba22199b48bda1dfb6efc6fbbe18a25c65727bd2ab6069,clinical:40,train,estagio_3,nao_classificavel,estagio_3,0,0,0,0,0,NÃO CLASSIFICÁVEL,NÃO CLASSIFICÁVEL,identity,ablation/tissue_classic_1229/images/40_2.jpg,ultralytics_curascan/datasets/estagio-nivel-34n-20-05-26/train/estagio_3/40_2.jpg
40_3,40_3,40_3.jpg,18e600e8808f5f1cb6b64442a0d63af48ac5577fe86277d294016110404701ca,40_3.jpg,e74791acd5acd1e59b2ee3d067ef7bbcd6217a886132dc1e1347eaa7fc92fc81,clinical:40,train,estagio_3,nao_classificavel,estagio_3,0,0,0,0,0,NÃO CLASSIFICÁVEL,NÃO CLASSIFICÁVEL,identity,ablation/tissue_classic_1229/images/40_3.jpg,ultralytics_curascan/datasets/estagio-nivel-34n-20-05-26/val/estagio_3/40_3.jpg
40_4,40_4,40_4.jpg,9936a17687ee6e3a77a9e09b602d053cd6fd6e64fba0f56550c51f8c15b4ed56,40_4.jpg,71b11500678c464d49b7a457a5cab8507cc557a57f9d2c7e06b1d8182ad9be45,clinical:40,train,estagio_3,nao_classificavel,estagio_3,0,0,0,0,0,NÃO CLASSIFICÁVEL,NÃO CLASSIFICÁVEL,identity,ablation/tissue_classic_1229/images/40_4.jpg,ultralytics_curascan/datasets/estagio-nivel-34n-20-05-26/train/estagio_3/40_4.jpg
40_5,40_5,40_5.jpg,f823d373f9a667161c26d35b85bc1b683b59bffd362ab8ed66b02cf332c6c8cf,40_5.jpg,79ba4c4d731f3e20f86cb1d52db88a146fd29b2fba39746086d263bfcf03c397,clinical:40,train,estagio_2,estagio_2,,0,0,0,0,0,NÃO CLASSIFICÁVEL,NÃO CLASSIFICÁVEL,identity,ablation/tissue_classic_1229/images/40_5.jpg,ultralytics_curascan/datasets/estagio-nivel-12n-20-05-26/train/estagio_2/40_5.jpg
40_6,40_6,40_6.jpg,b954bbb7bca341a818995cffa1f17f83e6839745e98ebd5a81aab0b728da2c46,40_6.jpg,1031e27e40bd20eb48203aae95e489c91683535768130868ce26fec98da4c490,clinical:40,train,estagio_3,nao_classificavel,estagio_3,0,0,0,0,0,NÃO CLASSIFICÁVEL,NÃO CLASSIFICÁVEL,identity,ablation/tissue_classic_1229/images/40_6.jpg,ultralytics_curascan/datasets/estagio-nivel-34n-20-05-26/test/estagio_3/40_6.jpg
40_7,40_7,40_7.jpg,0f65e99930b51dce37964d63735034a9c7744a56886e1a73cfa79d78846f753e,40_7.jpg,54552a5497eedb4eb1442dfd33da01ff5072845c037a10bea76117e44f890c05,clinical:40,train,estagio_3,nao_classificavel,estagio_3,0,0,0,0,0,NÃO CLASSIFICÁVEL,NÃO CLASSIFICÁVEL,identity,ablation/tissue_classic_1229/images/40_7.jpg,ultralytics_curascan/datasets/estagio-nivel-34n-20-05-26/train/estagio_3/40_7.jpg
41_0,41_0,41_0.jpg,8ac1831f18d82326159e36d4c5519f1662b432be7ff93dd538be2533b35c3fa6,41_0.jpg,f72ffe88befb156f7f89eaf15907d0312c120010f73287b0da96192905331288,clinical:41,train,estagio_2,estagio_2,,0,0,0,0,0,NÃO CLASSIFICÁVEL,NÃO CLASSIFICÁVEL,identity,ablation/tissue_classic_1229/images/41_0.jpg,ultralytics_curascan/datasets/estagio-nivel-12n-20-05-26/val/estagio_2/41_0.jpg
41_0 (3),41_0 (3),41_0 (3).jpg,cda0e797a725d95cc04cf5d0fe66e9512f0cbe0f7ad85d279f1d7bf3df30bc38,41_0 (3).jpg,59616281552eb06f98e5a2e8f7ecf87e2713899796bb8b63aaabbd4eaeff4211,clinical:41,train,estagio_3,nao_classificavel,estagio_3,0,0,1,0,0,NÃO CLASSIFICÁVEL,ESFACELO,identity,ablation/tissue_classic_1229/images/41_0 (3).jpg,ultralytics_curascan/datasets/estagio-nivel-34n-20-05-26/train/estagio_3/41_0 (3).jpg
41_0 (4),41_0 (4),41_0 (4).jpg,7aed85964ab494ba37882c04625794bb062e05275d7f620e5a42efc6712bab4e,41_0 (4).jpg,08971adac609e54ac75ae15d761f086a566b6e4fd9a1880eb4c0b148cb4c613f,clinical:41,train,estagio_3,nao_classificavel,estagio_3,0,0,0,0,0,NÃO CLASSIFICÁVEL,NÃO CLASSIFICÁVEL,identity,ablation/tissue_classic_1229/images/41_0 (4).jpg,ultralytics_curascan/datasets/estagio-nivel-34n-20-05-26/train/estagio_3/41_0 (4).jpg
41_1 (2),41_1 (2),41_1 (2).jpg,61ba7dfdfb3e35b699b41bb062e4be09274569f4c4627313c4ab80cc67684587,41_1 (2).jpg,17bbe50b736c4f50ed7367cd1536827eeacf5d21eacbecec85cdde358d2f37e0,clinical:41,train,estagio_3,nao_classificavel,estagio_3,0,0,0,0,0,NÃO CLASSIFICÁVEL,NÃO CLASSIFICÁVEL,identity,ablation/tissue_classic_1229/images/41_1 (2).jpg,ultralytics_curascan/datasets/estagio-nivel-34n-20-05-26/train/estagio_3/41_1 (2).jpg
41_2,41_2,41_2.jpg,ccf0a4d482bc55f760bad07d82649e9d7c7e6a18d993e5331ceb87aaa58a0164,41_2.jpg,764d262117d460dcd39c70d33441bd430e9eb8532cb34bb908c8de00f5f2cbf9,clinical:41,train,estagio_3,nao_classificavel,estagio_3,0,0,0,0,0,NÃO CLASSIFICÁVEL,NÃO CLASSIFICÁVEL,identity,ablation/tissue_classic_1229/images/41_2.jpg,ultralytics_curascan/datasets/estagio-nivel-34n-20-05-26/train/estagio_3/41_2.jpg
42_0,42_0,42_0.jpg,c376500d45f9ca0da180787796581bbdcca79166f9d16e0743dd449349cbdac6,42_0.jpg,cd0b965983774c36a0f30b8d3676314ed7640dbf6f5c3b9321c3059295324449,clinical:42,train,estagio_3,nao_classificavel,estagio_3,0,0,0,0,0,NÃO CLASSIFICÁVEL,NÃO CLASSIFICÁVEL,identity,ablation/tissue_classic_1229/images/42_0.jpg,ultralytics_curascan/datasets/estagio-nivel-34n-20-05-26/test/estagio_3/42_0.jpg
42_0 (4),42_0 (4),42_0 (4).jpg,ac58909281c6d8078afd003194f8e873f1fe31b35297ccf4fd92fd49796777a9,42_0 (4).jpg,57bafdd59b8c992716e7676394ef22a21c15d8887ebdea8b7219c9d80776f2a9,clinical:42,train,estagio_3,nao_classificavel,estagio_3,0,1,0,0,0,GRANULAÇÃO,NÃO CLASSIFICÁVEL,identity,ablation/tissue_classic_1229/images/42_0 (4).jpg,ultralytics_curascan/datasets/estagio-nivel-34n-20-05-26/test/estagio_3/42_0 (4).jpg
42_1,42_1,42_1.jpg,1fb9c4ed44974e450ff2e7616969a9b87ca3f5b84062c066b7078d70db9962ae,42_1.jpg,2dd862901fc7093607f28aca16e34cb3a2d46a7f29061106a2ce46aaa61f8c67,clinical:42,train,estagio_3,nao_classificavel,estagio_3,0,0,0,0,0,NÃO CLASSIFICÁVEL,NÃO CLASSIFICÁVEL,identity,ablation/tissue_classic_1229/images/42_1.jpg,ultralytics_curascan/datasets/estagio-nivel-34n-20-05-26/train/estagio_3/42_1.jpg
42_2,42_2,42_2.jpg,98861989c656f177ca3dd6832cdf542c573313abbbc81f2a0c39d65bef9cea2d,42_2.jpg,a7a7460bb18d449d94ad8f31bd3744aecc347b91e5dacae084b7d73c3bf2b16a,clinical:42,train,estagio_3,nao_classificavel,estagio_3,0,0,0,0,0,NÃO CLASSIFICÁVEL,NÃO CLASSIFICÁVEL,identity,ablation/tissue_classic_1229/images/42_2.jpg,ultralytics_curascan/datasets/estagio-nivel-34n-20-05-26/val/estagio_3/42_2.jpg
42_3,42_3,42_3.jpg,41c43dc368ccc10a661116fca84ecd0bc5d0cff7bd808b9b97e59ad027c0dec4,42_3.jpg,a3dd9b5a69339fc18bb63a7f3d50e6485d67b5f0a962d4785861564891f6e580,clinical:42,train,estagio_3,nao_classificavel,estagio_3,0,0,0,0,0,NÃO CLASSIFICÁVEL,NÃO CLASSIFICÁVEL,identity,ablation/tissue_classic_1229/images/42_3.jpg,ultralytics_curascan/datasets/estagio-nivel-34n-20-05-26/test/estagio_3/42_3.jpg
44_0 (2),44_0 (2),44_0 (2).jpg,b0541c46608e983b56f78b753777afc17a554ae3f7d02605aeb10175d168e3bb,44_0 (2).jpg,5b09872b85a26aa44c03c53629ccfd1c17cc7f866e88076866d46b3a73a5f1de,clinical:44,train,estagio_3,nao_classificavel,estagio_3,0,1,0,0,0,GRANULAÇÃO,NÃO CLASSIFICÁVEL,identity,ablation/tissue_classic_1229/images/44_0 (2).jpg,ultralytics_curascan/datasets/estagio-nivel-34n-20-05-26/train/estagio_3/44_0 (2).jpg
44_0 (3),44_0 (3),44_0 (3).jpg,862cf770d4263f3ac39c12489c11c75f1062bb967edbd03ebda50e458f753a25,44_0 (3).jpg,8cffcd1980bfb986f467be48277df22fd268d8f2a6e68a554380c8b313cd23f1,clinical:44,train,estagio_2,estagio_2,,0,0,0,0,0,NÃO CLASSIFICÁVEL,NÃO CLASSIFICÁVEL,identity,ablation/tissue_classic_1229/images/44_0 (3).jpg,ultralytics_curascan/datasets/estagio-nivel-12n-20-05-26/train/estagio_2/44_0 (3).jpg
44_0 (4),44_0 (4),44_0 (4).jpg,31504f0399fd726aefc2e9780296852c5a499823ed38cfdaad0534378fc9f482,44_0 (4).jpg,aded31c346d9365adfe88c14651cc29dbbc1d2f6e5c209b7b41e0969857ef8ff,clinical:44,train,estagio_2,estagio_2,,0,0,0,0,0,NÃO CLASSIFICÁVEL,NÃO CLASSIFICÁVEL,identity,ablation/tissue_classic_1229/images/44_0 (4).jpg,ultralytics_curascan/datasets/estagio-nivel-12n-20-05-26/train/estagio_2/44_0 (4).jpg
45_0 (2),45_0 (2),45_0 (2).jpg,dfc8a9d1278b8a9a0f3afdbcb6102252a552475a3d88d3134efb22549850564d,45_0 (2).jpg,6f16febdaac36f73551099a88ea6f9143ae3146112153a4f7f8cc0847d2a0db8,clinical:45,train,estagio_3,nao_classificavel,estagio_3,0,1,0,0,0,GRANULAÇÃO,NÃO CLASSIFICÁVEL,identity,ablation/tissue_classic_1229/images/45_0 (2).jpg,ultralytics_curascan/datasets/estagio-nivel-34n-20-05-26/train/estagio_3/45_0 (2).jpg
45_0 (3),45_0 (3),45_0 (3).jpg,b770f347d6b4fd024f989fc1cdc3d8739dd9fed6bdc4e89771e523b264f1af3c,45_0 (3).jpg,fed708b1f6846cb71ea369f2a9a6f2570c3c3d5d8f32376d9e6ce4189d495d1d,clinical:45,train,estagio_4,nao_classificavel,estagio_4,0,1,0,0,0,GRANULAÇÃO,NÃO CLASSIFICÁVEL,identity,ablation/tissue_classic_1229/images/45_0 (3).jpg,ultralytics_curascan/datasets/estagio-nivel-34n-20-05-26/train/estagio_4/45_0 (3).jpg
45_0 (4),45_0 (4),45_0 (4).jpg,a99db6fe7f3b511cb3724cf022f060538951548f49d9dc573762ac8dffac3cac,45_0 (4).jpg,d01dca9cff89d3552432763d6b209408a5c86e9262d93b350e71843a70c27b8e,clinical:45,train,estagio_2,estagio_2,,0,0,0,0,0,NÃO CLASSIFICÁVEL,NÃO CLASSIFICÁVEL,identity,ablation/tissue_classic_1229/images/45_0 (4).jpg,ultralytics_curascan/datasets/estagio-nivel-12n-20-05-26/train/estagio_2/45_0 (4).jpg
45_1,45_1,45_1.jpg,09acdfd8d099433c70867b6f165dc474e583b49b20b2466e0315910d531e9533,45_1.jpg,bb2a13566921575582eabb46afb6a69101a4469a74f09b4ae3049f308d657016,clinical:45,train,estagio_3,nao_classificavel,estagio_3,0,0,0,0,0,NÃO CLASSIFICÁVEL,NÃO CLASSIFICÁVEL,identity,ablation/tissue_classic_1229/images/45_1.jpg,ultralytics_curascan/datasets/estagio-nivel-34n-20-05-26/train/estagio_3/45_1.jpg
46_0,46_0,46_0.jpg,e79b114b84ac5ad631e2089648eed8f41308cf80627594a51841562c2dcdfa98,46_0.jpg,80007a759facf7bda8560c8caf2ac22ca4fde18db1672b22f2c9bc4237285c5f,clinical:46,train,estagio_3,nao_classificavel,estagio_3,0,1,0,1,0,GRANULAÇÃO,NECROSE SECA,identity,ablation/tissue_classic_1229/images/46_0.jpg,ultralytics_curascan/datasets/estagio-nivel-34n-20-05-26/val/estagio_3/46_0.jpg
46_0 (2),46_0 (2),46_0 (2).jpg,d1780211b2839954eb6dd7a822592e92fbec4c3eb90282da8c867a203927ddd7,46_0 (2).jpg,d8d5d9d6b9e0a7daafcf1aa483b01e76c62ef8ed757efcd9bb6b78800a0f952e,clinical:46,train,estagio_3,nao_classificavel,estagio_3,0,0,1,0,0,NÃO CLASSIFICÁVEL,ESFACELO,identity,ablation/tissue_classic_1229/images/46_0 (2).jpg,ultralytics_curascan/datasets/estagio-nivel-34n-20-05-26/test/estagio_3/46_0 (2).jpg
46_0 (3),46_0 (3),46_0 (3).jpg,2b79757f1001f0944c681a6937752d35947b608a7d7a20bbde60f8eedeb4ab19,46_0 (3).jpg,67153f4deabd44292c413ce2a7f17e2135462e63deaea5080f76c0505d5364f2,clinical:46,train,estagio_3,nao_classificavel,estagio_3,0,0,1,0,0,NÃO CLASSIFICÁVEL,ESFACELO,identity,ablation/tissue_classic_1229/images/46_0 (3).jpg,ultralytics_curascan/datasets/estagio-nivel-34n-20-05-26/val/estagio_3/46_0 (3).jpg
46_0 (4),46_0 (4),46_0 (4).jpg,39eaf058f2adfd4afbae25c5eaad1acfb0a2d192e22f754e4b5c13e121ba1a08,46_0 (4).jpg,06a5c08ac7b4b774a265d8fa89572bcad77222fabd6bbbfb9004472246c00354,clinical:46,train,estagio_3,nao_classificavel,estagio_3,0,1,0,0,0,GRANULAÇÃO,NÃO CLASSIFICÁVEL,identity,ablation/tissue_classic_1229/images/46_0 (4).jpg,ultralytics_curascan/datasets/estagio-nivel-34n-20-05-26/train/estagio_3/46_0 (4).jpg
46_2,46_2,46_2.jpg,33e2267ca0e09f18917380f44a4058d029a2b47f054c3d3093c8b1f593a668db,46_2.jpg,46e941ec0c371a1d2763eadd98786ff77da5d2bfa285e89ace7839ffd26723e3,clinical:46,train,estagio_3,nao_classificavel,estagio_3,0,1,0,0,0,GRANULAÇÃO,NÃO CLASSIFICÁVEL,identity,ablation/tissue_classic_1229/images/46_2.jpg,ultralytics_curascan/datasets/estagio-nivel-34n-20-05-26/train/estagio_3/46_2.jpg
46_3,46_3,46_3.jpg,eca86ea30dceb74dc6fa5f0127f5ff695a8d78956272bbf728f3acdc3ef6e728,46_3.jpg,4a34074bba9874a051e44050f108ce13677de2b60de01b8d608d1610437483e3,clinical:46,train,estagio_3,nao_classificavel,estagio_3,0,1,0,0,0,GRANULAÇÃO,NÃO CLASSIFICÁVEL,identity,ablation/tissue_classic_1229/images/46_3.jpg,ultralytics_curascan/datasets/estagio-nivel-34n-20-05-26/train/estagio_3/46_3.jpg
47_0,47_0,47_0.jpg,06d60962b22723e7036a75c7c2b40d19a080c498b229cd1c8bc9ddb8a19e92bd,47_0.jpg,657630461f9c9556565ba552a4841eacb9ed9af2cab26a71d6c0f32d70cde6fa,clinical:47,train,estagio_3,nao_classificavel,estagio_3,0,0,0,1,0,NÃO CLASSIFICÁVEL,NECROSE SECA,identity,ablation/tissue_classic_1229/images/47_0.jpg,ultralytics_curascan/datasets/estagio-nivel-34n-20-05-26/train/estagio_3/47_0.jpg
47_0 (3),47_0 (3),47_0 (3).jpg,50b9bd044cb5c6af59bd77b05cf9c4dd93a418b1f37fe28a55cf73086aedc803,47_0 (3).jpg,6560f0411e41d955ebb33d051ce552ad1055b75ff3c76eddfd0d77369947a267,clinical:47,train,estagio_4,nao_classificavel,estagio_4,0,1,0,0,0,GRANULAÇÃO,NÃO CLASSIFICÁVEL,identity,ablation/tissue_classic_1229/images/47_0 (3).jpg,ultralytics_curascan/datasets/estagio-nivel-34n-20-05-26/test/estagio_4/47_0 (3).jpg
47_0 (4),47_0 (4),47_0 (4).jpg,295676c1f31eb6e0128dd11582cdaadcb1e55563d8297adb29f52337c3867800,47_0 (4).jpg,de47efe829b50a6cf82377ea447bde85ae13fefe34c2622050247405622436f0,clinical:47,train,estagio_3,nao_classificavel,estagio_3,0,1,0,1,0,GRANULAÇÃO,NECROSE SECA,identity,ablation/tissue_classic_1229/images/47_0 (4).jpg,ultralytics_curascan/datasets/estagio-nivel-34n-20-05-26/train/estagio_3/47_0 (4).jpg
47_1,47_1,47_1.jpg,482a3b418b055710071f37594e5fd80db84e752f34f8fd8de7c1f3122e851132,47_1.jpg,a32e3357d3b6dd280debb80c3e01f3d636cc19f1e110bdc33799f4103a7a3961,clinical:47,train,estagio_3,nao_classificavel,estagio_3,0,0,0,0,0,NÃO CLASSIFICÁVEL,NÃO CLASSIFICÁVEL,identity,ablation/tissue_classic_1229/images/47_1.jpg,ultralytics_curascan/datasets/estagio-nivel-34n-20-05-26/train/estagio_3/47_1.jpg
47_2,47_2,47_2.jpg,50cb94a237523a60d866c98b672e278c9f501c90a0c9a282dd4ceb401a42816e,47_2.jpg,05bf3e1b81f25ff4508527fa5eecfbc671e6b2fbc381314b9babde44193e77c1,clinical:47,train,estagio_3,nao_classificavel,estagio_3,0,0,0,0,0,NÃO CLASSIFICÁVEL,NÃO CLASSIFICÁVEL,identity,ablation/tissue_classic_1229/images/47_2.jpg,ultralytics_curascan/datasets/estagio-nivel-34n-20-05-26/train/estagio_3/47_2.jpg
49_0,49_0,49_0.jpg,25a118b5cfda8dafcb051b6a4d23eb908be901e6dcb51be966cfc0a9956506e1,49_0.jpg,60b890b781cc7ba24be4fb45cc535de2bf40355ec5fee7133df8d0218ceb0284,clinical:49,train,estagio_3,nao_classificavel,estagio_3,0,0,1,1,0,NÃO CLASSIFICÁVEL,AMBAS,identity,ablation/tissue_classic_1229/images/49_0.jpg,ultralytics_curascan/datasets/estagio-nivel-34n-20-05-26/train/estagio_3/49_0.jpg
49_0 (2),49_0 (2),49_0 (2).jpg,d05132fe6efae228c3a00790186943ce26e1e14e351184faec0a546f00f6a468,49_0 (2).jpg,8d16dbb4b24d5a4010e91625d542b72bfd1b00d1f74fc3e3dc13c4ffcd81cbc3,clinical:49,train,estagio_4,nao_classificavel,estagio_4,0,1,0,0,0,GRANULAÇÃO,NÃO CLASSIFICÁVEL,identity,ablation/tissue_classic_1229/images/49_0 (2).jpg,ultralytics_curascan/datasets/estagio-nivel-34n-20-05-26/train/estagio_4/49_0 (2).jpg
49_0 (3),49_0 (3),49_0 (3).jpg,5e652a1c4ab13ad016de977b28f59e83f39549972d56b492d5d041cc784ec46b,49_0 (3).jpg,ae7eb0781336c64afc724400cca29e6d38f6ada0fc8c476670967f3c68abab09,clinical:49,train,estagio_3,nao_classificavel,estagio_3,0,1,0,0,0,GRANULAÇÃO,NÃO CLASSIFICÁVEL,identity,ablation/tissue_classic_1229/images/49_0 (3).jpg,ultralytics_curascan/datasets/estagio-nivel-34n-20-05-26/test/estagio_3/49_0 (3).jpg
49_0 (4),49_0 (4),49_0 (4).jpg,07c622b746140abd9ba2522ace0032af798ade9edee26fc9f5558caee68a4190,49_0 (4).jpg,283c78689514fc541c8bf4156bdf7d8bf1da67b8d5b2bf0142d155e259befbe5,clinical:49,train,estagio_3,nao_classificavel,estagio_3,0,0,0,0,0,NÃO CLASSIFICÁVEL,NÃO CLASSIFICÁVEL,identity,ablation/tissue_classic_1229/images/49_0 (4).jpg,ultralytics_curascan/datasets/estagio-nivel-34n-20-05-26/train/estagio_3/49_0 (4).jpg
49_1 (2),49_1 (2),49_1 (2).jpg,7cf84660f6f334a17c288d0e793c81f1280e4fc06032fd33858263611be710c6,49_1 (2).jpg,f082e1efc76d956e659621480cde9256dbc046e2359f254db09f0e1ba3429f7b,clinical:49,train,estagio_2,estagio_2,,0,0,0,0,0,NÃO CLASSIFICÁVEL,NÃO CLASSIFICÁVEL,identity,ablation/tissue_classic_1229/images/49_1 (2).jpg,ultralytics_curascan/datasets/estagio-nivel-12n-20-05-26/train/estagio_2/49_1 (2).jpg
49_2,49_2,49_2.jpg,bd849987b686328679e07c14ae45e3dbbaf0b357959fdfcde330217cc1c7966a,49_2.jpg,e9b6d381a98e642325da19c3dc16fad64f59a39fdee6871b0eafc4d8a77cc734,clinical:49,train,estagio_4,nao_classificavel,estagio_4,0,1,0,0,0,GRANULAÇÃO,NÃO CLASSIFICÁVEL,identity,ablation/tissue_classic_1229/images/49_2.jpg,ultralytics_curascan/datasets/estagio-nivel-34n-20-05-26/train/estagio_4/49_2.jpg
49_3,49_3,49_3.jpg,ccdc99ab2345f07d9f0efe8a3c1d06ec89383699c05fce0234ef790545fea678,49_3.jpg,137cf483a8251f2f68f3ee45d9d6d9cea0c5a40caaf2b293e220264cf52d1752,clinical:49,train,estagio_2,estagio_2,,0,0,0,0,0,NÃO CLASSIFICÁVEL,NÃO CLASSIFICÁVEL,identity,ablation/tissue_classic_1229/images/49_3.jpg,ultralytics_curascan/datasets/estagio-nivel-12n-20-05-26/train/estagio_2/49_3.jpg
4_0,4_0,4_0.jpg,77fabb792eaca2d50267bb4743d4b92f4c73ed42f016441066dba7a7025b84ad,4_0.jpg,79ed33dde836cfc794647c26904d8a21dff61a31f5fcf84656a67051472f2685,clinical:4,train,estagio_3,nao_classificavel,estagio_3,0,1,0,0,0,GRANULAÇÃO,NÃO CLASSIFICÁVEL,identity,ablation/tissue_classic_1229/images/4_0.jpg,ultralytics_curascan/datasets/estagio-nivel-34n-20-05-26/test/estagio_3/4_0.jpg
4_0 (2),4_0 (2),4_0 (2).jpg,76974227efce6c9575c789ac897193808f26d5ecf60925cdd1bdeaa1e40ab15a,4_0 (2).jpg,4a5433de006624fb473f523aa55bbc3165343aa0cc5326aef660220dc4b709a1,clinical:4,train,estagio_3,nao_classificavel,estagio_3,0,1,1,0,0,GRANULAÇÃO,ESFACELO,identity,ablation/tissue_classic_1229/images/4_0 (2).jpg,ultralytics_curascan/datasets/estagio-nivel-34n-20-05-26/train/estagio_3/4_0 (2).jpg
4_0 (3),4_0 (3),4_0 (3).jpg,98f632c9742b497fd48a8dc118354d8476e989212b2a6e2b5394e9d1ca2dd67d,4_0 (3).jpg,9aa8005dc4798c047632c7a82f4f3998009cd2217ada4dfdac3775a5533999cc,clinical:4,train,estagio_3,nao_classificavel,estagio_3,0,1,1,0,0,GRANULAÇÃO,ESFACELO,identity,ablation/tissue_classic_1229/images/4_0 (3).jpg,ultralytics_curascan/datasets/estagio-nivel-34n-20-05-26/train/estagio_3/4_0 (3).jpg
4_0 (4),4_0 (4),4_0 (4).jpg,28bc3561a9c8ed9216340bd9664c6626ea6e4fefdfef828fd1fe10fe96dfada2,4_0 (4).jpg,43a9d8b305b824fb4515bc6fc918ba51ff9e08cfcc79e62b294b02ad5393a123,clinical:4,train,estagio_3,nao_classificavel,estagio_3,0,0,0,0,0,NÃO CLASSIFICÁVEL,NÃO CLASSIFICÁVEL,identity,ablation/tissue_classic_1229/images/4_0 (4).jpg,ultralytics_curascan/datasets/estagio-nivel-34n-20-05-26/val/estagio_3/4_0 (4).jpg
50_0,50_0,50_0.jpg,46de1cef9c46a4516c872991df8223ef666689d73115351241e26a51a4814fb5,50_0.jpg,9aa377b638f195646e7b744e06c29e464708a7cce861ffacb9ceb77c08c6b573,clinical:50,train,estagio_3,nao_classificavel,estagio_3,0,1,1,0,0,GRANULAÇÃO,ESFACELO,identity,ablation/tissue_classic_1229/images/50_0.jpg,ultralytics_curascan/datasets/estagio-nivel-34n-20-05-26/train/estagio_3/50_0.jpg
50_0 (2),50_0 (2),50_0 (2).jpg,8bad87a5d40696e7d4d1d867be1f9aea0f10b4a915dc82426c51f5d0a9010cdf,50_0 (2).jpg,c6bd8801b7a108ecdd04572ac71044515b6213818554fce9ee7aeb4ffacabf5b,clinical:50,train,estagio_4,nao_classificavel,estagio_4,0,1,1,1,0,GRANULAÇÃO,AMBAS,identity,ablation/tissue_classic_1229/images/50_0 (2).jpg,ultralytics_curascan/datasets/estagio-nivel-34n-20-05-26/train/estagio_4/50_0 (2).jpg
50_0 (4),50_0 (4),50_0 (4).jpg,31c059eb47a59fb9b9b3ccd265e71b78fe0e988f9fdc1dc0cc436b6d39a37c4c,50_0 (4).jpg,ef6cbd9d8d44dc7b2a85effdbd266622e1338d87cd9b563ffb91e556fb0ee5b9,clinical:50,train,estagio_3,nao_classificavel,estagio_3,0,1,0,0,0,GRANULAÇÃO,NÃO CLASSIFICÁVEL,identity,ablation/tissue_classic_1229/images/50_0 (4).jpg,ultralytics_curascan/datasets/estagio-nivel-34n-20-05-26/train/estagio_3/50_0 (4).jpg
51_0 (3),51_0 (3),51_0 (3).jpg,2428e2f313e8a00dfe703b60ddc99921f55ecb4cd0238fab6c85d3a8246781e6,51_0 (3).jpg,2ab6e2f81171637fcee3f165f3a645570e27f1f455b0390c92950fe440c808a3,clinical:51,train,estagio_3,nao_classificavel,estagio_3,0,0,1,0,0,NÃO CLASSIFICÁVEL,ESFACELO,identity,ablation/tissue_classic_1229/images/51_0 (3).jpg,ultralytics_curascan/datasets/estagio-nivel-34n-20-05-26/val/estagio_3/51_0 (3).jpg
51_1,51_1,51_1.jpg,98f9f2e68189f3d880068b8dc85322e206c719896b832c59572da102385f2191,51_1.jpg,cdd72553d2001b27b884d8b895917c4a8056d2b211914f72074853b891ac039c,clinical:51,train,estagio_2,estagio_2,,1,0,0,0,0,HIPEREMIA,NÃO CLASSIFICÁVEL,identity,ablation/tissue_classic_1229/images/51_1.jpg,ultralytics_curascan/datasets/estagio-nivel-12n-20-05-26/val/estagio_2/51_1.jpg
51_1 (2),51_1 (2),51_1 (2).jpg,a68d61e6b16d8237c6c86efd4b316503878fb23346803cb2771c2ede2a56bb0b,51_1 (2).jpg,420378dd8e8714ffa381340d30070ed71232ec20a63d4cfea5866ed5438eb63d,clinical:51,train,estagio_3,nao_classificavel,estagio_3,0,1,0,0,0,GRANULAÇÃO,NÃO CLASSIFICÁVEL,identity,ablation/tissue_classic_1229/images/51_1 (2).jpg,ultralytics_curascan/datasets/estagio-nivel-34n-20-05-26/train/estagio_3/51_1 (2).jpg
52_0,52_0,52_0.jpg,9bd7f81852d140937026a5c6cd8926696b0732ca6058b769d3b86f702f181f3b,52_0.jpg,15ddd93227974b032d74d4d54866f624f39ee019ab3e58981da19a0b82076f27,clinical:52,train,estagio_3,nao_classificavel,estagio_3,0,1,0,0,0,GRANULAÇÃO,NÃO CLASSIFICÁVEL,identity,ablation/tissue_classic_1229/images/52_0.jpg,ultralytics_curascan/datasets/estagio-nivel-34n-20-05-26/train/estagio_3/52_0.jpg
55_0,55_0,55_0.jpg,01eac6b295b543dbfe45cce90fe0f6f83b14e088b60846267e4d5e4f8b56c190,55_0.jpg,d36dc1f05a50c50cd63970dfd4f548593b89db65226382b8749dba327909ec46,clinical:55,train,estagio_3,nao_classificavel,estagio_3,0,1,1,0,0,GRANULAÇÃO,ESFACELO,identity,ablation/tissue_classic_1229/images/55_0.jpg,ultralytics_curascan/datasets/estagio-nivel-34n-20-05-26/train/estagio_3/55_0.jpg
55_0 (2),55_0 (2),55_0 (2).jpg,4f037f4bf1af9456a044f7d4237168c78916bd07996fe17680e2cd7f423d20e0,55_0 (2).jpg,8c883dc025ed1353c78d900676694f58d71378784cbd23c138453c1dd46facaa,clinical:55,train,estagio_4,nao_classificavel,estagio_4,0,0,0,0,0,NÃO CLASSIFICÁVEL,NÃO CLASSIFICÁVEL,identity,ablation/tissue_classic_1229/images/55_0 (2).jpg,ultralytics_curascan/datasets/estagio-nivel-34n-20-05-26/train/estagio_4/55_0 (2).jpg
55_1,55_1,55_1.jpg,384a3b01b5a53216ab6a02076be676a39784261def3394e837235d67bc37b995,55_1.jpg,9227e3b4c0af541a45804429fd449a6d716640f36fd3d742caf947b87e7123a2,clinical:55,train,estagio_1,estagio_1,,0,0,0,0,0,NÃO CLASSIFICÁVEL,NÃO CLASSIFICÁVEL,identity,ablation/tissue_classic_1229/images/55_1.jpg,ultralytics_curascan/datasets/estagio-nivel-12n-20-05-26/train/estagio_1/55_1.jpg
57_0 (2),57_0 (2),57_0 (2).jpg,07f02e1cd2c76e1981c8a833479dde17c95aacc6099a360cba0eb39867eba2ea,57_0 (2).jpg,a92e2cd9d1187a7e85cd29ce5a16db2c069fdddc07d818a2079a25961382f095,clinical:57,train,estagio_4,nao_classificavel,estagio_4,0,1,0,0,0,GRANULAÇÃO,NÃO CLASSIFICÁVEL,identity,ablation/tissue_classic_1229/images/57_0 (2).jpg,ultralytics_curascan/datasets/estagio-nivel-34n-20-05-26/train/estagio_4/57_0 (2).jpg
57_0 (3),57_0 (3),57_0 (3).jpg,2b15d23f1577c92ad7365de46fea1e3e61766411675c87a3e0124ce2890f9268,57_0 (3).jpg,868527c52bd4a237262f3b1d50dc7870567246e97bdbee99653cc20518d330f1,clinical:57,train,estagio_2,estagio_2,,1,0,0,0,0,HIPEREMIA,NÃO CLASSIFICÁVEL,identity,ablation/tissue_classic_1229/images/57_0 (3).jpg,ultralytics_curascan/datasets/estagio-nivel-12n-20-05-26/test/estagio_2/57_0 (3).jpg
58_0,58_0,58_0.jpg,ec31cb447996e58fabb595cf75db8d409d3dbe04a93f4f9619ecf893c09bfd21,58_0.jpg,facc3666ed845a56f8ddf607a81970a4cd5756ec98bb730666bc1d42d504d312,clinical:58,train,estagio_1,estagio_1,,1,0,0,0,0,HIPEREMIA,NÃO CLASSIFICÁVEL,identity,ablation/tissue_classic_1229/images/58_0.jpg,ultralytics_curascan/datasets/estagio-nivel-12n-20-05-26/train/estagio_1/58_0.jpg
58_0 (2),58_0 (2),58_0 (2).jpg,9ce6c69ac29c1b67914e882e5dfb66f3ab4229e96129bdc9a6130bdb0f5e4794,58_0 (2).jpg,410640cddafe0e2cec01ea6e094b68777f03865702835beab1b127acdec96f20,clinical:58,train,estagio_3,nao_classificavel,estagio_3,1,0,0,0,0,HIPEREMIA,NÃO CLASSIFICÁVEL,identity,ablation/tissue_classic_1229/images/58_0 (2).jpg,ultralytics_curascan/datasets/estagio-nivel-34n-20-05-26/train/estagio_3/58_0 (2).jpg
58_0 (3),58_0 (3),58_0 (3).jpg,452206d266ec316800eb7eb6e513cf438c7f54cac106e3e04227b2402d3c8341,58_0 (3).jpg,2db07328d7674855ac0d6ed9038ba85d0a028ef69f6467cfc8185416652672bc,clinical:58,train,estagio_3,nao_classificavel,estagio_3,0,1,1,0,0,GRANULAÇÃO,ESFACELO,identity,ablation/tissue_classic_1229/images/58_0 (3).jpg,ultralytics_curascan/datasets/estagio-nivel-34n-20-05-26/train/estagio_3/58_0 (3).jpg
59_0,59_0,59_0.jpg,ab6727bb1d5f321b05b2f8375b0b961eb0069cfcd6336c6b5eb085fc9878e760,59_0.jpg,dd47e7a76cf92697e0378faf256f5b9262397a2734ee51acf5cfbea75bb2bf01,clinical:59,train,estagio_1,estagio_1,,1,0,0,0,0,HIPEREMIA,NÃO CLASSIFICÁVEL,identity,ablation/tissue_classic_1229/images/59_0.jpg,ultralytics_curascan/datasets/estagio-nivel-12n-20-05-26/train/estagio_1/59_0.jpg
59_0 (3),59_0 (3),59_0 (3).jpg,2519980870a8d3fb95203f7a52224c66364a637570cac4dd3c2cbc0f6d9a144e,59_0 (3).jpg,92e090618380e230ea4eb7800fc9cdf52d3424da5f03ea2dbc0353e61561fc7b,clinical:59,train,estagio_3,nao_classificavel,estagio_3,0,1,0,0,0,GRANULAÇÃO,NÃO CLASSIFICÁVEL,identity,ablation/tissue_classic_1229/images/59_0 (3).jpg,ultralytics_curascan/datasets/estagio-nivel-34n-20-05-26/train/estagio_3/59_0 (3).jpg
59_0 (4),59_0 (4),59_0 (4).jpg,8db0ec30e03b99aa8a64df11b72f1b671850dbf2613a98c2cf8ffcc7b6edd9b4,59_0 (4).jpg,d924e64af12d8a5e7a9f84d51398f7ed5e353592eafac1344a8d45947fb18180,clinical:59,train,estagio_3,nao_classificavel,estagio_3,0,0,1,0,0,NÃO CLASSIFICÁVEL,ESFACELO,identity,ablation/tissue_classic_1229/images/59_0 (4).jpg,ultralytics_curascan/datasets/estagio-nivel-34n-20-05-26/train/estagio_3/59_0 (4).jpg
5_0 (2),5_0 (2),5_0 (2).jpg,aae60136d71048e851163ef4259e9b99c6ae76f7d695243da10807f71390a443,5_0 (2).jpg,2e01f0dd2bf45a53035cff023fb9f4ff850a4356af9d0ab976740c0432bba07c,clinical:5,train,estagio_3,nao_classificavel,estagio_3,0,1,1,0,0,GRANULAÇÃO,ESFACELO,identity,ablation/tissue_classic_1229/images/5_0 (2).jpg,ultralytics_curascan/datasets/estagio-nivel-34n-20-05-26/train/estagio_3/5_0 (2).jpg
5_0 (3),5_0 (3),5_0 (3).jpg,fc8adb91628dc5c7af499262759a447359be11fbba6eecf37fcaf03e4ce71a4c,5_0 (3).jpg,0a164978bc20cea461e93141a0c0efc81211b86487ce4e7210e9d8feabcb29c0,clinical:5,train,estagio_3,nao_classificavel,estagio_3,0,1,0,0,0,GRANULAÇÃO,NÃO CLASSIFICÁVEL,identity,ablation/tissue_classic_1229/images/5_0 (3).jpg,ultralytics_curascan/datasets/estagio-nivel-34n-20-05-26/val/estagio_3/5_0 (3).jpg
5_0 (4),5_0 (4),5_0 (4).jpg,18c60bfc30997ccdcc5d9d40b612405a49ef569c3a8329995c7015f87cb28915,5_0 (4).jpg,92ebfacd124447eeb97215bcccd02d09edb25274cf4c4fcbb1b9ecda11ad4aeb,clinical:5,train,estagio_2,estagio_2,,1,0,0,0,0,HIPEREMIA,NÃO CLASSIFICÁVEL,identity,ablation/tissue_classic_1229/images/5_0 (4).jpg,ultralytics_curascan/datasets/estagio-nivel-12n-20-05-26/train/estagio_2/5_0 (4).jpg
5_1,5_1,5_1.jpg,55b5e12d849e12d47a497a669aba235064422b228be213a4c61705135d957ac9,5_1.jpg,fdec62304d61af4ea88676a8d7a315298577fb1765cc5e1f169a52e3518e000b,clinical:5,train,estagio_3,nao_classificavel,estagio_3,0,1,1,0,0,GRANULAÇÃO,ESFACELO,identity,ablation/tissue_classic_1229/images/5_1.jpg,ultralytics_curascan/datasets/estagio-nivel-34n-20-05-26/train/estagio_3/5_1.jpg
5_1 (2),5_1 (2),5_1 (2).jpg,c5341ccb24643d9a7c044e55d7244c1ba91140565174acc42b95f7476bb821ec,5_1 (2).jpg,ac53cfcd361858d193fc2937d0ef9ee7a1e617a9ff436bb8a9da8a495450fa49,clinical:5,train,estagio_2,estagio_2,,1,0,0,0,0,HIPEREMIA,NÃO CLASSIFICÁVEL,identity,ablation/tissue_classic_1229/images/5_1 (2).jpg,ultralytics_curascan/datasets/estagio-nivel-12n-20-05-26/val/estagio_2/5_1 (2).jpg
5_2,5_2,5_2.jpg,edab6c081f7d0fa978db45763ecd7b26968d6331baa8b8a2ce47aa0f8e735aba,5_2.jpg,fed0641a84e53636110ed32cfa17c56fe903fe2a659e9b000464ebcf5ad9dbd1,clinical:5,train,estagio_3,nao_classificavel,estagio_3,0,1,0,0,0,GRANULAÇÃO,NÃO CLASSIFICÁVEL,identity,ablation/tissue_classic_1229/images/5_2.jpg,ultralytics_curascan/datasets/estagio-nivel-34n-20-05-26/test/estagio_3/5_2.jpg
60_0,60_0,60_0.jpg,54df1956df58f1327eb96b0812354f1f18cfd5a4492d8fb8cbd663fed2c826eb,60_0.jpg,8d773999eb143e42c0a087e03d9b6015d6f353554fd59b713b84a68d2fe3e1b7,clinical:60,train,estagio_3,nao_classificavel,estagio_3,0,0,1,0,0,NÃO CLASSIFICÁVEL,ESFACELO,identity,ablation/tissue_classic_1229/images/60_0.jpg,ultralytics_curascan/datasets/estagio-nivel-34n-20-05-26/train/estagio_3/60_0.jpg
60_0 (2),60_0 (2),60_0 (2).jpg,22b0ca42d7a13a66862846d9ecbea6b5a30571a0ced43e224dcfedc3e0411b79,60_0 (2).jpg,95220dc281485444bf6e78ae979602df191dbe9e4f5de713321f02d66b6bddf1,clinical:60,train,estagio_3,nao_classificavel,estagio_3,1,0,1,0,0,HIPEREMIA,ESFACELO,identity,ablation/tissue_classic_1229/images/60_0 (2).jpg,ultralytics_curascan/datasets/estagio-nivel-34n-20-05-26/val/estagio_3/60_0 (2).jpg
60_0 (4),60_0 (4),60_0 (4).jpg,ae657b3f5d6b17e0295d518aa8eb0d214464bbeca5a189272a8a2609431fc705,60_0 (4).jpg,b78f5fd0b94e44cd64adab0fce9c2c7e6ee0a8014ba161261a642b8286d4eb7e,clinical:60,train,estagio_3,nao_classificavel,estagio_3,0,1,1,0,0,GRANULAÇÃO,ESFACELO,identity,ablation/tissue_classic_1229/images/60_0 (4).jpg,ultralytics_curascan/datasets/estagio-nivel-34n-20-05-26/train/estagio_3/60_0 (4).jpg
60_1 (2),60_1 (2),60_1 (2).jpg,6abfe06489061629d553add8ed573f9c8fa8aa67755581dc10cc457de907a8e5,60_1 (2).jpg,10ef9b4fc7764b5bef46f48e9f55a4267d2d53b324b9030b1084f5397db6aaec,clinical:60,train,estagio_3,nao_classificavel,estagio_3,0,0,0,0,0,NÃO CLASSIFICÁVEL,NÃO CLASSIFICÁVEL,identity,ablation/tissue_classic_1229/images/60_1 (2).jpg,ultralytics_curascan/datasets/estagio-nivel-34n-20-05-26/train/estagio_3/60_1 (2).jpg
61_0,61_0,61_0.jpg,beef3682e9dc360d4b6028bc5c59f30b92460a831d5d6ee126b8eb4ebfe3bf6f,61_0.jpg,04658ac4a846c67691b199b7b8a5c6f72630aabd3ccd9381a6f9dbed327e7365,clinical:61,train,estagio_3,nao_classificavel,estagio_3,0,1,0,0,0,GRANULAÇÃO,NÃO CLASSIFICÁVEL,identity,ablation/tissue_classic_1229/images/61_0.jpg,ultralytics_curascan/datasets/estagio-nivel-34n-20-05-26/test/estagio_3/61_0.jpg
61_0 (2),61_0 (2),61_0 (2).jpg,e10953069dee0921b6d7067d55eccc634cc1681c06feb79a970220cfd571d105,61_0 (2).jpg,0318272222c0ad34eadf9b589afdd42984bc9982e1c6591b9d8bbaf2c14b4893,clinical:61,train,estagio_3,nao_classificavel,estagio_3,0,1,0,0,0,GRANULAÇÃO,NÃO CLASSIFICÁVEL,identity,ablation/tissue_classic_1229/images/61_0 (2).jpg,ultralytics_curascan/datasets/estagio-nivel-34n-20-05-26/train/estagio_3/61_0 (2).jpg
61_0 (3),61_0 (3),61_0 (3).jpg,bcbb7e341fa802efb3f7543ce1a2b9d3349709f8d170b6363ad5c029246c3a96,61_0 (3).jpg,50eb3dd006d9c0e90bfc6a3616dcf33331c6aa3fb53aeb2aea2f1c0567cdb340,clinical:61,train,estagio_3,nao_classificavel,estagio_3,0,1,0,0,0,GRANULAÇÃO,NÃO CLASSIFICÁVEL,identity,ablation/tissue_classic_1229/images/61_0 (3).jpg,ultralytics_curascan/datasets/estagio-nivel-34n-20-05-26/val/estagio_3/61_0 (3).jpg
61_0 (4),61_0 (4),61_0 (4).jpg,b9261984135d1d0efe8f5100887fd5c06188047fd5d7a6856eab064dc95477bb,61_0 (4).jpg,b1c1be00293019ea9162330458080dfdf9bdf94d3f3d430a7fe115af1affdbf7,clinical:61,train,estagio_3,nao_classificavel,estagio_3,0,1,1,0,0,GRANULAÇÃO,ESFACELO,identity,ablation/tissue_classic_1229/images/61_0 (4).jpg,ultralytics_curascan/datasets/estagio-nivel-34n-20-05-26/train/estagio_3/61_0 (4).jpg
63_0,63_0,63_0.jpg,f9e32ded2317f4227860cbd67ab63c0d6076531a1fcb60ea2b1e54d3abb383c7,63_0.jpg,cf3e8a6f622fb0c75a4249bc67d56b54185db49217f217d0cd60a96643f46b08,clinical:63,train,estagio_2,estagio_2,,0,0,0,0,0,NÃO CLASSIFICÁVEL,NÃO CLASSIFICÁVEL,identity,ablation/tissue_classic_1229/images/63_0.jpg,ultralytics_curascan/datasets/estagio-nivel-12n-20-05-26/train/estagio_2/63_0.jpg
63_0 (2),63_0 (2),63_0 (2).jpg,77118a89e2865d6818385e0f7aef604d5660b7c485db6ff89025b70e5b999574,63_0 (2).jpg,9d8f6ce0e31b0372fda241850d197c6075a58aabdb76cdec6f64356f8c8a3976,clinical:63,train,estagio_3,nao_classificavel,estagio_3,0,1,0,0,0,GRANULAÇÃO,NÃO CLASSIFICÁVEL,identity,ablation/tissue_classic_1229/images/63_0 (2).jpg,ultralytics_curascan/datasets/estagio-nivel-34n-20-05-26/train/estagio_3/63_0 (2).jpg
63_0 (3),63_0 (3),63_0 (3).jpg,607b451f31a02a37aa4c72f28de9eaa3496f82d2b2ce0033537e33b4b29bc3d5,63_0 (3).jpg,156bae2b34e2a1e535b6fdf2e9e37d5ded00b92d7dcc3c407b1b90e491cc8e69,clinical:63,train,estagio_4,nao_classificavel,estagio_4,0,1,0,0,0,GRANULAÇÃO,NÃO CLASSIFICÁVEL,identity,ablation/tissue_classic_1229/images/63_0 (3).jpg,ultralytics_curascan/datasets/estagio-nivel-34n-20-05-26/train/estagio_4/63_0 (3).jpg
64_0 (2),64_0 (2),64_0 (2).jpg,16ab49f7c568a44eb6b3b1b397a9f5c9f4017713756bb75f6fc0678452fa08ab,64_0 (2).jpg,ac6e0bea0bb1e12afec94b1b950c003f3c1cd565e066ee11f521976a48af7acd,clinical:64,train,estagio_3,nao_classificavel,estagio_3,0,1,0,1,0,GRANULAÇÃO,NECROSE SECA,identity,ablation/tissue_classic_1229/images/64_0 (2).jpg,ultralytics_curascan/datasets/estagio-nivel-34n-20-05-26/train/estagio_3/64_0 (2).jpg
64_1 (2),64_1 (2),64_1 (2).jpg,d18600cf46fca5d46672df3fee2e8c1f1d74613eb9e2027b5ff3243475a5048b,64_1 (2).jpg,1aec306abf54df7682bbff4e7e4893dda2ac4a9b10ac09a18cf545e8b640032c,clinical:64,train,estagio_3,nao_classificavel,estagio_3,0,1,1,0,0,GRANULAÇÃO,ESFACELO,identity,ablation/tissue_classic_1229/images/64_1 (2).jpg,ultralytics_curascan/datasets/estagio-nivel-34n-20-05-26/train/estagio_3/64_1 (2).jpg
65_0 (2),65_0 (2),65_0 (2).jpg,78534d078cc9e6d5523a2d4532841ddc09008631e6cfea3d2c21815443e48735,65_0 (2).jpg,a7bfa684866df7003b0023586988be97784ae7be38865adea371a23d7494b811,clinical:65,train,estagio_2,estagio_2,,1,0,0,0,0,HIPEREMIA,NÃO CLASSIFICÁVEL,identity,ablation/tissue_classic_1229/images/65_0 (2).jpg,ultralytics_curascan/datasets/estagio-nivel-12n-20-05-26/train/estagio_2/65_0 (2).jpg
65_0 (4),65_0 (4),65_0 (4).jpg,068d0844fccfa731fc546d23c67c892aacb02de3d91c15ec9f1b98115eb6b415,65_0 (4).jpg,7d001c76275983462dc936b2346b92b387288595a4d275258d6cf654f2d346d8,clinical:65,train,estagio_3,nao_classificavel,estagio_3,0,1,0,0,0,GRANULAÇÃO,NÃO CLASSIFICÁVEL,identity,ablation/tissue_classic_1229/images/65_0 (4).jpg,ultralytics_curascan/datasets/estagio-nivel-34n-20-05-26/train/estagio_3/65_0 (4).jpg
65_1,65_1,65_1.jpg,7319a841fb5507322f2f6b384b23445feb14a3ad102741f9fe0284c15206f5de,65_1.jpg,44ed060418642022752211a2484dbff8ad81a18a16d5d877becfd1203f3b84f4,clinical:65,train,estagio_3,nao_classificavel,estagio_3,0,1,1,0,0,GRANULAÇÃO,ESFACELO,identity,ablation/tissue_classic_1229/images/65_1.jpg,ultralytics_curascan/datasets/estagio-nivel-34n-20-05-26/test/estagio_3/65_1.jpg
66_0 (2),66_0 (2),66_0 (2).jpg,b945bad586c87852a4ca01d0caca356839deac819e5fe67f17a37c36f54b3e2f,66_0 (2).jpg,ece6a83f92cc6ee291cafbd60cac5dd6f2748d31c97fdba7650f77781eefcce9,clinical:66,train,estagio_4,nao_classificavel,estagio_4,0,0,0,0,0,NÃO CLASSIFICÁVEL,NÃO CLASSIFICÁVEL,identity,ablation/tissue_classic_1229/images/66_0 (2).jpg,ultralytics_curascan/datasets/estagio-nivel-34n-20-05-26/train/estagio_4/66_0 (2).jpg
68_0 (2),68_0 (2),68_0 (2).jpg,c1ef2a69cc97d2280b2a49cf2fdcafeb27e9bc05416d5048602cd37d1fdc7a26,68_0 (2).jpg,0f5f92456ee837a51ac0c94f1ee6a09c8bb5ed87be8581f9bbf4d77cacdd2581,clinical:68,train,estagio_2,estagio_2,,0,0,0,0,0,NÃO CLASSIFICÁVEL,NÃO CLASSIFICÁVEL,identity,ablation/tissue_classic_1229/images/68_0 (2).jpg,ultralytics_curascan/datasets/estagio-nivel-12n-20-05-26/train/estagio_2/68_0 (2).jpg
68_0 (3),68_0 (3),68_0 (3).jpg,31574fe2568df52c3fbb8b0f05086dab87b05e327482630e9ee01cb7f75e58a3,68_0 (3).jpg,4f4b61b06390e3861a57adc94885527115cc196cf7a1d688e2082bf257ec24e2,clinical:68,train,estagio_3,nao_classificavel,estagio_3,0,0,1,0,0,NÃO CLASSIFICÁVEL,ESFACELO,identity,ablation/tissue_classic_1229/images/68_0 (3).jpg,ultralytics_curascan/datasets/estagio-nivel-34n-20-05-26/val/estagio_3/68_0 (3).jpg
68_0 (4),68_0 (4),68_0 (4).jpg,74d40918db56d5d6aef08bfa85b303c866984b17488471ec157a5934768c5f10,68_0 (4).jpg,3fa46763d4922299cfa5d016071327115b3d921947653cc4d36d64b1ef638bf2,clinical:68,train,estagio_2,estagio_2,,0,0,0,0,0,NÃO CLASSIFICÁVEL,NÃO CLASSIFICÁVEL,identity,ablation/tissue_classic_1229/images/68_0 (4).jpg,ultralytics_curascan/datasets/estagio-nivel-12n-20-05-26/val/estagio_2/68_0 (4).jpg
68_1 (2),68_1 (2),68_1 (2).jpg,d82dcc3729962f2678508618dad8397c2cd2a70191ebf21af8ed12ca251a8b0a,68_1 (2).jpg,bc9ab09347b41ad644186b9b2195d343f5e60a119efd9df791d0ed3109b6587f,clinical:68,train,estagio_2,estagio_2,,0,0,0,0,0,NÃO CLASSIFICÁVEL,NÃO CLASSIFICÁVEL,identity,ablation/tissue_classic_1229/images/68_1 (2).jpg,ultralytics_curascan/datasets/estagio-nivel-12n-20-05-26/train/estagio_2/68_1 (2).jpg
69_0,69_0,69_0.jpg,d5c53764af0b95b025ed900fdcdd4ac4fe7852e3d07459d7c54eec069ab0aa6b,69_0.jpg,f13ade022848f88baeb9cb8654d8d9497a9db7c730c533d94a2d91a84f85f48d,clinical:69,train,estagio_4,nao_classificavel,estagio_4,0,0,0,0,0,NÃO CLASSIFICÁVEL,NÃO CLASSIFICÁVEL,identity,ablation/tissue_classic_1229/images/69_0.jpg,ultralytics_curascan/datasets/estagio-nivel-34n-20-05-26/train/estagio_4/69_0.jpg
69_0 (2),69_0 (2),69_0 (2).jpg,576a1becc03ff3e2fbd35d4a9712ced34088531b0f2edba2bf61210dde2460b5,69_0 (2).jpg,e42df806d551274989ec039d230e77f87d4c3c798a8058e7a9e015f38144a571,clinical:69,train,estagio_3,nao_classificavel,estagio_3,0,0,0,0,0,NÃO CLASSIFICÁVEL,NÃO CLASSIFICÁVEL,identity,ablation/tissue_classic_1229/images/69_0 (2).jpg,ultralytics_curascan/datasets/estagio-nivel-34n-20-05-26/test/estagio_3/69_0 (2).jpg
69_0 (3),69_0 (3),69_0 (3).jpg,2aa3ffbd9c4cc8a2f322f3ee341faa4934084dd2adc9f4a171007c6cd473908c,69_0 (3).jpg,532994f9375faf5c4b3ce359d548f901b7a61cb2dd31b0eaa14e3461c97733c0,clinical:69,train,estagio_3,nao_classificavel,estagio_3,0,0,1,0,0,NÃO CLASSIFICÁVEL,ESFACELO,identity,ablation/tissue_classic_1229/images/69_0 (3).jpg,ultralytics_curascan/datasets/estagio-nivel-34n-20-05-26/train/estagio_3/69_0 (3).jpg
69_0 (4),69_0 (4),69_0 (4).jpg,a66086b095db581d9b209c6860f0fde2060b7c670198ea6c382e33d750a8bffb,69_0 (4).jpg,5caf7744bdea55013b8430c4efc02238530c5538402968a962846ef87db8285c,clinical:69,train,estagio_2,estagio_2,,1,0,0,0,0,HIPEREMIA,NÃO CLASSIFICÁVEL,identity,ablation/tissue_classic_1229/images/69_0 (4).jpg,ultralytics_curascan/datasets/estagio-nivel-12n-20-05-26/train/estagio_2/69_0 (4).jpg
69_1,69_1,69_1.jpg,dacb97b311d5601ad061d3846ab32abca0bbf3acb84a6d02fadbf1ab9fb7936c,69_1.jpg,94b24cd5769294674ddcdebdfe8ad90114783da50f7094741777d7569555ba79,clinical:69,train,estagio_3,nao_classificavel,estagio_3,0,1,0,0,0,GRANULAÇÃO,NÃO CLASSIFICÁVEL,identity,ablation/tissue_classic_1229/images/69_1.jpg,ultralytics_curascan/datasets/estagio-nivel-34n-20-05-26/val/estagio_3/69_1.jpg
6_0,6_0,6_0.jpg,531e1dac2f8855de7995144166da23a6e206a46b885706f7ac2cd05272436d82,6_0.jpg,f12f57873f647da5c34307d2a6af47c9730919885925ff13ae1ef44ef7c4948c,clinical:6,train,estagio_3,nao_classificavel,estagio_3,0,0,0,1,0,NÃO CLASSIFICÁVEL,NECROSE SECA,identity,ablation/tissue_classic_1229/images/6_0.jpg,ultralytics_curascan/datasets/estagio-nivel-34n-20-05-26/train/estagio_3/6_0.jpg
6_0 (3),6_0 (3),6_0 (3).jpg,3e0d6d0113b9df37e3195f453381fe7ea1cf5dca7c65ec716e0f2ff5a61e47d8,6_0 (3).jpg,c52fd64635ae02a33756dd2182deedac338f998c7bb4f98d32b818270631b6e0,clinical:6,train,estagio_3,nao_classificavel,estagio_3,0,0,1,0,0,NÃO CLASSIFICÁVEL,ESFACELO,identity,ablation/tissue_classic_1229/images/6_0 (3).jpg,ultralytics_curascan/datasets/estagio-nivel-34n-20-05-26/test/estagio_3/6_0 (3).jpg
6_1,6_1,6_1.jpg,394fa5059e8fb2d8751aa3d9c739ded33119372238891df0d4e44f89fb99ad3f,6_1.jpg,6cd28f970acf336d3dd6350501a83b200c3f9c2c5ce08073f2a96d9d393b2a8b,clinical:6,train,estagio_3,nao_classificavel,estagio_3,0,0,0,1,0,NÃO CLASSIFICÁVEL,NECROSE SECA,identity,ablation/tissue_classic_1229/images/6_1.jpg,ultralytics_curascan/datasets/estagio-nivel-34n-20-05-26/train/estagio_3/6_1.jpg
6_1 (3),6_1 (3),6_1 (3).jpg,751d6fb5536ce2cdaa69ad48d41fac78fdf4999588998f4b8c49e9c11ac38657,6_1 (3).jpg,036e8a5dc6268fb9e9fc23d8e3763006942e3228079f135d04644cfa972803a8,clinical:6,train,estagio_2,estagio_2,,0,1,0,0,0,GRANULAÇÃO,NÃO CLASSIFICÁVEL,identity,ablation/tissue_classic_1229/images/6_1 (3).jpg,ultralytics_curascan/datasets/estagio-nivel-12n-20-05-26/test/estagio_2/6_1 (3).jpg
6_2,6_2,6_2.jpg,472f7bb4c4eb51ecb1d7e1cf1a3a1a9701c68e0413d7d7eaf4f83b0489b984f0,6_2.jpg,162289e4d5d7fdc2e70ecaa1f0d18eac13d388db9c8762d7f5341524f5ae7af8,clinical:6,train,estagio_3,nao_classificavel,estagio_3,0,1,0,0,0,GRANULAÇÃO,NÃO CLASSIFICÁVEL,identity,ablation/tissue_classic_1229/images/6_2.jpg,ultralytics_curascan/datasets/estagio-nivel-34n-20-05-26/train/estagio_3/6_2.jpg
6_3,6_3,6_3.jpg,2900bd544c8a0d8340bdf81e47d2a6ca396fb352fbe55587b5c7ba0a149a6942,6_3.jpg,860c47ccffe4f35c58cebf7bf5b987be08f32931dff4569498d63fe3d7737a41,clinical:6,train,estagio_3,nao_classificavel,estagio_3,0,1,0,0,0,GRANULAÇÃO,NÃO CLASSIFICÁVEL,identity,ablation/tissue_classic_1229/images/6_3.jpg,ultralytics_curascan/datasets/estagio-nivel-34n-20-05-26/val/estagio_3/6_3.jpg
70_0,70_0,70_0.jpg,3c5f4014ff0abf2d870e9ad178c102ec72f55c73a74e1d154b1f76b053a8edbc,70_0.jpg,e7375054f5c997542f48e7345cd36368578cce65089e3c512075ed5107a4b5da,clinical:70,train,estagio_3,nao_classificavel,estagio_3,0,0,1,0,0,NÃO CLASSIFICÁVEL,ESFACELO,identity,ablation/tissue_classic_1229/images/70_0.jpg,ultralytics_curascan/datasets/estagio-nivel-34n-20-05-26/train/estagio_3/70_0.jpg
70_0 (2),70_0 (2),70_0 (2).jpg,f1b37e32b03a4d66be13ba8fae45da0c36f04ee289c0e2042955d837deccccf7,70_0 (2).jpg,2fd7a7f857046cb4bf07b8654bd5c650d06579240dfc247e7605038a3ded2b06,clinical:70,train,estagio_3,nao_classificavel,estagio_3,0,1,0,0,0,GRANULAÇÃO,NÃO CLASSIFICÁVEL,identity,ablation/tissue_classic_1229/images/70_0 (2).jpg,ultralytics_curascan/datasets/estagio-nivel-34n-20-05-26/test/estagio_3/70_0 (2).jpg
70_0 (3),70_0 (3),70_0 (3).jpg,576bf3898554244fc981af3559f09ffb3c0a641d3dd51a0bb378d759d64469ec,70_0 (3).jpg,9943303cd4d49a5fefbad9128bd5360e7960b951c58457067d7915500164417d,clinical:70,train,estagio_3,nao_classificavel,estagio_3,0,0,0,0,0,NÃO CLASSIFICÁVEL,NÃO CLASSIFICÁVEL,identity,ablation/tissue_classic_1229/images/70_0 (3).jpg,ultralytics_curascan/datasets/estagio-nivel-34n-20-05-26/train/estagio_3/70_0 (3).jpg
71_0,71_0,71_0.jpg,5ec80d8227b873b910e1b9cf5b43099c09fdbc407f3aa8b790fff878ffc49e31,71_0.jpg,6fc3db86a669b28713ec5ead0b68659a6960f2ee07d145b420c1f20ff71a1061,clinical:71,train,estagio_3,nao_classificavel,estagio_3,0,1,0,0,0,GRANULAÇÃO,NÃO CLASSIFICÁVEL,identity,ablation/tissue_classic_1229/images/71_0.jpg,ultralytics_curascan/datasets/estagio-nivel-34n-20-05-26/train/estagio_3/71_0.jpg
71_0 (2),71_0 (2),71_0 (2).jpg,3cb110a1ebd3d8821445d7db4ad2186bc1d8a6a437305f96f0534fe9cf486401,71_0 (2).jpg,b4e4150024a872cc0b16f1288f7093c5fc74061a5ccaa997d12ae8fba90e6788,clinical:71,train,estagio_3,nao_classificavel,estagio_3,0,0,0,0,0,NÃO CLASSIFICÁVEL,NÃO CLASSIFICÁVEL,identity,ablation/tissue_classic_1229/images/71_0 (2).jpg,ultralytics_curascan/datasets/estagio-nivel-34n-20-05-26/train/estagio_3/71_0 (2).jpg
71_0 (3),71_0 (3),71_0 (3).jpg,bf911465434d64483f928f5a9a9dbac90a2078ab431df89bcee90ef8c5cc493f,71_0 (3).jpg,33cdc32b5d8893d7b4b639fd2094cf2b55560f199312037d411b2492c84fc7b0,clinical:71,train,estagio_2,estagio_2,,1,0,0,0,0,HIPEREMIA,NÃO CLASSIFICÁVEL,identity,ablation/tissue_classic_1229/images/71_0 (3).jpg,ultralytics_curascan/datasets/estagio-nivel-12n-20-05-26/train/estagio_2/71_0 (3).jpg
71_0 (4),71_0 (4),71_0 (4).jpg,26c66075916b399b6da482aab85b7578fd174f906942b81aae71d2b3bd04e9fb,71_0 (4).jpg,30f8f5eb689228809c4c23d1457378ff1ac9506e03e00b194907accba0d6d93d,clinical:71,train,estagio_3,nao_classificavel,estagio_3,0,1,1,0,0,GRANULAÇÃO,ESFACELO,identity,ablation/tissue_classic_1229/images/71_0 (4).jpg,ultralytics_curascan/datasets/estagio-nivel-34n-20-05-26/train/estagio_3/71_0 (4).jpg
73_0,73_0,73_0.jpg,c7b5dd15de655ed71f1c3461e74c18c58cb919c2ad7d6339b254e2a6e2453718,73_0.jpg,6ba5ffc57dd41cd8a020c12576dadf2b404139a9a77eaccdec75f2974a139f81,clinical:73,train,estagio_3,nao_classificavel,estagio_3,0,0,1,1,0,NÃO CLASSIFICÁVEL,AMBAS,identity,ablation/tissue_classic_1229/images/73_0.jpg,ultralytics_curascan/datasets/estagio-nivel-34n-20-05-26/test/estagio_3/73_0.jpg
73_0 (2),73_0 (2),73_0 (2).jpg,f602ad298782c40c887d841bcbfefca3fe31e8fe955b8972f44263711d515659,73_0 (2).jpg,86e951ab6ba43baee259586f87d75b053af118bab8579fbaa77bb3a025548411,clinical:73,train,estagio_3,nao_classificavel,estagio_3,0,0,0,0,0,NÃO CLASSIFICÁVEL,NÃO CLASSIFICÁVEL,identity,ablation/tissue_classic_1229/images/73_0 (2).jpg,ultralytics_curascan/datasets/estagio-nivel-34n-20-05-26/test/estagio_3/73_0 (2).jpg
73_0 (3),73_0 (3),73_0 (3).jpg,78e6bb7be086e70e4ddaafcf8e421e8d73533d49e7dcfaf0dca7582f64121d86,73_0 (3).jpg,5b7cad12bbc80a460fe60a3498fb1abf769fa242abc7173f9fc695549855d8c8,clinical:73,train,estagio_3,nao_classificavel,estagio_3,0,1,1,0,0,GRANULAÇÃO,ESFACELO,identity,ablation/tissue_classic_1229/images/73_0 (3).jpg,ultralytics_curascan/datasets/estagio-nivel-34n-20-05-26/train/estagio_3/73_0 (3).jpg
73_0 (4),73_0 (4),73_0 (4).jpg,b728085479155e8270d8a139ad2417c0b74839e97a539b854fc81431f212c27e,73_0 (4).jpg,07a29d3e8a906bd22ea23ba2482f74ab029ca3b0ce30ae5c7c6752dcaf059797,clinical:73,train,estagio_3,nao_classificavel,estagio_3,0,0,1,0,0,NÃO CLASSIFICÁVEL,ESFACELO,identity,ablation/tissue_classic_1229/images/73_0 (4).jpg,ultralytics_curascan/datasets/estagio-nivel-34n-20-05-26/train/estagio_3/73_0 (4).jpg
75_0,75_0,75_0.jpg,63c26ab30f323e5dac6b1982e70f1f3630c4361751bb614e51a58a86f02aa54c,75_0.jpg,d9c00afc5052f2e01ea03638014cff96f164ca227380ea4261fb00692fe56f64,clinical:75,train,estagio_3,nao_classificavel,estagio_3,0,0,0,0,0,NÃO CLASSIFICÁVEL,NÃO CLASSIFICÁVEL,identity,ablation/tissue_classic_1229/images/75_0.jpg,ultralytics_curascan/datasets/estagio-nivel-34n-20-05-26/val/estagio_3/75_0.jpg
75_0 (3),75_0 (3),75_0 (3).jpg,910aa06c09bd9228b6557dd22b5e059537da227693bcef1f1f9994ceca2d4690,75_0 (3).jpg,d3415637244812f3802611ae4296803e5db0ae515afecebe7785d4404f18ce80,clinical:75,train,estagio_3,nao_classificavel,estagio_3,0,1,0,0,0,GRANULAÇÃO,NÃO CLASSIFICÁVEL,identity,ablation/tissue_classic_1229/images/75_0 (3).jpg,ultralytics_curascan/datasets/estagio-nivel-34n-20-05-26/val/estagio_3/75_0 (3).jpg
75_0 (4),75_0 (4),75_0 (4).jpg,82edc3cd92cc8fe8da30a57673572d9168883c8bccd7a8b56df07749b5a273d4,75_0 (4).jpg,66f758249785c26d2e33288705eebc30e0b3fd66a58ef23d96db3b1efdc4ab65,clinical:75,train,estagio_3,nao_classificavel,estagio_3,0,1,0,0,0,GRANULAÇÃO,NÃO CLASSIFICÁVEL,identity,ablation/tissue_classic_1229/images/75_0 (4).jpg,ultralytics_curascan/datasets/estagio-nivel-34n-20-05-26/test/estagio_3/75_0 (4).jpg
75_1,75_1,75_1.jpg,f252b59273d6651fb667124f46557f997b024e6b2b763e79d37df1dbf838c975,75_1.jpg,31ea5e9253da4d8471774c0e680d4a1c838d3018c9c489ba88180db65301f3ea,clinical:75,train,estagio_3,nao_classificavel,estagio_3,0,0,0,0,0,NÃO CLASSIFICÁVEL,NÃO CLASSIFICÁVEL,identity,ablation/tissue_classic_1229/images/75_1.jpg,ultralytics_curascan/datasets/estagio-nivel-34n-20-05-26/val/estagio_3/75_1.jpg
75_1 (2),75_1 (2),75_1 (2).jpg,544b55c7799e50fa5acda049bc14b51bb215817e9f96c1a3ee27c6a287f4a799,75_1 (2).jpg,fc9f8cb81864d8aa9dc23bc4ecb09a4356e20c70b63ba3cd26dd08ae35cb31db,clinical:75,train,estagio_3,nao_classificavel,estagio_3,0,0,0,0,0,NÃO CLASSIFICÁVEL,NÃO CLASSIFICÁVEL,identity,ablation/tissue_classic_1229/images/75_1 (2).jpg,ultralytics_curascan/datasets/estagio-nivel-34n-20-05-26/val/estagio_3/75_1 (2).jpg
75_1 (3),75_1 (3),75_1 (3).jpg,f37d2f84026a798b91c08462155d408d257f77f0499d7d129dff8663fdb3c679,75_1 (3).jpg,53f1970454f4cc1eb519d5a6c13df7b24e334918cf2d00dee1239878aa7a7576,clinical:75,train,estagio_1,estagio_1,,1,0,0,0,0,HIPEREMIA,NÃO CLASSIFICÁVEL,identity,ablation/tissue_classic_1229/images/75_1 (3).jpg,ultralytics_curascan/datasets/estagio-nivel-12n-20-05-26/val/estagio_1/75_1 (3).jpg
75_2,75_2,75_2.jpg,f24692149d1a69f1fc06de40c5bfdcd2299f232bb69ed64e258fccb234bafa7e,75_2.jpg,0c0e203517faf003be4a108ff497313fadb594783dd2a6047bbe22db45f3fe91,clinical:75,train,estagio_3,nao_classificavel,estagio_3,0,0,0,0,0,NÃO CLASSIFICÁVEL,NÃO CLASSIFICÁVEL,identity,ablation/tissue_classic_1229/images/75_2.jpg,ultralytics_curascan/datasets/estagio-nivel-34n-20-05-26/train/estagio_3/75_2.jpg
75_3,75_3,75_3.jpg,bf1495c5b4d45bde85f9fa3ae396fbbf41241ba2c754f1dee8b69ef8ff15c445,75_3.jpg,df6ac1c8cea297c88aafa13dda84583c1f3f94ac3f3b54fe009fabbf6769e6f7,clinical:75,train,estagio_3,nao_classificavel,estagio_3,0,0,0,0,0,NÃO CLASSIFICÁVEL,NÃO CLASSIFICÁVEL,identity,ablation/tissue_classic_1229/images/75_3.jpg,ultralytics_curascan/datasets/estagio-nivel-34n-20-05-26/train/estagio_3/75_3.jpg
76_0,76_0,76_0.jpg,57db2c02daf4826279a0c50c0176b50f3b173d9d3f6207c36b407e2ee06a8651,76_0.jpg,0f86bc98e9e4f33de1af52488fde0785ec9d7339450da5331a08ca2db591b7cb,clinical:76,train,estagio_3,nao_classificavel,estagio_3,0,1,0,0,0,GRANULAÇÃO,NÃO CLASSIFICÁVEL,identity,ablation/tissue_classic_1229/images/76_0.jpg,ultralytics_curascan/datasets/estagio-nivel-34n-20-05-26/val/estagio_3/76_0.jpg
76_0 (2),76_0 (2),76_0 (2).jpg,21287999c4b35faa98e473b70199b2d5ac66b37e3895332eb79a9874cdf10408,76_0 (2).jpg,d02ba5eb5c4ef463fbdb91f9d9dbdc4db3d52aeabe77b288904a664a9004d6bc,clinical:76,train,estagio_3,nao_classificavel,estagio_3,0,1,0,0,0,GRANULAÇÃO,NÃO CLASSIFICÁVEL,identity,ablation/tissue_classic_1229/images/76_0 (2).jpg,ultralytics_curascan/datasets/estagio-nivel-34n-20-05-26/train/estagio_3/76_0 (2).jpg
76_0 (3),76_0 (3),76_0 (3).jpg,8f6a979e3b5e487e6f4bfbea8925b1246b8023f2499f91ffdd6d362fedd44ef0,76_0 (3).jpg,cf3d4b3a9774c98b5a206edc8c84a512582f66152da17dddabdfd49feda757c7,clinical:76,train,estagio_3,nao_classificavel,estagio_3,0,0,1,0,0,NÃO CLASSIFICÁVEL,ESFACELO,identity,ablation/tissue_classic_1229/images/76_0 (3).jpg,ultralytics_curascan/datasets/estagio-nivel-34n-20-05-26/train/estagio_3/76_0 (3).jpg
76_0 (4),76_0 (4),76_0 (4).jpg,8208e0351da9224bc1c9bf47ac9b2071427037861de3885ffae8156d49dd8a5d,76_0 (4).jpg,c5a4c4decfd271ac97266cf7fcccfc4e2d6a039575befa2e8ebeeba0caac1e24,clinical:76,train,estagio_3,nao_classificavel,estagio_3,0,0,0,0,0,NÃO CLASSIFICÁVEL,NÃO CLASSIFICÁVEL,identity,ablation/tissue_classic_1229/images/76_0 (4).jpg,ultralytics_curascan/datasets/estagio-nivel-34n-20-05-26/train/estagio_3/76_0 (4).jpg
76_1,76_1,76_1.jpg,fc7cccaa39eb6d1930a0a233ed0ee5a638ad6fe1ec2ef8c0f9046543a5e12882,76_1.jpg,79271b086a2ef06de6a9ac6c690e361c90d25fc43ae1fdde2149cfd5f738edbb,clinical:76,train,estagio_3,nao_classificavel,estagio_3,0,1,0,0,0,GRANULAÇÃO,NÃO CLASSIFICÁVEL,identity,ablation/tissue_classic_1229/images/76_1.jpg,ultralytics_curascan/datasets/estagio-nivel-34n-20-05-26/train/estagio_3/76_1.jpg
76_3,76_3,76_3.jpg,e93fa44449f0f24051a1387e107a25698fca91d2cfd7fc3df287080c63320cbf,76_3.jpg,abf3e1ff922c5953b6a0e1fac8bbd9766ed087b7b70cfed3dd4f4f2cd8d21c66,clinical:76,train,estagio_3,nao_classificavel,estagio_3,0,1,0,0,0,GRANULAÇÃO,NÃO CLASSIFICÁVEL,identity,ablation/tissue_classic_1229/images/76_3.jpg,ultralytics_curascan/datasets/estagio-nivel-34n-20-05-26/val/estagio_3/76_3.jpg
77_0,77_0,77_0.jpg,b3599b05636919f692e35e3c58f173685d231eb7b9cd734929522bfce2e1aba8,77_0.jpg,3f946fabbb1a9a79955182a55b66e2c11052da264ab8bfcf3066b1bdd7786699,clinical:77,train,estagio_3,nao_classificavel,estagio_3,0,0,1,0,0,NÃO CLASSIFICÁVEL,ESFACELO,identity,ablation/tissue_classic_1229/images/77_0.jpg,ultralytics_curascan/datasets/estagio-nivel-34n-20-05-26/train/estagio_3/77_0.jpg
77_0 (2),77_0 (2),77_0 (2).jpg,70887c266dac904fafb3b91c308832fa7a1be24bb3655826103a82405b935b1b,77_0 (2).jpg,25df351d283f63506513b12c87056896cadec31b04d063191501db7dfc78b747,clinical:77,train,estagio_2,estagio_2,,0,0,0,0,0,NÃO CLASSIFICÁVEL,NÃO CLASSIFICÁVEL,identity,ablation/tissue_classic_1229/images/77_0 (2).jpg,ultralytics_curascan/datasets/estagio-nivel-12n-20-05-26/test/estagio_2/77_0 (2).jpg
77_0 (4),77_0 (4),77_0 (4).jpg,0b4a35a723f0e1c7aa339795136207c1e0031deba389369f415388535e53024f,77_0 (4).jpg,a65f10ad02cc84df84bfe93c3faa4bb72b8405c2e567a7dcd321a33ae0d11fc8,clinical:77,train,estagio_3,nao_classificavel,estagio_3,0,1,0,0,0,GRANULAÇÃO,NÃO CLASSIFICÁVEL,identity,ablation/tissue_classic_1229/images/77_0 (4).jpg,ultralytics_curascan/datasets/estagio-nivel-34n-20-05-26/train/estagio_3/77_0 (4).jpg
77_1,77_1,77_1.jpg,258cba61640cbba66b640545e9aaf53cc8c758a1e6e7dfa91def69f4f151b1a1,77_1.jpg,f4826fc7d69f2339f058a0097c9d75be4d9eb8d1ab17824eda4ef6353d2be229,clinical:77,train,estagio_3,nao_classificavel,estagio_3,0,1,0,0,0,GRANULAÇÃO,NÃO CLASSIFICÁVEL,identity,ablation/tissue_classic_1229/images/77_1.jpg,ultralytics_curascan/datasets/estagio-nivel-34n-20-05-26/train/estagio_3/77_1.jpg
78_0,78_0,78_0.jpg,0c2a954631eebc5c571e0586cd2b15ed79f0197aaf6376805c119014b341b945,78_0.jpg,5c2ace3291e742e88e768325a0c4843d7abd86d7c8b23afc7f213b8ca9a59a81,clinical:78,train,estagio_2,estagio_2,,0,0,0,0,0,NÃO CLASSIFICÁVEL,NÃO CLASSIFICÁVEL,identity,ablation/tissue_classic_1229/images/78_0.jpg,ultralytics_curascan/datasets/estagio-nivel-12n-20-05-26/train/estagio_2/78_0.jpg
78_0 (2),78_0 (2),78_0 (2).jpg,710da6243d631a11677794623806e7773178b665c4d962e35cb36bbe2fb89784,78_0 (2).jpg,8b025aa795498735047642655cee28c97d9d765d38ee571429c23c19f508456a,clinical:78,train,estagio_3,nao_classificavel,estagio_3,0,1,0,0,0,GRANULAÇÃO,NÃO CLASSIFICÁVEL,identity,ablation/tissue_classic_1229/images/78_0 (2).jpg,ultralytics_curascan/datasets/estagio-nivel-34n-20-05-26/test/estagio_3/78_0 (2).jpg
78_0 (3),78_0 (3),78_0 (3).jpg,a543c7fed3aa19e0aeff43ebb7cfad7d048dcf1260e262594e510c9470f6253c,78_0 (3).jpg,d1ff4c4a83719e924035bd15f2d53a7e07b50ee04e509f5b345d3d21176d11c3,clinical:78,train,estagio_3,nao_classificavel,estagio_3,0,0,0,0,0,NÃO CLASSIFICÁVEL,NÃO CLASSIFICÁVEL,identity,ablation/tissue_classic_1229/images/78_0 (3).jpg,ultralytics_curascan/datasets/estagio-nivel-34n-20-05-26/train/estagio_3/78_0 (3).jpg
78_0 (4),78_0 (4),78_0 (4).jpg,cf716679f5fd79451fae2eeecffef1ef9cf1d7e4cf593aea8d17934f1f9f7de2,78_0 (4).jpg,60d3727ff78a5418a936123f655364664a146c31ae0f4fab4f2226b472c09c48,clinical:78,train,estagio_3,nao_classificavel,estagio_3,0,1,0,0,0,GRANULAÇÃO,NÃO CLASSIFICÁVEL,identity,ablation/tissue_classic_1229/images/78_0 (4).jpg,ultralytics_curascan/datasets/estagio-nivel-34n-20-05-26/train/estagio_3/78_0 (4).jpg
78_1,78_1,78_1.jpg,6b1145f4fb8ceaac7234a8b0862bea7895399b85a7e2785160732790ef60dd33,78_1.jpg,8837cf30b715434e29727413cfbc9321c000d7a177d5ceb4f1e0efc8ebab2c44,clinical:78,train,estagio_2,estagio_2,,0,0,0,0,0,NÃO CLASSIFICÁVEL,NÃO CLASSIFICÁVEL,identity,ablation/tissue_classic_1229/images/78_1.jpg,ultralytics_curascan/datasets/estagio-nivel-12n-20-05-26/val/estagio_2/78_1.jpg
78_1 (2),78_1 (2),78_1 (2).jpg,996b2dff3d485112f7b495ecc15105b9aed44cc3568609e0ef49c99cf4fd02e7,78_1 (2).jpg,afbf2e0c133d78cdca020c98e9ccef51b886a258b1731d5545ac825a04ecfdbb,clinical:78,train,estagio_3,nao_classificavel,estagio_3,0,1,0,0,0,GRANULAÇÃO,NÃO CLASSIFICÁVEL,identity,ablation/tissue_classic_1229/images/78_1 (2).jpg,ultralytics_curascan/datasets/estagio-nivel-34n-20-05-26/train/estagio_3/78_1 (2).jpg
78_2,78_2,78_2.jpg,338298af80201d5b40c18bbeac71ab063abf1d320cd68aabad88bbc0608af281,78_2.jpg,fca2e5b54b9dfe5d454a7229dd15fe5040890aa7f9f1836714fdd4fe64ed00c8,clinical:78,train,estagio_3,nao_classificavel,estagio_3,0,0,0,0,0,NÃO CLASSIFICÁVEL,NÃO CLASSIFICÁVEL,identity,ablation/tissue_classic_1229/images/78_2.jpg,ultralytics_curascan/datasets/estagio-nivel-34n-20-05-26/train/estagio_3/78_2.jpg
78_3,78_3,78_3.jpg,33e6aab235d8fb00e4d532f0a850fde2a7533af42721bd40e90f62bac6bcabca,78_3.jpg,8a24f06ef7e4f9a2dfada75b4805ec91b413758c19d8b13562fbcbecb703ed76,clinical:78,train,estagio_2,estagio_2,,0,0,0,0,0,NÃO CLASSIFICÁVEL,NÃO CLASSIFICÁVEL,identity,ablation/tissue_classic_1229/images/78_3.jpg,ultralytics_curascan/datasets/estagio-nivel-12n-20-05-26/test/estagio_2/78_3.jpg
7_0,7_0,7_0.jpg,888be15458f421bd9c775b337f9a98bee96fb65da5d7cc71e432b7becac36bf9,7_0.jpg,f9e9a53000542e29581619c365566635e58653feaf4f097f2757fcc2edfb7e26,clinical:7,train,estagio_2,estagio_2,,1,0,0,0,0,HIPEREMIA,NÃO CLASSIFICÁVEL,identity,ablation/tissue_classic_1229/images/7_0.jpg,ultralytics_curascan/datasets/estagio-nivel-12n-20-05-26/train/estagio_2/7_0.jpg
7_0 (4),7_0 (4),7_0 (4).jpg,f6941e78a248cc1afd34ebf8ff64ef3ed734758084834cff3a06e30c8ca20aa5,7_0 (4).jpg,aa9194693e787f1f800591434e805cb8249e3637417c61d549fbe5a56d5ffdd6,clinical:7,train,estagio_3,nao_classificavel,estagio_3,0,0,1,0,0,NÃO CLASSIFICÁVEL,ESFACELO,identity,ablation/tissue_classic_1229/images/7_0 (4).jpg,ultralytics_curascan/datasets/estagio-nivel-34n-20-05-26/test/estagio_3/7_0 (4).jpg
7_1 (2),7_1 (2),7_1 (2).jpg,3b4dcda6099b6cdd0c65c5b5261f6408b000d9f5ff6ff010b56299af3ae0e0f2,7_1 (2).jpg,3135a12b63cf9b157835acf8cb7e2ae9c2ffbdf6a721d010b53ab002f52a778f,clinical:7,train,estagio_3,nao_classificavel,estagio_3,0,1,1,0,0,GRANULAÇÃO,ESFACELO,identity,ablation/tissue_classic_1229/images/7_1 (2).jpg,ultralytics_curascan/datasets/estagio-nivel-34n-20-05-26/train/estagio_3/7_1 (2).jpg
80_0,80_0,80_0.jpg,86d570179fdc45f08fe976d827a4c1ad0a3a388145fe6aa9748c7cf86afb6772,80_0.jpg,5fea6f1ce5374536cacda7f280bc3a4dc49b011729c295bcb7b23fb46ae2331d,clinical:80,train,estagio_3,nao_classificavel,estagio_3,0,0,1,0,0,NÃO CLASSIFICÁVEL,ESFACELO,identity,ablation/tissue_classic_1229/images/80_0.jpg,ultralytics_curascan/datasets/estagio-nivel-34n-20-05-26/train/estagio_3/80_0.jpg
80_0 (2),80_0 (2),80_0 (2).jpg,e98aa5b6ca8aec898fc287fe65e99169770f313657f3889b4fe2e195f7ca44ae,80_0 (2).jpg,366ba8d380c7073c2fe8678d5228b650304a51220cccdc70deb5b8c08335fc6f,clinical:80,train,estagio_1,estagio_1,,1,0,0,0,0,HIPEREMIA,NÃO CLASSIFICÁVEL,identity,ablation/tissue_classic_1229/images/80_0 (2).jpg,ultralytics_curascan/datasets/estagio-nivel-12n-20-05-26/train/estagio_1/80_0 (2).jpg
80_0 (3),80_0 (3),80_0 (3).jpg,a3cf095222132c1bdbee3d36033d63e75b24421895f986ccabc9323160e842de,80_0 (3).jpg,8c52ac51a27d270c05abaa219e3856773498839c9280e47eae2a1899803065a0,clinical:80,train,estagio_3,nao_classificavel,estagio_3,0,1,1,0,0,GRANULAÇÃO,ESFACELO,identity,ablation/tissue_classic_1229/images/80_0 (3).jpg,ultralytics_curascan/datasets/estagio-nivel-34n-20-05-26/train/estagio_3/80_0 (3).jpg
80_0 (4),80_0 (4),80_0 (4).jpg,33110a1d484a15d4cb28b3f765f7c2e50e1caa714aacc1c87dc1b231f1a167ea,80_0 (4).jpg,4010fe2717bdbf0a6044453ec916897b52e44cc4463f5bd5629f7b3fc2a5c19e,clinical:80,train,estagio_2,estagio_2,,0,0,0,0,0,NÃO CLASSIFICÁVEL,NÃO CLASSIFICÁVEL,identity,ablation/tissue_classic_1229/images/80_0 (4).jpg,ultralytics_curascan/datasets/estagio-nivel-12n-20-05-26/test/estagio_2/80_0 (4).jpg
81_0,81_0,81_0.jpg,bec296da888a25f1ac6afdef3988d34b7512c46fcc80ff4a9a5865029465a68c,81_0.jpg,767481c9a2a8644ca38d0e1ae24c8584359a0471165e77089e754ebd49beb171,clinical:81,train,estagio_2,estagio_2,,0,0,0,0,0,NÃO CLASSIFICÁVEL,NÃO CLASSIFICÁVEL,identity,ablation/tissue_classic_1229/images/81_0.jpg,ultralytics_curascan/datasets/estagio-nivel-12n-20-05-26/test/estagio_2/81_0.jpg
81_0 (2),81_0 (2),81_0 (2).jpg,29f7fe386a8418d6b34a7d694f8affa15531852d938eaf07e9f52315d6443332,81_0 (2).jpg,3530a65b6d0461cbc8e8fa0cc7a33d229990d0efdceaf9f6f3961981ae66a6d5,clinical:81,train,estagio_3,nao_classificavel,estagio_3,0,0,1,1,0,NÃO CLASSIFICÁVEL,AMBAS,identity,ablation/tissue_classic_1229/images/81_0 (2).jpg,ultralytics_curascan/datasets/estagio-nivel-34n-20-05-26/train/estagio_3/81_0 (2).jpg
81_0 (3),81_0 (3),81_0 (3).jpg,aa0f6b343c8799c9fb15afe1a11930a739efcd8f1b1238129564de3d3fbea8db,81_0 (3).jpg,a4f8f6d7fa04c8eb50153ad07638c926b241f5f635502343914972af2119473f,clinical:81,train,estagio_3,nao_classificavel,estagio_3,0,1,1,0,0,GRANULAÇÃO,ESFACELO,identity,ablation/tissue_classic_1229/images/81_0 (3).jpg,ultralytics_curascan/datasets/estagio-nivel-34n-20-05-26/train/estagio_3/81_0 (3).jpg
81_0 (4),81_0 (4),81_0 (4).jpg,491183a1622b253646c77becc7dfcb549033a04073e5da0032b7bcbdd7a4dd07,81_0 (4).jpg,b98606deda131e18762381b339d9d967645b18b5aa8e225d34a88ff848bda9ac,clinical:81,train,estagio_2,estagio_2,,0,0,0,0,0,NÃO CLASSIFICÁVEL,NÃO CLASSIFICÁVEL,identity,ablation/tissue_classic_1229/images/81_0 (4).jpg,ultralytics_curascan/datasets/estagio-nivel-12n-20-05-26/val/estagio_2/81_0 (4).jpg
81_1,81_1,81_1.jpg,145bf94610f70c27f35181cc9e1495b1aec139289fb7ba623aa1e07888211466,81_1.jpg,4a341e8718b907f65c96870e52d07c0680903b437c903b6428ef1cd4396ca590,clinical:81,train,estagio_2,estagio_2,,0,1,0,0,0,GRANULAÇÃO,NÃO CLASSIFICÁVEL,identity,ablation/tissue_classic_1229/images/81_1.jpg,ultralytics_curascan/datasets/estagio-nivel-12n-20-05-26/test/estagio_2/81_1.jpg
81_1 (2),81_1 (2),81_1 (2).jpg,66dcd5d0fba023326093a57efe5e99744e79f7bdc725c505c5097b2b97a2289b,81_1 (2).jpg,a99f8e4617cbda1648c482e0f55ac523aa5e3be9bc3265cff0cec11029cb2540,clinical:81,train,estagio_3,nao_classificavel,estagio_3,1,0,1,0,0,HIPEREMIA,ESFACELO,identity,ablation/tissue_classic_1229/images/81_1 (2).jpg,ultralytics_curascan/datasets/estagio-nivel-34n-20-05-26/train/estagio_3/81_1 (2).jpg
81_1 (3),81_1 (3),81_1 (3).jpg,d695b8b0d354a16fe430cb1fb4a98ab4bbe1ae7c32a0dca20cb7213640ec6cf3,81_1 (3).jpg,db25873d2776ededf53e1d14bd8f724b07eb2f822ea906c7a64219765a4b5812,clinical:81,train,estagio_3,nao_classificavel,estagio_3,0,0,1,0,0,NÃO CLASSIFICÁVEL,ESFACELO,identity,ablation/tissue_classic_1229/images/81_1 (3).jpg,ultralytics_curascan/datasets/estagio-nivel-34n-20-05-26/train/estagio_3/81_1 (3).jpg
81_2,81_2,81_2.jpg,728fe88c83ff6a8c41b73af80a2d6a534b053281ccc67bbf51889ef0a760df7f,81_2.jpg,4e67acc3e1d2431547dad93bf3e3daa328ae8e98f8a97cd858a87fa57e5ceb55,clinical:81,train,estagio_3,nao_classificavel,estagio_3,0,0,1,0,0,NÃO CLASSIFICÁVEL,ESFACELO,identity,ablation/tissue_classic_1229/images/81_2.jpg,ultralytics_curascan/datasets/estagio-nivel-34n-20-05-26/train/estagio_3/81_2.jpg
81_3,81_3,81_3.jpg,cb8081bdf2470745112c510dfef19fcd5002269a00e374438a9204da28d613b6,81_3.jpg,5f114d35102e3cf4781b9f98041580bcb7314825f0467a72f563f4fa470be7af,clinical:81,train,estagio_2,estagio_2,,1,0,0,0,0,HIPEREMIA,NÃO CLASSIFICÁVEL,identity,ablation/tissue_classic_1229/images/81_3.jpg,ultralytics_curascan/datasets/estagio-nivel-12n-20-05-26/train/estagio_2/81_3.jpg
82_0,82_0,82_0.jpg,054b442a9b2412c71c2f8dd24c3b07af0cc58a07501e05e34c44788532a73f7b,82_0.jpg,1ea6fd464be8151c8d99e7ff7277299d352333458db5b6ec41fbf2ef4d112fb6,clinical:82,train,estagio_3,nao_classificavel,estagio_3,0,0,0,0,0,NÃO CLASSIFICÁVEL,NÃO CLASSIFICÁVEL,identity,ablation/tissue_classic_1229/images/82_0.jpg,ultralytics_curascan/datasets/estagio-nivel-34n-20-05-26/train/estagio_3/82_0.jpg
82_0 (2),82_0 (2),82_0 (2).jpg,97cef478c7e310d985bfa14c416e7776d9c3f69f79855f0b41c3c6a8973d9d66,82_0 (2).jpg,32d346457998e858346697697950795de3637cbda5e3bbf2880ae31b62f7e049,clinical:82,train,estagio_2,estagio_2,,0,0,0,0,0,NÃO CLASSIFICÁVEL,NÃO CLASSIFICÁVEL,identity,ablation/tissue_classic_1229/images/82_0 (2).jpg,ultralytics_curascan/datasets/estagio-nivel-12n-20-05-26/train/estagio_2/82_0 (2).jpg
82_0 (3),82_0 (3),82_0 (3).jpg,2b14ccfc20f4492f579937e04b35b0cdeee403913959b193f90462a05b0e21f8,82_0 (3).jpg,0db54677fc887fbadf2facece826e1445a93b79ec72210705b25a117d6db7975,clinical:82,train,estagio_3,nao_classificavel,estagio_3,0,1,1,0,0,GRANULAÇÃO,ESFACELO,identity,ablation/tissue_classic_1229/images/82_0 (3).jpg,ultralytics_curascan/datasets/estagio-nivel-34n-20-05-26/train/estagio_3/82_0 (3).jpg
82_1,82_1,82_1.jpg,3c368aaf28a254b257de0eceddd14c132345d9c1da7834774f6871fc047c6d5d,82_1.jpg,cb1b421a4fd7dac075079845880a22c1e0132521e6a4326b40a1bf61c10bcd70,clinical:82,train,estagio_3,nao_classificavel,estagio_3,0,0,1,0,0,NÃO CLASSIFICÁVEL,ESFACELO,identity,ablation/tissue_classic_1229/images/82_1.jpg,ultralytics_curascan/datasets/estagio-nivel-34n-20-05-26/train/estagio_3/82_1.jpg
82_1 (2),82_1 (2),82_1 (2).jpg,e24e34939b3fb9c32b72b136538c8037eb5a1661617525e46591032b269104af,82_1 (2).jpg,717ef88fb276c010fe4728e810d7e3e7c33386a02fdc7bb8697140f65fb01ec9,clinical:82,train,estagio_3,nao_classificavel,estagio_3,0,0,0,0,0,NÃO CLASSIFICÁVEL,NÃO CLASSIFICÁVEL,identity,ablation/tissue_classic_1229/images/82_1 (2).jpg,ultralytics_curascan/datasets/estagio-nivel-34n-20-05-26/train/estagio_3/82_1 (2).jpg
82_2,82_2,82_2.jpg,9e6bc374e0bbfd3f9e7c569ae148d9b42e845d00272fc5b1de97a2a61119db62,82_2.jpg,3151a6668c20133c6f18d93974f50c6e23ad5e5eada1e1c37dba493a29cd938c,clinical:82,train,estagio_2,estagio_2,,0,1,0,0,0,GRANULAÇÃO,NÃO CLASSIFICÁVEL,identity,ablation/tissue_classic_1229/images/82_2.jpg,ultralytics_curascan/datasets/estagio-nivel-12n-20-05-26/train/estagio_2/82_2.jpg
82_3,82_3,82_3.jpg,6069b7d74225ce659b2bda6978cc6c7d24f3da240d32eba34acd4b42fd2aa8cb,82_3.jpg,b2f14ef1112a8a23d559c86515c3bf70b56c29104262d411c7683efba27a30e8,clinical:82,train,estagio_2,estagio_2,,0,1,0,0,0,GRANULAÇÃO,NÃO CLASSIFICÁVEL,identity,ablation/tissue_classic_1229/images/82_3.jpg,ultralytics_curascan/datasets/estagio-nivel-12n-20-05-26/test/estagio_2/82_3.jpg
83_0 (2),83_0 (2),83_0 (2).jpg,cb6e65241e0d0b17009bbe6c96fecf11a15ebf3d59d77d25e638a635318fc903,83_0 (2).jpg,0f81b3d1bdc59c1aed796ee9bac293fb52947c02b4d271fb355fc3d517bf4f2d,clinical:83,train,estagio_3,nao_classificavel,estagio_3,0,1,0,0,0,GRANULAÇÃO,NÃO CLASSIFICÁVEL,identity,ablation/tissue_classic_1229/images/83_0 (2).jpg,ultralytics_curascan/datasets/estagio-nivel-34n-20-05-26/test/estagio_3/83_0 (2).jpg
83_0 (3),83_0 (3),83_0 (3).jpg,03179a7c7fe118223ae06e5875f1d987090547ccc1bf514764b91b6a9556b0b2,83_0 (3).jpg,e6a090533585162e3f8ce9883c81587543010d1fbd6d00ee991b8c2a7339fe51,clinical:83,train,estagio_3,nao_classificavel,estagio_3,0,1,1,0,0,GRANULAÇÃO,ESFACELO,identity,ablation/tissue_classic_1229/images/83_0 (3).jpg,ultralytics_curascan/datasets/estagio-nivel-34n-20-05-26/test/estagio_3/83_0 (3).jpg
83_0 (4),83_0 (4),83_0 (4).jpg,356398807754e8c77b353662fe58cf2c4630bd9aead4853f245cec35108731be,83_0 (4).jpg,c243ce7ce401a4af413aff6aaf796f0bb11e0dbbc0f6da89bee305ea8c1e3f3c,clinical:83,train,estagio_3,nao_classificavel,estagio_3,0,0,0,1,0,NÃO CLASSIFICÁVEL,NECROSE SECA,identity,ablation/tissue_classic_1229/images/83_0 (4).jpg,ultralytics_curascan/datasets/estagio-nivel-34n-20-05-26/train/estagio_3/83_0 (4).jpg
84_0,84_0,84_0.jpg,0fec56ea3ef28631b3e001a325c16237a46707cd485c2bc898fd9cfaa5723e8e,84_0.jpg,13c9ae9bdb5bbc02566c7e73137b0d8bf1591f5604631fd4e734f31aec7170e5,clinical:84,train,estagio_2,estagio_2,,0,0,0,0,0,NÃO CLASSIFICÁVEL,NÃO CLASSIFICÁVEL,identity,ablation/tissue_classic_1229/images/84_0.jpg,ultralytics_curascan/datasets/estagio-nivel-12n-20-05-26/train/estagio_2/84_0.jpg
84_0 (2),84_0 (2),84_0 (2).jpg,5f9065bb29a25cac61d634ec47501db41f6dd36f821e5d5da62a19b29b67becc,84_0 (2).jpg,373993416addb14dee8ce41d865ca16137f724d3838255b302ddebf423eac735,clinical:84,train,estagio_3,nao_classificavel,estagio_3,0,0,1,0,0,NÃO CLASSIFICÁVEL,ESFACELO,identity,ablation/tissue_classic_1229/images/84_0 (2).jpg,ultralytics_curascan/datasets/estagio-nivel-34n-20-05-26/train/estagio_3/84_0 (2).jpg
84_0 (4),84_0 (4),84_0 (4).jpg,910cde6deb1e71b394ca9a6582ea56b0625357b33f33f8a3aea070325b13d7ba,84_0 (4).jpg,eecdbfdc11e6551282f1f154b103bbcaac497fc981f553107be3e7c97c0e0157,clinical:84,train,estagio_2,estagio_2,,1,0,0,0,0,HIPEREMIA,NÃO CLASSIFICÁVEL,identity,ablation/tissue_classic_1229/images/84_0 (4).jpg,ultralytics_curascan/datasets/estagio-nivel-12n-20-05-26/train/estagio_2/84_0 (4).jpg
85_0,85_0,85_0.jpg,12947994c440ecb97e3cdc0cb9c40af440e7ead5e1d68cc952e412f6ee5c3db1,85_0.jpg,d4b1c91745512bfd5a4d14a8238784d6939bead25b1bf266ae276dcec78f8261,clinical:85,train,estagio_3,nao_classificavel,estagio_3,0,1,0,0,0,GRANULAÇÃO,NÃO CLASSIFICÁVEL,identity,ablation/tissue_classic_1229/images/85_0.jpg,ultralytics_curascan/datasets/estagio-nivel-34n-20-05-26/test/estagio_3/85_0.jpg
85_0 (2),85_0 (2),85_0 (2).jpg,bd8e2fe2ebda3323754239eb41eee5e0fbdfdf46c70d3c17b69bc0fd06473aee,85_0 (2).jpg,e9bf1800c0469c0bc1f9d10ee3ac0cd23d652c57e0fae791a34e3be0d5b41f85,clinical:85,train,estagio_3,nao_classificavel,estagio_3,0,0,1,0,0,NÃO CLASSIFICÁVEL,ESFACELO,identity,ablation/tissue_classic_1229/images/85_0 (2).jpg,ultralytics_curascan/datasets/estagio-nivel-34n-20-05-26/train/estagio_3/85_0 (2).jpg
85_0 (3),85_0 (3),85_0 (3).jpg,75982a9577862ef9874ba716dbbaa82cf94ca0f2069b2a75d2ca403b91cf0633,85_0 (3).jpg,48c6bd7acd33e0fdd2e3e9ef6220e13c643624d4f9006d8fcb77ef5b020e90e8,clinical:85,train,estagio_4,nao_classificavel,estagio_4,0,0,0,0,0,NÃO CLASSIFICÁVEL,NÃO CLASSIFICÁVEL,identity,ablation/tissue_classic_1229/images/85_0 (3).jpg,ultralytics_curascan/datasets/estagio-nivel-34n-20-05-26/train/estagio_4/85_0 (3).jpg
85_0 (4),85_0 (4),85_0 (4).jpg,8469b4a054a66dbd8b8a7b965c5fe2ed3f9c6518fd5c588da26f26421d779c49,85_0 (4).jpg,10aecf44b3c844cd20dac3376c8ba3ff68da0452f9cee0d05f5cd6e40f890958,clinical:85,train,estagio_2,estagio_2,,1,0,0,0,0,HIPEREMIA,NÃO CLASSIFICÁVEL,identity,ablation/tissue_classic_1229/images/85_0 (4).jpg,ultralytics_curascan/datasets/estagio-nivel-12n-20-05-26/train/estagio_2/85_0 (4).jpg
86_0,86_0,86_0.jpg,e1dc60a8e742b5f9caebfff9a35d8d777fb800f518efb6eb91ed751082dd2bd7,86_0.jpg,459cca5ef558169018ef2f8dcfe35e5e8812dee3a593aab89a84c4276e033752,clinical:86,train,estagio_2,estagio_2,,0,1,0,0,0,GRANULAÇÃO,NÃO CLASSIFICÁVEL,identity,ablation/tissue_classic_1229/images/86_0.jpg,ultralytics_curascan/datasets/estagio-nivel-12n-20-05-26/train/estagio_2/86_0.jpg
86_0 (2),86_0 (2),86_0 (2).jpg,f232771d218d6080d3117efce6060f827a543fac46ace4fe97028f1c138c6e48,86_0 (2).jpg,2fba4d989a6737fbd0c426caba2f6a88ac9a488614abe71ee1fc32587ed3dd51,clinical:86,train,estagio_4,nao_classificavel,estagio_4,0,1,1,0,0,GRANULAÇÃO,ESFACELO,identity,ablation/tissue_classic_1229/images/86_0 (2).jpg,ultralytics_curascan/datasets/estagio-nivel-34n-20-05-26/train/estagio_4/86_0 (2).jpg
86_0 (4),86_0 (4),86_0 (4).jpg,c5b6ad37a6274f3be5e2ff2695ce76ab275335a1938bef8fa7fd91b615beabd5,86_0 (4).jpg,19dbf78d16791fc060c854e2b531c7666aba864a5bc7caf86f6e6886f3d02e66,clinical:86,train,estagio_2,estagio_2,,0,1,0,0,0,GRANULAÇÃO,NÃO CLASSIFICÁVEL,identity,ablation/tissue_classic_1229/images/86_0 (4).jpg,ultralytics_curascan/datasets/estagio-nivel-12n-20-05-26/val/estagio_2/86_0 (4).jpg
87_0,87_0,87_0.jpg,e181ba5ce9718bda07f1aaf656dadc6c5dc99b8609d060b2073e39f39c32ff45,87_0.jpg,46e54588d1e4d915baf58f702d1189e600249a46c9cd8416525bf65c8ee51601,clinical:87,train,estagio_2,estagio_2,,0,1,0,0,0,GRANULAÇÃO,NÃO CLASSIFICÁVEL,identity,ablation/tissue_classic_1229/images/87_0.jpg,ultralytics_curascan/datasets/estagio-nivel-12n-20-05-26/test/estagio_2/87_0.jpg
87_0 (2),87_0 (2),87_0 (2).jpg,aab861da07f038dbaaaed6ffcdef1697e4ed9dad25b3b09f1df4b7c7c47d150e,87_0 (2).jpg,176e8aa53c53cf420fa8c0f046f0d42e244075578969fd51b0a97c4d65bd8731,clinical:87,train,estagio_4,nao_classificavel,estagio_4,0,1,1,0,0,GRANULAÇÃO,ESFACELO,identity,ablation/tissue_classic_1229/images/87_0 (2).jpg,ultralytics_curascan/datasets/estagio-nivel-34n-20-05-26/test/estagio_4/87_0 (2).jpg
87_1,87_1,87_1.jpg,0bfec9dbd858e9efbfc2900e7dfc6c87025be8c34defa3fdfda70d6d2bfe3c18,87_1.jpg,02ebc209cfd731a42937115f49684058b1a79c97ef733b88c50aefbfc91d76fe,clinical:87,train,estagio_2,estagio_2,,0,0,0,0,0,NÃO CLASSIFICÁVEL,NÃO CLASSIFICÁVEL,identity,ablation/tissue_classic_1229/images/87_1.jpg,ultralytics_curascan/datasets/estagio-nivel-12n-20-05-26/train/estagio_2/87_1.jpg
87_2,87_2,87_2.jpg,2b71a76b5f98643d8edb7a4c49f58612f31bab86b630603710a24eb9f2445112,87_2.jpg,58c0c8b3dfbbd76743d4ae4362acd5ae3af0398cbe139be115bafaf7d4d5dab0,clinical:87,train,estagio_2,estagio_2,,0,0,1,0,0,NÃO CLASSIFICÁVEL,ESFACELO,identity,ablation/tissue_classic_1229/images/87_2.jpg,ultralytics_curascan/datasets/estagio-nivel-12n-20-05-26/train/estagio_2/87_2.jpg
87_4,87_4,87_4.jpg,6427c34a9519ec08a0fd44dc7439485379bd4b8d62a0802d65271f72c9e15206,87_4.jpg,55fd0b5acadca6aa7e49b6bcecdc7898ad033c610ae3aa5ba9448d31a4949a29,clinical:87,train,estagio_3,nao_classificavel,estagio_3,0,0,0,1,0,NÃO CLASSIFICÁVEL,NECROSE SECA,identity,ablation/tissue_classic_1229/images/87_4.jpg,ultralytics_curascan/datasets/estagio-nivel-34n-20-05-26/train/estagio_3/87_4.jpg
8_0 (2),8_0 (2),8_0 (2).jpg,142292691b023ca2526128aa0ce7259b2f3ee6902bdc8c73d6b74c5038416cb5,8_0 (2).jpg,cadc40ba1dde8ed23449e24aed2a8fe137c2cd8ed5a0015a3b00f645027503ee,clinical:8,train,estagio_3,nao_classificavel,estagio_3,0,0,0,1,1,NÃO CLASSIFICÁVEL,NECROSE SECA,identity,ablation/tissue_classic_1229/images/8_0 (2).jpg,ultralytics_curascan/datasets/estagio-nivel-34n-20-05-26/train/estagio_3/8_0 (2).jpg
8_0 (3),8_0 (3),8_0 (3).jpg,1766178e5ec7ca983a058085d5c123a50f6509969f4c5cf2b64a86e3a6324633,8_0 (3).jpg,638dcf57b2f3956e154ae1b6a97c1c38ffad848198575aaeaa91d898d8cd625c,clinical:8,train,estagio_3,nao_classificavel,estagio_3,0,0,1,0,0,NÃO CLASSIFICÁVEL,ESFACELO,identity,ablation/tissue_classic_1229/images/8_0 (3).jpg,ultralytics_curascan/datasets/estagio-nivel-34n-20-05-26/train/estagio_3/8_0 (3).jpg
8_0 (4),8_0 (4),8_0 (4).jpg,4d61e70b1439791f2f1b971d88115e7750afb0bc18072f676dfa59182321143f,8_0 (4).jpg,a228626ac72b5c6d79043097d84db3d5bb87d81564fde484283ab5555fbd83e2,clinical:8,train,estagio_2,estagio_2,,0,1,0,0,0,GRANULAÇÃO,NÃO CLASSIFICÁVEL,identity,ablation/tissue_classic_1229/images/8_0 (4).jpg,ultralytics_curascan/datasets/estagio-nivel-12n-20-05-26/train/estagio_2/8_0 (4).jpg
8_1,8_1,8_1.jpg,5c1c7a99e8bdf49a9321384d6c36aeb6c854b7236c53ceed472d72d8a43228b9,8_1.jpg,f0365c26092110163f8eccf318d394b21e9b44e0cee5f4da305896c12eafe5b4,clinical:8,train,estagio_3,nao_classificavel,estagio_3,0,0,1,0,0,NÃO CLASSIFICÁVEL,ESFACELO,identity,ablation/tissue_classic_1229/images/8_1.jpg,ultralytics_curascan/datasets/estagio-nivel-34n-20-05-26/train/estagio_3/8_1.jpg
8_1 (2),8_1 (2),8_1 (2).jpg,1ac550c559b28610d0153ecefa9c4f0b91d2e1d24c8cc9ea730492c1232aa3ed,8_1 (2).jpg,97fdb7b1d7b91368af9025ce7cd6e1e60a1a3b05e33c34f40418b21304019bd7,clinical:8,train,estagio_2,estagio_2,,0,1,0,0,0,GRANULAÇÃO,NÃO CLASSIFICÁVEL,identity,ablation/tissue_classic_1229/images/8_1 (2).jpg,ultralytics_curascan/datasets/estagio-nivel-12n-20-05-26/train/estagio_2/8_1 (2).jpg
90_0,90_0,90_0.jpg,b06042f09e5b96dd0112c578d6f62b69284ad74f4d4c03c571d8c29059ed9b64,90_0.jpg,3ee558c9b224e8bfb2729fabaac960885f96f287a05d427655f8672253e0b9f9,clinical:90,train,estagio_4,nao_classificavel,estagio_4,0,1,0,0,0,GRANULAÇÃO,NÃO CLASSIFICÁVEL,identity,ablation/tissue_classic_1229/images/90_0.jpg,ultralytics_curascan/datasets/estagio-nivel-34n-20-05-26/val/estagio_4/90_0.jpg
90_0 (2),90_0 (2),90_0 (2).jpg,19c88c082d22e8d74252da2bd0f88c0417ca649ae555c3a32f4fe08869ae496b,90_0 (2).jpg,d68aa8a4f8e071403b1d1907d04ed6658e6c3a1b0e90084687bcfb73eb123b74,clinical:90,train,estagio_3,nao_classificavel,estagio_3,0,1,1,0,0,GRANULAÇÃO,ESFACELO,identity,ablation/tissue_classic_1229/images/90_0 (2).jpg,ultralytics_curascan/datasets/estagio-nivel-34n-20-05-26/val/estagio_3/90_0 (2).jpg
90_0 (4),90_0 (4),90_0 (4).jpg,ea5899892e8e80e67b203dcc7dc21487ab71ee40b83490e327326a1891e6b1fe,90_0 (4).jpg,97f37fa59c00248e59020fcd07363df6fe3ffe3abc340ec67143e4855f1bea9f,clinical:90,train,estagio_4,nao_classificavel,estagio_4,0,0,1,0,0,NÃO CLASSIFICÁVEL,ESFACELO,identity,ablation/tissue_classic_1229/images/90_0 (4).jpg,ultralytics_curascan/datasets/estagio-nivel-34n-20-05-26/train/estagio_4/90_0 (4).jpg
91_0 (2),91_0 (2),91_0 (2).jpg,5871dea4fc50a998872f5d358c849d9dfd6dc9efcd112105afc4e0c4e240a670,91_0 (2).jpg,4f69d4a793f9169a778e210393a6d0e2171e47b407b39cd81e188b82baf6f038,clinical:91,train,estagio_2,estagio_2,,0,1,0,0,0,GRANULAÇÃO,NÃO CLASSIFICÁVEL,identity,ablation/tissue_classic_1229/images/91_0 (2).jpg,ultralytics_curascan/datasets/estagio-nivel-12n-20-05-26/train/estagio_2/91_0 (2).jpg
91_0 (4),91_0 (4),91_0 (4).jpg,75815c81dfbc2836cb557caeb7e727963ed4e21ad9e1e177670b12feb583c372,91_0 (4).jpg,2627c263294c6ecdf2a1ef199c0bde5bda787bc29141d094466495fb1e412f77,clinical:91,train,estagio_3,nao_classificavel,estagio_3,0,1,1,0,0,GRANULAÇÃO,ESFACELO,identity,ablation/tissue_classic_1229/images/91_0 (4).jpg,ultralytics_curascan/datasets/estagio-nivel-34n-20-05-26/train/estagio_3/91_0 (4).jpg
91_1,91_1,91_1.jpg,28f10f70e7dc4217fb7d556051bc56f78dff034e7c3d6b72097cf0dcafa9eba2,91_1.jpg,1fc2aadde5ef123dc98fd9e7177f6bad80d42d9f01a8b93e29c9f3a64887a81f,clinical:91,train,estagio_2,estagio_2,,1,1,1,0,0,AMBAS,ESFACELO,identity,ablation/tissue_classic_1229/images/91_1.jpg,ultralytics_curascan/datasets/estagio-nivel-12n-20-05-26/train/estagio_2/91_1.jpg
92_0 (3),92_0 (3),92_0 (3).jpg,6aa549aa7ca1b32782fdd91ff1f2469b7d966dd3e79e4caaeed7fb0cc2c74dd0,92_0 (3).jpg,4d5c50a41db12f31058fc56af204c2bd739022c9e7233b16a898222a8a11f6f8,clinical:92,train,estagio_3,nao_classificavel,estagio_3,0,1,1,1,0,GRANULAÇÃO,AMBAS,identity,ablation/tissue_classic_1229/images/92_0 (3).jpg,ultralytics_curascan/datasets/estagio-nivel-34n-20-05-26/val/estagio_3/92_0 (3).jpg
92_0 (4),92_0 (4),92_0 (4).jpg,4724de40c15b124adde8744bf4acb67e1a6e8204f794ed1e751c0a1b0a065231,92_0 (4).jpg,05c36105133b63f873e762dcca8caabb1a19280ae69dde271865d3cc4c0d0205,clinical:92,train,estagio_3,nao_classificavel,estagio_3,0,1,1,0,0,GRANULAÇÃO,ESFACELO,identity,ablation/tissue_classic_1229/images/92_0 (4).jpg,ultralytics_curascan/datasets/estagio-nivel-34n-20-05-26/train/estagio_3/92_0 (4).jpg
94_0,94_0,94_0.jpg,8aaabd3d26c8bd9ce6c708677bf041d3d45017f0bdb4f38b65c84cc1edc71ba9,94_0.jpg,2cf6a0eeabdf30dc823a811c431f61c87b94575c5c81c2d97f8160e36255924f,clinical:94,train,estagio_3,nao_classificavel,estagio_3,0,1,0,0,0,GRANULAÇÃO,NÃO CLASSIFICÁVEL,identity,ablation/tissue_classic_1229/images/94_0.jpg,ultralytics_curascan/datasets/estagio-nivel-34n-20-05-26/train/estagio_3/94_0.jpg
94_0 (2),94_0 (2),94_0 (2).jpg,28d3dab5469dbec90d0c576496d4ce5778401705446bb12a8e0d85651f75fcaa,94_0 (2).jpg,930b21ecdce97f3d8fc7957aa189eafa108ea60a22d2296f5c49098d631ac3bd,clinical:94,train,estagio_3,nao_classificavel,estagio_3,0,0,1,0,0,NÃO CLASSIFICÁVEL,ESFACELO,identity,ablation/tissue_classic_1229/images/94_0 (2).jpg,ultralytics_curascan/datasets/estagio-nivel-34n-20-05-26/train/estagio_3/94_0 (2).jpg
94_0 (3),94_0 (3),94_0 (3).jpg,1e50e6d1e21ad5bcf34d1b018fc04114c21e993f3c45607f2ebf850bb305fb10,94_0 (3).jpg,e6c484d51f0ab769bf70c882673650ef03d3dae80a9c8b39402bc9f7760407d6,clinical:94,train,estagio_3,nao_classificavel,estagio_3,0,1,0,0,0,GRANULAÇÃO,NÃO CLASSIFICÁVEL,identity,ablation/tissue_classic_1229/images/94_0 (3).jpg,ultralytics_curascan/datasets/estagio-nivel-34n-20-05-26/train/estagio_3/94_0 (3).jpg
96_0,96_0,96_0.jpg,56c7539ef6300f74a70ed12e208f45f7e9e114f1737830e7fb0eb0099ce6ba12,96_0.jpg,0b7d8dc2161b90090f627aa94e9fc5f36e8b228fde3481bfa7b1ae916e4874fb,clinical:96,train,estagio_3,nao_classificavel,estagio_3,0,1,0,0,0,GRANULAÇÃO,NÃO CLASSIFICÁVEL,identity,ablation/tissue_classic_1229/images/96_0.jpg,ultralytics_curascan/datasets/estagio-nivel-34n-20-05-26/val/estagio_3/96_0.jpg
96_0 (2),96_0 (2),96_0 (2).jpg,28e37af15f63387daf82e7586f0f39b3f57e9048cfb71d0ec5877812f1bfe284,96_0 (2).jpg,e32b16a1a5ca60f95ba85f303eaf46940195c83a0a92d2258016d93daf47ad83,clinical:96,train,estagio_3,nao_classificavel,estagio_3,0,1,0,0,0,GRANULAÇÃO,NÃO CLASSIFICÁVEL,identity,ablation/tissue_classic_1229/images/96_0 (2).jpg,ultralytics_curascan/datasets/estagio-nivel-34n-20-05-26/train/estagio_3/96_0 (2).jpg
96_0 (4),96_0 (4),96_0 (4).jpg,d14e054cff84fd509a2d95429b642706f99d8bf28a35ca8b3f2059b8f1dcf3be,96_0 (4).jpg,094ff55e781ded06f2de7cf4176f0f6b9466e5a5f5c6fa44ad8607a921f3fefc,clinical:96,train,estagio_3,nao_classificavel,estagio_3,0,1,1,0,0,GRANULAÇÃO,ESFACELO,identity,ablation/tissue_classic_1229/images/96_0 (4).jpg,ultralytics_curascan/datasets/estagio-nivel-34n-20-05-26/train/estagio_3/96_0 (4).jpg
97_0,97_0,97_0.jpg,fa6ae43dde20175aace761cd48450b47b228a8eac04a3276adb07c4b74718e33,97_0.jpg,fc0310378ae5389ab60aecc83301876531fccda2b0640dd6b0ae7c0c4207a551,clinical:97,train,estagio_2,estagio_2,,0,1,0,0,0,GRANULAÇÃO,NÃO CLASSIFICÁVEL,identity,ablation/tissue_classic_1229/images/97_0.jpg,ultralytics_curascan/datasets/estagio-nivel-12n-20-05-26/train/estagio_2/97_0.jpg
97_0 (2),97_0 (2),97_0 (2).jpg,76f140eb8b423005319fce4e704f0384718fa03a8bc3f9e011012c19bed958e5,97_0 (2).jpg,c72a32d3345857bf4c8a65a05448684eecb090241b77c22de35b9f52423aae59,clinical:97,train,estagio_3,nao_classificavel,estagio_3,0,1,1,0,0,GRANULAÇÃO,ESFACELO,identity,ablation/tissue_classic_1229/images/97_0 (2).jpg,ultralytics_curascan/datasets/estagio-nivel-34n-20-05-26/train/estagio_3/97_0 (2).jpg
97_0 (4),97_0 (4),97_0 (4).jpg,8401ff1f0723c21e8688502238feef71db7cf648207aedc560607f0bd4bab92e,97_0 (4).jpg,adf2cab10a0c8bfe227f42625c94bd3229011dbdf48ce7a45caa2bb13f4b28b2,clinical:97,train,estagio_3,nao_classificavel,estagio_3,0,0,1,0,0,NÃO CLASSIFICÁVEL,ESFACELO,identity,ablation/tissue_classic_1229/images/97_0 (4).jpg,ultralytics_curascan/datasets/estagio-nivel-34n-20-05-26/test/estagio_3/97_0 (4).jpg
97_1,97_1,97_1.jpg,f38380c19fd1fdcb8a5a34bbbc8964d0b123161491344651caca3b6d90b20e31,97_1.jpg,858c587718ff9008cadd1285b9ca4fb93e19e652b7b5b3adac6048b9209e0dc2,clinical:97,train,estagio_3,nao_classificavel,estagio_3,0,0,1,0,0,NÃO CLASSIFICÁVEL,ESFACELO,identity,ablation/tissue_classic_1229/images/97_1.jpg,ultralytics_curascan/datasets/estagio-nivel-34n-20-05-26/val/estagio_3/97_1.jpg
97_2,97_2,97_2.jpg,d7d0d6e4693c7f0be3c937cae53fe48d2037227dd76ff8c7c7a56005505d22f6,97_2.jpg,3ed01380e49c5832f0a38dee07c45b8da6ceca3daff42ec17e01b4d2a97d98fa,clinical:97,train,estagio_3,nao_classificavel,estagio_3,0,0,1,0,0,NÃO CLASSIFICÁVEL,ESFACELO,identity,ablation/tissue_classic_1229/images/97_2.jpg,ultralytics_curascan/datasets/estagio-nivel-34n-20-05-26/val/estagio_3/97_2.jpg
99_0 (2),99_0 (2),99_0 (2).jpg,996bc7354f636c5ff0c68a3ff4c94d0e72aed69c443987328ca0dec803708473,99_0 (2).jpg,9738f33445ca023182d2a899ad3cd52a89e00f08c0b71fa805c3b4f5c4b0c13d,clinical:99,train,estagio_2,estagio_2,,0,1,0,0,0,GRANULAÇÃO,NÃO CLASSIFICÁVEL,identity,ablation/tissue_classic_1229/images/99_0 (2).jpg,ultralytics_curascan/datasets/estagio-nivel-12n-20-05-26/test/estagio_2/99_0 (2).jpg
99_0 (3),99_0 (3),99_0 (3).jpg,a112e991390e836bbd63fb38b872b1722869c4be986c0da8a5de2ae4a121b030,99_0 (3).jpg,b2b24c2fed99d3a1a5479cc6c35152c448992c71aa73969eb07c9fc32ac117a4,clinical:99,train,estagio_3,nao_classificavel,estagio_3,0,1,0,0,0,GRANULAÇÃO,NÃO CLASSIFICÁVEL,identity,ablation/tissue_classic_1229/images/99_0 (3).jpg,ultralytics_curascan/datasets/estagio-nivel-34n-20-05-26/train/estagio_3/99_0 (3).jpg
99_0 (4),99_0 (4),99_0 (4).jpg,2ffff85d159a14364dd31d345ecf5a4d045adb6df681f1263d9077fded80734e,99_0 (4).jpg,7d9331639180e2f4fbdde5b883f664ee26b6b4a4bee5f3a6eb490896c013fc63,clinical:99,train,estagio_3,nao_classificavel,estagio_3,0,1,1,0,0,GRANULAÇÃO,ESFACELO,identity,ablation/tissue_classic_1229/images/99_0 (4).jpg,ultralytics_curascan/datasets/estagio-nivel-34n-20-05-26/train/estagio_3/99_0 (4).jpg
stage_1_10267,stage_1_10267,stage_1_10267.jpg,d0d765f24e122ae2639173da3010e45c60d6a01935fd1a68950ff07faa755e4f,stage_1_10267.jpg,51bebd7747a0b4a732be641b71e206a6528edd39ac920daff2d70b4841f560e7,name:stage_1_10267,train,estagio_1,estagio_1,,1,0,0,0,0,HIPEREMIA,NÃO CLASSIFICÁVEL,identity,ablation/tissue_classic_1229/images/stage_1_10267.jpg,ultralytics_curascan/datasets/estagio-nivel-12n-20-05-26/train/estagio_1/stage_1_10267.jpg
stage_1_12294,stage_1_12294,stage_1_12294.jpg,46d335d88c4de175c2200cf1a3a6424b9beeb10d24b41604001b8717c0154482,stage_1_12294.jpg,dd2c417707ed8f5329e70c4e38ac174c7a6196c843e5d903570418922d7831e3,name:stage_1_12294,train,estagio_1,estagio_1,,1,0,0,0,0,HIPEREMIA,NÃO CLASSIFICÁVEL,identity,ablation/tissue_classic_1229/images/stage_1_12294.jpg,ultralytics_curascan/datasets/estagio-nivel-12n-20-05-26/train/estagio_1/stage_1_12294.jpg
stage_1_12434,stage_1_12434,stage_1_12434.jpg,14c3ab2cdab235c6cea5761c1baab2c900f83b84babc248397df24bc5012dfda,stage_1_12434.jpg,0d2b9ce2bbc6b73b9f6d7f0d894bf9c511924ca7f3a883ad6d4aa3f645dbb168,name:stage_1_12434,train,estagio_1,estagio_1,,1,0,0,0,0,HIPEREMIA,NÃO CLASSIFICÁVEL,identity,ablation/tissue_classic_1229/images/stage_1_12434.jpg,ultralytics_curascan/datasets/estagio-nivel-12n-20-05-26/train/estagio_1/stage_1_12434.jpg
stage_1_13069,stage_1_13069,stage_1_13069.jpg,55d511ea14805de85c7a28841177f7fa9b4e620abe5cc31ec7523eb1dc1dd7f3,stage_1_13069.jpg,8e3898c8ce953f7b8b1ffa0406527f494152f14555ae7d81867e34e9e2aed35e,name:stage_1_13069,train,estagio_1,estagio_1,,1,0,0,0,0,HIPEREMIA,NÃO CLASSIFICÁVEL,identity,ablation/tissue_classic_1229/images/stage_1_13069.jpg,ultralytics_curascan/datasets/estagio-nivel-12n-20-05-26/val/estagio_1/stage_1_13069.jpg
stage_1_13620,stage_1_13620,stage_1_13620.jpg,e2d31fa9aff5e7b9be203a9b7aeb1c48194d17e86be7274a546e2f51a5a5cec7,stage_1_13620.jpg,afa5b0ed0401a280ecc1e490301652d6889b667750925d5b7c5b3b20688aeb2d,name:stage_1_13620,train,estagio_1,estagio_1,,1,0,0,0,0,HIPEREMIA,NÃO CLASSIFICÁVEL,identity,ablation/tissue_classic_1229/images/stage_1_13620.jpg,ultralytics_curascan/datasets/estagio-nivel-12n-20-05-26/train/estagio_1/stage_1_13620.jpg
stage_1_14696,stage_1_14696,stage_1_14696.jpg,1b84e983024f404c54ab6a8660608fc95df7173766a15eb83eb14ee8b2979cb6,stage_1_14696.jpg,e102ce600af7ea4d9b0e79704733320087b56da48f699f09bc2be8840f338f97,name:stage_1_14696,train,estagio_1,estagio_1,,1,0,0,0,0,HIPEREMIA,NÃO CLASSIFICÁVEL,identity,ablation/tissue_classic_1229/images/stage_1_14696.jpg,ultralytics_curascan/datasets/estagio-nivel-12n-20-05-26/train/estagio_1/stage_1_14696.jpg
stage_1_14758,stage_1_14758,stage_1_14758.jpg,9a3e6747ee65b9a4caa6997cb00c17437ba0e3cc6c98dafb98a32772fa5c7dc7,stage_1_14758.jpg,9dbb7cb2f1ea1158369e8ce1bd333deab0ae60ba6ac22989b26e79e798ba0d49,name:stage_1_14758,train,estagio_1,estagio_1,,1,0,0,0,0,HIPEREMIA,NÃO CLASSIFICÁVEL,identity,ablation/tissue_classic_1229/images/stage_1_14758.jpg,ultralytics_curascan/datasets/estagio-nivel-12n-20-05-26/test/estagio_1/stage_1_14758.jpg
stage_1_14763,stage_1_14763,stage_1_14763.jpg,d1f376033937eec9cdd4b19854a5af9ed9e8600150d3e638caa88f917fe944c0,stage_1_14763.jpg,5346d1de69be16e60a2845b9b38e8aa2ace343c6673f0abceffc5d76f20a19f6,name:stage_1_14763,train,estagio_1,estagio_1,,1,0,0,0,0,HIPEREMIA,NÃO CLASSIFICÁVEL,identity,ablation/tissue_classic_1229/images/stage_1_14763.jpg,ultralytics_curascan/datasets/estagio-nivel-12n-20-05-26/test/estagio_1/stage_1_14763.jpg
stage_1_15019,stage_1_15019,stage_1_15019.jpg,50cb6cc0a571d0e5fdb02e163290c9e1171eccb63d061f125d0b7470f43492a8,stage_1_15019.jpg,cad7483bccf29403c43cfc8d582f553aaeafee18a792c131c8807079a28299d0,name:stage_1_15019,train,estagio_1,estagio_1,,1,0,0,0,0,HIPEREMIA,NÃO CLASSIFICÁVEL,identity,ablation/tissue_classic_1229/images/stage_1_15019.jpg,ultralytics_curascan/datasets/estagio-nivel-12n-20-05-26/val/estagio_1/stage_1_15019.jpg
stage_1_15820,stage_1_15820,stage_1_15820.jpg,533582b126d18061e8f88b0321fad1902e2d0446c2f9f50dc2602f5854eb4a57,stage_1_15820.jpg,ad110affa1248db05138e6f214900aaefcbe6bde2fd80b8ce28baeaada1560a3,name:stage_1_15820,train,estagio_1,estagio_1,,1,0,0,0,0,HIPEREMIA,NÃO CLASSIFICÁVEL,identity,ablation/tissue_classic_1229/images/stage_1_15820.jpg,ultralytics_curascan/datasets/estagio-nivel-12n-20-05-26/test/estagio_1/stage_1_15820.jpg
stage_1_16743,stage_1_16743,stage_1_16743.jpg,012de6ac4dc18128f89ada54b818a1cab5090e4b577231267942b5ac774de21f,stage_1_16743.jpg,d8ac6fa8da63639a759f7375ba3984d1eb7197bdf5e90ee111695a8a6954fe19,name:stage_1_16743,train,estagio_1,estagio_1,,1,0,0,0,0,HIPEREMIA,NÃO CLASSIFICÁVEL,identity,ablation/tissue_classic_1229/images/stage_1_16743.jpg,ultralytics_curascan/datasets/estagio-nivel-12n-20-05-26/test/estagio_1/stage_1_16743.jpg
stage_1_16848,stage_1_16848,stage_1_16848.jpg,04cf2e47ad50a793bd62ec24a3e963d13b132b6cc04e28c19b8412a387200276,stage_1_16848.jpg,570c8337354d5bf0346a8e00fbbe0d0afe096ac0b786379a864d491444156fd5,name:stage_1_16848,train,estagio_1,estagio_1,,1,0,0,0,0,HIPEREMIA,NÃO CLASSIFICÁVEL,identity,ablation/tissue_classic_1229/images/stage_1_16848.jpg,ultralytics_curascan/datasets/estagio-nivel-12n-20-05-26/train/estagio_1/stage_1_16848.jpg
stage_1_16911,stage_1_16911,stage_1_16911.jpg,c79d6745b349488969d52b3f0b261b86ed8c46af1019e17a6651cf6053280700,stage_1_16911.jpg,96468bc2b3bc80bd355a78a41cb716b91dfbdcad889f17908c8e3e57af086411,name:stage_1_16911,train,estagio_1,estagio_1,,1,0,0,0,0,HIPEREMIA,NÃO CLASSIFICÁVEL,identity,ablation/tissue_classic_1229/images/stage_1_16911.jpg,ultralytics_curascan/datasets/estagio-nivel-12n-20-05-26/train/estagio_1/stage_1_16911.jpg
stage_1_19316,stage_1_19316,stage_1_19316.jpg,3bc7749145c2b9e850c53bd3c0ab2a2caac7a0f99d37941dc8f1e16c7a8392a5,stage_1_19316.jpg,5429ac84f94b2156718bc5f5b43abd68e110e38bde42316225117205349d8cc9,name:stage_1_19316,train,estagio_1,estagio_1,,1,0,0,0,0,HIPEREMIA,NÃO CLASSIFICÁVEL,identity,ablation/tissue_classic_1229/images/stage_1_19316.jpg,ultralytics_curascan/datasets/estagio-nivel-12n-20-05-26/val/estagio_1/stage_1_19316.jpg
stage_1_19384,stage_1_19384,stage_1_19384.jpg,9a8107f7780bac488dfe352daa35cfdfe41c6151395c6fed82b10fe3d252db8a,stage_1_19384.jpg,dc8d5dc20a6440c336f350c68910aafc6596739d8420f58422f507ab2643a623,name:stage_1_19384,train,estagio_1,estagio_1,,1,0,0,0,0,HIPEREMIA,NÃO CLASSIFICÁVEL,identity,ablation/tissue_classic_1229/images/stage_1_19384.jpg,ultralytics_curascan/datasets/estagio-nivel-12n-20-05-26/train/estagio_1/stage_1_19384.jpg
stage_1_19469,stage_1_19469,stage_1_19469.jpg,dd65b457c27bca370636860c9b069e450c6005702e1e9dbbc68ed85145dfea24,stage_1_19469.jpg,f05b33faa2e4c1d668c0156f8a73d55ce9d1541e14b3c2ffcde641227e48d68a,name:stage_1_19469,train,estagio_1,estagio_1,,1,0,0,0,0,HIPEREMIA,NÃO CLASSIFICÁVEL,identity,ablation/tissue_classic_1229/images/stage_1_19469.jpg,ultralytics_curascan/datasets/estagio-nivel-12n-20-05-26/train/estagio_1/stage_1_19469.jpg
stage_1_19605,stage_1_19605,stage_1_19605.jpg,b30c3c3d3f1ffa67848474a1348e1aed0df46cd8260434adbb640d1ccce648e8,stage_1_19605.jpg,ea529dd6d815becb39d8617ec8cccb5ba778f2c7fa772ff15986062ad1a5d3ad,name:stage_1_19605,train,estagio_1,estagio_1,,1,0,0,0,0,HIPEREMIA,NÃO CLASSIFICÁVEL,identity,ablation/tissue_classic_1229/images/stage_1_19605.jpg,ultralytics_curascan/datasets/estagio-nivel-12n-20-05-26/train/estagio_1/stage_1_19605.jpg
stage_1_19898,stage_1_19898,stage_1_19898.jpg,ab707397cd7639d7c1c6a314103bb02eb964695a3f5807b0412068f12cc8f267,stage_1_19898.jpg,7566a2f8a8b06a601586c64f2c477bad92d2da463adb80913914b8591569980c,name:stage_1_19898,train,estagio_1,estagio_1,,1,0,0,0,0,HIPEREMIA,NÃO CLASSIFICÁVEL,identity,ablation/tissue_classic_1229/images/stage_1_19898.jpg,ultralytics_curascan/datasets/estagio-nivel-12n-20-05-26/test/estagio_1/stage_1_19898.jpg
stage_1_19993,stage_1_19993,stage_1_19993.jpg,670287b786ab064b590690d7d57b45fc15a28f6b6cab2527ca90302e654f79b4,stage_1_19993.jpg,14a6aeb3b5507682dbd1076343482af55309ded6df2780862ad3418851ed51eb,name:stage_1_19993,train,estagio_1,estagio_1,,1,0,0,0,0,HIPEREMIA,NÃO CLASSIFICÁVEL,identity,ablation/tissue_classic_1229/images/stage_1_19993.jpg,ultralytics_curascan/datasets/estagio-nivel-12n-20-05-26/train/estagio_1/stage_1_19993.jpg
stage_1_21263,stage_1_21263,stage_1_21263.jpg,f622bd8f989dfd5e8e4f9bdcd44ca1b82d997507885e1c8ae95bd38e916b4e39,stage_1_21263.jpg,b5cc6b1ffc4f01ccda57fa6fa45c3f996e7bcc1351b0abe2b66c647ccf4eff50,name:stage_1_21263,train,estagio_1,estagio_1,,1,0,0,0,0,HIPEREMIA,NÃO CLASSIFICÁVEL,identity,ablation/tissue_classic_1229/images/stage_1_21263.jpg,ultralytics_curascan/datasets/estagio-nivel-12n-20-05-26/train/estagio_1/stage_1_21263.jpg
stage_1_21430,stage_1_21430,stage_1_21430.jpg,dc40ee80cefe18eafa8d9c06fae2fe9248a55cb647cc577a3c1610602ba1813f,stage_1_21430.jpg,c7ff31a1cbab875b395a6097ac2b0046f68a70172b000aecdaa0e707296e0865,name:stage_1_21430,train,estagio_1,estagio_1,,1,0,0,0,0,HIPEREMIA,NÃO CLASSIFICÁVEL,identity,ablation/tissue_classic_1229/images/stage_1_21430.jpg,ultralytics_curascan/datasets/estagio-nivel-12n-20-05-26/train/estagio_1/stage_1_21430.jpg
stage_1_21465,stage_1_21465,stage_1_21465.jpg,9b135c5b43844d7299e9e513facae0b817b840ebc0e31f51eadc1b88ccf21c06,stage_1_21465.jpg,2575f013d4c61e31ae4035233f71d1e48c0a6c00fb585e27b76956709b7ec48a,name:stage_1_21465,train,estagio_1,estagio_1,,1,0,0,0,0,HIPEREMIA,NÃO CLASSIFICÁVEL,identity,ablation/tissue_classic_1229/images/stage_1_21465.jpg,ultralytics_curascan/datasets/estagio-nivel-12n-20-05-26/val/estagio_1/stage_1_21465.jpg
stage_1_22039,stage_1_22039,stage_1_22039.jpg,0d183fc80f0ffd6423ffdd08cb92465a3210fe86d7a17a700a0a90178f0fc726,stage_1_22039.jpg,eb95f32d3b219df6991496c56be6a6a941945b021d752c4dd40bff74d182abc5,name:stage_1_22039,train,estagio_1,estagio_1,,1,0,0,0,0,HIPEREMIA,NÃO CLASSIFICÁVEL,identity,ablation/tissue_classic_1229/images/stage_1_22039.jpg,ultralytics_curascan/datasets/estagio-nivel-12n-20-05-26/val/estagio_1/stage_1_22039.jpg
stage_1_22402,stage_1_22402,stage_1_22402.jpg,621fab9a4ac6fe34e7adc55c5df55d1de792056fd56d8fe056ed62c3f5880e75,stage_1_22402.jpg,fb52e7051764eae9430ee81ce39f14b9bcc88a3ae6b904d934507496d4359c46,name:stage_1_22402,train,estagio_1,estagio_1,,1,0,0,0,0,HIPEREMIA,NÃO CLASSIFICÁVEL,identity,ablation/tissue_classic_1229/images/stage_1_22402.jpg,ultralytics_curascan/datasets/estagio-nivel-12n-20-05-26/train/estagio_1/stage_1_22402.jpg
stage_1_22915,stage_1_22915,stage_1_22915.jpg,cbec23df9c2273fb700c166fbf472b55f0db77cd14d652c9f3f093d660759792,stage_1_22915.jpg,9be3e1eab68d8740d5e41b420ebe8811d805a061c93ed643828527bd61e8568b,name:stage_1_22915,train,estagio_1,estagio_1,,1,0,0,0,0,HIPEREMIA,NÃO CLASSIFICÁVEL,identity,ablation/tissue_classic_1229/images/stage_1_22915.jpg,ultralytics_curascan/datasets/estagio-nivel-12n-20-05-26/train/estagio_1/stage_1_22915.jpg
stage_1_23051,stage_1_23051,stage_1_23051.jpg,028901570e98b07530399d8896aa176c1da8f6b0a2103775807a2248c5db3b84,stage_1_23051.jpg,e83e615dc6429aec52aacbafea929eeb2b1e3152bcf950ae8025f43c34c5859d,name:stage_1_23051,train,estagio_2,estagio_2,,0,0,0,0,0,NÃO CLASSIFICÁVEL,NÃO CLASSIFICÁVEL,identity,ablation/tissue_classic_1229/images/stage_1_23051.jpg,ultralytics_curascan/datasets/estagio-nivel-12n-20-05-26/train/estagio_2/stage_1_23051.jpg
stage_1_24323,stage_1_24323,stage_1_24323.jpg,3605f5e6046b904a76a21c50aeab5f0f37afe2608b0a4d596083acc5fcf47d09,stage_1_24323.jpg,6e7be31a0ef64aa1afef066f5d992da02ab0ba94cfa47aa0f2a54f882416eb5a,name:stage_1_24323,train,estagio_1,estagio_1,,1,0,0,0,0,HIPEREMIA,NÃO CLASSIFICÁVEL,identity,ablation/tissue_classic_1229/images/stage_1_24323.jpg,ultralytics_curascan/datasets/estagio-nivel-12n-20-05-26/train/estagio_1/stage_1_24323.jpg
stage_1_24857,stage_1_24857,stage_1_24857.jpg,64c501cbdaeb14a1739f7fc0ff06d15af77c8c98f4e0bb679238367a3cfb0200,stage_1_24857.jpg,ea701c7f119cfd29d70abfd7fd297a2dd3aa317679f491ed036d8d7ed282e69b,name:stage_1_24857,train,estagio_1,estagio_1,,0,0,0,0,0,NÃO CLASSIFICÁVEL,NÃO CLASSIFICÁVEL,identity,ablation/tissue_classic_1229/images/stage_1_24857.jpg,ultralytics_curascan/datasets/estagio-nivel-12n-20-05-26/train/estagio_1/stage_1_24857.jpg
stage_1_25487,stage_1_25487,stage_1_25487.jpg,b0938cbf4c79c0c8dd16bc62e20fa53b35703c28d44851c899374c194b581227,stage_1_25487.jpg,469d51a1c67a6f59eb585c63602de249f70fe6d83640f5d0d66ffe7a00e04f9f,name:stage_1_25487,train,estagio_1,estagio_1,,1,0,0,0,0,HIPEREMIA,NÃO CLASSIFICÁVEL,identity,ablation/tissue_classic_1229/images/stage_1_25487.jpg,ultralytics_curascan/datasets/estagio-nivel-12n-20-05-26/train/estagio_1/stage_1_25487.jpg
stage_1_25782,stage_1_25782,stage_1_25782.jpg,78817f0e3a4c6c12fc04bbdbee0ed1ccac72cf16efe7998cd5427002df0788d0,stage_1_25782.jpg,2962d52d4ed76a4c03d0c64581e146be87f0e206bba7bae164efd680d4628649,name:stage_1_25782,train,estagio_1,estagio_1,,1,0,0,0,0,HIPEREMIA,NÃO CLASSIFICÁVEL,identity,ablation/tissue_classic_1229/images/stage_1_25782.jpg,ultralytics_curascan/datasets/estagio-nivel-12n-20-05-26/train/estagio_1/stage_1_25782.jpg
stage_1_25864,stage_1_25864,stage_1_25864.jpg,54b18e589ce1d51c8cd2e4c9f755f0d6ce59a2bbd8a26fed576677199123c21b,stage_1_25864.jpg,b95d8cb5f2140987670c2fc03fac9cfb8e49717ea38d43d687d528fc0dcfbcee,name:stage_1_25864,train,estagio_1,estagio_1,,1,0,0,0,0,HIPEREMIA,NÃO CLASSIFICÁVEL,identity,ablation/tissue_classic_1229/images/stage_1_25864.jpg,ultralytics_curascan/datasets/estagio-nivel-12n-20-05-26/train/estagio_1/stage_1_25864.jpg
stage_1_25991,stage_1_25991,stage_1_25991.jpg,8dc8564e1f7ba3746a993430ff3ad32d4ee94158871aaae9fbd72279b5718548,stage_1_25991.jpg,ef3a307d4092e3409e23816f7741649bf249983556866b610b8be46463e49d32,name:stage_1_25991,train,estagio_1,estagio_1,,1,0,0,0,0,HIPEREMIA,NÃO CLASSIFICÁVEL,identity,ablation/tissue_classic_1229/images/stage_1_25991.jpg,ultralytics_curascan/datasets/estagio-nivel-12n-20-05-26/val/estagio_1/stage_1_25991.jpg
stage_1_27694,stage_1_27694,stage_1_27694.jpg,f89e70406791fa460071202822899d3f90caf9096a4ef0151eb65d79c533dd2a,stage_1_27694.jpg,fab34f3221db39794fb555e7b0d1bcb2dd86a64369df3f4091b87ee5aa2f9406,name:stage_1_27694,train,estagio_1,estagio_1,,1,0,0,0,0,HIPEREMIA,NÃO CLASSIFICÁVEL,identity,ablation/tissue_classic_1229/images/stage_1_27694.jpg,ultralytics_curascan/datasets/estagio-nivel-12n-20-05-26/train/estagio_1/stage_1_27694.jpg
stage_1_28101,stage_1_28101,stage_1_28101.jpg,d8ec74ff04b54e67c5ecb890b01f3b9db101386bcce7a6e9efbcbd64bf70157a,stage_1_28101.jpg,7277aa564a2bdd9ecb494a4414a47d131b02a0a07ce662d61b5124565a10c6ed,name:stage_1_28101,train,estagio_1,estagio_1,,1,0,0,0,0,HIPEREMIA,NÃO CLASSIFICÁVEL,identity,ablation/tissue_classic_1229/images/stage_1_28101.jpg,ultralytics_curascan/datasets/estagio-nivel-12n-20-05-26/train/estagio_1/stage_1_28101.jpg
stage_1_28576,stage_1_28576,stage_1_28576.jpg,aeb4b937c6fa1a4ac1dd88886dc7c6b8556ccb5b9df24ff742b253918dbb4604,stage_1_28576.jpg,3826ca4e6bd9e4b0d1446e0237c927bac70795cdcd768337ae4dc4b58daf6a65,name:stage_1_28576,train,estagio_2,estagio_2,,0,0,0,0,0,NÃO CLASSIFICÁVEL,NÃO CLASSIFICÁVEL,identity,ablation/tissue_classic_1229/images/stage_1_28576.jpg,ultralytics_curascan/datasets/estagio-nivel-12n-20-05-26/test/estagio_2/stage_1_28576.jpg
stage_1_30106,stage_1_30106,stage_1_30106.jpg,91bffc0a5af70840ec736232ae2b642d42ad8c6ca78876064fb2dc6b50a5fc05,stage_1_30106.jpg,e4a4c5baa76ffb55f0466c0ab95642814c858dab90e6be24daf21f6ce20c7e47,name:stage_1_30106,train,estagio_1,estagio_1,,1,0,0,0,0,HIPEREMIA,NÃO CLASSIFICÁVEL,identity,ablation/tissue_classic_1229/images/stage_1_30106.jpg,ultralytics_curascan/datasets/estagio-nivel-12n-20-05-26/test/estagio_1/stage_1_30106.jpg
stage_1_30219,stage_1_30219,stage_1_30219.jpg,bcbccc7f2cdeec92eac4e61fb9695b349fe69bcd8c4ab0e25afcf85d8b6e591d,stage_1_30219.jpg,197700440714b127e29a3e572271afbcf9ff5b214c375b6ed058d24ff66891cc,name:stage_1_30219,train,estagio_1,estagio_1,,1,0,0,0,0,HIPEREMIA,NÃO CLASSIFICÁVEL,identity,ablation/tissue_classic_1229/images/stage_1_30219.jpg,ultralytics_curascan/datasets/estagio-nivel-12n-20-05-26/test/estagio_1/stage_1_30219.jpg
stage_1_30232,stage_1_30232,stage_1_30232.jpg,ea8970333d338fb6d280e498a1bffb0ded59b892fb48fbd6b197c7ec56100ce3,stage_1_30232.jpg,c6d962a5c984452e23061f6ca0ca73e9b330b66e9af7705870c5a777996f4f85,name:stage_1_30232,train,estagio_1,estagio_1,,1,0,0,0,0,HIPEREMIA,NÃO CLASSIFICÁVEL,identity,ablation/tissue_classic_1229/images/stage_1_30232.jpg,ultralytics_curascan/datasets/estagio-nivel-12n-20-05-26/test/estagio_1/stage_1_30232.jpg
stage_1_30670,stage_1_30670,stage_1_30670.jpg,ca511d5aa2e4e47d82bad71b42959f8ac95583a8640d61969a36b343d31815ce,stage_1_30670.jpg,ae73ea125e54b97f01578ca3b8a762e080ab71512039ed978c70a9ac98dfc279,name:stage_1_30670,train,estagio_1,estagio_1,,1,0,0,0,0,HIPEREMIA,NÃO CLASSIFICÁVEL,identity,ablation/tissue_classic_1229/images/stage_1_30670.jpg,ultralytics_curascan/datasets/estagio-nivel-12n-20-05-26/test/estagio_1/stage_1_30670.jpg
stage_1_30816,stage_1_30816,stage_1_30816.jpg,a4d33cd1914f86f23bedfc6462bd0d648677423699ec1851872f452e124b2aef,stage_1_30816.jpg,822de9c8be6c78f64404dccbf865ad07c1d5f93c04e1f3992f0ab59e6cb55990,name:stage_1_30816,train,estagio_1,estagio_1,,1,0,0,0,0,HIPEREMIA,NÃO CLASSIFICÁVEL,identity,ablation/tissue_classic_1229/images/stage_1_30816.jpg,ultralytics_curascan/datasets/estagio-nivel-12n-20-05-26/train/estagio_1/stage_1_30816.jpg
stage_1_32025,stage_1_32025,stage_1_32025.jpg,89418d08f7aaa151d1df9f16ca443f9f7433ac800e836b5bf832c5fd6f2f9070,stage_1_32025.jpg,f5ceaeb4da1fd3b6c7630209efd60da403c97178423df871558c94b00f93fda2,name:stage_1_32025,train,estagio_1,estagio_1,,1,0,0,0,0,HIPEREMIA,NÃO CLASSIFICÁVEL,identity,ablation/tissue_classic_1229/images/stage_1_32025.jpg,ultralytics_curascan/datasets/estagio-nivel-12n-20-05-26/train/estagio_1/stage_1_32025.jpg
stage_1_32407,stage_1_32407,stage_1_32407.jpg,68e32827b7913307b7765693aec7d7869c40e81e4d9a94d50e12adfde6b621a7,stage_1_32407.jpg,a4cd365bfd0f1b3bd889514f33c3d5ddd64fac29f1de9ab435a6c67d17124c02,name:stage_1_32407,train,estagio_2,estagio_2,,0,0,0,0,0,NÃO CLASSIFICÁVEL,NÃO CLASSIFICÁVEL,identity,ablation/tissue_classic_1229/images/stage_1_32407.jpg,ultralytics_curascan/datasets/estagio-nivel-12n-20-05-26/val/estagio_2/stage_1_32407.jpg
stage_1_3244,stage_1_3244,stage_1_3244.jpg,6b07d14bb82a07ab57f391f2d7a5d755227604491abb0693f25cfec9192623a1,stage_1_3244.jpg,2d8df7c44fd75a8f2d63b8d0be60b103140c241776b9375232ba57881fce6614,name:stage_1_3244,train,estagio_1,estagio_1,,1,0,0,0,0,HIPEREMIA,NÃO CLASSIFICÁVEL,identity,ablation/tissue_classic_1229/images/stage_1_3244.jpg,ultralytics_curascan/datasets/estagio-nivel-12n-20-05-26/train/estagio_1/stage_1_3244.jpg
stage_1_33923,stage_1_33923,stage_1_33923.jpg,2e7a3f6065b6eece584790313bbc0e2878c93ac3aac822baa24846ecabe7e15a,stage_1_33923.jpg,832a05427e54135415207c5acd2b90ca8e60fa7f80a8d68230e322923c3e9ef3,name:stage_1_33923,train,estagio_1,estagio_1,,1,0,0,0,0,HIPEREMIA,NÃO CLASSIFICÁVEL,identity,ablation/tissue_classic_1229/images/stage_1_33923.jpg,ultralytics_curascan/datasets/estagio-nivel-12n-20-05-26/train/estagio_1/stage_1_33923.jpg
stage_1_33998,stage_1_33998,stage_1_33998.jpg,0b3ff6478e6df6c9b4561a2226014c6ca227f6084e5dd4d22a4f8ddc9cd437cf,stage_1_33998.jpg,335ed3c9b9b98ed04d54135e5352dff5918c1893bfdda9e5ec23471e5182f7ea,name:stage_1_33998,train,estagio_1,estagio_1,,1,0,0,0,0,HIPEREMIA,NÃO CLASSIFICÁVEL,identity,ablation/tissue_classic_1229/images/stage_1_33998.jpg,ultralytics_curascan/datasets/estagio-nivel-12n-20-05-26/train/estagio_1/stage_1_33998.jpg
stage_1_34168,stage_1_34168,stage_1_34168.jpg,329c54ef0ca9dab9f732f2d01737fd1bd599c148c5eb71a640c6a227ffd57835,stage_1_34168.jpg,0fb97aa7cd92331255b30200340c5b6cbe93834f6319bf19e8bd55dba3546493,name:stage_1_34168,train,estagio_1,estagio_1,,1,0,0,0,0,HIPEREMIA,NÃO CLASSIFICÁVEL,identity,ablation/tissue_classic_1229/images/stage_1_34168.jpg,ultralytics_curascan/datasets/estagio-nivel-12n-20-05-26/test/estagio_1/stage_1_34168.jpg
stage_1_34306,stage_1_34306,stage_1_34306.jpg,91e0736f45af12e686c0fc18b09dd63b512577b5a4c77165fd994896bb8ad98c,stage_1_34306.jpg,318a748b29269c920daa126241af372a3831977b5e936289442479a0fce3dcf5,name:stage_1_34306,train,estagio_1,estagio_1,,1,0,0,0,0,HIPEREMIA,NÃO CLASSIFICÁVEL,identity,ablation/tissue_classic_1229/images/stage_1_34306.jpg,ultralytics_curascan/datasets/estagio-nivel-12n-20-05-26/val/estagio_1/stage_1_34306.jpg
stage_1_34709,stage_1_34709,stage_1_34709.jpg,1847fc4fdb67decd37a6200616bb61324d9c77dd6f669da651067ff579aee594,stage_1_34709.jpg,f3d618298e24c69406556f0b6ef451b098b52f393eafaeeedc124a34f5192be4,name:stage_1_34709,train,estagio_1,estagio_1,,1,0,0,0,0,HIPEREMIA,NÃO CLASSIFICÁVEL,identity,ablation/tissue_classic_1229/images/stage_1_34709.jpg,ultralytics_curascan/datasets/estagio-nivel-12n-20-05-26/train/estagio_1/stage_1_34709.jpg
stage_1_35803,stage_1_35803,stage_1_35803.jpg,5ace95ec7242ed6f64c289fe36faeb466ea2510c04e804bd38391a2c6ab7754b,stage_1_35803.jpg,976c74c430265dc9f79d787415ca00772453102e97cf652ffd546e59b9d768fe,name:stage_1_35803,train,estagio_1,estagio_1,,1,0,0,0,0,HIPEREMIA,NÃO CLASSIFICÁVEL,identity,ablation/tissue_classic_1229/images/stage_1_35803.jpg,ultralytics_curascan/datasets/estagio-nivel-12n-20-05-26/val/estagio_1/stage_1_35803.jpg
stage_1_35855,stage_1_35855,stage_1_35855.jpg,81274f938b755140de720c7d729fe68a4e11e7b773168a7774d9ecf8d5dc7bc4,stage_1_35855.jpg,5ae02aa0e5f4f9d13c74429a908932d9a78e2d6a752ce29499657c2b27306968,name:stage_1_35855,train,estagio_1,estagio_1,,1,0,0,0,0,HIPEREMIA,NÃO CLASSIFICÁVEL,identity,ablation/tissue_classic_1229/images/stage_1_35855.jpg,ultralytics_curascan/datasets/estagio-nivel-12n-20-05-26/train/estagio_1/stage_1_35855.jpg
stage_1_36294,stage_1_36294,stage_1_36294.jpg,8335fc52d4a0e54133de7e1fdedacadcae3c9e8f792a6e8ba5d16e6bbba20f6d,stage_1_36294.jpg,5a2ef2fe7ccf2b87c5a513f2a22d34b9d4197539d07ac629ac4a4a929cc590e9,name:stage_1_36294,train,estagio_1,estagio_1,,1,0,0,0,0,HIPEREMIA,NÃO CLASSIFICÁVEL,identity,ablation/tissue_classic_1229/images/stage_1_36294.jpg,ultralytics_curascan/datasets/estagio-nivel-12n-20-05-26/train/estagio_1/stage_1_36294.jpg
stage_1_36304,stage_1_36304,stage_1_36304.jpg,7ee9e48fc7fef07028783efec959aba755fbfb9e04e7ccfc5af10a364552d42d,stage_1_36304.jpg,f68f88374615c6f99483cae60f981466f5c994c14b67a441dc05e62e021843b2,name:stage_1_36304,train,estagio_1,estagio_1,,1,0,0,0,0,HIPEREMIA,NÃO CLASSIFICÁVEL,identity,ablation/tissue_classic_1229/images/stage_1_36304.jpg,ultralytics_curascan/datasets/estagio-nivel-12n-20-05-26/train/estagio_1/stage_1_36304.jpg
stage_1_36335,stage_1_36335,stage_1_36335.jpg,913a8990d429c31376389201b6e55f43976ec7d3bd110c0df1315d6a4bec9285,stage_1_36335.jpg,eafc6a77076717990b7f44031ddec6e68afc72734800ebc65e86a6c9122aa02d,name:stage_1_36335,train,estagio_1,estagio_1,,1,0,0,0,0,HIPEREMIA,NÃO CLASSIFICÁVEL,identity,ablation/tissue_classic_1229/images/stage_1_36335.jpg,ultralytics_curascan/datasets/estagio-nivel-12n-20-05-26/train/estagio_1/stage_1_36335.jpg
stage_1_36684,stage_1_36684,stage_1_36684.jpg,7ef6e8efc243ae60980bc5842e42d80d7f51ef9e3148ca7e4f439cfdafb66b8a,stage_1_36684.jpg,21912c9917d590ac4d8262de4e94ab995deab7eaf10eca567d5a163a634d8057,name:stage_1_36684,train,estagio_1,estagio_1,,1,0,0,0,0,HIPEREMIA,NÃO CLASSIFICÁVEL,identity,ablation/tissue_classic_1229/images/stage_1_36684.jpg,ultralytics_curascan/datasets/estagio-nivel-12n-20-05-26/train/estagio_1/stage_1_36684.jpg
stage_1_37004,stage_1_37004,stage_1_37004.jpg,337d2e313815debfe22f6d196e4503e341bce4c33b2029835f9dd133f5f3c0f4,stage_1_37004.jpg,14248c415c8f33c66640aa51770c1eeb636fc020e389387cb8d4a2d0ab7e1887,name:stage_1_37004,train,estagio_1,estagio_1,,1,0,0,0,0,HIPEREMIA,NÃO CLASSIFICÁVEL,identity,ablation/tissue_classic_1229/images/stage_1_37004.jpg,ultralytics_curascan/datasets/estagio-nivel-12n-20-05-26/train/estagio_1/stage_1_37004.jpg
stage_1_37467,stage_1_37467,stage_1_37467.jpg,b1ad4ae214107e6a350c539075120c69dfdaf27ff8eab49eeb5ca3ae1c6b494e,stage_1_37467.jpg,7fc6bfa1631a141934b243b3a2f658003c4133adb601170cc3702ea691773261,name:stage_1_37467,train,estagio_1,estagio_1,,1,0,0,0,0,HIPEREMIA,NÃO CLASSIFICÁVEL,identity,ablation/tissue_classic_1229/images/stage_1_37467.jpg,ultralytics_curascan/datasets/estagio-nivel-12n-20-05-26/train/estagio_1/stage_1_37467.jpg
stage_1_37518,stage_1_37518,stage_1_37518.jpg,6c10521e126ef1e900180d9f1bff10774ff6c34c3fd88ef98ac57cc516a56f40,stage_1_37518.jpg,e9f0ec08cbb3ce4d90a015f5648c27ecbc6c4f8edce37ddcb4ce08fe6fa59df5,name:stage_1_37518,train,estagio_1,estagio_1,,1,0,0,0,0,HIPEREMIA,NÃO CLASSIFICÁVEL,identity,ablation/tissue_classic_1229/images/stage_1_37518.jpg,ultralytics_curascan/datasets/estagio-nivel-12n-20-05-26/train/estagio_1/stage_1_37518.jpg
stage_1_38303,stage_1_38303,stage_1_38303.jpg,8b619563affb8f3ed9dce5461e3b1033a7048b8ba0926dc7dd242682811a2336,stage_1_38303.jpg,1ea49f3ebd91db5f9dc4216fe0e2b1a1e54cbf0373b5e01937936187e1d5cfb3,name:stage_1_38303,train,estagio_1,estagio_1,,1,0,0,0,0,HIPEREMIA,NÃO CLASSIFICÁVEL,identity,ablation/tissue_classic_1229/images/stage_1_38303.jpg,ultralytics_curascan/datasets/estagio-nivel-12n-20-05-26/train/estagio_1/stage_1_38303.jpg
stage_1_38366,stage_1_38366,stage_1_38366.jpg,56c3d95ea044a166d5339e22cb7c56a6e085441057a875d82b9b3ad74b89e9e7,stage_1_38366.jpg,f707bdc91b0157a4c53ad9707291d05a04790234c22062d062886fc5d64e2471,name:stage_1_38366,train,estagio_1,estagio_1,,1,0,0,0,0,HIPEREMIA,NÃO CLASSIFICÁVEL,identity,ablation/tissue_classic_1229/images/stage_1_38366.jpg,ultralytics_curascan/datasets/estagio-nivel-12n-20-05-26/val/estagio_1/stage_1_38366.jpg
stage_1_3879,stage_1_3879,stage_1_3879.jpg,15759f0ccf17305afbb9ce36bcedf0b819985d4902585ad0a1e095fe593f446c,stage_1_3879.jpg,1b6f1ffc903e6312b743c7cce44d3220ff643ae8070d5efe8ef511222a465fe5,name:stage_1_3879,train,estagio_1,estagio_1,,1,0,0,0,0,HIPEREMIA,NÃO CLASSIFICÁVEL,identity,ablation/tissue_classic_1229/images/stage_1_3879.jpg,ultralytics_curascan/datasets/estagio-nivel-12n-20-05-26/val/estagio_1/stage_1_3879.jpg
stage_1_38922,stage_1_38922,stage_1_38922.jpg,abf12b4720e5fb477b186e1931aa0084b694ea93e779e62197e44503c15be90f,stage_1_38922.jpg,8fe9b886bcb58ad04ac695c5c9b238359fd4c7d2eea4f643ba555baaad89b386,name:stage_1_38922,train,estagio_1,estagio_1,,1,0,0,0,0,HIPEREMIA,NÃO CLASSIFICÁVEL,identity,ablation/tissue_classic_1229/images/stage_1_38922.jpg,ultralytics_curascan/datasets/estagio-nivel-12n-20-05-26/val/estagio_1/stage_1_38922.jpg
stage_1_39544,stage_1_39544,stage_1_39544.jpg,379479c840713f779645e5fc3904d988b9d5d6b9c6b45ca972959150f7641611,stage_1_39544.jpg,eb9f73dc6e80eada3d07fc949cd78b80cbad40c609aaf4ec76069e484785521b,name:stage_1_39544,train,estagio_1,estagio_1,,1,0,0,0,0,HIPEREMIA,NÃO CLASSIFICÁVEL,identity,ablation/tissue_classic_1229/images/stage_1_39544.jpg,ultralytics_curascan/datasets/estagio-nivel-12n-20-05-26/train/estagio_1/stage_1_39544.jpg
stage_1_40007,stage_1_40007,stage_1_40007.jpg,80895f85999ee8cddf9f646b2eca0bbee797d50b10a065a45ce6ac21ae16c287,stage_1_40007.jpg,99d143cace3599d139713d846d476c6b7e770a169ff3bdeef4357f423a107b8f,name:stage_1_40007,train,estagio_1,estagio_1,,1,0,0,0,0,HIPEREMIA,NÃO CLASSIFICÁVEL,identity,ablation/tissue_classic_1229/images/stage_1_40007.jpg,ultralytics_curascan/datasets/estagio-nivel-12n-20-05-26/val/estagio_1/stage_1_40007.jpg
stage_1_40620,stage_1_40620,stage_1_40620.jpg,c54d46720bc4feb3e580bd2f791f7fbf2f134443e108cce815a5359ab6198989,stage_1_40620.jpg,238f82a5d86c7c4140d5a8b662facec1d430a859c54af5608ef973cb12f3f91d,name:stage_1_40620,train,estagio_1,estagio_1,,1,0,0,0,0,HIPEREMIA,NÃO CLASSIFICÁVEL,identity,ablation/tissue_classic_1229/images/stage_1_40620.jpg,ultralytics_curascan/datasets/estagio-nivel-12n-20-05-26/val/estagio_1/stage_1_40620.jpg
stage_1_41064,stage_1_41064,stage_1_41064.jpg,40c62ae70c747d276bcb86f2651b666daeff48c5502bbed174a9b169d0095c0f,stage_1_41064.jpg,8d6ed4f160ddd0168b0e7f6e5971226ef353051eb53d3c566e1fb92d09a27e58,name:stage_1_41064,train,estagio_1,estagio_1,,1,0,0,0,0,HIPEREMIA,NÃO CLASSIFICÁVEL,identity,ablation/tissue_classic_1229/images/stage_1_41064.jpg,ultralytics_curascan/datasets/estagio-nivel-12n-20-05-26/train/estagio_1/stage_1_41064.jpg
stage_1_41365,stage_1_41365,stage_1_41365.jpg,c072c0cc290c44cb60ae661944e9b7b2c7e1eb88353bc392416547bf36233d58,stage_1_41365.jpg,9786cb109104dea68de1e0a9b04a2a3b6f9da7c08c6dba128ee58ef9cf7cf350,name:stage_1_41365,train,estagio_1,estagio_1,,1,0,0,0,0,HIPEREMIA,NÃO CLASSIFICÁVEL,identity,ablation/tissue_classic_1229/images/stage_1_41365.jpg,ultralytics_curascan/datasets/estagio-nivel-12n-20-05-26/train/estagio_1/stage_1_41365.jpg
stage_1_41863,stage_1_41863,stage_1_41863.jpg,93ab27d0d128586ef7a4f918303023313dbb124e6af0bf53107b839116b8a8a0,stage_1_41863.jpg,4f458bb43d7803aed3e7a5d180b161465e0642f8206c6949033342b90d687bb5,name:stage_1_41863,train,estagio_2,estagio_2,,0,0,0,0,0,NÃO CLASSIFICÁVEL,NÃO CLASSIFICÁVEL,identity,ablation/tissue_classic_1229/images/stage_1_41863.jpg,ultralytics_curascan/datasets/estagio-nivel-12n-20-05-26/test/estagio_2/stage_1_41863.jpg
stage_1_42797,stage_1_42797,stage_1_42797.jpg,f8c606acf748cb2adf2fd82a3fd1bdba4a7243183b43c97e1b45e7ed9861b3dc,stage_1_42797.jpg,b2df89c907074be6d7542da44f3246f0b3f2ce1b84504845efc343863ecfcca1,name:stage_1_42797,train,estagio_1,estagio_1,,1,0,0,0,0,HIPEREMIA,NÃO CLASSIFICÁVEL,identity,ablation/tissue_classic_1229/images/stage_1_42797.jpg,ultralytics_curascan/datasets/estagio-nivel-12n-20-05-26/val/estagio_1/stage_1_42797.jpg
stage_1_43721,stage_1_43721,stage_1_43721.jpg,c7d37778bcc15947fffa358c307432d30b30fc9d65c6a3419c8eabfa0a2010d4,stage_1_43721.jpg,cb2c08910551262c2ba667ce16e2c71a9763c6a9b55a6849b0429237f87b9fff,name:stage_1_43721,train,estagio_1,estagio_1,,1,0,0,0,0,HIPEREMIA,NÃO CLASSIFICÁVEL,identity,ablation/tissue_classic_1229/images/stage_1_43721.jpg,ultralytics_curascan/datasets/estagio-nivel-12n-20-05-26/val/estagio_1/stage_1_43721.jpg
stage_1_44308,stage_1_44308,stage_1_44308.jpg,30e90e14e8bf9159597ac67f3b06383356507b26e3a085e01db709f8a03ed7db,stage_1_44308.jpg,e298f68713e91f655aa7f7cdb326788e6c4d5c4e66b0381a9251b42b95664d03,name:stage_1_44308,train,estagio_1,estagio_1,,1,0,0,0,0,HIPEREMIA,NÃO CLASSIFICÁVEL,identity,ablation/tissue_classic_1229/images/stage_1_44308.jpg,ultralytics_curascan/datasets/estagio-nivel-12n-20-05-26/train/estagio_1/stage_1_44308.jpg
stage_1_45783,stage_1_45783,stage_1_45783.jpg,eaa210690cdadb0045f4ca2c0552ff35dc51668b44f97f48ea94f579036a6806,stage_1_45783.jpg,f525760e7b073f7a32c83a6a73961eaf0811b41c515af63e9637701fbd50c24d,name:stage_1_45783,train,estagio_1,estagio_1,,1,0,0,0,0,HIPEREMIA,NÃO CLASSIFICÁVEL,identity,ablation/tissue_classic_1229/images/stage_1_45783.jpg,ultralytics_curascan/datasets/estagio-nivel-12n-20-05-26/train/estagio_1/stage_1_45783.jpg
stage_1_45932,stage_1_45932,stage_1_45932.jpg,26410d7b6acd94f1c3c678185fdfb575394a52e7c1bacbc9b782a5344c49cd09,stage_1_45932.jpg,c39788e5065bd0ca58ffca0c9d3c6acfd8d49e59cc97dd970162d76a07211eeb,name:stage_1_45932,train,estagio_1,estagio_1,,1,0,0,0,0,HIPEREMIA,NÃO CLASSIFICÁVEL,identity,ablation/tissue_classic_1229/images/stage_1_45932.jpg,ultralytics_curascan/datasets/estagio-nivel-12n-20-05-26/train/estagio_1/stage_1_45932.jpg
stage_1_46291,stage_1_46291,stage_1_46291.jpg,bc99b8c2d787aeaf90974e6d0c0740b02cfb7bc4fac51ffe558201874d25151b,stage_1_46291.jpg,5e553c00796f915f71eb095f034c134d93cb2862747aafeea6c6feff1aeffd8a,name:stage_1_46291,train,estagio_1,estagio_1,,1,0,0,0,0,HIPEREMIA,NÃO CLASSIFICÁVEL,identity,ablation/tissue_classic_1229/images/stage_1_46291.jpg,ultralytics_curascan/datasets/estagio-nivel-12n-20-05-26/train/estagio_1/stage_1_46291.jpg
stage_1_46738,stage_1_46738,stage_1_46738.jpg,d668c677251743a539dba7ba11e326a0676b3f072946f449e265d0d57dbd283c,stage_1_46738.jpg,2a6fb99b0920238f0712baf05d22e8e73162ebba63d83ed95bc9bd9a034139f1,name:stage_1_46738,train,estagio_1,estagio_1,,1,0,0,0,0,HIPEREMIA,NÃO CLASSIFICÁVEL,identity,ablation/tissue_classic_1229/images/stage_1_46738.jpg,ultralytics_curascan/datasets/estagio-nivel-12n-20-05-26/train/estagio_1/stage_1_46738.jpg
stage_1_47089,stage_1_47089,stage_1_47089.jpg,eb11855fe3d818bbafe9541cd9328c47a6f9d4715e2731c1ca791341c158e069,stage_1_47089.jpg,7c9abfa41359ca4d7c0ec7ddb0ad5f2406beafbc4f09137e0d37b35681fabf3e,name:stage_1_47089,train,estagio_1,estagio_1,,1,0,0,0,0,HIPEREMIA,NÃO CLASSIFICÁVEL,identity,ablation/tissue_classic_1229/images/stage_1_47089.jpg,ultralytics_curascan/datasets/estagio-nivel-12n-20-05-26/train/estagio_1/stage_1_47089.jpg
stage_1_4745,stage_1_4745,stage_1_4745.jpg,310c27f92fdcce241c1eafc755c0a066a68b47e712b77383553fccb0df045009,stage_1_4745.jpg,9d24ef0e574030b9aedbf74f6ffc2258784cf25baa1d44e5d39ffde29b935dec,name:stage_1_4745,train,estagio_1,estagio_1,,1,0,0,0,0,HIPEREMIA,NÃO CLASSIFICÁVEL,identity,ablation/tissue_classic_1229/images/stage_1_4745.jpg,ultralytics_curascan/datasets/estagio-nivel-12n-20-05-26/test/estagio_1/stage_1_4745.jpg
stage_1_48177,stage_1_48177,stage_1_48177.jpg,6bbcbdca74c5a8f9173a14cbd213cdbe5a306a8e8847565f45c0c56db6d6781d,stage_1_48177.jpg,5467a893cf408ffdd4d7c705a2971559c8fdc7e16357c19aff863651a81722e5,name:stage_1_48177,train,estagio_1,estagio_1,,1,0,0,0,0,HIPEREMIA,NÃO CLASSIFICÁVEL,identity,ablation/tissue_classic_1229/images/stage_1_48177.jpg,ultralytics_curascan/datasets/estagio-nivel-12n-20-05-26/test/estagio_1/stage_1_48177.jpg
stage_1_48363,stage_1_48363,stage_1_48363.jpg,e61d2b6c3313052fb41cfe3d95e451a75a3df4367b69e42e612af026f0e6edee,stage_1_48363.jpg,90ba7a7737d16b708749808a2c2e2a36de4d67d1127b4d2d5d76370b78472826,name:stage_1_48363,train,estagio_1,estagio_1,,1,0,0,0,0,HIPEREMIA,NÃO CLASSIFICÁVEL,identity,ablation/tissue_classic_1229/images/stage_1_48363.jpg,ultralytics_curascan/datasets/estagio-nivel-12n-20-05-26/train/estagio_1/stage_1_48363.jpg
stage_1_49395,stage_1_49395,stage_1_49395.jpg,298cbf4220714ba91c41c128ebad7303947d0ff2154f84e9db4cfee822ed70a7,stage_1_49395.jpg,a83c9cfbf464b38eb7771afa44a6ec891541962d13724c9b5fe1a2595ba774cf,name:stage_1_49395,train,estagio_1,estagio_1,,1,0,0,0,0,HIPEREMIA,NÃO CLASSIFICÁVEL,identity,ablation/tissue_classic_1229/images/stage_1_49395.jpg,ultralytics_curascan/datasets/estagio-nivel-12n-20-05-26/train/estagio_1/stage_1_49395.jpg
stage_1_4942,stage_1_4942,stage_1_4942.jpg,bb3361f59daa069e0b890f3ce644e685bca09dfceccd7c48946e61d884886831,stage_1_4942.jpg,fec44be92bb352922168c1a97c599c5eb22e10bcf926ba3bbe6d9cc1f3db9576,name:stage_1_4942,train,estagio_1,estagio_1,,1,0,0,0,0,HIPEREMIA,NÃO CLASSIFICÁVEL,identity,ablation/tissue_classic_1229/images/stage_1_4942.jpg,ultralytics_curascan/datasets/estagio-nivel-12n-20-05-26/train/estagio_1/stage_1_4942.jpg
stage_1_49681,stage_1_49681,stage_1_49681.jpg,6d459a94d1d91558da7cb90181e8d46d42d7430a4632e29be1afd8e984f05486,stage_1_49681.jpg,2d78fe838e23c9406c6d1e6ce3dc851c98bc0bffb6ad6d125c8b77441c503f41,name:stage_1_49681,train,estagio_1,estagio_1,,1,0,0,0,0,HIPEREMIA,NÃO CLASSIFICÁVEL,identity,ablation/tissue_classic_1229/images/stage_1_49681.jpg,ultralytics_curascan/datasets/estagio-nivel-12n-20-05-26/train/estagio_1/stage_1_49681.jpg
stage_1_50047,stage_1_50047,stage_1_50047.jpg,ddf806a15b2afe8ae2e4190ac03e3bfacf758af26ed5e2aaae4a5866d1f154f0,stage_1_50047.jpg,f69a5b4800fc4130465aff2e40b2eacb81dde55451d139c2e9948710b0afa047,name:stage_1_50047,train,estagio_1,estagio_1,,1,0,0,0,0,HIPEREMIA,NÃO CLASSIFICÁVEL,identity,ablation/tissue_classic_1229/images/stage_1_50047.jpg,ultralytics_curascan/datasets/estagio-nivel-12n-20-05-26/train/estagio_1/stage_1_50047.jpg
stage_1_50513,stage_1_50513,stage_1_50513.jpg,3fc137b8bf875a25e559e18703d8668a795e7a7e3ab2db98bc00b472c0f5edef,stage_1_50513.jpg,397f59e7f7b75f92a4dc66644ab03d9824469388b110c85e83a27d0aeb367d04,name:stage_1_50513,train,estagio_1,estagio_1,,1,0,0,0,0,HIPEREMIA,NÃO CLASSIFICÁVEL,identity,ablation/tissue_classic_1229/images/stage_1_50513.jpg,ultralytics_curascan/datasets/estagio-nivel-12n-20-05-26/test/estagio_1/stage_1_50513.jpg
stage_1_51551,stage_1_51551,stage_1_51551.jpg,c3bd6ddaee8f3aaf23c97e1289ed619df688b07c5239bdc485b6dc4f3f577244,stage_1_51551.jpg,002d425e9a1012def343a4f65c14b9b0b26e0b31042a82adb0b80340a311f0b8,name:stage_1_51551,train,estagio_1,estagio_1,,1,0,0,0,0,HIPEREMIA,NÃO CLASSIFICÁVEL,identity,ablation/tissue_classic_1229/images/stage_1_51551.jpg,ultralytics_curascan/datasets/estagio-nivel-12n-20-05-26/train/estagio_1/stage_1_51551.jpg
stage_1_51725,stage_1_51725,stage_1_51725.jpg,9394d110b8b13db0815bc51bdae6739a2f6c2b8320478c1ca0a8cb10934b6157,stage_1_51725.jpg,776ea7b25bfb18a4e4809bc92a02b652d07f80acca3351787aafde3aa16a5339,name:stage_1_51725,train,estagio_1,estagio_1,,1,0,0,0,0,HIPEREMIA,NÃO CLASSIFICÁVEL,identity,ablation/tissue_classic_1229/images/stage_1_51725.jpg,ultralytics_curascan/datasets/estagio-nivel-12n-20-05-26/val/estagio_1/stage_1_51725.jpg
stage_1_52379,stage_1_52379,stage_1_52379.jpg,fa46bd305e80078303e182cc58a94ba6ba757526e93dbf5df80e0a7850af40e3,stage_1_52379.jpg,ceff698106ebdd06cb6715a262749502eab52dc6bf6f6ffd466e0fa1a474f4c9,name:stage_1_52379,train,estagio_1,estagio_1,,1,0,0,0,0,HIPEREMIA,NÃO CLASSIFICÁVEL,identity,ablation/tissue_classic_1229/images/stage_1_52379.jpg,ultralytics_curascan/datasets/estagio-nivel-12n-20-05-26/train/estagio_1/stage_1_52379.jpg
stage_1_52592,stage_1_52592,stage_1_52592.jpg,2b3847a40c8fe6a3175fdd89dc2c053fc9ad110c92d2011c1659cb6bef5a5394,stage_1_52592.jpg,19d68371380c97b2e48ecfa4d612597784c3f404f8950440aa654b16376be6fe,name:stage_1_52592,train,estagio_1,estagio_1,,1,0,0,0,0,HIPEREMIA,NÃO CLASSIFICÁVEL,identity,ablation/tissue_classic_1229/images/stage_1_52592.jpg,ultralytics_curascan/datasets/estagio-nivel-12n-20-05-26/train/estagio_1/stage_1_52592.jpg
stage_1_52677,stage_1_52677,stage_1_52677.jpg,3f626fa847cffcc6181ab1ce989abdb796b5ad01c1df672a41389e81a6a38e90,stage_1_52677.jpg,54d48c49c905f364459e43a7bc0fb32573e1a433236bf015d3e9c764e24cf632,name:stage_1_52677,train,estagio_1,estagio_1,,1,0,0,0,0,HIPEREMIA,NÃO CLASSIFICÁVEL,identity,ablation/tissue_classic_1229/images/stage_1_52677.jpg,ultralytics_curascan/datasets/estagio-nivel-12n-20-05-26/train/estagio_1/stage_1_52677.jpg
stage_1_52843,stage_1_52843,stage_1_52843.jpg,bc713dd475453e68bd9597e5099cb4bc17c174a037150451eeeec2eac452ddd1,stage_1_52843.jpg,5fa70902a0d998073376f95c8afbb5aaf00f2e4b83a085c8ecde0e445357edca,name:stage_1_52843,train,estagio_1,estagio_1,,1,0,0,0,0,HIPEREMIA,NÃO CLASSIFICÁVEL,identity,ablation/tissue_classic_1229/images/stage_1_52843.jpg,ultralytics_curascan/datasets/estagio-nivel-12n-20-05-26/train/estagio_1/stage_1_52843.jpg
stage_1_53188,stage_1_53188,stage_1_53188.jpg,a462e7d039772fb8c029a63394d28ae269daa6b56063e7b73f7cf21809927e9b,stage_1_53188.jpg,d4c9a3e3c3b66dff82a9aa4fa85343787306ce82829d0c6c93aa18eb61d28f99,name:stage_1_53188,train,estagio_1,estagio_1,,1,0,0,0,0,HIPEREMIA,NÃO CLASSIFICÁVEL,identity,ablation/tissue_classic_1229/images/stage_1_53188.jpg,ultralytics_curascan/datasets/estagio-nivel-12n-20-05-26/train/estagio_1/stage_1_53188.jpg
stage_1_53519,stage_1_53519,stage_1_53519.jpg,9ba42ad1772749500f954df31041c7cf63d8c03f2eb378f8daf769b9ab2f8e43,stage_1_53519.jpg,552f9850cf0842ea25e0bcfcf5fe7631087cdd3b275ac2a72517240359261813,name:stage_1_53519,train,estagio_1,estagio_1,,1,0,0,0,0,HIPEREMIA,NÃO CLASSIFICÁVEL,identity,ablation/tissue_classic_1229/images/stage_1_53519.jpg,ultralytics_curascan/datasets/estagio-nivel-12n-20-05-26/train/estagio_1/stage_1_53519.jpg
stage_1_5363,stage_1_5363,stage_1_5363.jpg,a209edf057803215306bf2c80166097484359eba53e371e58cdae33a094d3ded,stage_1_5363.jpg,6910a29505de6ff82d5763393546b7d15cef030e1a1feb361f3db5b5afb569be,name:stage_1_5363,train,estagio_1,estagio_1,,1,0,0,0,0,HIPEREMIA,NÃO CLASSIFICÁVEL,identity,ablation/tissue_classic_1229/images/stage_1_5363.jpg,ultralytics_curascan/datasets/estagio-nivel-12n-20-05-26/train/estagio_1/stage_1_5363.jpg
stage_1_53652,stage_1_53652,stage_1_53652.jpg,80498f68b9d786ce0c16dadf6e1ae7bba7518aaf86850ceba8756c2abe095851,stage_1_53652.jpg,a8f1251336e4242ce158284a6e8e2a53b2b19b875233f5ee0f546d1e88d455d4,name:stage_1_53652,train,estagio_1,estagio_1,,1,0,0,0,0,HIPEREMIA,NÃO CLASSIFICÁVEL,identity,ablation/tissue_classic_1229/images/stage_1_53652.jpg,ultralytics_curascan/datasets/estagio-nivel-12n-20-05-26/train/estagio_1/stage_1_53652.jpg
stage_1_54263,stage_1_54263,stage_1_54263.jpg,9e49b75e5c7f5a9c7db8b1718da5d6afc2f01a54163a4dc0073b5cadb20b6b7a,stage_1_54263.jpg,369ce2f52cdb6fdccb39201c94f736e88ffefe0c4557c7fd8edd62baf899a9c8,name:stage_1_54263,train,estagio_1,estagio_1,,1,0,0,0,0,HIPEREMIA,NÃO CLASSIFICÁVEL,identity,ablation/tissue_classic_1229/images/stage_1_54263.jpg,ultralytics_curascan/datasets/estagio-nivel-12n-20-05-26/train/estagio_1/stage_1_54263.jpg
stage_1_54825,stage_1_54825,stage_1_54825.jpg,aefef27c9644b019a989827580be5e576cd9a4e0a7a41a3343a1d232d532c127,stage_1_54825.jpg,425b7879c5fe7796ff2809b0dde813ad860db34c2565e0575f370f29497095f4,name:stage_1_54825,train,estagio_1,estagio_1,,1,0,0,0,0,HIPEREMIA,NÃO CLASSIFICÁVEL,identity,ablation/tissue_classic_1229/images/stage_1_54825.jpg,ultralytics_curascan/datasets/estagio-nivel-12n-20-05-26/train/estagio_1/stage_1_54825.jpg
stage_1_54902,stage_1_54902,stage_1_54902.jpg,35f5b781e3d53370e1a033c2476fdf53db1cf4386a51ff54b3b87fce9c9337ee,stage_1_54902.jpg,897ff970a5694e319193045ff98b8eca3fd614b9e25accc428c25cb36a7b2810,name:stage_1_54902,train,estagio_1,estagio_1,,1,0,0,0,0,HIPEREMIA,NÃO CLASSIFICÁVEL,identity,ablation/tissue_classic_1229/images/stage_1_54902.jpg,ultralytics_curascan/datasets/estagio-nivel-12n-20-05-26/train/estagio_1/stage_1_54902.jpg
stage_1_55643,stage_1_55643,stage_1_55643.jpg,c7c617e774c0264f3a6f429656ca57d2983b5b58b51aa387304117213fb6bb60,stage_1_55643.jpg,9b677e2e94fac66e441f0556cb00352af54106e8d086af607d90b8ccb94c9d3f,name:stage_1_55643,train,estagio_1,estagio_1,,1,0,0,0,0,HIPEREMIA,NÃO CLASSIFICÁVEL,identity,ablation/tissue_classic_1229/images/stage_1_55643.jpg,ultralytics_curascan/datasets/estagio-nivel-12n-20-05-26/test/estagio_1/stage_1_55643.jpg
stage_1_55864,stage_1_55864,stage_1_55864.jpg,d33fe7eae6aa44dee076105f07d7e60dc0ff1dbfbd906c4c4bbe9efdd2f8d45d,stage_1_55864.jpg,85c3c103313863597ef94fb76d5a6e87dd6d6bcc4ca6b580785c6a1014b0de74,name:stage_1_55864,train,estagio_2,estagio_2,,0,0,0,0,0,NÃO CLASSIFICÁVEL,NÃO CLASSIFICÁVEL,identity,ablation/tissue_classic_1229/images/stage_1_55864.jpg,ultralytics_curascan/datasets/estagio-nivel-12n-20-05-26/train/estagio_2/stage_1_55864.jpg
stage_1_55950,stage_1_55950,stage_1_55950.jpg,1aa30b40cf959bb36dc980689436ba4fad74d400efc9212331c4d3fdc21bd5b6,stage_1_55950.jpg,ecd52c6cef63cf5e73e602bc876a011c7db3df0c74ae54636a94e9f102580c55,name:stage_1_55950,train,estagio_1,estagio_1,,1,0,0,0,0,HIPEREMIA,NÃO CLASSIFICÁVEL,identity,ablation/tissue_classic_1229/images/stage_1_55950.jpg,ultralytics_curascan/datasets/estagio-nivel-12n-20-05-26/train/estagio_1/stage_1_55950.jpg
stage_1_56309,stage_1_56309,stage_1_56309.jpg,126e20a9afbd817a3a198cb26b8a7d7f660b03112a4befa52b8ea4bc5c21b4ef,stage_1_56309.jpg,6b2a0604273b50c80593dde9b4208cbd678e74ef582d3ff21473e792b663fb31,name:stage_1_56309,train,estagio_1,estagio_1,,1,0,0,0,0,HIPEREMIA,NÃO CLASSIFICÁVEL,identity,ablation/tissue_classic_1229/images/stage_1_56309.jpg,ultralytics_curascan/datasets/estagio-nivel-12n-20-05-26/train/estagio_1/stage_1_56309.jpg
stage_1_56450,stage_1_56450,stage_1_56450.jpg,dd0bfdeba6e3747996326e08b9542ad6f81b82dfb94c03ceab9ced4a98a8a01d,stage_1_56450.jpg,e35857ddcff83dcfac652cb5c9708405fce10a13d0d3697c215c2ac4cfec3a15,name:stage_1_56450,train,estagio_1,estagio_1,,1,0,0,0,0,HIPEREMIA,NÃO CLASSIFICÁVEL,identity,ablation/tissue_classic_1229/images/stage_1_56450.jpg,ultralytics_curascan/datasets/estagio-nivel-12n-20-05-26/train/estagio_1/stage_1_56450.jpg
stage_1_56981,stage_1_56981,stage_1_56981.jpg,8f10f6f2502b39e66390b6b0c0b2b668f67665cd55b97a498da7c21281c4df8a,stage_1_56981.jpg,610c62ddaefbf2cf07f6fc329b7602e8a8475a5225583600375fdce999021a28,name:stage_1_56981,train,estagio_1,estagio_1,,1,0,0,0,0,HIPEREMIA,NÃO CLASSIFICÁVEL,identity,ablation/tissue_classic_1229/images/stage_1_56981.jpg,ultralytics_curascan/datasets/estagio-nivel-12n-20-05-26/train/estagio_1/stage_1_56981.jpg
stage_1_57315,stage_1_57315,stage_1_57315.jpg,b1ff2f144349295528dea08e2c14cf0064848099533f5c2a095e4fd99f2105b2,stage_1_57315.jpg,b221b556fb6e06e27cd37fc79d9f3d2e7b6fb1aa802ba12584aee41645a7b747,name:stage_1_57315,train,estagio_1,estagio_1,,1,0,0,0,0,HIPEREMIA,NÃO CLASSIFICÁVEL,identity,ablation/tissue_classic_1229/images/stage_1_57315.jpg,ultralytics_curascan/datasets/estagio-nivel-12n-20-05-26/train/estagio_1/stage_1_57315.jpg
stage_1_5767,stage_1_5767,stage_1_5767.jpg,21d1a5f94d4a8d9684ce5569553f174b47e2eec15749a9a2117cbf6a7cbebd69,stage_1_5767.jpg,d1c523f9d34c447bb8d46fd7d610e537b78d3abb9f56154d604fcf2bd68558dc,name:stage_1_5767,train,estagio_1,estagio_1,,1,0,0,0,0,HIPEREMIA,NÃO CLASSIFICÁVEL,identity,ablation/tissue_classic_1229/images/stage_1_5767.jpg,ultralytics_curascan/datasets/estagio-nivel-12n-20-05-26/train/estagio_1/stage_1_5767.jpg
stage_1_57710,stage_1_57710,stage_1_57710.jpg,09f2e61d3b9cc38a66a46306f026e1cd02f14c34dae83849b7b7400de2a2971e,stage_1_57710.jpg,f17419cc4ad71f697270e2f1db9bfd705c0ef1d85cbb262df622d0ecad90398d,name:stage_1_57710,train,estagio_1,estagio_1,,1,0,0,0,0,HIPEREMIA,NÃO CLASSIFICÁVEL,identity,ablation/tissue_classic_1229/images/stage_1_57710.jpg,ultralytics_curascan/datasets/estagio-nivel-12n-20-05-26/val/estagio_1/stage_1_57710.jpg
stage_1_58916,stage_1_58916,stage_1_58916.jpg,65aafbcf2a428286b22251e23b3f49405c8419129c68ff985c69a928ee025066,stage_1_58916.jpg,0d1c1b922d86f19f58a0878539b85ca105bdc29cf1c97d375f2f27bd6e39bf51,name:stage_1_58916,train,estagio_1,estagio_1,,1,0,0,0,0,HIPEREMIA,NÃO CLASSIFICÁVEL,identity,ablation/tissue_classic_1229/images/stage_1_58916.jpg,ultralytics_curascan/datasets/estagio-nivel-12n-20-05-26/val/estagio_1/stage_1_58916.jpg
stage_1_59646,stage_1_59646,stage_1_59646.jpg,d06ccc807dd599e3b85a921f9745413b7239e34e841135250ca9dcdffed05b24,stage_1_59646.jpg,9d74fbacea5d3a2817b51e0cf156043eeb96541e7b527d583fcc9eea7190d854,name:stage_1_59646,train,estagio_1,estagio_1,,1,0,0,0,0,HIPEREMIA,NÃO CLASSIFICÁVEL,identity,ablation/tissue_classic_1229/images/stage_1_59646.jpg,ultralytics_curascan/datasets/estagio-nivel-12n-20-05-26/train/estagio_1/stage_1_59646.jpg
stage_1_59688,stage_1_59688,stage_1_59688.jpg,fd1dc72be7da459b64cb863cfe5f38aeddfecb1ef68ba59c642498dfdba81ffa,stage_1_59688.jpg,73d880352418ee44cb283993c295fa6d758ddf263884eff8f62a71a232aad74e,name:stage_1_59688,train,estagio_1,estagio_1,,1,0,0,0,0,HIPEREMIA,NÃO CLASSIFICÁVEL,identity,ablation/tissue_classic_1229/images/stage_1_59688.jpg,ultralytics_curascan/datasets/estagio-nivel-12n-20-05-26/test/estagio_1/stage_1_59688.jpg
stage_1_59706,stage_1_59706,stage_1_59706.jpg,37b14edf6eb13faa00d9ed5259ffc8fa5e637594c7f97329419b9145fc7c03d2,stage_1_59706.jpg,e5dc9549b5568abb9b6ea5bd80905dfe0760cefd6b0f3631910aeb7a797d00fd,name:stage_1_59706,train,estagio_1,estagio_1,,1,0,0,0,0,HIPEREMIA,NÃO CLASSIFICÁVEL,identity,ablation/tissue_classic_1229/images/stage_1_59706.jpg,ultralytics_curascan/datasets/estagio-nivel-12n-20-05-26/train/estagio_1/stage_1_59706.jpg
stage_1_59723,stage_1_59723,stage_1_59723.jpg,e0e3ccd58e8a82920705c0a0513fb6f2f7b4d92e598f24c54e1da2a1dbfd3195,stage_1_59723.jpg,4b706dea31fb201a2709ba34fe7af24c7d7e08fb729de0f62deddbd05a514aea,name:stage_1_59723,train,estagio_1,estagio_1,,1,0,0,0,0,HIPEREMIA,NÃO CLASSIFICÁVEL,identity,ablation/tissue_classic_1229/images/stage_1_59723.jpg,ultralytics_curascan/datasets/estagio-nivel-12n-20-05-26/train/estagio_1/stage_1_59723.jpg
stage_1_62707,stage_1_62707,stage_1_62707.jpg,4c62a65a59d6b0ca958af7f50e2ed4d8f63c2436e44eab428d07df197ad32b5c,stage_1_62707.jpg,644f6ecf3523e2fc2c1af7b4f8bc80cca366b44a49779ce60d628da9ea244359,name:stage_1_62707,train,estagio_1,estagio_1,,1,0,0,0,0,HIPEREMIA,NÃO CLASSIFICÁVEL,identity,ablation/tissue_classic_1229/images/stage_1_62707.jpg,ultralytics_curascan/datasets/estagio-nivel-12n-20-05-26/val/estagio_1/stage_1_62707.jpg
stage_1_64066,stage_1_64066,stage_1_64066.jpg,34473398651520d78832f52ef2b1e23bbd3f27d020a905c8e520e1478638af26,stage_1_64066.jpg,0dffe498e4c0619c2f0655ebd168747ae75f5dea07d91794a010e1081f315f54,name:stage_1_64066,train,estagio_1,estagio_1,,1,0,0,0,0,HIPEREMIA,NÃO CLASSIFICÁVEL,identity,ablation/tissue_classic_1229/images/stage_1_64066.jpg,ultralytics_curascan/datasets/estagio-nivel-12n-20-05-26/train/estagio_1/stage_1_64066.jpg
stage_1_64340,stage_1_64340,stage_1_64340.jpg,b2758ec74700997592c8883f97052cad976583e850b8c054221a14dc615a47fb,stage_1_64340.jpg,a2fbbaad2298862a02c4c71dfd21e78d856eac92df6cfde81edf83041efb3e1b,name:stage_1_64340,train,estagio_1,estagio_1,,1,0,0,0,0,HIPEREMIA,NÃO CLASSIFICÁVEL,identity,ablation/tissue_classic_1229/images/stage_1_64340.jpg,ultralytics_curascan/datasets/estagio-nivel-12n-20-05-26/train/estagio_1/stage_1_64340.jpg
stage_1_64761,stage_1_64761,stage_1_64761.jpg,f01ea8112d81528eb67ffd388d2afcff4bdb3d7060a5a0bb3e2ba3b88a7d1716,stage_1_64761.jpg,fe0f8352bf123d1c678134da5667dff979c21462db2e86ac21105aa3a8505cbf,name:stage_1_64761,train,estagio_1,estagio_1,,1,0,0,0,0,HIPEREMIA,NÃO CLASSIFICÁVEL,identity,ablation/tissue_classic_1229/images/stage_1_64761.jpg,ultralytics_curascan/datasets/estagio-nivel-12n-20-05-26/test/estagio_1/stage_1_64761.jpg
stage_1_64902,stage_1_64902,stage_1_64902.jpg,0ea62fd39d36f0dbf7109ad9d1e7e112f0399ee8cda1f435f709318ff4847575,stage_1_64902.jpg,b17bff2d44bb0a7993eafb9ea430904a3d03104f04c1b0b8d3f17df054acb287,name:stage_1_64902,train,estagio_2,estagio_2,,1,0,0,0,0,HIPEREMIA,NÃO CLASSIFICÁVEL,identity,ablation/tissue_classic_1229/images/stage_1_64902.jpg,ultralytics_curascan/datasets/estagio-nivel-12n-20-05-26/train/estagio_2/stage_1_64902.jpg
stage_1_64923,stage_1_64923,stage_1_64923.jpg,4ec1755d924c14a664f84d6a3bdb3b8d3864440221243227bbeeb442eb54873b,stage_1_64923.jpg,fdf25e5d8fe3241b7e27333b63efbf2d092fbae466a176a2ea27505e0661b027,name:stage_1_64923,train,estagio_1,estagio_1,,1,0,0,0,0,HIPEREMIA,NÃO CLASSIFICÁVEL,identity,ablation/tissue_classic_1229/images/stage_1_64923.jpg,ultralytics_curascan/datasets/estagio-nivel-12n-20-05-26/test/estagio_1/stage_1_64923.jpg
stage_1_65864,stage_1_65864,stage_1_65864.jpg,439b84f547164b825893a664d1166a3fb577711e41a175e7d828ac42868a4883,stage_1_65864.jpg,a07fe84499bb7da0c36824502e814480111b0e0cdcc82996bd5df9e1455fa677,name:stage_1_65864,train,estagio_1,estagio_1,,1,0,0,0,0,HIPEREMIA,NÃO CLASSIFICÁVEL,identity,ablation/tissue_classic_1229/images/stage_1_65864.jpg,ultralytics_curascan/datasets/estagio-nivel-12n-20-05-26/train/estagio_1/stage_1_65864.jpg
stage_1_65926,stage_1_65926,stage_1_65926.jpg,f44f75ee577b396cfe5c7eb93a407c00d7636e26c83cd2793f3cf5aee5c0ef12,stage_1_65926.jpg,eb0d487188054e94d15cfa01ffd7f9da9df783f7f4b1fdca15be10780f378e86,name:stage_1_65926,train,estagio_1,estagio_1,,1,0,0,0,0,HIPEREMIA,NÃO CLASSIFICÁVEL,identity,ablation/tissue_classic_1229/images/stage_1_65926.jpg,ultralytics_curascan/datasets/estagio-nivel-12n-20-05-26/train/estagio_1/stage_1_65926.jpg
stage_1_66343,stage_1_66343,stage_1_66343.jpg,81fd9307634bf4f90a3703ec41116b9854eba079635fc9a5f0d1a9089577ba8b,stage_1_66343.jpg,d7b838a0eade28b3fac3a29166218bd8d31e71bdd0c3810241f6d68767e43eb7,name:stage_1_66343,train,estagio_1,estagio_1,,1,0,0,0,0,HIPEREMIA,NÃO CLASSIFICÁVEL,identity,ablation/tissue_classic_1229/images/stage_1_66343.jpg,ultralytics_curascan/datasets/estagio-nivel-12n-20-05-26/test/estagio_1/stage_1_66343.jpg
stage_1_66363,stage_1_66363,stage_1_66363.jpg,029c226ac9155b1d1ecf570e3e6430108a12a2111066d00745c0f655c9883cc5,stage_1_66363.jpg,13d4acf755a6187c81103c6debcfb67a092f7dde7541d7919c034048449b81a6,name:stage_1_66363,train,estagio_1,estagio_1,,1,0,0,0,0,HIPEREMIA,NÃO CLASSIFICÁVEL,identity,ablation/tissue_classic_1229/images/stage_1_66363.jpg,ultralytics_curascan/datasets/estagio-nivel-12n-20-05-26/train/estagio_1/stage_1_66363.jpg
stage_1_66376,stage_1_66376,stage_1_66376.jpg,66fd105be0e9e96445992c9ad1f40d17b0f531be5e75108f20b21261036fd128,stage_1_66376.jpg,d3bda6f655658046c9786d231623d050cb98b7f309891e89a2bbd729a5ea09c9,name:stage_1_66376,train,estagio_1,estagio_1,,1,0,0,0,0,HIPEREMIA,NÃO CLASSIFICÁVEL,identity,ablation/tissue_classic_1229/images/stage_1_66376.jpg,ultralytics_curascan/datasets/estagio-nivel-12n-20-05-26/train/estagio_1/stage_1_66376.jpg
stage_1_68506,stage_1_68506,stage_1_68506.jpg,be6e63155a736b18fb83559f5a66e4b3a70ecee07890efde3e89d01d19c7a5ea,stage_1_68506.jpg,d7b04f8633e4483dbc49742b37cf67b128425a5244f63e62ea9444389ebc291b,name:stage_1_68506,train,estagio_1,estagio_1,,1,0,0,0,0,HIPEREMIA,NÃO CLASSIFICÁVEL,identity,ablation/tissue_classic_1229/images/stage_1_68506.jpg,ultralytics_curascan/datasets/estagio-nivel-12n-20-05-26/val/estagio_1/stage_1_68506.jpg
stage_1_68712,stage_1_68712,stage_1_68712.jpg,6aa8978a88a11d12224935d5afff689e75846b8aa46e2193430db387fc260da0,stage_1_68712.jpg,a54d7a1a3519d3f36d567a5889a1bd2bea8a632ebaf744b5389af90ca97f87ec,name:stage_1_68712,train,estagio_1,estagio_1,,1,0,0,0,0,HIPEREMIA,NÃO CLASSIFICÁVEL,identity,ablation/tissue_classic_1229/images/stage_1_68712.jpg,ultralytics_curascan/datasets/estagio-nivel-12n-20-05-26/train/estagio_1/stage_1_68712.jpg
stage_1_70402,stage_1_70402,stage_1_70402.jpg,16f95bb3952cfa5b900c20f047a88e5145e356fba99ce52499aa9647a72b5075,stage_1_70402.jpg,3f8e52c8710358439d3f800a67548cb7177eaf5b2bd76a42e443ea90bbc52461,name:stage_1_70402,train,estagio_1,estagio_1,,1,0,0,0,0,HIPEREMIA,NÃO CLASSIFICÁVEL,identity,ablation/tissue_classic_1229/images/stage_1_70402.jpg,ultralytics_curascan/datasets/estagio-nivel-12n-20-05-26/val/estagio_1/stage_1_70402.jpg
stage_1_7130,stage_1_7130,stage_1_7130.jpg,704ba7a87a691cde0e91043fcb4d73ec4362b5abb6a0c51f488e1479ae2ea6bf,stage_1_7130.jpg,72aa5fe0bba586ed8900103458e6f6fc95270e6d2fd847bc978775e496c7a904,name:stage_1_7130,train,estagio_1,estagio_1,,1,0,0,0,0,HIPEREMIA,NÃO CLASSIFICÁVEL,identity,ablation/tissue_classic_1229/images/stage_1_7130.jpg,ultralytics_curascan/datasets/estagio-nivel-12n-20-05-26/train/estagio_1/stage_1_7130.jpg
stage_1_72077,stage_1_72077,stage_1_72077.jpg,0a00e99ba81d0cc70e70986bbce3e920e74c820d77fd2597571102a451c2c3b5,stage_1_72077.jpg,f2302d51c8de5405b8439779806766c02e3f446e291aeaa43d550a4ab6c4a652,name:stage_1_72077,train,estagio_1,estagio_1,,1,0,0,0,0,HIPEREMIA,NÃO CLASSIFICÁVEL,identity,ablation/tissue_classic_1229/images/stage_1_72077.jpg,ultralytics_curascan/datasets/estagio-nivel-12n-20-05-26/test/estagio_1/stage_1_72077.jpg
stage_1_73024,stage_1_73024,stage_1_73024.jpg,7a16e5e854e1a19fc11f1e1c14b0d44172eac56b2965ee77de793eb46650555e,stage_1_73024.jpg,4f38bf61d02132cedc4512aee7a4ac3a293fa0d82ec2e3b018ee695295767766,name:stage_1_73024,train,estagio_1,estagio_1,,1,0,0,0,0,HIPEREMIA,NÃO CLASSIFICÁVEL,identity,ablation/tissue_classic_1229/images/stage_1_73024.jpg,ultralytics_curascan/datasets/estagio-nivel-12n-20-05-26/train/estagio_1/stage_1_73024.jpg
stage_1_73442,stage_1_73442,stage_1_73442.jpg,1163d9ec70c3b1f0973647e40cf34f58a5f66d05f0327d69a79da166c5ec415c,stage_1_73442.jpg,3935530ba7acfed8c9f7a21d6301fd3034e9abfb1ae904ea7d8294182d6c15ff,name:stage_1_73442,train,estagio_1,estagio_1,,1,0,0,0,0,HIPEREMIA,NÃO CLASSIFICÁVEL,identity,ablation/tissue_classic_1229/images/stage_1_73442.jpg,ultralytics_curascan/datasets/estagio-nivel-12n-20-05-26/test/estagio_1/stage_1_73442.jpg
stage_1_74781,stage_1_74781,stage_1_74781.jpg,7789cc6a4481cf23ccbfd08df76c42b79c9469b5d4142499b30fd27e4e37730b,stage_1_74781.jpg,75aca90166424b4999a72cff00f01683858c7093fe939eebb41d34546ec2832f,name:stage_1_74781,train,estagio_1,estagio_1,,1,0,0,0,0,HIPEREMIA,NÃO CLASSIFICÁVEL,identity,ablation/tissue_classic_1229/images/stage_1_74781.jpg,ultralytics_curascan/datasets/estagio-nivel-12n-20-05-26/train/estagio_1/stage_1_74781.jpg
stage_1_78682,stage_1_78682,stage_1_78682.jpg,22aaf3510b4a4f26937d92186675da1c3212f9fef7433714938600e57dbda67e,stage_1_78682.jpg,08ac5b90d2a72fd510c8250dbcf23b2374f8503327939c36db5bb19cd543ad70,name:stage_1_78682,train,estagio_1,estagio_1,,1,0,0,0,0,HIPEREMIA,NÃO CLASSIFICÁVEL,identity,ablation/tissue_classic_1229/images/stage_1_78682.jpg,ultralytics_curascan/datasets/estagio-nivel-12n-20-05-26/val/estagio_1/stage_1_78682.jpg
stage_1_82536,stage_1_82536,stage_1_82536.jpg,58655db1652206d21d1dca07d42e2725f5b8382604d6b5986cfddec44bd9137e,stage_1_82536.jpg,cd28eb005ea2277b0f61b25bdd6ee4a21ef482f58d813740a5b9a1bd056fc332,name:stage_1_82536,train,estagio_1,estagio_1,,1,0,0,0,0,HIPEREMIA,NÃO CLASSIFICÁVEL,identity,ablation/tissue_classic_1229/images/stage_1_82536.jpg,ultralytics_curascan/datasets/estagio-nivel-12n-20-05-26/train/estagio_1/stage_1_82536.jpg
stage_1_83412,stage_1_83412,stage_1_83412.jpg,35761b8644d6d0db319fd95f4d4c5c77712bda2ca83743132d82564fa053101c,stage_1_83412.jpg,068efdaa2547b94a20b304bcdd9a4ce8369fd50efd5ecefe585ec38b4ae2a6b7,name:stage_1_83412,train,estagio_1,estagio_1,,1,0,0,0,0,HIPEREMIA,NÃO CLASSIFICÁVEL,identity,ablation/tissue_classic_1229/images/stage_1_83412.jpg,ultralytics_curascan/datasets/estagio-nivel-12n-20-05-26/train/estagio_1/stage_1_83412.jpg
stage_1_84542,stage_1_84542,stage_1_84542.jpg,3e9edd1fbc78a68136197f244c12e06364929617a82fac71de215cbb733beecc,stage_1_84542.jpg,0fe5f4e1847b01689026e37e881f034879056ff727334e08a647f5114379e1b2,name:stage_1_84542,train,estagio_1,estagio_1,,1,0,0,0,0,HIPEREMIA,NÃO CLASSIFICÁVEL,identity,ablation/tissue_classic_1229/images/stage_1_84542.jpg,ultralytics_curascan/datasets/estagio-nivel-12n-20-05-26/train/estagio_1/stage_1_84542.jpg
stage_1_8489,stage_1_8489,stage_1_8489.jpg,2325dd1943b89874b47720c846b0427517fa26b873a78b4c019357486e631469,stage_1_8489.jpg,cf6af9f01b77db46a3b245247907d97b7a6fd2fac0e01a12210c4c49c3e80ec6,name:stage_1_8489,train,estagio_1,estagio_1,,1,0,0,0,0,HIPEREMIA,NÃO CLASSIFICÁVEL,identity,ablation/tissue_classic_1229/images/stage_1_8489.jpg,ultralytics_curascan/datasets/estagio-nivel-12n-20-05-26/test/estagio_1/stage_1_8489.jpg
stage_1_88669,stage_1_88669,stage_1_88669.jpg,1f82abdcbda9ecf99cf0150d9d854d5785d114866bf54687fe42ef4849c40fea,stage_1_88669.jpg,727df232870edc8d1eeee1a9c607414404e9698bad04db9dc393ce92d6bed60b,name:stage_1_88669,train,estagio_1,estagio_1,,1,0,0,0,0,HIPEREMIA,NÃO CLASSIFICÁVEL,identity,ablation/tissue_classic_1229/images/stage_1_88669.jpg,ultralytics_curascan/datasets/estagio-nivel-12n-20-05-26/train/estagio_1/stage_1_88669.jpg
stage_1_90914,stage_1_90914,stage_1_90914.jpg,dc99474b1888bba19edc4bca9c4369668baed102a224d2fc9e355b41ea26d8b9,stage_1_90914.jpg,0bf3b03bf41a556ed8fdde451547a15b13b3c13cead9a3f197cb67224ad4e053,name:stage_1_90914,train,estagio_1,estagio_1,,1,0,0,0,0,HIPEREMIA,NÃO CLASSIFICÁVEL,identity,ablation/tissue_classic_1229/images/stage_1_90914.jpg,ultralytics_curascan/datasets/estagio-nivel-12n-20-05-26/val/estagio_1/stage_1_90914.jpg
stage_1_92025,stage_1_92025,stage_1_92025.jpg,5951d6f5c06f8540f9389f1193f8263bd9bfc412a6bd460f46b14dfb17ef2f7c,stage_1_92025.jpg,d9b30bf606d58edaf810ffce70137ca759b64276f1d841059c8aa868ff1307ec,name:stage_1_92025,train,estagio_1,estagio_1,,1,0,0,0,0,HIPEREMIA,NÃO CLASSIFICÁVEL,identity,ablation/tissue_classic_1229/images/stage_1_92025.jpg,ultralytics_curascan/datasets/estagio-nivel-12n-20-05-26/test/estagio_1/stage_1_92025.jpg
stage_1_92223,stage_1_92223,stage_1_92223.jpg,6993ee43d7f9958daee1f54708c09c3440d3cd2d2227a115db27a8353a5c1983,stage_1_92223.jpg,5882a9119d5ae4025321c98dacb928909f7bf34bd6508a96dd22df7c2db313de,name:stage_1_92223,train,estagio_1,estagio_1,,1,0,0,0,0,HIPEREMIA,NÃO CLASSIFICÁVEL,identity,ablation/tissue_classic_1229/images/stage_1_92223.jpg,ultralytics_curascan/datasets/estagio-nivel-12n-20-05-26/train/estagio_1/stage_1_92223.jpg
stage_1_93900,stage_1_93900,stage_1_93900.jpg,84a63ccbf0ad26117d85dedf02c32b52284f11d8c64da029f3661e022cf83baa,stage_1_93900.jpg,1a28eb87e8355b9f9314ffc96aba0e7aa84fd0d0c693d042276593b89a0e6111,name:stage_1_93900,train,estagio_1,estagio_1,,1,0,0,0,0,HIPEREMIA,NÃO CLASSIFICÁVEL,identity,ablation/tissue_classic_1229/images/stage_1_93900.jpg,ultralytics_curascan/datasets/estagio-nivel-12n-20-05-26/train/estagio_1/stage_1_93900.jpg
stage_1_94025,stage_1_94025,stage_1_94025.jpg,05d0dc9496c787a2325b1f070f37b38705be9e27720362a57f7d981a74db44f9,stage_1_94025.jpg,04736e4ed7f210fcbf3aab71d928cff93ed30080f223ee3808d97a13546b50c6,name:stage_1_94025,train,estagio_1,estagio_1,,1,0,0,0,0,HIPEREMIA,NÃO CLASSIFICÁVEL,identity,ablation/tissue_classic_1229/images/stage_1_94025.jpg,ultralytics_curascan/datasets/estagio-nivel-12n-20-05-26/test/estagio_1/stage_1_94025.jpg
stage_1_96674,stage_1_96674,stage_1_96674.jpg,ecad8fea3dbc47dcfcaeca4ca6674e5762be681433c8a9f4b8b20413fd47717b,stage_1_96674.jpg,788f2c8e489175122853f8a3dcd00820593f895e6087e55be8156428536973c1,name:stage_1_96674,train,estagio_1,estagio_1,,1,0,0,0,0,HIPEREMIA,NÃO CLASSIFICÁVEL,identity,ablation/tissue_classic_1229/images/stage_1_96674.jpg,ultralytics_curascan/datasets/estagio-nivel-12n-20-05-26/train/estagio_1/stage_1_96674.jpg
stage_1_97667,stage_1_97667,stage_1_97667.jpg,b7cb73c943da8e22121528f4c7596eaaaaf9013c3c1c806655203c5d88344e85,stage_1_97667.jpg,e62194b117f4335ea3cacdb69c2d7a9febf996052e8bc885d72ac8f8256caa57,name:stage_1_97667,train,estagio_1,estagio_1,,1,0,0,0,0,HIPEREMIA,NÃO CLASSIFICÁVEL,identity,ablation/tissue_classic_1229/images/stage_1_97667.jpg,ultralytics_curascan/datasets/estagio-nivel-12n-20-05-26/train/estagio_1/stage_1_97667.jpg
stage_1_99197,stage_1_99197,stage_1_99197.jpg,9468029bc55aa1ccf89323701719497af9d71e4c5d85dc04fa2c7a8238624580,stage_1_99197.jpg,79fc97c674b5ee9faeae6e0aea6f1f2e112a43a30df4d1b108b2fc4aa8f24f0a,name:stage_1_99197,train,estagio_1,estagio_1,,0,0,0,0,0,NÃO CLASSIFICÁVEL,NÃO CLASSIFICÁVEL,identity,ablation/tissue_classic_1229/images/stage_1_99197.jpg,ultralytics_curascan/datasets/estagio-nivel-12n-20-05-26/train/estagio_1/stage_1_99197.jpg
stage_1_9953,stage_1_9953,stage_1_9953.jpg,3592034364686081a4ad6e83e23c042c0ee0e1ed90de18ce2962f6801dccdbeb,stage_1_9953.jpg,74598fc8eb5d439878fafbc921ea299bb3fa1942aef6455e7ed361468e0ba5f4,name:stage_1_9953,train,estagio_1,estagio_1,,1,0,0,0,0,HIPEREMIA,NÃO CLASSIFICÁVEL,identity,ablation/tissue_classic_1229/images/stage_1_9953.jpg,ultralytics_curascan/datasets/estagio-nivel-12n-20-05-26/train/estagio_1/stage_1_9953.jpg
stage_1_99608,stage_1_99608,stage_1_99608.jpg,405bd0191788f3d63fa07ceb19a4ad436231674cb153d82a481d8c606cdb5be4,stage_1_99608.jpg,b65538f28809db71490771014c29d5ce1388fa912c0a556b15bdfc56045f83ff,name:stage_1_99608,train,estagio_1,estagio_1,,1,0,0,0,0,HIPEREMIA,NÃO CLASSIFICÁVEL,identity,ablation/tissue_classic_1229/images/stage_1_99608.jpg,ultralytics_curascan/datasets/estagio-nivel-12n-20-05-26/train/estagio_1/stage_1_99608.jpg
stage_2_10282,stage_2_10282,stage_2_10282.jpg,922e4e6508e41823eb719fad8d2cdaa675da52e0ace0cce71488402a10b55c05,stage_2_10282.jpg,bb32482ba713aee9368cbc3d96d11813fd91e4afa224d7cea411b749257b86e0,name:stage_2_10282,train,estagio_2,estagio_2,,0,0,0,0,0,NÃO CLASSIFICÁVEL,NÃO CLASSIFICÁVEL,identity,ablation/tissue_classic_1229/images/stage_2_10282.jpg,ultralytics_curascan/datasets/estagio-nivel-12n-20-05-26/train/estagio_2/stage_2_10282.jpg
stage_2_10933,stage_2_10933,stage_2_10933.jpg,01b742eefba9e28b4142350470e487fa0ce753c0129faea48c7b2ab0577b4db1,stage_2_10933.jpg,1deba7cc2ad749db62f57204562d2d1814f967f7f47674f437c1e814ede72dfd,name:stage_2_10933,train,estagio_2,estagio_2,,0,0,0,0,0,NÃO CLASSIFICÁVEL,NÃO CLASSIFICÁVEL,identity,ablation/tissue_classic_1229/images/stage_2_10933.jpg,ultralytics_curascan/datasets/estagio-nivel-12n-20-05-26/test/estagio_2/stage_2_10933.jpg
stage_2_1112,stage_2_1112,stage_2_1112.jpg,9684ce155542ee64b79b004e4f48236ec52007e1f96cb5b004f96ebe1dd519d0,stage_2_1112.jpg,abd5cc6757601658c4753730a00c2d1bdadd10d0d8e5582d8696f164ae45c60c,name:stage_2_1112,train,estagio_2,estagio_2,,0,0,0,0,0,NÃO CLASSIFICÁVEL,NÃO CLASSIFICÁVEL,identity,ablation/tissue_classic_1229/images/stage_2_1112.jpg,ultralytics_curascan/datasets/estagio-nivel-12n-20-05-26/train/estagio_2/stage_2_1112.jpg
stage_2_11218,stage_2_11218,stage_2_11218.jpg,a8753bfe89d6522e8b35cf60a562c53e161b0d3f3c87287fda1d3c609d55d554,stage_2_11218.jpg,c322e62b8c0378f63630394ef82838b857d252dff72acd27d2e5950ed01f65d4,name:stage_2_11218,train,estagio_2,estagio_2,,0,0,0,0,0,NÃO CLASSIFICÁVEL,NÃO CLASSIFICÁVEL,identity,ablation/tissue_classic_1229/images/stage_2_11218.jpg,ultralytics_curascan/datasets/estagio-nivel-12n-20-05-26/train/estagio_2/stage_2_11218.jpg
stage_2_11261,stage_2_11261,stage_2_11261.jpg,132f1dfd3c845900573858621b0a4f13b4c1f064f279f8ccbfc969001cfa5f4e,stage_2_11261.jpg,4ae5b9a75e8c49bcf4398ba9796970f7be624fea2061f6f60d5014b914747a0e,name:stage_2_11261,train,estagio_2,estagio_2,,0,0,0,0,0,NÃO CLASSIFICÁVEL,NÃO CLASSIFICÁVEL,identity,ablation/tissue_classic_1229/images/stage_2_11261.jpg,ultralytics_curascan/datasets/estagio-nivel-12n-20-05-26/val/estagio_2/stage_2_11261.jpg
stage_2_11938,stage_2_11938,stage_2_11938.jpg,c309a936cf6ed8d183876df32a22cbd994a67085cdc1c75b25f843faa1bab58c,stage_2_11938.jpg,fe5bbbe42cf34fef7c3a1270ccc388421be171facdbd6cb24bd62e2af11a64d9,name:stage_2_11938,train,estagio_2,estagio_2,,0,0,0,0,0,NÃO CLASSIFICÁVEL,NÃO CLASSIFICÁVEL,identity,ablation/tissue_classic_1229/images/stage_2_11938.jpg,ultralytics_curascan/datasets/estagio-nivel-12n-20-05-26/train/estagio_2/stage_2_11938.jpg
stage_2_11956,stage_2_11956,stage_2_11956.jpg,51891c0c0446fde6017d7ddb442acfa9e7c7a1706d382c202e55097dd84557c1,stage_2_11956.jpg,28645495e9f58940e6336a8af0303f4fb0f73f5f42552826359d326f4ec3dcd1,name:stage_2_11956,train,estagio_2,estagio_2,,0,0,0,0,0,NÃO CLASSIFICÁVEL,NÃO CLASSIFICÁVEL,identity,ablation/tissue_classic_1229/images/stage_2_11956.jpg,ultralytics_curascan/datasets/estagio-nivel-12n-20-05-26/train/estagio_2/stage_2_11956.jpg
stage_2_12175,stage_2_12175,stage_2_12175.jpg,864a6d6d79dfe01b90dd2aea0bca0c41bf0917cb4fb57702d1c3eb6f9c878928,stage_2_12175.jpg,43d026316c5489cf5cf9afce2f2fe9930dfc6fafb99338fa2baea1ca9a636280,name:stage_2_12175,train,estagio_3,nao_classificavel,estagio_3,0,1,1,1,0,GRANULAÇÃO,AMBAS,identity,ablation/tissue_classic_1229/images/stage_2_12175.jpg,ultralytics_curascan/datasets/estagio-nivel-34n-20-05-26/train/estagio_3/stage_2_12175.jpg
stage_2_12268,stage_2_12268,stage_2_12268.jpg,90bc863b5f93489ddf44e4430e0edc15440f40f0dd2236d17e28304d8408f769,stage_2_12268.jpg,69cd6a4dfc332b50e794a706da77524f4fac6de54f61d30cbdf9603ac426ba7f,name:stage_2_12268,train,estagio_2,estagio_2,,0,0,0,0,0,NÃO CLASSIFICÁVEL,NÃO CLASSIFICÁVEL,identity,ablation/tissue_classic_1229/images/stage_2_12268.jpg,ultralytics_curascan/datasets/estagio-nivel-12n-20-05-26/train/estagio_2/stage_2_12268.jpg
stage_2_12372,stage_2_12372,stage_2_12372.jpg,c7e2746ebc540e6a102fdfe5b06f63ed616b9076eecbce84e13d0c6658437e1e,stage_2_12372.jpg,4008d27a36679c1d7f6856ec80e6657e3e2328e196d11ba33cc1ea49c2545df5,name:stage_2_12372,train,estagio_2,estagio_2,,0,0,0,0,0,NÃO CLASSIFICÁVEL,NÃO CLASSIFICÁVEL,identity,ablation/tissue_classic_1229/images/stage_2_12372.jpg,ultralytics_curascan/datasets/estagio-nivel-12n-20-05-26/val/estagio_2/stage_2_12372.jpg
stage_2_12646,stage_2_12646,stage_2_12646.jpg,053fa170cd9ef5e7e2ac9508259ef57648d9b246278d3d345caedcf185ad0d1b,stage_2_12646.jpg,d3e01f6989334c8e966a8ef0e539acf0c7cc3985b5974618b0cd6bf9a0785cde,name:stage_2_12646,train,estagio_2,estagio_2,,0,0,0,0,0,NÃO CLASSIFICÁVEL,NÃO CLASSIFICÁVEL,identity,ablation/tissue_classic_1229/images/stage_2_12646.jpg,ultralytics_curascan/datasets/estagio-nivel-12n-20-05-26/train/estagio_2/stage_2_12646.jpg
stage_2_13031,stage_2_13031,stage_2_13031.jpg,9ba98482b12798aa3ce4d3935e2c6ed010f175318de6015087a8074f5cc70775,stage_2_13031.jpg,572fcc2ff65bc6ada550bd46df50d3dfc2224f8fbd0d2aea276da503f04bbe80,name:stage_2_13031,train,estagio_2,estagio_2,,0,0,0,0,0,NÃO CLASSIFICÁVEL,NÃO CLASSIFICÁVEL,identity,ablation/tissue_classic_1229/images/stage_2_13031.jpg,ultralytics_curascan/datasets/estagio-nivel-12n-20-05-26/train/estagio_2/stage_2_13031.jpg
stage_2_13127,stage_2_13127,stage_2_13127.jpg,97095c7ca0a94cdb5699166df2c4bb9695fa2c6feecd7fd94a733d1bb03270ed,stage_2_13127.jpg,97421d27596a9615d7f6d3b7d6d1e56465847c57ca8ed17c3a0c62a6988c182b,name:stage_2_13127,train,estagio_2,estagio_2,,0,0,0,0,0,NÃO CLASSIFICÁVEL,NÃO CLASSIFICÁVEL,identity,ablation/tissue_classic_1229/images/stage_2_13127.jpg,ultralytics_curascan/datasets/estagio-nivel-12n-20-05-26/train/estagio_2/stage_2_13127.jpg
stage_2_13151,stage_2_13151,stage_2_13151.jpg,324113245161846d8ba07c629d4faf58d46e05b8d0f9257e10184836cfc8d9c2,stage_2_13151.jpg,b129b19243ee1f263a83a38951df33ba0b814d5737da0086569a5f5aa1018ed5,name:stage_2_13151,train,estagio_2,estagio_2,,0,0,0,0,0,NÃO CLASSIFICÁVEL,NÃO CLASSIFICÁVEL,identity,ablation/tissue_classic_1229/images/stage_2_13151.jpg,ultralytics_curascan/datasets/estagio-nivel-12n-20-05-26/train/estagio_2/stage_2_13151.jpg
stage_2_13253,stage_2_13253,stage_2_13253.jpg,7708eed741550c0653f7c03d5d6b309eb5ff802a8e1ff84b1b34ad21b7c9ac5c,stage_2_13253.jpg,6ff18b4f268b35a6b54a275bfa606da9ba14933b38ebfb682b99ad7c119951b2,name:stage_2_13253,train,estagio_3,nao_classificavel,estagio_3,0,1,0,0,0,GRANULAÇÃO,NÃO CLASSIFICÁVEL,identity,ablation/tissue_classic_1229/images/stage_2_13253.jpg,ultralytics_curascan/datasets/estagio-nivel-34n-20-05-26/train/estagio_3/stage_2_13253.jpg
stage_2_1358,stage_2_1358,stage_2_1358.jpg,c0d995401b64525383acc830b057655610764c129e39636f1412f55aa2f74163,stage_2_1358.jpg,46f721ca53ec27e978198864c8c06d9fbfb021ed1cbe36289c20979b51d89fb9,name:stage_2_1358,train,estagio_2,estagio_2,,0,0,0,0,0,NÃO CLASSIFICÁVEL,NÃO CLASSIFICÁVEL,identity,ablation/tissue_classic_1229/images/stage_2_1358.jpg,ultralytics_curascan/datasets/estagio-nivel-12n-20-05-26/val/estagio_2/stage_2_1358.jpg
stage_2_13698,stage_2_13698,stage_2_13698.jpg,3ba397928d71397e3861cdd9e81d0aa4aada1ba819242831904f851cc90e7da6,stage_2_13698.jpg,81866cd1f821cce32c52ff99723c64a2aeb2d1a83327c8f6452b23466e7f696c,name:stage_2_13698,train,estagio_2,estagio_2,,0,0,0,0,0,NÃO CLASSIFICÁVEL,NÃO CLASSIFICÁVEL,identity,ablation/tissue_classic_1229/images/stage_2_13698.jpg,ultralytics_curascan/datasets/estagio-nivel-12n-20-05-26/train/estagio_2/stage_2_13698.jpg
stage_2_13772,stage_2_13772,stage_2_13772.jpg,4df813125f347145a2e53dcff1cbd0dc035fd7c3660ff916137469418f62c260,stage_2_13772.jpg,10058b00731c0cfb18b8433cd5de9c40b71f7b85fa6e62068887dc375da40b39,name:stage_2_13772,train,estagio_2,estagio_2,,0,0,0,0,0,NÃO CLASSIFICÁVEL,NÃO CLASSIFICÁVEL,identity,ablation/tissue_classic_1229/images/stage_2_13772.jpg,ultralytics_curascan/datasets/estagio-nivel-12n-20-05-26/val/estagio_2/stage_2_13772.jpg
stage_2_13877,stage_2_13877,stage_2_13877.jpg,c1f077139e40881a93dc31d3fc3667b5fda8e0030f1b4826542cc03c74021871,stage_2_13877.jpg,6ab65a121bc42d4fd055a9ebe8423564d9eee4b155a3f70f0b414f9cf73d2bcd,name:stage_2_13877,train,estagio_3,nao_classificavel,estagio_3,0,1,0,0,0,GRANULAÇÃO,NÃO CLASSIFICÁVEL,identity,ablation/tissue_classic_1229/images/stage_2_13877.jpg,ultralytics_curascan/datasets/estagio-nivel-34n-20-05-26/test/estagio_3/stage_2_13877.jpg
stage_2_13929,stage_2_13929,stage_2_13929.jpg,fba9c92a05c133ab1dcac7981a2eaff78a231141182d09322daff2a0bbce8f6d,stage_2_13929.jpg,4d3d14bdd07e08436109f7247804fb7ff1cdac6519208eadcbe72c14c1480195,name:stage_2_13929,train,estagio_2,estagio_2,,0,0,0,0,0,NÃO CLASSIFICÁVEL,NÃO CLASSIFICÁVEL,identity,ablation/tissue_classic_1229/images/stage_2_13929.jpg,ultralytics_curascan/datasets/estagio-nivel-12n-20-05-26/train/estagio_2/stage_2_13929.jpg
stage_2_14687,stage_2_14687,stage_2_14687.jpg,8852d2a920e47ef8e34199b4a906255315d0fb768e07b1d50a9db2b51ecdb469,stage_2_14687.jpg,6964477aad533b2e15b76901a9af30dd91d57392e9576d7a12fdc6f768accf28,name:stage_2_14687,train,estagio_2,estagio_2,,0,0,0,0,0,NÃO CLASSIFICÁVEL,NÃO CLASSIFICÁVEL,identity,ablation/tissue_classic_1229/images/stage_2_14687.jpg,ultralytics_curascan/datasets/estagio-nivel-12n-20-05-26/train/estagio_2/stage_2_14687.jpg
stage_2_15421,stage_2_15421,stage_2_15421.jpg,267cdb8e4f74981b4cf8c97765b8077f2bc68a21bf8fe659b8e2a65309390e41,stage_2_15421.jpg,f381aa0b904841c8370a2096bc7753bbf5fb85acd2a54605f78508265d3c9fa9,name:stage_2_15421,train,estagio_3,nao_classificavel,estagio_3,0,0,1,0,1,NÃO CLASSIFICÁVEL,ESFACELO,identity,ablation/tissue_classic_1229/images/stage_2_15421.jpg,ultralytics_curascan/datasets/estagio-nivel-34n-20-05-26/train/estagio_3/stage_2_15421.jpg
stage_2_16326,stage_2_16326,stage_2_16326.jpg,d9d63f0bd9501b2fc3ff6fcdb03713111c09732f0201b52694fbdd0c53c14c68,stage_2_16326.jpg,0bd584ffdd3f26b7390924e3c19f442fa571d151e6b0c355173458fb564a362a,name:stage_2_16326,train,estagio_2,estagio_2,,0,0,0,0,0,NÃO CLASSIFICÁVEL,NÃO CLASSIFICÁVEL,identity,ablation/tissue_classic_1229/images/stage_2_16326.jpg,ultralytics_curascan/datasets/estagio-nivel-12n-20-05-26/train/estagio_2/stage_2_16326.jpg
stage_2_16609,stage_2_16609,stage_2_16609.jpg,46c51db670817552655018e96b6261e9815e688b08e8c7ab544310e93951bfca,stage_2_16609.jpg,fb1bffb01a9cc24cb4d48314fabeeeaae5c88ca0cb822f07bae966108b4b736f,name:stage_2_16609,train,estagio_2,estagio_2,,0,0,0,0,0,NÃO CLASSIFICÁVEL,NÃO CLASSIFICÁVEL,identity,ablation/tissue_classic_1229/images/stage_2_16609.jpg,ultralytics_curascan/datasets/estagio-nivel-12n-20-05-26/train/estagio_2/stage_2_16609.jpg
stage_2_17476,stage_2_17476,stage_2_17476.jpg,e0527fd0a64211177fca5c630d1fa0fcecc8eda00b435c99d10a9a62b970d675,stage_2_17476.jpg,395e4fbb2347f7b106167df1d4df78508b3b802710cb353480cebb3d6bd2ca83,name:stage_2_17476,train,nao_classificavel,nao_classificavel,nao_classificavel,0,0,1,0,1,NÃO CLASSIFICÁVEL,ESFACELO,identity,ablation/tissue_classic_1229/images/stage_2_17476.jpg,ultralytics_curascan/datasets/estagio-nivel-12n-20-05-26/train/nao_classificavel/stage_2_17476.jpg
stage_2_17957,stage_2_17957,stage_2_17957.jpg,5814f4f51b54b872772e13cab82f6a6e55613a2bc5ed6cfc8aa968b904e52a85,stage_2_17957.jpg,7d50de68831892ff910201577eaa20565e3a5f4419074b84da291e90a4e0ddb6,name:stage_2_17957,train,estagio_2,estagio_2,,0,0,0,0,0,NÃO CLASSIFICÁVEL,NÃO CLASSIFICÁVEL,identity,ablation/tissue_classic_1229/images/stage_2_17957.jpg,ultralytics_curascan/datasets/estagio-nivel-12n-20-05-26/train/estagio_2/stage_2_17957.jpg
stage_2_19041,stage_2_19041,stage_2_19041.jpg,1fd4598a541bc67b963abbd6fb27c7a0a672590cff52e5d06d25a2051fb0f46c,stage_2_19041.jpg,79161d21fc484eecd1492e4692f6fd3a62e7078339e7f76a5c477fcc5785c6e1,name:stage_2_19041,train,estagio_2,estagio_2,,0,0,0,0,0,NÃO CLASSIFICÁVEL,NÃO CLASSIFICÁVEL,identity,ablation/tissue_classic_1229/images/stage_2_19041.jpg,ultralytics_curascan/datasets/estagio-nivel-12n-20-05-26/test/estagio_2/stage_2_19041.jpg
stage_2_19241,stage_2_19241,stage_2_19241.jpg,3ec203ce0c48137983d0cae545fd95f6a1ba4ca0411445d44f4fe0c18aa59bc9,stage_2_19241.jpg,799ecf864953f788e0cf49881009c85e3c2ae182df519cb9917cc3ef0d030de6,name:stage_2_19241,train,estagio_2,estagio_2,,0,0,0,0,0,NÃO CLASSIFICÁVEL,NÃO CLASSIFICÁVEL,identity,ablation/tissue_classic_1229/images/stage_2_19241.jpg,ultralytics_curascan/datasets/estagio-nivel-12n-20-05-26/train/estagio_2/stage_2_19241.jpg
stage_2_19708,stage_2_19708,stage_2_19708.jpg,54ccb5efdd4637973210be337ff65cbadf5aa50067c20921f48300ab819ec33d,stage_2_19708.jpg,914e5de5711e42dd72c298b98e02d12f4c64c96d61f30ecd99ac45652797e333,name:stage_2_19708,train,estagio_2,estagio_2,,0,0,0,0,0,NÃO CLASSIFICÁVEL,NÃO CLASSIFICÁVEL,identity,ablation/tissue_classic_1229/images/stage_2_19708.jpg,ultralytics_curascan/datasets/estagio-nivel-12n-20-05-26/val/estagio_2/stage_2_19708.jpg
stage_2_19858,stage_2_19858,stage_2_19858.jpg,7f161abb92edabb573bf1c9edd66c771ac3ea137ccd6b7185b90ca9f78059d1c,stage_2_19858.jpg,ece10ead024c5e72997098d6236ed8b2c22f3d2857550db26949a9d4bffd96d4,name:stage_2_19858,train,estagio_2,estagio_2,,0,0,0,0,0,NÃO CLASSIFICÁVEL,NÃO CLASSIFICÁVEL,identity,ablation/tissue_classic_1229/images/stage_2_19858.jpg,ultralytics_curascan/datasets/estagio-nivel-12n-20-05-26/train/estagio_2/stage_2_19858.jpg
stage_2_19978,stage_2_19978,stage_2_19978.jpg,79fe3d635bb9421a16858dd3abf93c15b7d48781b4e07e0f93099b68b8b7d09e,stage_2_19978.jpg,5ab817c8a6d54efa60d398dae66e990bdead87952095bae2448052b6439c41a1,name:stage_2_19978,train,estagio_2,estagio_2,,0,0,0,0,0,NÃO CLASSIFICÁVEL,NÃO CLASSIFICÁVEL,identity,ablation/tissue_classic_1229/images/stage_2_19978.jpg,ultralytics_curascan/datasets/estagio-nivel-12n-20-05-26/train/estagio_2/stage_2_19978.jpg
stage_2_2031,stage_2_2031,stage_2_2031.jpg,4df8e6d4de45c6fc785f8048493fda865755ecc5b87ff150d32445bcb99e6a39,stage_2_2031.jpg,66fda535fdc35b05bc7101dbc65811bda06eac15d5777da5008bcf0f69e65d2c,name:stage_2_2031,train,estagio_2,estagio_2,,0,0,0,0,0,NÃO CLASSIFICÁVEL,NÃO CLASSIFICÁVEL,identity,ablation/tissue_classic_1229/images/stage_2_2031.jpg,ultralytics_curascan/datasets/estagio-nivel-12n-20-05-26/train/estagio_2/stage_2_2031.jpg
stage_2_20417,stage_2_20417,stage_2_20417.jpg,6b21d06f0aff67e2bdbf790f23a8696bb1e555f8984a78e08eee6462bdc21146,stage_2_20417.jpg,2615178955c9d163d9dfd92cff608a6ad41592328587d057e22be4503e91e568,name:stage_2_20417,train,estagio_2,estagio_2,,0,1,0,0,0,GRANULAÇÃO,NÃO CLASSIFICÁVEL,identity,ablation/tissue_classic_1229/images/stage_2_20417.jpg,ultralytics_curascan/datasets/estagio-nivel-12n-20-05-26/train/estagio_2/stage_2_20417.jpg
stage_2_20465,stage_2_20465,stage_2_20465.jpg,ccd71137a5723b5e8b98c65f876db24e914b78cf523a6ddb75b8976589fb1e57,stage_2_20465.jpg,9326e1b6549b82b763066eeab5162fcf99019fd5df139fd81d5d2e91242774e7,name:stage_2_20465,train,estagio_2,estagio_2,,0,0,0,0,0,NÃO CLASSIFICÁVEL,NÃO CLASSIFICÁVEL,identity,ablation/tissue_classic_1229/images/stage_2_20465.jpg,ultralytics_curascan/datasets/estagio-nivel-12n-20-05-26/train/estagio_2/stage_2_20465.jpg
stage_2_20581,stage_2_20581,stage_2_20581.jpg,bb1302c202e137e5f62d46b9d4557d27c0e10a33d8778edb70472e50b4fdcce6,stage_2_20581.jpg,ca3432904653812a95e621b0ede38618b411d5c8e75e39a54d051c199da27f60,name:stage_2_20581,train,estagio_2,estagio_2,,0,0,0,0,0,NÃO CLASSIFICÁVEL,NÃO CLASSIFICÁVEL,identity,ablation/tissue_classic_1229/images/stage_2_20581.jpg,ultralytics_curascan/datasets/estagio-nivel-12n-20-05-26/train/estagio_2/stage_2_20581.jpg
stage_2_20594,stage_2_20594,stage_2_20594.jpg,c4fb6e784a85440b24672dd2c2bb77837beb8f42716f3037fc71054deaa60b9f,stage_2_20594.jpg,3904ea9aaba59ec8ea15e68e31211997998e39dcac272e5c3004592a4a6f8991,name:stage_2_20594,train,estagio_2,estagio_2,,0,0,0,0,0,NÃO CLASSIFICÁVEL,NÃO CLASSIFICÁVEL,identity,ablation/tissue_classic_1229/images/stage_2_20594.jpg,ultralytics_curascan/datasets/estagio-nivel-12n-20-05-26/train/estagio_2/stage_2_20594.jpg
stage_2_20708,stage_2_20708,stage_2_20708.jpg,250f544e02830dfefd9ffe823972c8a64670b3f8a576e34a044834a1376295c4,stage_2_20708.jpg,a6f52962fd54d3305145f38caa59452020cd605829b594645aff76f8479f265a,name:stage_2_20708,train,estagio_2,estagio_2,,0,0,0,0,0,NÃO CLASSIFICÁVEL,NÃO CLASSIFICÁVEL,identity,ablation/tissue_classic_1229/images/stage_2_20708.jpg,ultralytics_curascan/datasets/estagio-nivel-12n-20-05-26/train/estagio_2/stage_2_20708.jpg
stage_2_20727,stage_2_20727,stage_2_20727.jpg,71055d95b397f5bfdb0237ea511c92638ed7b8a2ae451d617dd97305cb2259f2,stage_2_20727.jpg,67e60552573cef76eacd081c460df011c2531d7696135f849ea90ba127c2d5c4,name:stage_2_20727,train,estagio_2,estagio_2,,0,0,0,0,0,NÃO CLASSIFICÁVEL,NÃO CLASSIFICÁVEL,identity,ablation/tissue_classic_1229/images/stage_2_20727.jpg,ultralytics_curascan/datasets/estagio-nivel-12n-20-05-26/train/estagio_2/stage_2_20727.jpg
stage_2_20980,stage_2_20980,stage_2_20980.jpg,6f61da8cff2cbc1558685d0b2f4612e7a61143f2f92291425b4fa1844f1e81ab,stage_2_20980.jpg,c2340033cfcfb34b8a3fe6c9048947b276f42bfd435f2ac47a7cc1e46923730e,name:stage_2_20980,train,estagio_2,estagio_2,,0,0,0,0,0,NÃO CLASSIFICÁVEL,NÃO CLASSIFICÁVEL,identity,ablation/tissue_classic_1229/images/stage_2_20980.jpg,ultralytics_curascan/datasets/estagio-nivel-12n-20-05-26/train/estagio_2/stage_2_20980.jpg
stage_2_21898,stage_2_21898,stage_2_21898.jpg,8c881f50f08524b86631174dcbcd6a4c9cb0dbe2597666a048fb28f667ad3128,stage_2_21898.jpg,38926f509b7dc87b65c97f0b4f8c89d413992f55f0cc796306a52f42802bd377,name:stage_2_21898,train,estagio_2,estagio_2,,0,0,0,0,0,NÃO CLASSIFICÁVEL,NÃO CLASSIFICÁVEL,identity,ablation/tissue_classic_1229/images/stage_2_21898.jpg,ultralytics_curascan/datasets/estagio-nivel-12n-20-05-26/train/estagio_2/stage_2_21898.jpg
stage_2_22600,stage_2_22600,stage_2_22600.jpg,83440a90a713a4c4a8162acd7c1740639d78d0b2483a2e431c3b39f2ca8de7bb,stage_2_22600.jpg,bce0ae5361eaa4db415c817effc04241c254cae5924610669e1440bea05f90ba,name:stage_2_22600,train,estagio_2,estagio_2,,0,0,0,0,0,NÃO CLASSIFICÁVEL,NÃO CLASSIFICÁVEL,identity,ablation/tissue_classic_1229/images/stage_2_22600.jpg,ultralytics_curascan/datasets/estagio-nivel-12n-20-05-26/val/estagio_2/stage_2_22600.jpg
stage_2_23460,stage_2_23460,stage_2_23460.jpg,56032c27f4a76001c853168f1f927643d1dd47280bcda436ae340ffa59bec0f2,stage_2_23460.jpg,075ef91277de9034907ec0dcc2e35b578f646d2d6bb9c9546e2405809fa3737c,name:stage_2_23460,train,estagio_2,estagio_2,,0,1,0,0,0,GRANULAÇÃO,NÃO CLASSIFICÁVEL,identity,ablation/tissue_classic_1229/images/stage_2_23460.jpg,ultralytics_curascan/datasets/estagio-nivel-12n-20-05-26/val/estagio_2/stage_2_23460.jpg
stage_2_23705,stage_2_23705,stage_2_23705.jpg,83674123bfea4f10b1b4eddfe9a7d7a878a8d2856eda44c1f2954ca1e50f59e5,stage_2_23705.jpg,0c0c56ada45a26d9addbbab9590369ecd8dd1778adf5716cb09578dcd5176e3b,name:stage_2_23705,train,estagio_2,estagio_2,,0,0,0,0,0,NÃO CLASSIFICÁVEL,NÃO CLASSIFICÁVEL,identity,ablation/tissue_classic_1229/images/stage_2_23705.jpg,ultralytics_curascan/datasets/estagio-nivel-12n-20-05-26/train/estagio_2/stage_2_23705.jpg
stage_2_23814,stage_2_23814,stage_2_23814.jpg,19433c281d487cc96fcd180f0ce8c46487b808a2a4a0a2422871fb4b031df560,stage_2_23814.jpg,b27dbb1535a6905af8bfc292644d60a152f1bce8544d37d09585b319ba06f20a,name:stage_2_23814,train,estagio_2,estagio_2,,0,0,0,0,0,NÃO CLASSIFICÁVEL,NÃO CLASSIFICÁVEL,identity,ablation/tissue_classic_1229/images/stage_2_23814.jpg,ultralytics_curascan/datasets/estagio-nivel-12n-20-05-26/train/estagio_2/stage_2_23814.jpg
stage_2_24105,stage_2_24105,stage_2_24105.jpg,f1e627a17799d1d6c5681d3e738099950a87745800be2cbe807a6613d9595e6b,stage_2_24105.jpg,9eb6daa8a3b137ce65cc0e4fb7ee3e653da3e3b6e2ef79a204edf5fac932a13e,name:stage_2_24105,train,estagio_2,estagio_2,,0,0,0,0,0,NÃO CLASSIFICÁVEL,NÃO CLASSIFICÁVEL,identity,ablation/tissue_classic_1229/images/stage_2_24105.jpg,ultralytics_curascan/datasets/estagio-nivel-12n-20-05-26/train/estagio_2/stage_2_24105.jpg
stage_2_25171,stage_2_25171,stage_2_25171.jpg,267dcecff4f97d51ee1549dcc258d6ca697c5c5f22ea30be0764595120492213,stage_2_25171.jpg,7e9cdb00978f28af136c11e36979d18e11d50d81afc244b56adaba6ec97686d5,name:stage_2_25171,train,estagio_2,estagio_2,,0,1,0,0,0,GRANULAÇÃO,NÃO CLASSIFICÁVEL,identity,ablation/tissue_classic_1229/images/stage_2_25171.jpg,ultralytics_curascan/datasets/estagio-nivel-12n-20-05-26/train/estagio_2/stage_2_25171.jpg
stage_2_25784,stage_2_25784,stage_2_25784.jpg,17d6c54636ffa5d13c75f6f38493a143e571601e12f337e9fb31590ffb2556b3,stage_2_25784.jpg,4db9eb0cab76ab893a92648bc881e8d82b87761ae7ced01668ab7cea2c163ca2,name:stage_2_25784,train,estagio_2,estagio_2,,0,1,0,0,0,GRANULAÇÃO,NÃO CLASSIFICÁVEL,identity,ablation/tissue_classic_1229/images/stage_2_25784.jpg,ultralytics_curascan/datasets/estagio-nivel-12n-20-05-26/train/estagio_2/stage_2_25784.jpg
stage_2_26475,stage_2_26475,stage_2_26475.jpg,159b3f31db455732138f9fdf5bcf1b42d9b0c88796340972c3453ff25958c46c,stage_2_26475.jpg,e0835eecfb3276c98effc13948d44c0876eab32f0a0741956f186823badd5dd4,name:stage_2_26475,train,estagio_2,estagio_2,,0,0,0,0,0,NÃO CLASSIFICÁVEL,NÃO CLASSIFICÁVEL,identity,ablation/tissue_classic_1229/images/stage_2_26475.jpg,ultralytics_curascan/datasets/estagio-nivel-12n-20-05-26/train/estagio_2/stage_2_26475.jpg
stage_2_27385,stage_2_27385,stage_2_27385.jpg,231b10b0a2393783e4f167b39f40c9fc000cb866d4467ddbf9627a7aba24af52,stage_2_27385.jpg,61fef4f1f258c30f3d91053f7255640746ff52cb97d1aad3c6996510731e266b,name:stage_2_27385,train,estagio_2,estagio_2,,0,0,0,0,0,NÃO CLASSIFICÁVEL,NÃO CLASSIFICÁVEL,identity,ablation/tissue_classic_1229/images/stage_2_27385.jpg,ultralytics_curascan/datasets/estagio-nivel-12n-20-05-26/test/estagio_2/stage_2_27385.jpg
stage_2_27451,stage_2_27451,stage_2_27451.jpg,e224690215d245b7227acc2b13bf21232d887f1781bfd4fb420dc439993f3b6c,stage_2_27451.jpg,1422e4a010de431fba1f6cac926b341013f402386684b3c703d35cd3aa6900d6,name:stage_2_27451,train,estagio_2,estagio_2,,0,0,0,0,0,NÃO CLASSIFICÁVEL,NÃO CLASSIFICÁVEL,identity,ablation/tissue_classic_1229/images/stage_2_27451.jpg,ultralytics_curascan/datasets/estagio-nivel-12n-20-05-26/train/estagio_2/stage_2_27451.jpg
stage_2_27596,stage_2_27596,stage_2_27596.jpg,6a6026b9fedc5613152940b6e86f4c970f743cc35240ad3ee9c6a5dc86c2edab,stage_2_27596.jpg,09f4743d91c999790e7a2bc461123bf21d67fa57d6ebd79ef04faaa4e4fd1bcc,name:stage_2_27596,train,estagio_2,estagio_2,,0,0,0,0,0,NÃO CLASSIFICÁVEL,NÃO CLASSIFICÁVEL,identity,ablation/tissue_classic_1229/images/stage_2_27596.jpg,ultralytics_curascan/datasets/estagio-nivel-12n-20-05-26/val/estagio_2/stage_2_27596.jpg
stage_2_28155,stage_2_28155,stage_2_28155.jpg,322c5f38278d84bc379a1218653a1814bf01d754179709be46f28b0d695d8ac2,stage_2_28155.jpg,5c49270e284efade8ff28d0ff2617b8facea45b8986fd8cc30cb7d635589bbbf,name:stage_2_28155,train,estagio_3,nao_classificavel,estagio_3,0,0,0,1,1,NÃO CLASSIFICÁVEL,NECROSE SECA,identity,ablation/tissue_classic_1229/images/stage_2_28155.jpg,ultralytics_curascan/datasets/estagio-nivel-34n-20-05-26/val/estagio_3/stage_2_28155.jpg
stage_2_28660,stage_2_28660,stage_2_28660.jpg,33e1cfb1ae5c413b2ceace999b8e878caefaad6c199e471d8d125c4903beb248,stage_2_28660.jpg,4b13c76aa07d9700e497810007ce098b8ca3d7fd69f995d7a6627136e094ab19,name:stage_2_28660,train,estagio_2,estagio_2,,0,0,0,0,0,NÃO CLASSIFICÁVEL,NÃO CLASSIFICÁVEL,identity,ablation/tissue_classic_1229/images/stage_2_28660.jpg,ultralytics_curascan/datasets/estagio-nivel-12n-20-05-26/test/estagio_2/stage_2_28660.jpg
stage_2_28768,stage_2_28768,stage_2_28768.jpg,22ade03b2a5f237165582f7d488aff1005c1fd9730d83e6055736573fa9b0707,stage_2_28768.jpg,f4aeffb5f522aff3eea05878b867c1fe6e8934e04ff6680c9fe2353e928d7546,name:stage_2_28768,train,estagio_2,estagio_2,,0,0,0,0,0,NÃO CLASSIFICÁVEL,NÃO CLASSIFICÁVEL,identity,ablation/tissue_classic_1229/images/stage_2_28768.jpg,ultralytics_curascan/datasets/estagio-nivel-12n-20-05-26/train/estagio_2/stage_2_28768.jpg
stage_2_2946,stage_2_2946,stage_2_2946.jpg,c4acaecfd71bba6cb9477409e0887d28727718a9e050902103093953d5cb553a,stage_2_2946.jpg,4c40254eee02b710d979e12a34689823d3cfd67475510060e51c31f856a51e6d,name:stage_2_2946,train,estagio_2,estagio_2,,0,0,0,0,0,NÃO CLASSIFICÁVEL,NÃO CLASSIFICÁVEL,identity,ablation/tissue_classic_1229/images/stage_2_2946.jpg,ultralytics_curascan/datasets/estagio-nivel-12n-20-05-26/train/estagio_2/stage_2_2946.jpg
stage_2_30373,stage_2_30373,stage_2_30373.jpg,480e6d9705d0985b355c61a7b8225490597e7c781fc298dc87cc6cae5fb0d105,stage_2_30373.jpg,a0d6ef1b182c69f4fd7219f9a90d941967bb9dcfce41cfe947cf60e01db4a071,name:stage_2_30373,train,estagio_2,estagio_2,,0,0,0,0,0,NÃO CLASSIFICÁVEL,NÃO CLASSIFICÁVEL,identity,ablation/tissue_classic_1229/images/stage_2_30373.jpg,ultralytics_curascan/datasets/estagio-nivel-12n-20-05-26/train/estagio_2/stage_2_30373.jpg
stage_2_31044,stage_2_31044,stage_2_31044.jpg,e151c28328fa26cd23177082e5aac41991bc200c9e92099c0b53c90e1e6ffb7d,stage_2_31044.jpg,4023a5acd7ee458d048e2140855e60c913f362384bfd3fcdacd46ea2a1abbb30,name:stage_2_31044,train,estagio_3,nao_classificavel,estagio_3,0,0,0,0,0,NÃO CLASSIFICÁVEL,NÃO CLASSIFICÁVEL,identity,ablation/tissue_classic_1229/images/stage_2_31044.jpg,ultralytics_curascan/datasets/estagio-nivel-34n-20-05-26/train/estagio_3/stage_2_31044.jpg
stage_2_31300,stage_2_31300,stage_2_31300.jpg,1d5b67452c4e6f72acfa340677dad2aa893371b50f02db518285bda679120fa9,stage_2_31300.jpg,405bf83ea344f4352e95d4389c5ae7e3bf2795834f8386b516fa9820dfa09b50,name:stage_2_31300,train,estagio_2,estagio_2,,0,0,0,0,0,NÃO CLASSIFICÁVEL,NÃO CLASSIFICÁVEL,identity,ablation/tissue_classic_1229/images/stage_2_31300.jpg,ultralytics_curascan/datasets/estagio-nivel-12n-20-05-26/train/estagio_2/stage_2_31300.jpg
stage_2_31741,stage_2_31741,stage_2_31741.jpg,8a6b6b29fb5cfddfc7a93be695eea75723f0e3eb97e60c40c480e9378ddd64ed,stage_2_31741.jpg,052d95650f52a3568a13947edf757ece6219c67c8b2ac6e83f1467d554415c71,name:stage_2_31741,train,estagio_2,estagio_2,,0,0,0,0,0,NÃO CLASSIFICÁVEL,NÃO CLASSIFICÁVEL,identity,ablation/tissue_classic_1229/images/stage_2_31741.jpg,ultralytics_curascan/datasets/estagio-nivel-12n-20-05-26/train/estagio_2/stage_2_31741.jpg
stage_2_32526,stage_2_32526,stage_2_32526.jpg,48e65b0438e379c677bae9ba11caa9d46386ed363ff650954f97b7fc905248e9,stage_2_32526.jpg,065f4fde15762efb3a03b0d966a9622018968f904eb5a597754a435336534f97,name:stage_2_32526,train,estagio_2,estagio_2,,0,0,0,0,0,NÃO CLASSIFICÁVEL,NÃO CLASSIFICÁVEL,identity,ablation/tissue_classic_1229/images/stage_2_32526.jpg,ultralytics_curascan/datasets/estagio-nivel-12n-20-05-26/test/estagio_2/stage_2_32526.jpg
stage_2_32846,stage_2_32846,stage_2_32846.jpg,795554450be06f34b3ca9d6df1a5a855cb324e2c49528f8d5eebe840004181e9,stage_2_32846.jpg,bf1f858de199ebc84d1a5df466cd7ac9c111cc1eee9d82cb6074938095b00ee1,name:stage_2_32846,train,estagio_2,estagio_2,,0,0,0,0,0,NÃO CLASSIFICÁVEL,NÃO CLASSIFICÁVEL,identity,ablation/tissue_classic_1229/images/stage_2_32846.jpg,ultralytics_curascan/datasets/estagio-nivel-12n-20-05-26/train/estagio_2/stage_2_32846.jpg
stage_2_32872,stage_2_32872,stage_2_32872.jpg,7474fedaf120daafac511db58fbd5825e11ffeab174cb073516866c501764fb9,stage_2_32872.jpg,ca3815e2edee3a331e4c8cd90233b617c95a00eb1567aa557cf0a2c4cbe81f2c,name:stage_2_32872,train,estagio_3,nao_classificavel,estagio_3,0,1,1,0,0,GRANULAÇÃO,ESFACELO,identity,ablation/tissue_classic_1229/images/stage_2_32872.jpg,ultralytics_curascan/datasets/estagio-nivel-34n-20-05-26/test/estagio_3/stage_2_32872.jpg
stage_2_3329,stage_2_3329,stage_2_3329.jpg,be821e5ee9aeecc6288f2fdc4bb56d61fbbf5400292e40c77dc22da4db7cd7af,stage_2_3329.jpg,8175c13433e667e8b9e537af54642caefd3730d473d9d970fb428a60d47b7c8f,name:stage_2_3329,train,estagio_2,estagio_2,,0,1,0,0,0,GRANULAÇÃO,NÃO CLASSIFICÁVEL,identity,ablation/tissue_classic_1229/images/stage_2_3329.jpg,ultralytics_curascan/datasets/estagio-nivel-12n-20-05-26/val/estagio_2/stage_2_3329.jpg
stage_2_33587,stage_2_33587,stage_2_33587.jpg,4569ada2ea96ba89c32de20599815f8f331e40b64b74088d4c3bca2c69e34ad1,stage_2_33587.jpg,578d1ac603d199f1e8b1bec6eab7599402d037cf3342682138af949f9bffd121,name:stage_2_33587,train,estagio_2,estagio_2,,0,0,0,0,0,NÃO CLASSIFICÁVEL,NÃO CLASSIFICÁVEL,identity,ablation/tissue_classic_1229/images/stage_2_33587.jpg,ultralytics_curascan/datasets/estagio-nivel-12n-20-05-26/train/estagio_2/stage_2_33587.jpg
stage_2_33738,stage_2_33738,stage_2_33738.jpg,86abad6a55d4d090d6b4c5373f001aea9c2c1ca776da86552ec64e6c33032a3d,stage_2_33738.jpg,70c4992f0f4b243b97026ea376db725b0a8e46a9734411d3aacefe699fefb166,name:stage_2_33738,train,estagio_2,estagio_2,,0,0,0,0,0,NÃO CLASSIFICÁVEL,NÃO CLASSIFICÁVEL,identity,ablation/tissue_classic_1229/images/stage_2_33738.jpg,ultralytics_curascan/datasets/estagio-nivel-12n-20-05-26/train/estagio_2/stage_2_33738.jpg
stage_2_34845,stage_2_34845,stage_2_34845.jpg,c1b2baf2f1dc308d464de6858054691073578f68214356bdd92d087c518b9c33,stage_2_34845.jpg,a073c6573aac60a758afdeabff1fa53b38f0a4a4da4ae2a35665b8c248cfc405,name:stage_2_34845,train,estagio_2,estagio_2,,0,0,0,0,0,NÃO CLASSIFICÁVEL,NÃO CLASSIFICÁVEL,identity,ablation/tissue_classic_1229/images/stage_2_34845.jpg,ultralytics_curascan/datasets/estagio-nivel-12n-20-05-26/train/estagio_2/stage_2_34845.jpg
stage_2_35369,stage_2_35369,stage_2_35369.jpg,f575752b74fd7052695a667964aa57d6ba28f45c4f11b39e2734d51ea238ae06,stage_2_35369.jpg,585a8f0a984ffddaede2e87b8409d183feb075485019a13dd6bd8d484a29d3b8,name:stage_2_35369,train,estagio_2,estagio_2,,0,0,0,0,0,NÃO CLASSIFICÁVEL,NÃO CLASSIFICÁVEL,identity,ablation/tissue_classic_1229/images/stage_2_35369.jpg,ultralytics_curascan/datasets/estagio-nivel-12n-20-05-26/train/estagio_2/stage_2_35369.jpg
stage_2_3847,stage_2_3847,stage_2_3847.jpg,cd24dc5a918a084fc89fdaa0aaa83baed5a206de0f1075477dda46b1cd7af533,stage_2_3847.jpg,468d04ddddb2f533a2fe7fbb91561db3caf45f74c343696ed3c1e8cd59fb65de,name:stage_2_3847,train,estagio_2,estagio_2,,0,0,0,0,0,NÃO CLASSIFICÁVEL,NÃO CLASSIFICÁVEL,identity,ablation/tissue_classic_1229/images/stage_2_3847.jpg,ultralytics_curascan/datasets/estagio-nivel-12n-20-05-26/train/estagio_2/stage_2_3847.jpg
stage_2_38788,stage_2_38788,stage_2_38788.jpg,feb8746f8834b7050074a2d204a21b9a9a60b187a29b4947129afccebd21ed17,stage_2_38788.jpg,a6913661d38a9206ffd48e8d21b8f5e69c707e002f4c5831451ee6755cc772fa,name:stage_2_38788,train,estagio_2,estagio_2,,0,0,0,0,0,NÃO CLASSIFICÁVEL,NÃO CLASSIFICÁVEL,identity,ablation/tissue_classic_1229/images/stage_2_38788.jpg,ultralytics_curascan/datasets/estagio-nivel-12n-20-05-26/train/estagio_2/stage_2_38788.jpg
stage_2_39291,stage_2_39291,stage_2_39291.jpg,5ce0c1dc782bc9348593f490de1cdae1747aec01a2c3c2ada770354240522a22,stage_2_39291.jpg,6657bfb66bdada87ff8a5f41f2f8caac84037bd5fc9da846f059352f4f110b93,name:stage_2_39291,train,estagio_2,estagio_2,,0,1,0,0,0,GRANULAÇÃO,NÃO CLASSIFICÁVEL,identity,ablation/tissue_classic_1229/images/stage_2_39291.jpg,ultralytics_curascan/datasets/estagio-nivel-12n-20-05-26/train/estagio_2/stage_2_39291.jpg
stage_2_39297,stage_2_39297,stage_2_39297.jpg,530abb3ac4ddc7add1208ee2c792da52f4dc92703982fd930898e75fc3ac34cc,stage_2_39297.jpg,540759969355b99c9ab8a44f0ecff817bf4df6045f0d1429eed3d19beb1dc207,name:stage_2_39297,train,estagio_2,estagio_2,,0,0,0,0,0,NÃO CLASSIFICÁVEL,NÃO CLASSIFICÁVEL,identity,ablation/tissue_classic_1229/images/stage_2_39297.jpg,ultralytics_curascan/datasets/estagio-nivel-12n-20-05-26/val/estagio_2/stage_2_39297.jpg
stage_2_39516,stage_2_39516,stage_2_39516.jpg,2caa561d1a60069b952fb558d4998b40e48ec99cc0ed19939a5914166fe8b581,stage_2_39516.jpg,725e1e50985b09a43aee77d08df66758b05c6c88c9ee03e94b0c154514e7ea5a,name:stage_2_39516,train,estagio_2,estagio_2,,0,0,0,0,0,NÃO CLASSIFICÁVEL,NÃO CLASSIFICÁVEL,identity,ablation/tissue_classic_1229/images/stage_2_39516.jpg,ultralytics_curascan/datasets/estagio-nivel-12n-20-05-26/train/estagio_2/stage_2_39516.jpg
stage_2_40394,stage_2_40394,stage_2_40394.jpg,4216bc8aa644215f7f40682eee31f929c05bea715eda9cc1740bbeb958fd29f9,stage_2_40394.jpg,59014999fcf5493a9b7cbed411fb9afd9e9b497278f594a27a920ede76ee0bc3,name:stage_2_40394,train,estagio_3,nao_classificavel,estagio_3,0,0,0,0,0,NÃO CLASSIFICÁVEL,NÃO CLASSIFICÁVEL,identity,ablation/tissue_classic_1229/images/stage_2_40394.jpg,ultralytics_curascan/datasets/estagio-nivel-34n-20-05-26/train/estagio_3/stage_2_40394.jpg
stage_2_40951,stage_2_40951,stage_2_40951.jpg,e07aea956c6dea2dd5c12a833339401f586bebc65a9239e80835fafbbe46ba4a,stage_2_40951.jpg,9a0b69c1b5e1cf492ef8497a28b1d297e8bebdbf74e1db26cfe4d7206ec9ad2b,name:stage_2_40951,train,estagio_2,estagio_2,,0,0,0,0,0,NÃO CLASSIFICÁVEL,NÃO CLASSIFICÁVEL,identity,ablation/tissue_classic_1229/images/stage_2_40951.jpg,ultralytics_curascan/datasets/estagio-nivel-12n-20-05-26/train/estagio_2/stage_2_40951.jpg
stage_2_41204,stage_2_41204,stage_2_41204.jpg,6ff4c470013ae668203c863b3164fc6261f1f9aec7b907697e7c3904f4392729,stage_2_41204.jpg,650debd395554086db1c780bf053ed40f69a2c21e5ad7f1fb3474c34f18763ce,name:stage_2_41204,train,estagio_2,estagio_2,,0,0,0,0,0,NÃO CLASSIFICÁVEL,NÃO CLASSIFICÁVEL,identity,ablation/tissue_classic_1229/images/stage_2_41204.jpg,ultralytics_curascan/datasets/estagio-nivel-12n-20-05-26/train/estagio_2/stage_2_41204.jpg
stage_2_42066,stage_2_42066,stage_2_42066.jpg,61bdbb2c691849f5201a1eb1c51e49e2b9d9077af53ecb9eff856216c0daf0f8,stage_2_42066.jpg,000f58b2061e88afc4fd060b2cf2ee6524e69e4b50a240d1b6a4ab71414738a8,name:stage_2_42066,train,estagio_2,estagio_2,,0,0,0,0,0,NÃO CLASSIFICÁVEL,NÃO CLASSIFICÁVEL,identity,ablation/tissue_classic_1229/images/stage_2_42066.jpg,ultralytics_curascan/datasets/estagio-nivel-12n-20-05-26/val/estagio_2/stage_2_42066.jpg
stage_2_42619,stage_2_42619,stage_2_42619.jpg,943496ea0ec5dd783cf99d767688273f308c9f6914627ecc670c87d157744f24,stage_2_42619.jpg,67b7e305de94bcb14eeaab4212c280120f4ffa22456927dda95f540f39d55bf7,name:stage_2_42619,train,estagio_2,estagio_2,,0,0,0,0,0,NÃO CLASSIFICÁVEL,NÃO CLASSIFICÁVEL,identity,ablation/tissue_classic_1229/images/stage_2_42619.jpg,ultralytics_curascan/datasets/estagio-nivel-12n-20-05-26/train/estagio_2/stage_2_42619.jpg
stage_2_44519,stage_2_44519,stage_2_44519.jpg,f1e9f97f57389885b327963cfb4bf5d9121d4c3db99af6ae46b7e8788b008fb6,stage_2_44519.jpg,097c15a300fed3c4ebdfbea64c4b3a9b2985b7b405949b3b9cfa2896327b0a5c,name:stage_2_44519,train,estagio_3,nao_classificavel,estagio_3,0,0,0,0,0,NÃO CLASSIFICÁVEL,NÃO CLASSIFICÁVEL,identity,ablation/tissue_classic_1229/images/stage_2_44519.jpg,ultralytics_curascan/datasets/estagio-nivel-34n-20-05-26/train/estagio_3/stage_2_44519.jpg
stage_2_45881,stage_2_45881,stage_2_45881.jpg,0575dca5705397d6f4df0c3e63979372b998b0a9831a7353508baf1d5ffd9fd7,stage_2_45881.jpg,c07dc88d90f5e979a23da747f9d393c7e2de65afaf92108dbd17aabf4efa7496,name:stage_2_45881,train,estagio_2,estagio_2,,0,0,0,0,0,NÃO CLASSIFICÁVEL,NÃO CLASSIFICÁVEL,identity,ablation/tissue_classic_1229/images/stage_2_45881.jpg,ultralytics_curascan/datasets/estagio-nivel-12n-20-05-26/train/estagio_2/stage_2_45881.jpg
stage_2_4719,stage_2_4719,stage_2_4719.jpg,21760b4cb4c8b815e3f69f813df48230d623c2a6c78f9735a2d880fc3d3af00d,stage_2_4719.jpg,00ab3115765e47114636bbb47e3a8709498154b2ce9fec6bc54eef0a3dd0286e,name:stage_2_4719,train,estagio_2,estagio_2,,0,0,0,0,0,NÃO CLASSIFICÁVEL,NÃO CLASSIFICÁVEL,identity,ablation/tissue_classic_1229/images/stage_2_4719.jpg,ultralytics_curascan/datasets/estagio-nivel-12n-20-05-26/train/estagio_2/stage_2_4719.jpg
stage_2_48005,stage_2_48005,stage_2_48005.jpg,390a715521a41ecae2ef4e4a389e2a6b12aa1a78e0de83445bcf71d4028cba49,stage_2_48005.jpg,1c26b32692d1c2781a912eb02f90206f0c460b18310e512bc5486add7324ae55,name:stage_2_48005,train,estagio_2,estagio_2,,0,0,0,0,0,NÃO CLASSIFICÁVEL,NÃO CLASSIFICÁVEL,identity,ablation/tissue_classic_1229/images/stage_2_48005.jpg,ultralytics_curascan/datasets/estagio-nivel-12n-20-05-26/train/estagio_2/stage_2_48005.jpg
stage_2_4805,stage_2_4805,stage_2_4805.jpg,6ee14a720ec7ecaf74da6aebf283c53972522c63744b0e19417bde0099e35fa8,stage_2_4805.jpg,325c451c45affe803fcabfc5d3a744b33346a8acf9852f9b289972ce1ee8efbe,name:stage_2_4805,train,estagio_2,estagio_2,,0,0,0,0,0,NÃO CLASSIFICÁVEL,NÃO CLASSIFICÁVEL,identity,ablation/tissue_classic_1229/images/stage_2_4805.jpg,ultralytics_curascan/datasets/estagio-nivel-12n-20-05-26/val/estagio_2/stage_2_4805.jpg
stage_2_48226,stage_2_48226,stage_2_48226.jpg,55bc0a2b384b5cd4effaece4f40a6fd180b27da2163080fa93a85ca491b48c5b,stage_2_48226.jpg,87022084dfc2f16611380dbdaa15fa57992018bd8ec4ccef8a8e7b4d74d36e7d,name:stage_2_48226,train,estagio_2,estagio_2,,0,0,0,0,0,NÃO CLASSIFICÁVEL,NÃO CLASSIFICÁVEL,identity,ablation/tissue_classic_1229/images/stage_2_48226.jpg,ultralytics_curascan/datasets/estagio-nivel-12n-20-05-26/test/estagio_2/stage_2_48226.jpg
stage_2_48264,stage_2_48264,stage_2_48264.jpg,f5fbe8104bd7f37a33ceb5548b74cef209e3f7f3c0fcc0df3c9fc14c463a6aca,stage_2_48264.jpg,28dae4256c8a3faff6135487ed9b5ca0998cf11e016d69dbb49786b6ab923031,name:stage_2_48264,train,estagio_2,estagio_2,,0,1,1,0,0,GRANULAÇÃO,ESFACELO,identity,ablation/tissue_classic_1229/images/stage_2_48264.jpg,ultralytics_curascan/datasets/estagio-nivel-12n-20-05-26/train/estagio_2/stage_2_48264.jpg
stage_2_48605,stage_2_48605,stage_2_48605.jpg,f44669109443c04c7bf1ac7e3e020e64a0faef80526f4bc69c13a3a00c6482a9,stage_2_48605.jpg,f88e2d871e591420d262e1732f50aab44b06ae0b1f90e880108e0b656c999978,name:stage_2_48605,train,estagio_2,estagio_2,,0,0,0,0,0,NÃO CLASSIFICÁVEL,NÃO CLASSIFICÁVEL,identity,ablation/tissue_classic_1229/images/stage_2_48605.jpg,ultralytics_curascan/datasets/estagio-nivel-12n-20-05-26/test/estagio_2/stage_2_48605.jpg
stage_2_48672,stage_2_48672,stage_2_48672.jpg,8a92f399b719f29bc4d694d3f8270e7b7895fc69ec3b952bdafbabefa575c378,stage_2_48672.jpg,6812078fb1f85f4ffb02b942ed9d0ae7bc0c313d6fb0e352bd2cff49b9606eb5,name:stage_2_48672,train,estagio_2,estagio_2,,0,0,0,0,0,NÃO CLASSIFICÁVEL,NÃO CLASSIFICÁVEL,identity,ablation/tissue_classic_1229/images/stage_2_48672.jpg,ultralytics_curascan/datasets/estagio-nivel-12n-20-05-26/train/estagio_2/stage_2_48672.jpg
stage_2_49156,stage_2_49156,stage_2_49156.jpg,4e0f6af6354610bfabb3bf2be5e2e9717ce745e709627b8c83d3d7b1d0c2fed4,stage_2_49156.jpg,1981bd8e8478a98dc7bd7275f64be40f8e3196c6abef4d4bc8645e4be99f5152,name:stage_2_49156,train,estagio_2,estagio_2,,0,0,0,0,0,NÃO CLASSIFICÁVEL,NÃO CLASSIFICÁVEL,identity,ablation/tissue_classic_1229/images/stage_2_49156.jpg,ultralytics_curascan/datasets/estagio-nivel-12n-20-05-26/test/estagio_2/stage_2_49156.jpg
stage_2_4946,stage_2_4946,stage_2_4946.jpg,a68ef26de61c76ddbd15bb038fd15910ab3a9f6d80f5f39ef4b287418e2a3411,stage_2_4946.jpg,b06e8fd7ec7c00c9912bdf920bc1eef083b5bc35fdc822c0b869bd7f8a15cdff,name:stage_2_4946,train,estagio_2,estagio_2,,0,0,0,0,0,NÃO CLASSIFICÁVEL,NÃO CLASSIFICÁVEL,identity,ablation/tissue_classic_1229/images/stage_2_4946.jpg,ultralytics_curascan/datasets/estagio-nivel-12n-20-05-26/train/estagio_2/stage_2_4946.jpg
stage_2_49481,stage_2_49481,stage_2_49481.jpg,0add371eb167d84f91ffbeae3756889a52180a4cb9354208b6444c80166b6825,stage_2_49481.jpg,716a94161d0138c1950955ad488bc0d1301533cc3c17392386fcf27898828215,name:stage_2_49481,train,estagio_3,nao_classificavel,estagio_3,0,1,1,0,0,GRANULAÇÃO,ESFACELO,identity,ablation/tissue_classic_1229/images/stage_2_49481.jpg,ultralytics_curascan/datasets/estagio-nivel-34n-20-05-26/train/estagio_3/stage_2_49481.jpg
stage_2_5028,stage_2_5028,stage_2_5028.jpg,b871f3e19028f19e2a3478bc7ed823092542dcc007857e0e2c6f82ba52d372fd,stage_2_5028.jpg,2660c89a2f6de4fc3db6532519e31c01ba8522909925e8b2e3449332dca11650,name:stage_2_5028,train,estagio_2,estagio_2,,0,0,0,0,0,NÃO CLASSIFICÁVEL,NÃO CLASSIFICÁVEL,identity,ablation/tissue_classic_1229/images/stage_2_5028.jpg,ultralytics_curascan/datasets/estagio-nivel-12n-20-05-26/train/estagio_2/stage_2_5028.jpg
stage_2_50394,stage_2_50394,stage_2_50394.jpg,026f72a19ca08594da59129decc121b8e91a9241bd585d89319b2ad91aed812e,stage_2_50394.jpg,844709500b5e59fd5cda9f7cf2183fd58e13523c8b056d72df23e127e83eaa5d,name:stage_2_50394,train,estagio_3,nao_classificavel,estagio_3,0,1,0,0,0,GRANULAÇÃO,NÃO CLASSIFICÁVEL,identity,ablation/tissue_classic_1229/images/stage_2_50394.jpg,ultralytics_curascan/datasets/estagio-nivel-34n-20-05-26/train/estagio_3/stage_2_50394.jpg
stage_2_50779,stage_2_50779,stage_2_50779.jpg,0d3fd49c3116c29c2a94d5e0e30d9d56098dff446032717f50e25f715eeb606d,stage_2_50779.jpg,5401eaeaa62478cae6e783fc1fe4ed3caab4d591dd95ecb14dbf14d163b723dd,name:stage_2_50779,train,estagio_2,estagio_2,,0,0,0,0,0,NÃO CLASSIFICÁVEL,NÃO CLASSIFICÁVEL,identity,ablation/tissue_classic_1229/images/stage_2_50779.jpg,ultralytics_curascan/datasets/estagio-nivel-12n-20-05-26/train/estagio_2/stage_2_50779.jpg
stage_2_50870,stage_2_50870,stage_2_50870.jpg,23f7feb89514325f84377ec6ad6e34bf8a39ae58a44eff43da48af5b524da1c8,stage_2_50870.jpg,43991f13e51b3c2bc3caf5c3e4b528020706fa866671fb724bae14e59e0f3760,name:stage_2_50870,train,estagio_2,estagio_2,,0,0,0,0,0,NÃO CLASSIFICÁVEL,NÃO CLASSIFICÁVEL,identity,ablation/tissue_classic_1229/images/stage_2_50870.jpg,ultralytics_curascan/datasets/estagio-nivel-12n-20-05-26/test/estagio_2/stage_2_50870.jpg
stage_2_50895,stage_2_50895,stage_2_50895.jpg,c594899488bf686d0e7380e02f1ad959ed9ba7640a6f6d158e4507812501389d,stage_2_50895.jpg,14eddbfad897559414424849779b71d9e01545502b733e5575d58a5b56636cbc,name:stage_2_50895,train,estagio_2,estagio_2,,0,0,0,0,0,NÃO CLASSIFICÁVEL,NÃO CLASSIFICÁVEL,identity,ablation/tissue_classic_1229/images/stage_2_50895.jpg,ultralytics_curascan/datasets/estagio-nivel-12n-20-05-26/train/estagio_2/stage_2_50895.jpg
stage_2_53022,stage_2_53022,stage_2_53022.jpg,b40ff2f9be2fcac652fb9bba3918145a8abf053e10fb055660e5cbcf76db332f,stage_2_53022.jpg,bb07bc27845096e5a366b832c9c480d3a0c44d9492d13a88a0ee1a1ad384381c,name:stage_2_53022,train,estagio_2,estagio_2,,0,0,0,0,0,NÃO CLASSIFICÁVEL,NÃO CLASSIFICÁVEL,identity,ablation/tissue_classic_1229/images/stage_2_53022.jpg,ultralytics_curascan/datasets/estagio-nivel-12n-20-05-26/train/estagio_2/stage_2_53022.jpg
stage_2_5342,stage_2_5342,stage_2_5342.jpg,c4cfe426092c75347cb675b7016b533bf2c3abc0e07319168f33f096ffafabe8,stage_2_5342.jpg,ff7a0685d3dad2be002bfa8fa12a09ded5e1258d9dd699d0ebe2751f3ea498c6,name:stage_2_5342,train,estagio_2,estagio_2,,0,0,0,0,0,NÃO CLASSIFICÁVEL,NÃO CLASSIFICÁVEL,identity,ablation/tissue_classic_1229/images/stage_2_5342.jpg,ultralytics_curascan/datasets/estagio-nivel-12n-20-05-26/train/estagio_2/stage_2_5342.jpg
stage_2_53904,stage_2_53904,stage_2_53904.jpg,490474c99d32cf9fd7b88c42beae630168a5c98d9aa7795a7cc1519d8a5e4ceb,stage_2_53904.jpg,a62a677140634e245afc8354fb342ae19c5e54eb4e7b271dd38a8f4aba6352dd,name:stage_2_53904,train,estagio_2,estagio_2,,0,0,0,0,0,NÃO CLASSIFICÁVEL,NÃO CLASSIFICÁVEL,identity,ablation/tissue_classic_1229/images/stage_2_53904.jpg,ultralytics_curascan/datasets/estagio-nivel-12n-20-05-26/test/estagio_2/stage_2_53904.jpg
stage_2_54094,stage_2_54094,stage_2_54094.jpg,14c043c840a5c3898843ac2139cf6113918efc1817e3ec0973b7e7053bfc3789,stage_2_54094.jpg,75c3ad4474a7d44b3458a02da2e0e3138a98d23d33008832affbfab78d823107,name:stage_2_54094,train,estagio_2,estagio_2,,0,0,0,0,0,NÃO CLASSIFICÁVEL,NÃO CLASSIFICÁVEL,identity,ablation/tissue_classic_1229/images/stage_2_54094.jpg,ultralytics_curascan/datasets/estagio-nivel-12n-20-05-26/train/estagio_2/stage_2_54094.jpg
stage_2_54450,stage_2_54450,stage_2_54450.jpg,bd51e0d05681c997250fc46ace160a8a0c509604a009f615cbd553b3693d1a1d,stage_2_54450.jpg,5318a861ad1bbfb5bb935d9055ce0f0b6bf11ea3e1579431303c2e6a7a90ed30,name:stage_2_54450,train,estagio_3,nao_classificavel,estagio_3,0,1,1,0,0,GRANULAÇÃO,ESFACELO,identity,ablation/tissue_classic_1229/images/stage_2_54450.jpg,ultralytics_curascan/datasets/estagio-nivel-34n-20-05-26/train/estagio_3/stage_2_54450.jpg
stage_2_55537,stage_2_55537,stage_2_55537.jpg,eb7bfa560256ade321d921dd5c330af43c30b90b4b95be59819a9e930b12e3f8,stage_2_55537.jpg,f7822eb57325e36394fe766e1238ab182db207a378b7fab9e5d1979a6096c7cb,name:stage_2_55537,train,estagio_2,estagio_2,,0,0,0,0,0,NÃO CLASSIFICÁVEL,NÃO CLASSIFICÁVEL,identity,ablation/tissue_classic_1229/images/stage_2_55537.jpg,ultralytics_curascan/datasets/estagio-nivel-12n-20-05-26/train/estagio_2/stage_2_55537.jpg
stage_2_5591,stage_2_5591,stage_2_5591.jpg,e7b9beab78a9f45b1c56fc71c477b3d97242938f5723944d1bf345c842e2f0ed,stage_2_5591.jpg,276eaff613c04f9ae07c4ca1d6cf3eade7e84c6b04273662f840a594ba2bddde,name:stage_2_5591,train,estagio_2,estagio_2,,0,0,0,0,0,NÃO CLASSIFICÁVEL,NÃO CLASSIFICÁVEL,identity,ablation/tissue_classic_1229/images/stage_2_5591.jpg,ultralytics_curascan/datasets/estagio-nivel-12n-20-05-26/test/estagio_2/stage_2_5591.jpg
stage_2_56505,stage_2_56505,stage_2_56505.jpg,b6cc7f6b49b69033ef62f8a5c124865de428f0b7bd00f7f904aae3893206a2a4,stage_2_56505.jpg,34b160bab6e56850b0e25ca2d6a50b8ede4d461492ac1f138275555c5463c749,name:stage_2_56505,train,estagio_2,estagio_2,,0,0,0,0,0,NÃO CLASSIFICÁVEL,NÃO CLASSIFICÁVEL,identity,ablation/tissue_classic_1229/images/stage_2_56505.jpg,ultralytics_curascan/datasets/estagio-nivel-12n-20-05-26/test/estagio_2/stage_2_56505.jpg
stage_2_56593,stage_2_56593,stage_2_56593.jpg,bbcda9e2bfbcf028014a6ad380614c22cf6bbd10e9b542febb23e595df1ad288,stage_2_56593.jpg,6b6e442f2dcdb2c4e49073d0ae723174bebb932f46d5df0a88fa258002dc2d70,name:stage_2_56593,train,estagio_2,estagio_2,,0,0,0,0,0,NÃO CLASSIFICÁVEL,NÃO CLASSIFICÁVEL,identity,ablation/tissue_classic_1229/images/stage_2_56593.jpg,ultralytics_curascan/datasets/estagio-nivel-12n-20-05-26/train/estagio_2/stage_2_56593.jpg
stage_2_56669,stage_2_56669,stage_2_56669.jpg,00db943b04420cb135358c9853ddf07639a25916d8e14c699ba138931d8a5808,stage_2_56669.jpg,5756cdcba12f9ef81908f0b7461f57eaec3c5978f7ed87cd6b73577603bdf5e3,name:stage_2_56669,train,estagio_2,estagio_2,,0,0,0,0,0,NÃO CLASSIFICÁVEL,NÃO CLASSIFICÁVEL,identity,ablation/tissue_classic_1229/images/stage_2_56669.jpg,ultralytics_curascan/datasets/estagio-nivel-12n-20-05-26/train/estagio_2/stage_2_56669.jpg
stage_2_57796,stage_2_57796,stage_2_57796.jpg,435e234be14404142ba0bd869d935291e470ce77179d7a52905ff19fbbf390b6,stage_2_57796.jpg,4865ad6fe04a51e5fde2df544e0a918aa6d41954f00255c7cd2f82effea53828,name:stage_2_57796,train,estagio_2,estagio_2,,0,0,0,0,0,NÃO CLASSIFICÁVEL,NÃO CLASSIFICÁVEL,identity,ablation/tissue_classic_1229/images/stage_2_57796.jpg,ultralytics_curascan/datasets/estagio-nivel-12n-20-05-26/train/estagio_2/stage_2_57796.jpg
stage_2_57819,stage_2_57819,stage_2_57819.jpg,e2ddc91fbefd0347f76ce74c0438ac7fa9fe21f6b3bf213ef04662724e32ae85,stage_2_57819.jpg,696e67de663a0304add57042027bb499d0bfce5b48bf8fbb1714fb5fb87301f2,name:stage_2_57819,train,estagio_3,nao_classificavel,estagio_3,0,0,0,0,0,NÃO CLASSIFICÁVEL,NÃO CLASSIFICÁVEL,identity,ablation/tissue_classic_1229/images/stage_2_57819.jpg,ultralytics_curascan/datasets/estagio-nivel-34n-20-05-26/train/estagio_3/stage_2_57819.jpg
stage_2_58275,stage_2_58275,stage_2_58275.jpg,ff428c275af72b34499760b2f607506f6af87e053d000147dcb467facc4d53e9,stage_2_58275.jpg,9e576fe0af624d016775dc3bbed82b2d89c1bf8d43c47b89415cb2d09be9ef1e,name:stage_2_58275,train,estagio_3,nao_classificavel,estagio_3,0,0,0,0,0,NÃO CLASSIFICÁVEL,NÃO CLASSIFICÁVEL,identity,ablation/tissue_classic_1229/images/stage_2_58275.jpg,ultralytics_curascan/datasets/estagio-nivel-34n-20-05-26/train/estagio_3/stage_2_58275.jpg
stage_2_5835,stage_2_5835,stage_2_5835.jpg,4609328e5ab30a9681ebab5da1258ffc28e7a3e5941a49707ccecaf9af0584b6,stage_2_5835.jpg,45b05afdef37d6a6a404386bdfbcaf4c7aa10a79e1b8f80a78c6b39ccd1a955b,name:stage_2_5835,train,estagio_2,estagio_2,,0,0,0,0,0,NÃO CLASSIFICÁVEL,NÃO CLASSIFICÁVEL,identity,ablation/tissue_classic_1229/images/stage_2_5835.jpg,ultralytics_curascan/datasets/estagio-nivel-12n-20-05-26/train/estagio_2/stage_2_5835.jpg
stage_2_58525,stage_2_58525,stage_2_58525.jpg,097822de24f1655ff7eed357a8e804c1ba3454a5da206bc6eb4a7c6b73805194,stage_2_58525.jpg,a17bad2bc4ca0a0ee563857de656f6a4585b59543f95ecc54f34ceb8e4af934f,name:stage_2_58525,train,estagio_2,estagio_2,,0,0,0,0,0,NÃO CLASSIFICÁVEL,NÃO CLASSIFICÁVEL,identity,ablation/tissue_classic_1229/images/stage_2_58525.jpg,ultralytics_curascan/datasets/estagio-nivel-12n-20-05-26/test/estagio_2/stage_2_58525.jpg
stage_2_58527,stage_2_58527,stage_2_58527.jpg,3f42dc8bf908eae837c32d0d286da5bd1bb3538a4ca585e35eae86704873893a,stage_2_58527.jpg,c88cdcad277003b548409eb9e2f32618024e0b88b1f988ff6baa7a1d5c0aa01d,name:stage_2_58527,train,estagio_3,nao_classificavel,estagio_3,0,0,0,0,0,NÃO CLASSIFICÁVEL,NÃO CLASSIFICÁVEL,identity,ablation/tissue_classic_1229/images/stage_2_58527.jpg,ultralytics_curascan/datasets/estagio-nivel-34n-20-05-26/train/estagio_3/stage_2_58527.jpg
stage_2_59338,stage_2_59338,stage_2_59338.jpg,d13f72f222455f36fed382c3800464ebacc1be269acc664daf8b73543c57f1b7,stage_2_59338.jpg,4eef9688e5242590c4b070c36f696af976a17378955b7e83bf6c1b3ca7367472,name:stage_2_59338,train,estagio_2,estagio_2,,0,0,0,0,0,NÃO CLASSIFICÁVEL,NÃO CLASSIFICÁVEL,identity,ablation/tissue_classic_1229/images/stage_2_59338.jpg,ultralytics_curascan/datasets/estagio-nivel-12n-20-05-26/train/estagio_2/stage_2_59338.jpg
stage_2_59382,stage_2_59382,stage_2_59382.jpg,3641d82ba081d81deff2ea81f84bc0232088b7817a541bfdbaa1793703437d41,stage_2_59382.jpg,1dcc19f15c30dcbff48ae388d0767666ff66f7ce4f65e5f55a474474e87df550,name:stage_2_59382,train,estagio_3,nao_classificavel,estagio_3,0,1,0,0,0,GRANULAÇÃO,NÃO CLASSIFICÁVEL,identity,ablation/tissue_classic_1229/images/stage_2_59382.jpg,ultralytics_curascan/datasets/estagio-nivel-34n-20-05-26/train/estagio_3/stage_2_59382.jpg
stage_2_60269,stage_2_60269,stage_2_60269.jpg,68c4432faadc6442c4e7302f6f17c3fabe7802d13a0128290a204ac12a0adbcc,stage_2_60269.jpg,3e83dadc3b4387dc3c245646a739b1e25ffe6c4d9e987902f1647616e05d3dce,name:stage_2_60269,train,estagio_2,estagio_2,,0,0,0,0,0,NÃO CLASSIFICÁVEL,NÃO CLASSIFICÁVEL,identity,ablation/tissue_classic_1229/images/stage_2_60269.jpg,ultralytics_curascan/datasets/estagio-nivel-12n-20-05-26/train/estagio_2/stage_2_60269.jpg
stage_2_60339,stage_2_60339,stage_2_60339.jpg,5816c7951c4e759f3f4eb00b090ea28b5f8532a761ad7803bc98244b849662e9,stage_2_60339.jpg,6594e0b807f6f0680f12316c3df5dfec80f0371308a5408cc8dec447278579a8,name:stage_2_60339,train,estagio_2,estagio_2,,0,0,0,0,0,NÃO CLASSIFICÁVEL,NÃO CLASSIFICÁVEL,identity,ablation/tissue_classic_1229/images/stage_2_60339.jpg,ultralytics_curascan/datasets/estagio-nivel-12n-20-05-26/val/estagio_2/stage_2_60339.jpg
stage_2_6073,stage_2_6073,stage_2_6073.jpg,8ede0921dfce9aff669889f0bcdbbe1490e7c41457e52af3a532dd54dde002a9,stage_2_6073.jpg,675abc28cf6b6e26011c61029ab3b816622827052329c04c3ad59422b2128b39,name:stage_2_6073,train,estagio_2,estagio_2,,0,0,0,0,0,NÃO CLASSIFICÁVEL,NÃO CLASSIFICÁVEL,identity,ablation/tissue_classic_1229/images/stage_2_6073.jpg,ultralytics_curascan/datasets/estagio-nivel-12n-20-05-26/train/estagio_2/stage_2_6073.jpg
stage_2_61858,stage_2_61858,stage_2_61858.jpg,a3509c51f9cb8fd209da2a9a5bcc11dda16b0106e1fc4f96e11ac40122599b18,stage_2_61858.jpg,4046fdc36dfcbabd875dcadc5015495b776df437732147529734d0d9f539c5bf,name:stage_2_61858,train,estagio_2,estagio_2,,0,0,0,0,0,NÃO CLASSIFICÁVEL,NÃO CLASSIFICÁVEL,identity,ablation/tissue_classic_1229/images/stage_2_61858.jpg,ultralytics_curascan/datasets/estagio-nivel-12n-20-05-26/val/estagio_2/stage_2_61858.jpg
stage_2_62396,stage_2_62396,stage_2_62396.jpg,3a5b301d20a666f84fae5aacc2511e58786ae795b778a7b4abf125e7b0e0a19d,stage_2_62396.jpg,3b5744eb0bae686be2de9b4e0f67a38bbab56f0c70a3dafb5b2c8c5e08d65ff4,name:stage_2_62396,train,estagio_3,nao_classificavel,estagio_3,0,1,0,0,0,GRANULAÇÃO,NÃO CLASSIFICÁVEL,identity,ablation/tissue_classic_1229/images/stage_2_62396.jpg,ultralytics_curascan/datasets/estagio-nivel-34n-20-05-26/train/estagio_3/stage_2_62396.jpg
stage_2_62524,stage_2_62524,stage_2_62524.jpg,d8e025f938d4597bfa20dae64d2125fc057fe6c69b633fc270e8a5b18d490321,stage_2_62524.jpg,0e91335c2fe4c4a1b06afa7176b34a7a119d4bc4854b2fa61afce8a2413ecfac,name:stage_2_62524,train,estagio_2,estagio_2,,0,0,0,0,0,NÃO CLASSIFICÁVEL,NÃO CLASSIFICÁVEL,identity,ablation/tissue_classic_1229/images/stage_2_62524.jpg,ultralytics_curascan/datasets/estagio-nivel-12n-20-05-26/train/estagio_2/stage_2_62524.jpg
stage_2_62700,stage_2_62700,stage_2_62700.jpg,764a9c4ab25c20f54a04f055d3e154d9fbc05ab6b1fafd1670f6509aac676dab,stage_2_62700.jpg,732855fe613d1dd020cfbe65208ed0fc29d3a8951323663aa99c05bd58ad9bb3,name:stage_2_62700,train,estagio_2,estagio_2,,0,0,0,0,0,NÃO CLASSIFICÁVEL,NÃO CLASSIFICÁVEL,identity,ablation/tissue_classic_1229/images/stage_2_62700.jpg,ultralytics_curascan/datasets/estagio-nivel-12n-20-05-26/test/estagio_2/stage_2_62700.jpg
stage_2_62883,stage_2_62883,stage_2_62883.jpg,6edc9b4f47dad786525fdf51bcc53147aae52ce155f6119b74a668c9e53be39d,stage_2_62883.jpg,11e26419ef178b811aa3dfa7345f6606719f4a156259524dfa5674125abe3521,name:stage_2_62883,train,estagio_2,estagio_2,,0,0,0,0,0,NÃO CLASSIFICÁVEL,NÃO CLASSIFICÁVEL,identity,ablation/tissue_classic_1229/images/stage_2_62883.jpg,ultralytics_curascan/datasets/estagio-nivel-12n-20-05-26/val/estagio_2/stage_2_62883.jpg
stage_2_6307,stage_2_6307,stage_2_6307.jpg,d9a552a30f9b62da17c6cdcc5d98bd9f9b4942080ff2e490f566aea2bd1a4976,stage_2_6307.jpg,856f44af9dd3994f7fa945b26d413341b0e3b80cff763b6451d78346a6e16457,name:stage_2_6307,train,estagio_2,estagio_2,,0,1,0,0,0,GRANULAÇÃO,NÃO CLASSIFICÁVEL,identity,ablation/tissue_classic_1229/images/stage_2_6307.jpg,ultralytics_curascan/datasets/estagio-nivel-12n-20-05-26/train/estagio_2/stage_2_6307.jpg
stage_2_63190,stage_2_63190,stage_2_63190.jpg,a82868e312c244ae5ff8db6c1de2ce7c75f2e484142054b925579c17fc423544,stage_2_63190.jpg,2d57b3394dd3e7c5b3d6832f138efec53e957b0d01de2886a7f7db1212978457,name:stage_2_63190,train,estagio_3,nao_classificavel,estagio_3,0,1,1,0,0,GRANULAÇÃO,ESFACELO,identity,ablation/tissue_classic_1229/images/stage_2_63190.jpg,ultralytics_curascan/datasets/estagio-nivel-34n-20-05-26/test/estagio_3/stage_2_63190.jpg
stage_2_63592,stage_2_63592,stage_2_63592.jpg,1853c79e0a27348b5f204d9d5bc553409abd836009eac4e29c595893299c83ab,stage_2_63592.jpg,c04a8007ca5733fcb0f273742e783123709804d041ee65a03f00ff5a677533d7,name:stage_2_63592,train,estagio_2,estagio_2,,0,0,0,0,0,NÃO CLASSIFICÁVEL,NÃO CLASSIFICÁVEL,identity,ablation/tissue_classic_1229/images/stage_2_63592.jpg,ultralytics_curascan/datasets/estagio-nivel-12n-20-05-26/train/estagio_2/stage_2_63592.jpg
stage_2_63689,stage_2_63689,stage_2_63689.jpg,77feca27da1665a9f29f5fce00daa2c62d2df0d711c3db5020c25d806e38cea0,stage_2_63689.jpg,40ed419732b2a450c972c2257a4395a3e32696679946949dd18a4b3323d407ee,name:stage_2_63689,train,estagio_2,estagio_2,,0,0,0,0,0,NÃO CLASSIFICÁVEL,NÃO CLASSIFICÁVEL,identity,ablation/tissue_classic_1229/images/stage_2_63689.jpg,ultralytics_curascan/datasets/estagio-nivel-12n-20-05-26/train/estagio_2/stage_2_63689.jpg
stage_2_63941,stage_2_63941,stage_2_63941.jpg,e994315babecf3e192311a9fde59acb2ec6e7565580f008f460714c32e0a0ca6,stage_2_63941.jpg,7d304b70976de6dd7f1573da2d96749930313631742cc8aaf8a23d48da64556c,name:stage_2_63941,train,estagio_2,estagio_2,,0,1,1,0,0,GRANULAÇÃO,ESFACELO,identity,ablation/tissue_classic_1229/images/stage_2_63941.jpg,ultralytics_curascan/datasets/estagio-nivel-12n-20-05-26/train/estagio_2/stage_2_63941.jpg
stage_2_6588,stage_2_6588,stage_2_6588.jpg,e553fce6dc5abb66bf123f50744ea1e7bf75e1e293478e5da6a4aa774ac35362,stage_2_6588.jpg,e7907efe39695e73a92178a2f2931d9b48ae58718d5d08767992f07c5a7e7830,name:stage_2_6588,train,estagio_3,nao_classificavel,estagio_3,0,0,0,0,0,NÃO CLASSIFICÁVEL,NÃO CLASSIFICÁVEL,identity,ablation/tissue_classic_1229/images/stage_2_6588.jpg,ultralytics_curascan/datasets/estagio-nivel-34n-20-05-26/train/estagio_3/stage_2_6588.jpg
stage_2_66185,stage_2_66185,stage_2_66185.jpg,a30e0030df5e7e0d9ade4a7248c6bd0150e8cb917669140d5c0a8b7204c8fd97,stage_2_66185.jpg,6459780654646930cf0a8c0f2a27009465f14c54cf7ab600fc9648f4616c269d,name:stage_2_66185,train,estagio_3,nao_classificavel,estagio_3,0,0,0,0,0,NÃO CLASSIFICÁVEL,NÃO CLASSIFICÁVEL,identity,ablation/tissue_classic_1229/images/stage_2_66185.jpg,ultralytics_curascan/datasets/estagio-nivel-34n-20-05-26/train/estagio_3/stage_2_66185.jpg
stage_2_66189,stage_2_66189,stage_2_66189.jpg,a2444113dd41d9e5df67742f3cc4b1c1c6a77c4a26178a8daadd5f9f62d86de7,stage_2_66189.jpg,4455abe28e9ff82130a1208a409e8806179635144df1cff34e29a657a1ef9f47,name:stage_2_66189,train,estagio_2,estagio_2,,0,1,0,0,0,GRANULAÇÃO,NÃO CLASSIFICÁVEL,identity,ablation/tissue_classic_1229/images/stage_2_66189.jpg,ultralytics_curascan/datasets/estagio-nivel-12n-20-05-26/train/estagio_2/stage_2_66189.jpg
stage_2_66945,stage_2_66945,stage_2_66945.jpg,81dffd50b8a21f026745193dcd829a02b1359017b4601381e5f6f0d943ba5649,stage_2_66945.jpg,dd1e695a18a368d4292bd964cf1be3af744e85aef452e33bba8a257d1d5040f9,name:stage_2_66945,train,estagio_3,nao_classificavel,estagio_3,0,0,0,0,0,NÃO CLASSIFICÁVEL,NÃO CLASSIFICÁVEL,identity,ablation/tissue_classic_1229/images/stage_2_66945.jpg,ultralytics_curascan/datasets/estagio-nivel-34n-20-05-26/test/estagio_3/stage_2_66945.jpg
stage_2_6712,stage_2_6712,stage_2_6712.jpg,bb449bbc5e293dae6d6727c9847e4ed4344b19d0f2f64c49c7f7ec5754c02116,stage_2_6712.jpg,6901dc7fa59cfa05a1a5511e1286d1c9e29f5778059f9a7941750af5097e9afc,name:stage_2_6712,train,estagio_2,estagio_2,,0,0,0,0,0,NÃO CLASSIFICÁVEL,NÃO CLASSIFICÁVEL,identity,ablation/tissue_classic_1229/images/stage_2_6712.jpg,ultralytics_curascan/datasets/estagio-nivel-12n-20-05-26/train/estagio_2/stage_2_6712.jpg
stage_2_67618,stage_2_67618,stage_2_67618.jpg,c70cb116e006687a4a7ffe167334d5e58c1708d541b68619bc96e50c189121ac,stage_2_67618.jpg,6ea55c2ea2d4dd0a2799954f22b9c45d15d7a7bb63f5865e6a64f8b643822d26,name:stage_2_67618,train,estagio_3,nao_classificavel,estagio_3,0,1,1,0,0,GRANULAÇÃO,ESFACELO,identity,ablation/tissue_classic_1229/images/stage_2_67618.jpg,ultralytics_curascan/datasets/estagio-nivel-34n-20-05-26/train/estagio_3/stage_2_67618.jpg
stage_2_67639,stage_2_67639,stage_2_67639.jpg,0991d77cecd2f44bcdcd9201b1d456dedeb40190886023eac8bcbdf0679b1528,stage_2_67639.jpg,83b9a9bdbe34f97bd9ab83fcb71f650f41a0646fcdeb316ec740f82ce289ea9b,name:stage_2_67639,train,estagio_2,estagio_2,,0,0,0,0,0,NÃO CLASSIFICÁVEL,NÃO CLASSIFICÁVEL,identity,ablation/tissue_classic_1229/images/stage_2_67639.jpg,ultralytics_curascan/datasets/estagio-nivel-12n-20-05-26/val/estagio_2/stage_2_67639.jpg
stage_2_67659,stage_2_67659,stage_2_67659.jpg,cc5a49a991b30b098c7d4e3700a9b32d87bb0c2ef40a9ff92dd862b7658c8e45,stage_2_67659.jpg,51e73af56aace95bacbc4e7a5266890909f1f7f40a5ad6ec3d3519b8b82d82cc,name:stage_2_67659,train,estagio_3,nao_classificavel,estagio_3,0,1,1,0,0,GRANULAÇÃO,ESFACELO,identity,ablation/tissue_classic_1229/images/stage_2_67659.jpg,ultralytics_curascan/datasets/estagio-nivel-34n-20-05-26/train/estagio_3/stage_2_67659.jpg
stage_2_67867,stage_2_67867,stage_2_67867.jpg,d915ecf5137da8cd1417d2e98cb594b8bc770a925fdb09a45048d1f50c7566c0,stage_2_67867.jpg,497e7dbe673505a1e95befd06216ee93813adb962c7fe8e5a77f0ede34af3dc0,name:stage_2_67867,train,estagio_3,nao_classificavel,estagio_3,0,1,1,0,0,GRANULAÇÃO,ESFACELO,identity,ablation/tissue_classic_1229/images/stage_2_67867.jpg,ultralytics_curascan/datasets/estagio-nivel-34n-20-05-26/test/estagio_3/stage_2_67867.jpg
stage_2_67942,stage_2_67942,stage_2_67942.jpg,2dea6136e3441101b34da19c56286ebcc4bf14943aedd901f83f9addd0bb578f,stage_2_67942.jpg,de4be18d09958fb790adacd0a93f552c5f8a3d28df8c7238ff5f79960b4adeb5,name:stage_2_67942,train,estagio_2,estagio_2,,0,0,0,0,0,NÃO CLASSIFICÁVEL,NÃO CLASSIFICÁVEL,identity,ablation/tissue_classic_1229/images/stage_2_67942.jpg,ultralytics_curascan/datasets/estagio-nivel-12n-20-05-26/train/estagio_2/stage_2_67942.jpg
stage_2_69202,stage_2_69202,stage_2_69202.jpg,b094a224cfc366a24467a2b14bf96ce7381466b699335e0266b473f8f48d2134,stage_2_69202.jpg,307d676d9095fe939f028236e68a787b21f5b66c85eddf66278fa29d8f32f4ef,name:stage_2_69202,train,estagio_2,estagio_2,,0,1,0,0,0,GRANULAÇÃO,NÃO CLASSIFICÁVEL,identity,ablation/tissue_classic_1229/images/stage_2_69202.jpg,ultralytics_curascan/datasets/estagio-nivel-12n-20-05-26/train/estagio_2/stage_2_69202.jpg
stage_2_69238,stage_2_69238,stage_2_69238.jpg,22ff9fa1c45a517fef6a89c104ab8ff840c1755964431b3a77da6c678f86bef2,stage_2_69238.jpg,5d8d1dbded96b4f12d37f8f2798ddb1acc922ab65281a553dc20e7a61540c61f,name:stage_2_69238,train,estagio_2,estagio_2,,0,1,0,0,0,GRANULAÇÃO,NÃO CLASSIFICÁVEL,identity,ablation/tissue_classic_1229/images/stage_2_69238.jpg,ultralytics_curascan/datasets/estagio-nivel-12n-20-05-26/train/estagio_2/stage_2_69238.jpg
stage_2_69463,stage_2_69463,stage_2_69463.jpg,f6ecad73604d370ec5ef52068301ec7338f7b3b5f5f3b8e5db98eb57cc347dd9,stage_2_69463.jpg,57557b2ad13e447da2df356c0248ccc25478ec33edd4e1757ff27e2d1dc11b70,name:stage_2_69463,train,estagio_2,estagio_2,,0,0,0,0,0,NÃO CLASSIFICÁVEL,NÃO CLASSIFICÁVEL,identity,ablation/tissue_classic_1229/images/stage_2_69463.jpg,ultralytics_curascan/datasets/estagio-nivel-12n-20-05-26/test/estagio_2/stage_2_69463.jpg
stage_2_70308,stage_2_70308,stage_2_70308.jpg,10d7645852d7c3a347164f7b7b1a6263bd6b841945fbcccfdc814e93875ff3c6,stage_2_70308.jpg,3baa485f0ae89fe997c1e370c3748e8b38b8ad26efd47c27dea88654780a6f1b,name:stage_2_70308,train,estagio_2,estagio_2,,0,0,0,0,0,NÃO CLASSIFICÁVEL,NÃO CLASSIFICÁVEL,identity,ablation/tissue_classic_1229/images/stage_2_70308.jpg,ultralytics_curascan/datasets/estagio-nivel-12n-20-05-26/train/estagio_2/stage_2_70308.jpg
stage_2_70380,stage_2_70380,stage_2_70380.jpg,7c6934931a0dc75d15135e289e4e05ab8ed6f538a7e0fc4cd93fe8a85a4919d6,stage_2_70380.jpg,f870b4f6d02769768fc4e0531e7e0ec4bbb6d61bf77bb52942b364ee18555fa0,name:stage_2_70380,train,estagio_3,nao_classificavel,estagio_3,0,1,0,0,0,GRANULAÇÃO,NÃO CLASSIFICÁVEL,identity,ablation/tissue_classic_1229/images/stage_2_70380.jpg,ultralytics_curascan/datasets/estagio-nivel-34n-20-05-26/val/estagio_3/stage_2_70380.jpg
stage_2_70870,stage_2_70870,stage_2_70870.jpg,5d8149fb62ecab780a850dc8862eb0386ec73e8980812017d85a0005d69deb1b,stage_2_70870.jpg,ee7dcad31b6386f54ea547f6aba56cdc0b80e8000f64737f6f671c3d47235522,name:stage_2_70870,train,estagio_2,estagio_2,,0,0,0,0,0,NÃO CLASSIFICÁVEL,NÃO CLASSIFICÁVEL,identity,ablation/tissue_classic_1229/images/stage_2_70870.jpg,ultralytics_curascan/datasets/estagio-nivel-12n-20-05-26/train/estagio_2/stage_2_70870.jpg
stage_2_71038,stage_2_71038,stage_2_71038.jpg,5d1b2c858a138d3bcc50a8799d1d8d67e60c9f6f2a4b4c9781766f529dcfc192,stage_2_71038.jpg,e8cbc68131b5ea4b8c77d38589889637fe3774a1e34838c6ced7b269b88fadbe,name:stage_2_71038,train,estagio_2,estagio_2,,0,1,1,0,0,GRANULAÇÃO,ESFACELO,identity,ablation/tissue_classic_1229/images/stage_2_71038.jpg,ultralytics_curascan/datasets/estagio-nivel-12n-20-05-26/train/estagio_2/stage_2_71038.jpg
stage_2_71079,stage_2_71079,stage_2_71079.jpg,5b40fa974f1b5af491cc1e00b50d83a57e1a1e267e466b216d3f696468a3ffe0,stage_2_71079.jpg,b3cf1cb5125d6996fb3e50653fa83cb70f65d907e4de342a7fbb1c3074b867c2,name:stage_2_71079,train,estagio_2,estagio_2,,0,0,0,0,0,NÃO CLASSIFICÁVEL,NÃO CLASSIFICÁVEL,identity,ablation/tissue_classic_1229/images/stage_2_71079.jpg,ultralytics_curascan/datasets/estagio-nivel-12n-20-05-26/val/estagio_2/stage_2_71079.jpg
stage_2_71812,stage_2_71812,stage_2_71812.jpg,fab216d71d19eac9ba3c258fe40f5fa9bc28bab97b4b2f1d66d10bb225139afe,stage_2_71812.jpg,c81285ed5df32a4b214df41a24769edf35e2d064c5f4fac35c6cf4b6a2cea704,name:stage_2_71812,train,estagio_2,estagio_2,,0,0,0,0,0,NÃO CLASSIFICÁVEL,NÃO CLASSIFICÁVEL,identity,ablation/tissue_classic_1229/images/stage_2_71812.jpg,ultralytics_curascan/datasets/estagio-nivel-12n-20-05-26/train/estagio_2/stage_2_71812.jpg
stage_2_7219,stage_2_7219,stage_2_7219.jpg,8481e16425f3870f16037644d83878455c4ab082f7dd84c445382c947ebec78d,stage_2_7219.jpg,7cf5a984c518b6434f3ff77d6ad444c1cb32eb9ec2e0bacf43e3e4bfad96b859,name:stage_2_7219,train,estagio_2,estagio_2,,0,0,0,0,0,NÃO CLASSIFICÁVEL,NÃO CLASSIFICÁVEL,identity,ablation/tissue_classic_1229/images/stage_2_7219.jpg,ultralytics_curascan/datasets/estagio-nivel-12n-20-05-26/train/estagio_2/stage_2_7219.jpg
stage_2_72213,stage_2_72213,stage_2_72213.jpg,37c186927953fbb5055792f00dae479aca2e64bbe82a3af5211995288ceeea30,stage_2_72213.jpg,c153c41324452dcca1079116d78d8d326c9a3b2ef48d4a5e90ea1695ccafc6ba,name:stage_2_72213,train,estagio_3,nao_classificavel,estagio_3,0,0,1,1,0,NÃO CLASSIFICÁVEL,AMBAS,identity,ablation/tissue_classic_1229/images/stage_2_72213.jpg,ultralytics_curascan/datasets/estagio-nivel-34n-20-05-26/train/estagio_3/stage_2_72213.jpg
stage_2_7246,stage_2_7246,stage_2_7246.jpg,7a8c2649e5bab68ddb4e602dbe61cd817a4239a16dc16c30cd72bf2fe9b3915b,stage_2_7246.jpg,f8a33f24c9fc2d22ef7dbf076a0180012d8a76f61a9295e9b88c9e1fd27040ba,name:stage_2_7246,train,estagio_3,nao_classificavel,estagio_3,0,0,0,0,0,NÃO CLASSIFICÁVEL,NÃO CLASSIFICÁVEL,identity,ablation/tissue_classic_1229/images/stage_2_7246.jpg,ultralytics_curascan/datasets/estagio-nivel-34n-20-05-26/test/estagio_3/stage_2_7246.jpg
stage_2_74085,stage_2_74085,stage_2_74085.jpg,b33a7a055fdacdab913a29bbe6c2bccbed7201f1a9edcf59006c0d395fe20ee2,stage_2_74085.jpg,78b3e276bd74cca7f39957dbc2dd6c0a5506ebdf54d75736348287a840abde5d,name:stage_2_74085,train,nao_classificavel,nao_classificavel,nao_classificavel,0,0,0,1,1,NÃO CLASSIFICÁVEL,NECROSE SECA,identity,ablation/tissue_classic_1229/images/stage_2_74085.jpg,ultralytics_curascan/datasets/estagio-nivel-12n-20-05-26/train/nao_classificavel/stage_2_74085.jpg
stage_2_74112,stage_2_74112,stage_2_74112.jpg,7b4311a31029a3f4fbbf5a2b5798db9560b95350c004589a26f181e84558d51d,stage_2_74112.jpg,6ed1e155a90a3ba30fb7b93c74f5b536ab05f8220c3376b1b346cfb59222526d,name:stage_2_74112,train,estagio_3,nao_classificavel,estagio_3,0,0,0,0,0,NÃO CLASSIFICÁVEL,NÃO CLASSIFICÁVEL,identity,ablation/tissue_classic_1229/images/stage_2_74112.jpg,ultralytics_curascan/datasets/estagio-nivel-34n-20-05-26/train/estagio_3/stage_2_74112.jpg
stage_2_74508,stage_2_74508,stage_2_74508.jpg,7c0d1ea33c888f357351ed3b6d26d871add7519d5b1b272a19752d030513f315,stage_2_74508.jpg,e9bde7d6837f83f6292d6586e6a6b7a0aa8580e816c7c4a9fdbb3cc7dc9ed2e9,name:stage_2_74508,train,estagio_2,estagio_2,,0,0,0,0,0,NÃO CLASSIFICÁVEL,NÃO CLASSIFICÁVEL,identity,ablation/tissue_classic_1229/images/stage_2_74508.jpg,ultralytics_curascan/datasets/estagio-nivel-12n-20-05-26/test/estagio_2/stage_2_74508.jpg
stage_2_75238,stage_2_75238,stage_2_75238.jpg,12baf8754cffffa9920c5575192e78bb4a1a13e55790cae63d1bcd415136a9d4,stage_2_75238.jpg,1a5367436e3649afb0b3e397b15d3821463acb3b90721985941da09ca6e04654,name:stage_2_75238,train,estagio_3,nao_classificavel,estagio_3,0,0,1,0,1,NÃO CLASSIFICÁVEL,ESFACELO,identity,ablation/tissue_classic_1229/images/stage_2_75238.jpg,ultralytics_curascan/datasets/estagio-nivel-34n-20-05-26/train/estagio_3/stage_2_75238.jpg
stage_2_7529,stage_2_7529,stage_2_7529.jpg,c7a180d361035b04eb6f12a7024e343de00632b99a4be6a7730a2cb1d079e60d,stage_2_7529.jpg,56c567461a436ed5ac5de72dd525667e773af78e59781f45439feb276c50b337,name:stage_2_7529,train,estagio_2,estagio_2,,0,0,0,0,0,NÃO CLASSIFICÁVEL,NÃO CLASSIFICÁVEL,identity,ablation/tissue_classic_1229/images/stage_2_7529.jpg,ultralytics_curascan/datasets/estagio-nivel-12n-20-05-26/train/estagio_2/stage_2_7529.jpg
stage_2_7550,stage_2_7550,stage_2_7550.jpg,3c4141428a92a1a8acdf757e5d48252c8630e12febd6a8aa6deed63795e05cd4,stage_2_7550.jpg,732e3512fc39bc80b0f8aefa92a6bd6c6cbea370c069ea09e9ba919b5879d27a,name:stage_2_7550,train,estagio_2,estagio_2,,0,0,0,0,0,NÃO CLASSIFICÁVEL,NÃO CLASSIFICÁVEL,identity,ablation/tissue_classic_1229/images/stage_2_7550.jpg,ultralytics_curascan/datasets/estagio-nivel-12n-20-05-26/test/estagio_2/stage_2_7550.jpg
stage_2_75630,stage_2_75630,stage_2_75630.jpg,79f1531b7f5cc5ff38ea29b8372b3f428f5d429ec465ec9763cd4a21c60bb838,stage_2_75630.jpg,7c17c428564e256e3522ad896f7ecdc45a4898c83f207f325796856eac80e26f,name:stage_2_75630,train,estagio_3,nao_classificavel,estagio_3,0,1,0,0,0,GRANULAÇÃO,NÃO CLASSIFICÁVEL,identity,ablation/tissue_classic_1229/images/stage_2_75630.jpg,ultralytics_curascan/datasets/estagio-nivel-34n-20-05-26/train/estagio_3/stage_2_75630.jpg
stage_2_7656,stage_2_7656,stage_2_7656.jpg,8708ea28187a22b63a792479f5f82830fb7e9d1cbc9644d7cf8933d14117cb76,stage_2_7656.jpg,3fdc99108a205d244fadb7ef034f4ba8519bc52cf39fe41b5e84f108bb509cd0,name:stage_2_7656,train,estagio_3,nao_classificavel,estagio_3,0,0,0,0,0,NÃO CLASSIFICÁVEL,NÃO CLASSIFICÁVEL,identity,ablation/tissue_classic_1229/images/stage_2_7656.jpg,ultralytics_curascan/datasets/estagio-nivel-34n-20-05-26/train/estagio_3/stage_2_7656.jpg
stage_2_76738,stage_2_76738,stage_2_76738.jpg,de40695d72f0f74cb0eb8a1db3f902cb63f505ef1a090cfc4057f16ca9b2078e,stage_2_76738.jpg,532d1d22dcacf7e01643b2ce0602a49c2a02adce00c92a227c43b32ddbff153e,name:stage_2_76738,train,estagio_3,nao_classificavel,estagio_3,0,1,1,0,0,GRANULAÇÃO,ESFACELO,identity,ablation/tissue_classic_1229/images/stage_2_76738.jpg,ultralytics_curascan/datasets/estagio-nivel-34n-20-05-26/test/estagio_3/stage_2_76738.jpg
stage_2_7808,stage_2_7808,stage_2_7808.jpg,7e43bf1ec0a091bf623214e0403d00bc50ce71e7ae1cb8c10b8e97f9292eb447,stage_2_7808.jpg,5629d8987e048ee29e4bd2c430180e2c47992f7b596fe99cbb3cde15e7972e41,name:stage_2_7808,train,estagio_2,estagio_2,,0,0,0,0,0,NÃO CLASSIFICÁVEL,NÃO CLASSIFICÁVEL,identity,ablation/tissue_classic_1229/images/stage_2_7808.jpg,ultralytics_curascan/datasets/estagio-nivel-12n-20-05-26/val/estagio_2/stage_2_7808.jpg
stage_2_78867,stage_2_78867,stage_2_78867.jpg,31a096de35d642c18beb43646398b4b8f9ff767743b6188cf3aa4d7a06e03a1b,stage_2_78867.jpg,1fd86f692913aa664d9050798e653b56fc6d1a05603e334b1a59645f56c9fa7c,name:stage_2_78867,train,estagio_2,estagio_2,,0,0,0,0,0,NÃO CLASSIFICÁVEL,NÃO CLASSIFICÁVEL,identity,ablation/tissue_classic_1229/images/stage_2_78867.jpg,ultralytics_curascan/datasets/estagio-nivel-12n-20-05-26/train/estagio_2/stage_2_78867.jpg
stage_2_7919,stage_2_7919,stage_2_7919.jpg,e614a414c4d38cbd4322a1f106241aafda74906ecda25b74550d0232c94cdcb7,stage_2_7919.jpg,ae82186fbfd63105d7dd1e46807909869eed8cc7919b1950bcea72a51c17568b,name:stage_2_7919,train,estagio_2,estagio_2,,0,0,0,0,0,NÃO CLASSIFICÁVEL,NÃO CLASSIFICÁVEL,identity,ablation/tissue_classic_1229/images/stage_2_7919.jpg,ultralytics_curascan/datasets/estagio-nivel-12n-20-05-26/train/estagio_2/stage_2_7919.jpg
stage_2_7987,stage_2_7987,stage_2_7987.jpg,c216b1e2ea8e800b6b9fe63cd1fa5d5b1de0c14931eb292db731ba159c1c8e0f,stage_2_7987.jpg,bbe73a89d6e16111e51689b26007d9d311d83a15dad72cd7ff9c6e23c27775de,name:stage_2_7987,train,estagio_3,nao_classificavel,estagio_3,0,0,0,0,0,NÃO CLASSIFICÁVEL,NÃO CLASSIFICÁVEL,identity,ablation/tissue_classic_1229/images/stage_2_7987.jpg,ultralytics_curascan/datasets/estagio-nivel-34n-20-05-26/train/estagio_3/stage_2_7987.jpg
stage_2_8016,stage_2_8016,stage_2_8016.jpg,a426c315f67f3ca90120610f21c55979729a82c9006c53fba0b04100dae35e7e,stage_2_8016.jpg,794d91e50defbfd41214bfed4bde57bf9f1b7774e55c9746d8ae48140cb5fb0d,name:stage_2_8016,train,estagio_2,estagio_2,,0,0,0,0,0,NÃO CLASSIFICÁVEL,NÃO CLASSIFICÁVEL,identity,ablation/tissue_classic_1229/images/stage_2_8016.jpg,ultralytics_curascan/datasets/estagio-nivel-12n-20-05-26/train/estagio_2/stage_2_8016.jpg
109_0,109_0,109_0.jpg,6521a787be1a71b88507b965881d65572872c2df1a27c7b640ecb4a7b8fcd03d,109_0.jpg,45f7aca1d3f1ae5f0249b2aba0a5f37fa139ef063b1046b9789b89991b9dcf85,clinical:109,val,estagio_3,nao_classificavel,estagio_3,0,1,0,0,0,GRANULAÇÃO,NÃO CLASSIFICÁVEL,identity,ablation/tissue_classic_1229/images/109_0.jpg,ultralytics_curascan/datasets/estagio-nivel-34n-20-05-26/train/estagio_3/109_0.jpg
109_0 (2),109_0 (2),109_0 (2).jpg,04da15acb0297c91d82512dc7776fd9cc79fc6c20164d61b5fbbdb9ac8e5a4fa,109_0 (2).jpg,e6d3532179a24c9200e28de816b7130974259efc03574cd839e6a0333f6ff493,clinical:109,val,estagio_4,nao_classificavel,estagio_4,0,1,1,0,0,GRANULAÇÃO,ESFACELO,identity,ablation/tissue_classic_1229/images/109_0 (2).jpg,ultralytics_curascan/datasets/estagio-nivel-34n-20-05-26/train/estagio_4/109_0 (2).jpg
109_0 (3),109_0 (3),109_0 (3).jpg,e493065bebf8f3b2beca4fbf96c6e85f311f89f95071f8aac2b2c5e42a59c93a,109_0 (3).jpg,fe0ff1617616628751d56f05e180fd699f960fc139973ab4f3a5901b5a07c040,clinical:109,val,estagio_3,nao_classificavel,estagio_3,0,0,0,0,0,NÃO CLASSIFICÁVEL,NÃO CLASSIFICÁVEL,identity,ablation/tissue_classic_1229/images/109_0 (3).jpg,ultralytics_curascan/datasets/estagio-nivel-34n-20-05-26/test/estagio_3/109_0 (3).jpg
125_0 (2),125_0 (2),125_0 (2).jpg,08a84006e3c5650fdb9b31e4c63a77e379fcd4b02bf62efa65261c3f0c36e45d,125_0 (2).jpg,bfdededd94f2d50d585542359f5f5a8ea48a7aecbf783e6f5262c9bb40923c13,clinical:125,val,estagio_4,nao_classificavel,estagio_4,0,1,0,0,0,GRANULAÇÃO,NÃO CLASSIFICÁVEL,identity,ablation/tissue_classic_1229/images/125_0 (2).jpg,ultralytics_curascan/datasets/estagio-nivel-34n-20-05-26/train/estagio_4/125_0 (2).jpg
125_0 (3),125_0 (3),125_0 (3).jpg,1a5ea53aa4072998752e150b4672c4b7d4c626b2f286c58c586aeab8e026b015,125_0 (3).jpg,053b27730636f4d9a94ca1fb019debf8619a50d287fde7e102e200de8072ce28,clinical:125,val,estagio_4,nao_classificavel,estagio_4,0,1,1,0,0,GRANULAÇÃO,ESFACELO,identity,ablation/tissue_classic_1229/images/125_0 (3).jpg,ultralytics_curascan/datasets/estagio-nivel-34n-20-05-26/train/estagio_4/125_0 (3).jpg
134_0,134_0,134_0.jpg,8b09aa2bb7835c6273d0ff2585ded095660fbb60e5c7a53d8b4d84a92718447e,134_0.jpg,406a161b5dbbd3566d46dd564e5e842fb158a32ee4a152e70eebeda9263b9a52,clinical:134,val,estagio_1,estagio_1,,1,0,0,0,0,HIPEREMIA,NÃO CLASSIFICÁVEL,identity,ablation/tissue_classic_1229/images/134_0.jpg,ultralytics_curascan/datasets/estagio-nivel-12n-20-05-26/train/estagio_1/134_0.jpg
134_1,134_1,134_1.jpg,483da808fbe08f544010f25f1f210802c9d8168edcdbdc5f0c99edb32b0bd6e0,134_1.jpg,6b3760f8db1aaff125e77c11ae1df424bb7d14c459e2fc39c0381dc6944c3d1f,clinical:134,val,estagio_3,nao_classificavel,estagio_3,0,1,0,0,0,GRANULAÇÃO,NÃO CLASSIFICÁVEL,identity,ablation/tissue_classic_1229/images/134_1.jpg,ultralytics_curascan/datasets/estagio-nivel-34n-20-05-26/train/estagio_3/134_1.jpg
139_0 (2),139_0 (2),139_0 (2).jpg,64f4a5a7de2b944c6d1e3db66313b8e535b9eba1fe762572622a3f3664a8de4c,139_0 (2).jpg,710ba4b054aca35dbb29bb06b5724907440ba3ee44f107a2f52f4e5c8d63a760,clinical:139,val,estagio_2,estagio_2,,0,0,0,0,0,NÃO CLASSIFICÁVEL,NÃO CLASSIFICÁVEL,identity,ablation/tissue_classic_1229/images/139_0 (2).jpg,ultralytics_curascan/datasets/estagio-nivel-12n-20-05-26/train/estagio_2/139_0 (2).jpg
145_0,145_0,145_0.jpg,a8fce05c08ddaa63aed3c5d0e308cb38f7ffa39150e52bf94e70e3fe4aabf5cb,145_0.jpg,ae2e3c52e5ceaadc1d36335d07462a5fbbc67c7c28dd5d4dd57263ec13304df8,clinical:145,val,estagio_2,estagio_2,,0,0,0,0,0,NÃO CLASSIFICÁVEL,NÃO CLASSIFICÁVEL,identity,ablation/tissue_classic_1229/images/145_0.jpg,ultralytics_curascan/datasets/estagio-nivel-12n-20-05-26/train/estagio_2/145_0.jpg
153_0,153_0,153_0.jpg,52c2c9e5153644e6ba37434524b9f55f382cc6d44f941ff75486ef2789395f86,153_0.jpg,455da4837ca33b6ff2287421675a0721134d1cc147915e094772a3cb0b6741bf,clinical:153,val,estagio_3,nao_classificavel,estagio_3,0,1,1,0,0,GRANULAÇÃO,ESFACELO,identity,ablation/tissue_classic_1229/images/153_0.jpg,ultralytics_curascan/datasets/estagio-nivel-34n-20-05-26/train/estagio_3/153_0.jpg
153_0 (2),153_0 (2),153_0 (2).jpg,7b32f91056273eda70338ee8a2118b47ab3bb58395967bccdd671593659be52e,153_0 (2).jpg,2dedfe48f80b6372bb313e1b65c3c1579b271cec16fb41a96fe64a6181dd7975,clinical:153,val,estagio_2,estagio_2,,0,1,0,0,0,GRANULAÇÃO,NÃO CLASSIFICÁVEL,identity,ablation/tissue_classic_1229/images/153_0 (2).jpg,ultralytics_curascan/datasets/estagio-nivel-12n-20-05-26/train/estagio_2/153_0 (2).jpg
26_0 (2),26_0 (2),26_0 (2).jpg,aa6da81efea1c223c5ddddd63f7a2216d89586497b760a5bda2352856808ede3,26_0 (2).jpg,6b691cf2b6f24526051e5ac0921d34343da4d837f146cc893579c4fb9f87d2a2,clinical:26,val,estagio_3,nao_classificavel,estagio_3,0,1,1,0,0,GRANULAÇÃO,ESFACELO,identity,ablation/tissue_classic_1229/images/26_0 (2).jpg,ultralytics_curascan/datasets/estagio-nivel-34n-20-05-26/val/estagio_3/26_0 (2).jpg
26_0 (3),26_0 (3),26_0 (3).jpg,231b600921ceb5644dde94db7b4d6023bdd83c5ed29d89b3b39d125ebb4d30d6,26_0 (3).jpg,3a0a29d856ea37c72352d0f7a55161362d28e68e14899d08300f9f4847208410,clinical:26,val,estagio_3,nao_classificavel,estagio_3,0,0,0,0,0,NÃO CLASSIFICÁVEL,NÃO CLASSIFICÁVEL,identity,ablation/tissue_classic_1229/images/26_0 (3).jpg,ultralytics_curascan/datasets/estagio-nivel-34n-20-05-26/test/estagio_3/26_0 (3).jpg
26_0 (4),26_0 (4),26_0 (4).jpg,d8dabb97f9f63059acc2aebf231197d3b53adae383de447896fd544ad99c4a74,26_0 (4).jpg,9e3849ba46f0e7829c25da6ade54c4abc1d8decf1eed737ac7ea03df2e684d89,clinical:26,val,estagio_3,nao_classificavel,estagio_3,0,0,0,0,0,NÃO CLASSIFICÁVEL,NÃO CLASSIFICÁVEL,identity,ablation/tissue_classic_1229/images/26_0 (4).jpg,ultralytics_curascan/datasets/estagio-nivel-34n-20-05-26/train/estagio_3/26_0 (4).jpg
26_1 (2),26_1 (2),26_1 (2).jpg,ffaa8bda1a242e7b8539f09682f2af9d763ac74ebc836dde884a3ff52e2c5cdb,26_1 (2).jpg,ac563dffcb2ce0511e54a3ac285d47a8a2f1df62b297e2631cf23cfb02387e0d,clinical:26,val,estagio_3,nao_classificavel,estagio_3,0,0,1,0,0,NÃO CLASSIFICÁVEL,ESFACELO,identity,ablation/tissue_classic_1229/images/26_1 (2).jpg,ultralytics_curascan/datasets/estagio-nivel-34n-20-05-26/test/estagio_3/26_1 (2).jpg
32_0,32_0,32_0.jpg,e85cdd5b6e09577a293cc89c9db37d59444b4cdc062608fcb9b8c4d4259578cc,32_0.jpg,d03efeb080e949c02c7d551c8cd5d565e06dfa467817840cc614d53c33596a11,clinical:32,val,estagio_3,nao_classificavel,estagio_3,0,0,0,0,0,NÃO CLASSIFICÁVEL,NÃO CLASSIFICÁVEL,identity,ablation/tissue_classic_1229/images/32_0.jpg,ultralytics_curascan/datasets/estagio-nivel-34n-20-05-26/train/estagio_3/32_0.jpg
32_0 (2),32_0 (2),32_0 (2).jpg,c63eab9593f3dd8a0203c54f2c9a9a1c0436d010f69a9b3d680cd0978679a850,32_0 (2).jpg,4096b17c9191e03ee140e43bde8e07a0a63a970b59abc5ffa84bbf9622917890,clinical:32,val,estagio_3,nao_classificavel,estagio_3,0,0,0,0,0,NÃO CLASSIFICÁVEL,NÃO CLASSIFICÁVEL,identity,ablation/tissue_classic_1229/images/32_0 (2).jpg,ultralytics_curascan/datasets/estagio-nivel-34n-20-05-26/train/estagio_3/32_0 (2).jpg
32_0 (3),32_0 (3),32_0 (3).jpg,45b386db1dcc7d0126c7e160207613fb7961dc86d3e98ff7f01c685dda7c263d,32_0 (3).jpg,9c97b472ac6b6b8c79dd0e5a24058c75d759e81fe77b7e711eeaebc5ce9a4d1f,clinical:32,val,estagio_3,nao_classificavel,estagio_3,0,1,0,0,0,GRANULAÇÃO,NÃO CLASSIFICÁVEL,identity,ablation/tissue_classic_1229/images/32_0 (3).jpg,ultralytics_curascan/datasets/estagio-nivel-34n-20-05-26/train/estagio_3/32_0 (3).jpg
32_0 (4),32_0 (4),32_0 (4).jpg,1a76e0f714b277c81dfbec384e0a16f5954c40be3103c3077c2fbe0c3ef8d5ea,32_0 (4).jpg,e4f025d677d25712fbb9f91a56ed35c297c17361e1b5740d74a6b1c708220f61,clinical:32,val,estagio_3,nao_classificavel,estagio_3,0,1,1,0,0,GRANULAÇÃO,ESFACELO,identity,ablation/tissue_classic_1229/images/32_0 (4).jpg,ultralytics_curascan/datasets/estagio-nivel-34n-20-05-26/test/estagio_3/32_0 (4).jpg
32_1,32_1,32_1.jpg,479764caae82044511d522c2636907704ecd0ac9a8f5266a9572df000a2743f7,32_1.jpg,b06b41a46dd59075d8247c6afb8cb1a51bf6c06b197383b3246ce49f60dfc1de,clinical:32,val,estagio_3,nao_classificavel,estagio_3,0,1,0,0,0,GRANULAÇÃO,NÃO CLASSIFICÁVEL,identity,ablation/tissue_classic_1229/images/32_1.jpg,ultralytics_curascan/datasets/estagio-nivel-34n-20-05-26/val/estagio_3/32_1.jpg
43_0 (2),43_0 (2),43_0 (2).jpg,6703f0a1db69c08d8d410eb49c862b3f08ffc7f68966c282738c0a5e597806f6,43_0 (2).jpg,704147ec962e53d41c965b6dbee942c36f5f5bdee75e2fd1264d074c40c15fa6,clinical:43,val,estagio_3,nao_classificavel,estagio_3,0,1,1,0,0,GRANULAÇÃO,ESFACELO,identity,ablation/tissue_classic_1229/images/43_0 (2).jpg,ultralytics_curascan/datasets/estagio-nivel-34n-20-05-26/val/estagio_3/43_0 (2).jpg
43_0 (3),43_0 (3),43_0 (3).jpg,3311a7cc81353fe61f8b2d5d5b1d21a5c4001aee654c76da71cea3c73067972a,43_0 (3).jpg,2b144c9b2f673bd37ed1f21683f2fd5b800126bca7992d80e64c4a405ace58e6,clinical:43,val,estagio_2,estagio_2,,0,1,0,0,0,GRANULAÇÃO,NÃO CLASSIFICÁVEL,identity,ablation/tissue_classic_1229/images/43_0 (3).jpg,ultralytics_curascan/datasets/estagio-nivel-12n-20-05-26/train/estagio_2/43_0 (3).jpg
43_0 (4),43_0 (4),43_0 (4).jpg,12243c9b1b1bf8bfd929110ca456f24b28fb19866dfbd98bec19d82b979d0fb1,43_0 (4).jpg,8aadb7aa6802ecd5bdfa1f0a56675852ddb36233b90bf5601c9f4a3d32c9b259,clinical:43,val,estagio_2,estagio_2,,0,0,0,0,0,NÃO CLASSIFICÁVEL,NÃO CLASSIFICÁVEL,identity,ablation/tissue_classic_1229/images/43_0 (4).jpg,ultralytics_curascan/datasets/estagio-nivel-12n-20-05-26/train/estagio_2/43_0 (4).jpg
48_0,48_0,48_0.jpg,048d786ca9869bd6c864c51de854239443024052c1746ee4bca6a460a606e9d3,48_0.jpg,8699943c8342ca2e1506132125c5333bc3ffdbfc4bb60d1ad5b0dacc0194da79,clinical:48,val,estagio_3,nao_classificavel,estagio_3,0,1,0,0,0,GRANULAÇÃO,NÃO CLASSIFICÁVEL,identity,ablation/tissue_classic_1229/images/48_0.jpg,ultralytics_curascan/datasets/estagio-nivel-34n-20-05-26/train/estagio_3/48_0.jpg
48_0 (2),48_0 (2),48_0 (2).jpg,2402b46d5d5771cec0261f8de50e021c43c55177d6314b666e9e5b089da5c89a,48_0 (2).jpg,26b2381390907ef5b5f338476db6e45de107bc807ae606b574d54597c9b17cb4,clinical:48,val,estagio_3,nao_classificavel,estagio_3,0,1,0,0,0,GRANULAÇÃO,NÃO CLASSIFICÁVEL,identity,ablation/tissue_classic_1229/images/48_0 (2).jpg,ultralytics_curascan/datasets/estagio-nivel-34n-20-05-26/train/estagio_3/48_0 (2).jpg
48_0 (3),48_0 (3),48_0 (3).jpg,decee6b54702b38af4e7ab31d215462e0ce9a6ca094774fd30f91786874f5820,48_0 (3).jpg,a1da797096a32b0796be423cfd2dadbcf187687e384440d3b722a3212f285e9e,clinical:48,val,estagio_3,nao_classificavel,estagio_3,0,1,0,0,0,GRANULAÇÃO,NÃO CLASSIFICÁVEL,identity,ablation/tissue_classic_1229/images/48_0 (3).jpg,ultralytics_curascan/datasets/estagio-nivel-34n-20-05-26/train/estagio_3/48_0 (3).jpg
48_0 (4),48_0 (4),48_0 (4).jpg,702f36e370875808268e373f46deed50a993d1cc07e9f1e42bc3a0658e11b93f,48_0 (4).jpg,18c7bdff012631cdd51a5a218795d465235b9247cb5dbcc7ba8283dcf56336ed,clinical:48,val,estagio_3,nao_classificavel,estagio_3,0,0,0,0,0,NÃO CLASSIFICÁVEL,NÃO CLASSIFICÁVEL,identity,ablation/tissue_classic_1229/images/48_0 (4).jpg,ultralytics_curascan/datasets/estagio-nivel-34n-20-05-26/train/estagio_3/48_0 (4).jpg
48_1,48_1,48_1.jpg,ed616d36925519294928358b952e53926f42c31058c85395ed0738f7ebb29de9,48_1.jpg,4f50fa0ce679572afe692685c3c9d99741f870e020843d94355b2821ee83b2ec,clinical:48,val,estagio_4,nao_classificavel,estagio_4,0,1,0,0,0,GRANULAÇÃO,NÃO CLASSIFICÁVEL,identity,ablation/tissue_classic_1229/images/48_1.jpg,ultralytics_curascan/datasets/estagio-nivel-34n-20-05-26/train/estagio_4/48_1.jpg
48_2,48_2,48_2.jpg,5a6fde5c01010beb3e0314983e0eadde6d97314af535ea945bdd3ecbeaf09307,48_2.jpg,ecc6131ad8bab6598a85fcd72a21a8d13dc8d60a9cbf6da45dbbecca3e051d12,clinical:48,val,estagio_3,nao_classificavel,estagio_3,0,1,0,0,0,GRANULAÇÃO,NÃO CLASSIFICÁVEL,identity,ablation/tissue_classic_1229/images/48_2.jpg,ultralytics_curascan/datasets/estagio-nivel-34n-20-05-26/train/estagio_3/48_2.jpg
48_3,48_3,48_3.jpg,cf9f5cce44bcff0e2fd95151dcf0ff032ba2d3d8ad4dad3e1e1099de96f5c374,48_3.jpg,44e3e80e8afcd2bb6a20a9225486e6e085061ad28ed16007c3ee3aae52dcb04b,clinical:48,val,estagio_2,estagio_2,,0,0,0,0,0,NÃO CLASSIFICÁVEL,NÃO CLASSIFICÁVEL,identity,ablation/tissue_classic_1229/images/48_3.jpg,ultralytics_curascan/datasets/estagio-nivel-12n-20-05-26/test/estagio_2/48_3.jpg
53_0 (2),53_0 (2),53_0 (2).jpg,616d77af73c50bd4c93d78076c8e366a60d720822bbb3983aa66693f9278b2c0,53_0 (2).jpg,d281b084af54b29c8546b6d6fb6ac90832bba46afec127698e23c692f754feec,clinical:53,val,estagio_3,nao_classificavel,estagio_3,0,1,0,1,0,GRANULAÇÃO,NECROSE SECA,identity,ablation/tissue_classic_1229/images/53_0 (2).jpg,ultralytics_curascan/datasets/estagio-nivel-34n-20-05-26/val/estagio_3/53_0 (2).jpg
53_0 (3),53_0 (3),53_0 (3).jpg,c2e0d1524e861a06d64aa54fb31b86961cc6a503b8e00c9cd367ae12922eed41,53_0 (3).jpg,9253e6faf104a608b90f7bbb0675c64bb8ce5214d9a73efbdf5baaa75cb60cef,clinical:53,val,estagio_3,nao_classificavel,estagio_3,0,1,1,0,0,GRANULAÇÃO,ESFACELO,identity,ablation/tissue_classic_1229/images/53_0 (3).jpg,ultralytics_curascan/datasets/estagio-nivel-34n-20-05-26/train/estagio_3/53_0 (3).jpg
53_1,53_1,53_1.jpg,e43a56e1f0e434e013e095da4e8ccd9b3467e8d7bc187a1e8a9173bfe0d1c698,53_1.jpg,0d0ae3d0bffd23c1eee3ad4a50883e320a1c3e9c1a3fc7d3fcdb2d58908e62dc,clinical:53,val,estagio_3,nao_classificavel,estagio_3,0,1,0,0,0,GRANULAÇÃO,NÃO CLASSIFICÁVEL,identity,ablation/tissue_classic_1229/images/53_1.jpg,ultralytics_curascan/datasets/estagio-nivel-34n-20-05-26/train/estagio_3/53_1.jpg
53_2,53_2,53_2.jpg,82bbfa4885a13bfa3ef638e4956b23b27a18322aeb702893a694024c15ec81b8,53_2.jpg,08425e273bb1f496bb7be639a03d700ca44bd706072779b188fe77b33944d4cb,clinical:53,val,estagio_2,estagio_2,,1,0,0,0,0,HIPEREMIA,NÃO CLASSIFICÁVEL,identity,ablation/tissue_classic_1229/images/53_2.jpg,ultralytics_curascan/datasets/estagio-nivel-12n-20-05-26/train/estagio_2/53_2.jpg
53_4,53_4,53_4.jpg,06e45aea87259b1592afac1bce75f4ff6555a0d3b7a6291ff614fdd71afe2a7d,53_4.jpg,d909d70361a72569a604bb071108556e8de34be24f1389039b2d5222c4da2567,clinical:53,val,estagio_3,nao_classificavel,estagio_3,1,1,0,0,0,AMBAS,NÃO CLASSIFICÁVEL,identity,ablation/tissue_classic_1229/images/53_4.jpg,ultralytics_curascan/datasets/estagio-nivel-34n-20-05-26/train/estagio_3/53_4.jpg
56_0 (2),56_0 (2),56_0 (2).jpg,f3ceb49b6a442dc8b7dfdf46191fa599cdc078ca3f8201272dbc32deb402a723,56_0 (2).jpg,c981fb2462295cfa7029721c677275a43ac0b7e33e62645d45a145d7d360ce89,clinical:56,val,estagio_3,nao_classificavel,estagio_3,0,0,0,0,0,NÃO CLASSIFICÁVEL,NÃO CLASSIFICÁVEL,identity,ablation/tissue_classic_1229/images/56_0 (2).jpg,ultralytics_curascan/datasets/estagio-nivel-34n-20-05-26/train/estagio_3/56_0 (2).jpg
56_0 (3),56_0 (3),56_0 (3).jpg,3ea0c09a82f69298e68cefb3c7a6aecf7a69490e759b158e8a752e0ef916c6d2,56_0 (3).jpg,c572c2e8a093c2147b65c2826e850afc395e3ddcde6f2a60d9120d3c33a8df7f,clinical:56,val,estagio_3,nao_classificavel,estagio_3,1,0,0,0,0,HIPEREMIA,NÃO CLASSIFICÁVEL,identity,ablation/tissue_classic_1229/images/56_0 (3).jpg,ultralytics_curascan/datasets/estagio-nivel-34n-20-05-26/test/estagio_3/56_0 (3).jpg
56_0 (4),56_0 (4),56_0 (4).jpg,83369ebc1035a4ffff583a606098fede15c2a6f69c2d6401157b3e307c90ebb6,56_0 (4).jpg,0c9a5e4d9a6e8f982306291452cd83f0c5ed18de1629a155d14b42825bdf851b,clinical:56,val,estagio_2,estagio_2,,1,0,0,0,0,HIPEREMIA,NÃO CLASSIFICÁVEL,identity,ablation/tissue_classic_1229/images/56_0 (4).jpg,ultralytics_curascan/datasets/estagio-nivel-12n-20-05-26/test/estagio_2/56_0 (4).jpg
56_1,56_1,56_1.jpg,2ce326419d678dea737ef3b2c42abf0b9eac8c3644854d2798d2ef04a013d375,56_1.jpg,20c8bed2a8c6c8ed3c2624c030150d1fe4dbaeef5a641c3044cead6e7814fad6,clinical:56,val,estagio_2,estagio_2,,0,1,0,0,0,GRANULAÇÃO,NÃO CLASSIFICÁVEL,identity,ablation/tissue_classic_1229/images/56_1.jpg,ultralytics_curascan/datasets/estagio-nivel-12n-20-05-26/test/estagio_2/56_1.jpg
56_1 (2),56_1 (2),56_1 (2).jpg,c4bfad0d2e8179810c87a921b4f2b3f16921381b50bc47b0b6edea1b1e618540,56_1 (2).jpg,6d64342567f5140bca154eecffe9147686e25c504b206e30e954515770660362,clinical:56,val,estagio_3,nao_classificavel,estagio_3,0,1,0,0,0,GRANULAÇÃO,NÃO CLASSIFICÁVEL,identity,ablation/tissue_classic_1229/images/56_1 (2).jpg,ultralytics_curascan/datasets/estagio-nivel-34n-20-05-26/val/estagio_3/56_1 (2).jpg
56_2,56_2,56_2.jpg,4660755c8f96ff86a6a48b6f9e5889e3961b7487db1f25800d2b66af24f5ada5,56_2.jpg,f5f355bcfa95173953a61d6a772032350a3c916baf2054dca7473a350d49ae26,clinical:56,val,estagio_3,nao_classificavel,estagio_3,0,1,0,0,0,GRANULAÇÃO,NÃO CLASSIFICÁVEL,identity,ablation/tissue_classic_1229/images/56_2.jpg,ultralytics_curascan/datasets/estagio-nivel-34n-20-05-26/train/estagio_3/56_2.jpg
67_0 (2),67_0 (2),67_0 (2).jpg,bc232095da98f2b100314f4d7fb931d0815fcf55b927301d691dfa492439f896,67_0 (2).jpg,c15f2946fdb11b366caa5ff5b141a2fe379858a23f4607270ff480c14b397f6a,clinical:67,val,estagio_4,nao_classificavel,estagio_4,0,1,0,0,0,GRANULAÇÃO,NÃO CLASSIFICÁVEL,identity,ablation/tissue_classic_1229/images/67_0 (2).jpg,ultralytics_curascan/datasets/estagio-nivel-34n-20-05-26/val/estagio_4/67_0 (2).jpg
67_0 (3),67_0 (3),67_0 (3).jpg,a5e0783888b3351c6d86bf375aef8a5d24b1e5fa1e5699b39a8349d29365e9d2,67_0 (3).jpg,e370b1ebf1ce705f27f4b58f5ff6f2de896648f334001bd8a83a1e04876e07cc,clinical:67,val,estagio_3,nao_classificavel,estagio_3,0,0,1,0,0,NÃO CLASSIFICÁVEL,ESFACELO,identity,ablation/tissue_classic_1229/images/67_0 (3).jpg,ultralytics_curascan/datasets/estagio-nivel-34n-20-05-26/train/estagio_3/67_0 (3).jpg
67_1,67_1,67_1.jpg,efe2e06d3bc926d749f70ad193271b41647c06c2df928799e1767b50c439432d,67_1.jpg,a4322c02824046d9e9ac9c7e5f564766e7f359c34602f87b72281c7a66ae7306,clinical:67,val,estagio_3,nao_classificavel,estagio_3,0,1,1,0,0,GRANULAÇÃO,ESFACELO,identity,ablation/tissue_classic_1229/images/67_1.jpg,ultralytics_curascan/datasets/estagio-nivel-34n-20-05-26/train/estagio_3/67_1.jpg
67_1 (2),67_1 (2),67_1 (2).jpg,27214d24d4ecea61307767d641a9463f81e6c8966f392441b8bce50a113bd341,67_1 (2).jpg,52dd823f89533cee16f6c341103780ea0b5955755771cbdd0195b87791de3f78,clinical:67,val,estagio_2,estagio_2,,1,0,0,0,0,HIPEREMIA,NÃO CLASSIFICÁVEL,identity,ablation/tissue_classic_1229/images/67_1 (2).jpg,ultralytics_curascan/datasets/estagio-nivel-12n-20-05-26/train/estagio_2/67_1 (2).jpg
79_0,79_0,79_0.jpg,18446b913f7b5389e038f4dc28ea7e2b8cfe1332b5da220c1bc2e6382da797ac,79_0.jpg,907dc9c0b52d93b1b851009a4a5c9cf47223a69fdbb8c51e77367bd67700013a,clinical:79,val,estagio_3,nao_classificavel,estagio_3,0,1,1,0,0,GRANULAÇÃO,ESFACELO,identity,ablation/tissue_classic_1229/images/79_0.jpg,ultralytics_curascan/datasets/estagio-nivel-34n-20-05-26/train/estagio_3/79_0.jpg
79_0 (2),79_0 (2),79_0 (2).jpg,fd5138dbf15f3d85efe00e04109b221b5485695d201b0da60b033e55557eb641,79_0 (2).jpg,0d8c3e5e48beb2ea5042b6e56313729592605fbed7fdf398914d48b7bc3c15d7,clinical:79,val,estagio_3,nao_classificavel,estagio_3,0,0,0,0,0,NÃO CLASSIFICÁVEL,NÃO CLASSIFICÁVEL,identity,ablation/tissue_classic_1229/images/79_0 (2).jpg,ultralytics_curascan/datasets/estagio-nivel-34n-20-05-26/test/estagio_3/79_0 (2).jpg
79_0 (3),79_0 (3),79_0 (3).jpg,81bf913c3657b0bb3ab1696adb17f3f68c8682f7095fc3803df8ec166f8e38e9,79_0 (3).jpg,fcfef525c8c026167de4f7a6c19653333e4737f303be5d403e0dde50480683c1,clinical:79,val,estagio_3,nao_classificavel,estagio_3,0,0,0,0,0,NÃO CLASSIFICÁVEL,NÃO CLASSIFICÁVEL,identity,ablation/tissue_classic_1229/images/79_0 (3).jpg,ultralytics_curascan/datasets/estagio-nivel-34n-20-05-26/train/estagio_3/79_0 (3).jpg
79_0 (4),79_0 (4),79_0 (4).jpg,7ddafe2c8c5f4403d4f49f7af1817a9e1988506f54afdd0e50823f08508a05ed,79_0 (4).jpg,118bb3fe0f3a21c0605ce4990c80dc743c7c6820f42a4c4a057c3957f9d2dc6b,clinical:79,val,estagio_3,nao_classificavel,estagio_3,0,0,1,0,0,NÃO CLASSIFICÁVEL,ESFACELO,identity,ablation/tissue_classic_1229/images/79_0 (4).jpg,ultralytics_curascan/datasets/estagio-nivel-34n-20-05-26/val/estagio_3/79_0 (4).jpg
88_0,88_0,88_0.jpg,5f755a4cb190cfe4294704980b7dad60b51b1807bcffc20e2df73e91aa33bd6b,88_0.jpg,cf825a76511c4166c028d29b5dfa05f5501d7ac30b8fa34776fa31f5f279307f,clinical:88,val,estagio_3,nao_classificavel,estagio_3,0,1,0,0,0,GRANULAÇÃO,NÃO CLASSIFICÁVEL,identity,ablation/tissue_classic_1229/images/88_0.jpg,ultralytics_curascan/datasets/estagio-nivel-34n-20-05-26/train/estagio_3/88_0.jpg
88_0 (2),88_0 (2),88_0 (2).jpg,992a761fc56d083e8b38877c4f5abb66cb3c662fe422226b4a5a5ef913076b36,88_0 (2).jpg,b186b8c259f9c86507ccd194b164685a393e39ba6f5045c5d84481a7dd1b51ad,clinical:88,val,estagio_3,nao_classificavel,estagio_3,0,0,1,0,0,NÃO CLASSIFICÁVEL,ESFACELO,identity,ablation/tissue_classic_1229/images/88_0 (2).jpg,ultralytics_curascan/datasets/estagio-nivel-34n-20-05-26/test/estagio_3/88_0 (2).jpg
88_0 (3),88_0 (3),88_0 (3).jpg,ba3aa63a4d23041040fd3e9d187f4b8df4a3e321d7d9da6a38c714b02ddee3a7,88_0 (3).jpg,d278f85a5eaafcfb74e90670ddc5dba0f488fae3bb86f86398712865efb09d08,clinical:88,val,estagio_2,estagio_2,,0,0,0,0,0,NÃO CLASSIFICÁVEL,NÃO CLASSIFICÁVEL,identity,ablation/tissue_classic_1229/images/88_0 (3).jpg,ultralytics_curascan/datasets/estagio-nivel-12n-20-05-26/train/estagio_2/88_0 (3).jpg
89_0,89_0,89_0.jpg,dbe573b27bbf93470d83618bab9a3a74a66cf037a7789b7ce7f6e899adcd3257,89_0.jpg,155fa2c3b8ee50728db5ceebc264abd44ea959baa837c2e7236eda62d8ea60a9,clinical:89,val,estagio_2,estagio_2,,0,1,1,0,0,GRANULAÇÃO,ESFACELO,identity,ablation/tissue_classic_1229/images/89_0.jpg,ultralytics_curascan/datasets/estagio-nivel-12n-20-05-26/train/estagio_2/89_0.jpg
89_0 (2),89_0 (2),89_0 (2).jpg,8126550381ff98be153551b0f11d1d701f2bdfee95c0900dbfe6e16109eb0980,89_0 (2).jpg,e79fd3b80f1e52f9960b66deab253c43667e64f31e1b051288e358b7d68e7066,clinical:89,val,estagio_2,estagio_2,,0,0,0,0,0,NÃO CLASSIFICÁVEL,NÃO CLASSIFICÁVEL,identity,ablation/tissue_classic_1229/images/89_0 (2).jpg,ultralytics_curascan/datasets/estagio-nivel-12n-20-05-26/train/estagio_2/89_0 (2).jpg
89_0 (4),89_0 (4),89_0 (4).jpg,191f8484a2c9b0ab07f2186c6c1ba699fc5bf0f0bafbdf13b4ad5e66819e0571,89_0 (4).jpg,c1500373b935543a70722e562c333e788d69bf2d622df13121c80bca2c0f8e85,clinical:89,val,estagio_2,estagio_2,,0,0,0,0,0,NÃO CLASSIFICÁVEL,NÃO CLASSIFICÁVEL,identity,ablation/tissue_classic_1229/images/89_0 (4).jpg,ultralytics_curascan/datasets/estagio-nivel-12n-20-05-26/train/estagio_2/89_0 (4).jpg
98_0 (2),98_0 (2),98_0 (2).jpg,e797976c4b883b3b9622f01ea953cc58d5eece04ca22b6b9cccc829570f43e3e,98_0 (2).jpg,c7eeb563b0ee0c1c0db86374dca904741ed753d6dac0cc4076e6cf413652d15b,clinical:98,val,estagio_3,nao_classificavel,estagio_3,0,0,1,0,0,NÃO CLASSIFICÁVEL,ESFACELO,identity,ablation/tissue_classic_1229/images/98_0 (2).jpg,ultralytics_curascan/datasets/estagio-nivel-34n-20-05-26/train/estagio_3/98_0 (2).jpg
98_1,98_1,98_1.jpg,77c4fb8d9f6342ad6d0e079504f1290d29f56733f3e3eae4dfb62c78967a12b7,98_1.jpg,dcc6d0a8df943e78a1188b7a299f350038bdf590f737457e944ab1c06fdd991e,clinical:98,val,estagio_2,estagio_2,,0,0,0,0,0,NÃO CLASSIFICÁVEL,NÃO CLASSIFICÁVEL,identity,ablation/tissue_classic_1229/images/98_1.jpg,ultralytics_curascan/datasets/estagio-nivel-12n-20-05-26/train/estagio_2/98_1.jpg
stage_1_14215,stage_1_14215,stage_1_14215.jpg,5359e8888bd9711031946c0ed85acb60eda0bca979d61cc600755901eb13b66a,stage_1_14215.jpg,90e3a5cc0b7d54cf967eaeb4087222a5c1bb87f08c024802d9119cb272dccb0d,name:stage_1_14215,val,estagio_1,estagio_1,,1,0,0,0,0,HIPEREMIA,NÃO CLASSIFICÁVEL,identity,ablation/tissue_classic_1229/images/stage_1_14215.jpg,ultralytics_curascan/datasets/estagio-nivel-12n-20-05-26/train/estagio_1/stage_1_14215.jpg
stage_1_14325,stage_1_14325,stage_1_14325.jpg,611b3781bba706188c22658be72753e576ba49b71ed393b1ce1c67dc3bcae29a,stage_1_14325.jpg,670854d0f71b0e1cca76750e178c45982b97516e8af2cbddcbc0bee5e586b781,name:stage_1_14325,val,estagio_1,estagio_1,,1,0,0,0,0,HIPEREMIA,NÃO CLASSIFICÁVEL,identity,ablation/tissue_classic_1229/images/stage_1_14325.jpg,ultralytics_curascan/datasets/estagio-nivel-12n-20-05-26/val/estagio_1/stage_1_14325.jpg
stage_1_15380,stage_1_15380,stage_1_15380.jpg,52419b5cc3fe1327d1fa44fa9cc4eb9e165e377f5d99fd6f7eab39dc53ca6668,stage_1_15380.jpg,0ae4b070f41d72f067c45a5bb8fd9a0ccf9737595605e41feee0fee89d22ba3e,name:stage_1_15380,val,estagio_1,estagio_1,,1,0,0,0,0,HIPEREMIA,NÃO CLASSIFICÁVEL,identity,ablation/tissue_classic_1229/images/stage_1_15380.jpg,ultralytics_curascan/datasets/estagio-nivel-12n-20-05-26/train/estagio_1/stage_1_15380.jpg
stage_1_25731,stage_1_25731,stage_1_25731.jpg,ff8df2f12eb7af881b7aaf7b95a87bd12aed86676778c5b4327726918df0df13,stage_1_25731.jpg,10fd2ab7a464088eeea9c5787f686e471a9b938d08acd44308e5adefdbaaebd6,name:stage_1_25731,val,estagio_1,estagio_1,,1,0,0,0,0,HIPEREMIA,NÃO CLASSIFICÁVEL,identity,ablation/tissue_classic_1229/images/stage_1_25731.jpg,ultralytics_curascan/datasets/estagio-nivel-12n-20-05-26/train/estagio_1/stage_1_25731.jpg
stage_1_27512,stage_1_27512,stage_1_27512.jpg,2500603b0aa5acb0dc5ac047925c19dfe497ca77cd3786fe78daf1aaa7b79252,stage_1_27512.jpg,bcbe1447d07224399343f942cca94729053b973257c765c80b250c9f228f10ca,name:stage_1_27512,val,estagio_1,estagio_1,,1,0,0,0,0,HIPEREMIA,NÃO CLASSIFICÁVEL,identity,ablation/tissue_classic_1229/images/stage_1_27512.jpg,ultralytics_curascan/datasets/estagio-nivel-12n-20-05-26/test/estagio_1/stage_1_27512.jpg
stage_1_28983,stage_1_28983,stage_1_28983.jpg,82e7a32cadd1d5cd6c530f523fd1ddb2081061b6a16a4e9d15f0a267255f4a2a,stage_1_28983.jpg,c18bfa06d5f9acda033b7f43b3d5c6f85a2f4857b26f37afb674a934db24ac82,name:stage_1_28983,val,estagio_1,estagio_1,,1,0,0,0,0,HIPEREMIA,NÃO CLASSIFICÁVEL,identity,ablation/tissue_classic_1229/images/stage_1_28983.jpg,ultralytics_curascan/datasets/estagio-nivel-12n-20-05-26/train/estagio_1/stage_1_28983.jpg
stage_1_3082,stage_1_3082,stage_1_3082.jpg,0a9bc44398048e2ed22b976faf0881495d6349e8e11c99bc2ea6bc3c9444800a,stage_1_3082.jpg,9c35e76aa131973601b086f88fc8035e5c182478570cf0a7bfd77fb7eef5ebca,name:stage_1_3082,val,estagio_1,estagio_1,,1,0,0,0,0,HIPEREMIA,NÃO CLASSIFICÁVEL,identity,ablation/tissue_classic_1229/images/stage_1_3082.jpg,ultralytics_curascan/datasets/estagio-nivel-12n-20-05-26/train/estagio_1/stage_1_3082.jpg
stage_1_31880,stage_1_31880,stage_1_31880.jpg,e97c3cd69f2ae7bbe165d334fbf695744dd7449ca54af88a4e6be3363b16ff48,stage_1_31880.jpg,0f14e9d6d999c379aae5102eb99aa86dbd9cb286ba9e936d8b3446d7c3a6167e,name:stage_1_31880,val,estagio_2,estagio_2,,0,0,0,0,0,NÃO CLASSIFICÁVEL,NÃO CLASSIFICÁVEL,identity,ablation/tissue_classic_1229/images/stage_1_31880.jpg,ultralytics_curascan/datasets/estagio-nivel-12n-20-05-26/train/estagio_2/stage_1_31880.jpg
stage_1_31949,stage_1_31949,stage_1_31949.jpg,3bb83728349ff2474ebfa3cf4e1d223801c67edc89850dc54e6d9ec2a6388a07,stage_1_31949.jpg,8e7967a8fc6eb53a5a6ce506d9068b29ba107a38e9830edd4c50197c21f9504c,name:stage_1_31949,val,estagio_1,estagio_1,,1,0,0,0,0,HIPEREMIA,NÃO CLASSIFICÁVEL,identity,ablation/tissue_classic_1229/images/stage_1_31949.jpg,ultralytics_curascan/datasets/estagio-nivel-12n-20-05-26/test/estagio_1/stage_1_31949.jpg
stage_1_32009,stage_1_32009,stage_1_32009.jpg,f53329cd6ec3c0a5eaebde4c1970289176688b22327ff6d21b749c70b69e61c3,stage_1_32009.jpg,650f006c9aa0e5f1772c58d576aa895119acda9f36ae1a50f642ee9abbfdc212,name:stage_1_32009,val,estagio_1,estagio_1,,1,0,0,0,0,HIPEREMIA,NÃO CLASSIFICÁVEL,identity,ablation/tissue_classic_1229/images/stage_1_32009.jpg,ultralytics_curascan/datasets/estagio-nivel-12n-20-05-26/train/estagio_1/stage_1_32009.jpg
stage_1_32029,stage_1_32029,stage_1_32029.jpg,8dc064699af452f70464002cea77092834931be8a7ebbea1d4db91239dc29707,stage_1_32029.jpg,2046cab8e036b2c4739ce74e3cec90adbbccc312ef520682b61b1765bfd621ef,name:stage_1_32029,val,estagio_1,estagio_1,,1,0,0,0,0,HIPEREMIA,NÃO CLASSIFICÁVEL,identity,ablation/tissue_classic_1229/images/stage_1_32029.jpg,ultralytics_curascan/datasets/estagio-nivel-12n-20-05-26/train/estagio_1/stage_1_32029.jpg
stage_1_33351,stage_1_33351,stage_1_33351.jpg,3824a64c4271eb142230d27ec82198497031b172220d2d2d373a69cba3b3421b,stage_1_33351.jpg,1c39b5b3b67c823647c3ea845d1b8f216706739eb91f4fc502fe2c598b3e9659,name:stage_1_33351,val,estagio_1,estagio_1,,1,0,0,0,0,HIPEREMIA,NÃO CLASSIFICÁVEL,identity,ablation/tissue_classic_1229/images/stage_1_33351.jpg,ultralytics_curascan/datasets/estagio-nivel-12n-20-05-26/val/estagio_1/stage_1_33351.jpg
stage_1_35367,stage_1_35367,stage_1_35367.jpg,e28e9835089da16b0a402a04ad3fa377f1f5b6746efba29fe60983b6bfdda591,stage_1_35367.jpg,b3202e4e57466a67b96f1f13db9a682656312bf0a2bc50fda297b56638dec802,name:stage_1_35367,val,estagio_1,estagio_1,,1,0,0,0,0,HIPEREMIA,NÃO CLASSIFICÁVEL,identity,ablation/tissue_classic_1229/images/stage_1_35367.jpg,ultralytics_curascan/datasets/estagio-nivel-12n-20-05-26/train/estagio_1/stage_1_35367.jpg
stage_1_3538,stage_1_3538,stage_1_3538.jpg,5e3da375b065387b801a64f4a672031c07e92e692dcf7c0b63449a9f80a7e661,stage_1_3538.jpg,d2824780fcaf48e799ec4c851f61cb10300f49a69de66376b542a90a482b9903,name:stage_1_3538,val,estagio_1,estagio_1,,1,0,0,0,0,HIPEREMIA,NÃO CLASSIFICÁVEL,identity,ablation/tissue_classic_1229/images/stage_1_3538.jpg,ultralytics_curascan/datasets/estagio-nivel-12n-20-05-26/train/estagio_1/stage_1_3538.jpg
stage_1_39709,stage_1_39709,stage_1_39709.jpg,28597e9b030c00ea901f5e6f322e3bd39e40fbb90f76ac8c76c1983fa9ed0e9c,stage_1_39709.jpg,425e003e850ca58e3790a7d9fb0b50d8e8e1098b613c89ac83ecaf73c2a09323,name:stage_1_39709,val,estagio_1,estagio_1,,1,0,0,0,0,HIPEREMIA,NÃO CLASSIFICÁVEL,identity,ablation/tissue_classic_1229/images/stage_1_39709.jpg,ultralytics_curascan/datasets/estagio-nivel-12n-20-05-26/train/estagio_1/stage_1_39709.jpg
stage_1_44595,stage_1_44595,stage_1_44595.jpg,dd0649f351ca3ce4e80688437d415782c4997974e7ea1bad45277ef4a7e12440,stage_1_44595.jpg,835923dd258677a8495cdd80734e7e5e732516bb948ffcaa6126c5d8a943f78f,name:stage_1_44595,val,estagio_1,estagio_1,,1,0,0,0,0,HIPEREMIA,NÃO CLASSIFICÁVEL,identity,ablation/tissue_classic_1229/images/stage_1_44595.jpg,ultralytics_curascan/datasets/estagio-nivel-12n-20-05-26/train/estagio_1/stage_1_44595.jpg
stage_1_47137,stage_1_47137,stage_1_47137.jpg,9c8f5b85957f129efe10a435c27202a4572bbb91348be1a83da1065dfdbed97f,stage_1_47137.jpg,8ccf84d551457607da29b3bae979bb8e58d1f22c5c00d4172ffe018c8a167da6,name:stage_1_47137,val,estagio_1,estagio_1,,1,0,0,0,0,HIPEREMIA,NÃO CLASSIFICÁVEL,identity,ablation/tissue_classic_1229/images/stage_1_47137.jpg,ultralytics_curascan/datasets/estagio-nivel-12n-20-05-26/train/estagio_1/stage_1_47137.jpg
stage_1_50884,stage_1_50884,stage_1_50884.jpg,b9219e8d348b744bf467b0bab166ab26e00cf8947bfecddb8c21fc5a41128b10,stage_1_50884.jpg,e9ba99a99fd6e6b10db4ce726236f74213848647d1a861e34c627cd9b2c6e8ca,name:stage_1_50884,val,estagio_1,estagio_1,,1,0,0,0,0,HIPEREMIA,NÃO CLASSIFICÁVEL,identity,ablation/tissue_classic_1229/images/stage_1_50884.jpg,ultralytics_curascan/datasets/estagio-nivel-12n-20-05-26/train/estagio_1/stage_1_50884.jpg
stage_1_56254,stage_1_56254,stage_1_56254.jpg,cf6a0fee9ba2202c160a496236fdf78e97eb76b20cede36f43d4e23c36916145,stage_1_56254.jpg,e7dba68b0259e5fd5da27fb1dd8b342042b01de3bc2164a5aaad7d9e950c1cb1,name:stage_1_56254,val,estagio_1,estagio_1,,1,0,0,0,0,HIPEREMIA,NÃO CLASSIFICÁVEL,identity,ablation/tissue_classic_1229/images/stage_1_56254.jpg,ultralytics_curascan/datasets/estagio-nivel-12n-20-05-26/train/estagio_1/stage_1_56254.jpg
stage_1_57860,stage_1_57860,stage_1_57860.jpg,33de7c8af8774b5b5bf9bf1ab084b5d27a32d9465c99c6ea64df485107480882,stage_1_57860.jpg,be31c5c2fd16c20653ff34a6f47d4bb16599827661061a5af0c207a0d5f0a98c,name:stage_1_57860,val,estagio_1,estagio_1,,1,0,0,0,0,HIPEREMIA,NÃO CLASSIFICÁVEL,identity,ablation/tissue_classic_1229/images/stage_1_57860.jpg,ultralytics_curascan/datasets/estagio-nivel-12n-20-05-26/train/estagio_1/stage_1_57860.jpg
stage_1_58048,stage_1_58048,stage_1_58048.jpg,d5b4600a1109787c181f77ca934ba74b4cd27cac08a7763166d80505fd496ec7,stage_1_58048.jpg,1ca84de6fad5bb0ed904b2ad29be63257ae3384ee0aaeb264ccfcc2f42221541,name:stage_1_58048,val,estagio_1,estagio_1,,1,0,0,0,0,HIPEREMIA,NÃO CLASSIFICÁVEL,identity,ablation/tissue_classic_1229/images/stage_1_58048.jpg,ultralytics_curascan/datasets/estagio-nivel-12n-20-05-26/test/estagio_1/stage_1_58048.jpg
stage_1_58672,stage_1_58672,stage_1_58672.jpg,e508b6120f7c2be9c52dd07d34a919100510fb8ffac4b5e431459f3a727bd8ea,stage_1_58672.jpg,4c86c4290fc5ab6823aa14d8361a890b3028d8942b807efb775a2ab82ecfb08f,name:stage_1_58672,val,estagio_1,estagio_1,,1,0,0,0,0,HIPEREMIA,NÃO CLASSIFICÁVEL,identity,ablation/tissue_classic_1229/images/stage_1_58672.jpg,ultralytics_curascan/datasets/estagio-nivel-12n-20-05-26/train/estagio_1/stage_1_58672.jpg
stage_1_61844,stage_1_61844,stage_1_61844.jpg,e0814a0bbdd0a1a8d37a62d7fd98a7ba5431a30477aa5c0f3ced05c1945216de,stage_1_61844.jpg,be1f569c15a6e96c1056d8b64541e6085e09f5d72849c541131343363846359c,name:stage_1_61844,val,estagio_1,estagio_1,,1,0,0,0,0,HIPEREMIA,NÃO CLASSIFICÁVEL,identity,ablation/tissue_classic_1229/images/stage_1_61844.jpg,ultralytics_curascan/datasets/estagio-nivel-12n-20-05-26/train/estagio_1/stage_1_61844.jpg
stage_1_66861,stage_1_66861,stage_1_66861.jpg,a2e161098319d99d50f1e88a8e9033ce67c294782fd4702ac41cfb9fa493cef9,stage_1_66861.jpg,0777b0c5fb77bd95ceec526184b9acff174ed7cf2b538c41a78316cf3020d8cc,name:stage_1_66861,val,estagio_1,estagio_1,,1,0,0,0,0,HIPEREMIA,NÃO CLASSIFICÁVEL,identity,ablation/tissue_classic_1229/images/stage_1_66861.jpg,ultralytics_curascan/datasets/estagio-nivel-12n-20-05-26/train/estagio_1/stage_1_66861.jpg
stage_1_70472,stage_1_70472,stage_1_70472.jpg,86debf9c987531a6680fea7d5c0a2ec390c3dba1bb02a4969a41af709b806639,stage_1_70472.jpg,4ef0f615f8699be7318b8332e1e4a6e291b8a135352877597cfb7bbd7a52d315,name:stage_1_70472,val,estagio_1,estagio_1,,1,0,0,0,0,HIPEREMIA,NÃO CLASSIFICÁVEL,identity,ablation/tissue_classic_1229/images/stage_1_70472.jpg,ultralytics_curascan/datasets/estagio-nivel-12n-20-05-26/train/estagio_1/stage_1_70472.jpg
stage_1_7278,stage_1_7278,stage_1_7278.jpg,6048fa4c42d5782ee80d9fb5857d4cad9e29b67a0c44fc2799aa30f7b40d3d61,stage_1_7278.jpg,ba60d0a4231d24dc2d79cda2bbb3386345bbf65bd85bb531416c14bf8873fd24,name:stage_1_7278,val,estagio_1,estagio_1,,1,0,0,0,0,HIPEREMIA,NÃO CLASSIFICÁVEL,identity,ablation/tissue_classic_1229/images/stage_1_7278.jpg,ultralytics_curascan/datasets/estagio-nivel-12n-20-05-26/train/estagio_1/stage_1_7278.jpg
stage_1_84914,stage_1_84914,stage_1_84914.jpg,a34dfb9d0cf0f3cc580c00d6ff024519e13b0cc1a59f2f9c0e191412cc154304,stage_1_84914.jpg,0dd3d0c2eec4e53e73605bc58dd6a5df350a4db5e2a3ebcbc66a6714334444f0,name:stage_1_84914,val,estagio_1,estagio_1,,1,0,0,0,0,HIPEREMIA,NÃO CLASSIFICÁVEL,identity,ablation/tissue_classic_1229/images/stage_1_84914.jpg,ultralytics_curascan/datasets/estagio-nivel-12n-20-05-26/train/estagio_1/stage_1_84914.jpg
stage_1_87061,stage_1_87061,stage_1_87061.jpg,e6987f09eea86ab3d8d61c793ffa4e45fba84676a9316b31968b9ce5e1b0a995,stage_1_87061.jpg,d148cde0e87b71e176195a075639e2a1dce0c671c896fb03b49840a2b9d56de7,name:stage_1_87061,val,estagio_1,estagio_1,,1,0,0,0,0,HIPEREMIA,NÃO CLASSIFICÁVEL,identity,ablation/tissue_classic_1229/images/stage_1_87061.jpg,ultralytics_curascan/datasets/estagio-nivel-12n-20-05-26/train/estagio_1/stage_1_87061.jpg
stage_1_9332,stage_1_9332,stage_1_9332.jpg,7b9c936c1519202b7c4547ee2b598d17d65f20b330500e29d22c6da8b8e43510,stage_1_9332.jpg,17033d46e3e80b3d0d46ef6f275eb3a74264d6ed615c04db40289d65fa35e417,name:stage_1_9332,val,estagio_1,estagio_1,,1,0,0,0,0,HIPEREMIA,NÃO CLASSIFICÁVEL,identity,ablation/tissue_classic_1229/images/stage_1_9332.jpg,ultralytics_curascan/datasets/estagio-nivel-12n-20-05-26/train/estagio_1/stage_1_9332.jpg
stage_1_94637,stage_1_94637,stage_1_94637.jpg,747aadf1892329673e4db80da8754e6e41ec23f315e1baeb3ac9675a301775c5,stage_1_94637.jpg,170fdd31ef286702d18d54e5b47afdd55e2b52a9995458fdae54e5e93fcc2dbb,name:stage_1_94637,val,estagio_1,estagio_1,,1,0,0,0,0,HIPEREMIA,NÃO CLASSIFICÁVEL,identity,ablation/tissue_classic_1229/images/stage_1_94637.jpg,ultralytics_curascan/datasets/estagio-nivel-12n-20-05-26/train/estagio_1/stage_1_94637.jpg
stage_1_95425,stage_1_95425,stage_1_95425.jpg,de59f6bd616033bdec74be0a9e7876e045aabcc356b60ed9a7f1a7092b7095b0,stage_1_95425.jpg,9bbfe3ea63a0afa9f1d655d259cf6183a8a8b47a1c3cdc6dc05445f6b9f93a31,name:stage_1_95425,val,estagio_1,estagio_1,,1,0,0,0,0,HIPEREMIA,NÃO CLASSIFICÁVEL,identity,ablation/tissue_classic_1229/images/stage_1_95425.jpg,ultralytics_curascan/datasets/estagio-nivel-12n-20-05-26/val/estagio_1/stage_1_95425.jpg
stage_1_96025,stage_1_96025,stage_1_96025.jpg,d35518644c98a970f07a6572d5a74345de7e7f361082a0c8b4ee0ef8d5ca1ecc,stage_1_96025.jpg,fb281c9c0cc1acef28371ba465454b6f1fd120032fb75b1ca3e651d9e419e3f3,name:stage_1_96025,val,estagio_1,estagio_1,,1,0,0,0,0,HIPEREMIA,NÃO CLASSIFICÁVEL,identity,ablation/tissue_classic_1229/images/stage_1_96025.jpg,ultralytics_curascan/datasets/estagio-nivel-12n-20-05-26/test/estagio_1/stage_1_96025.jpg
stage_1_96268,stage_1_96268,stage_1_96268.jpg,0c1840e5be85b7e1e12cd5f4637f88ed501d7bff4c73cefb0c1f4c15f82c2332,stage_1_96268.jpg,67ebf93094a5be16d85750016e8f1237519d25e45198118f896edb092d32f894,name:stage_1_96268,val,estagio_1,estagio_1,,0,0,0,0,0,NÃO CLASSIFICÁVEL,NÃO CLASSIFICÁVEL,identity,ablation/tissue_classic_1229/images/stage_1_96268.jpg,ultralytics_curascan/datasets/estagio-nivel-12n-20-05-26/test/estagio_1/stage_1_96268.jpg
stage_1_98533,stage_1_98533,stage_1_98533.jpg,323388afd01f3d1eae6dd85ae74701fe902b9d04dbf4e21c2138f6a522833ab6,stage_1_98533.jpg,35f4f11f9cd081468b91ac6f106368c998e1044e9dcb006b1943b5e70b1b77ec,name:stage_1_98533,val,estagio_1,estagio_1,,0,0,0,0,0,NÃO CLASSIFICÁVEL,NÃO CLASSIFICÁVEL,identity,ablation/tissue_classic_1229/images/stage_1_98533.jpg,ultralytics_curascan/datasets/estagio-nivel-12n-20-05-26/train/estagio_1/stage_1_98533.jpg
stage_2_10392,stage_2_10392,stage_2_10392.jpg,1cdbd0b044680523a000911cdd8ed7d5bcf67791137a9438befa6c9b4fe9e8ef,stage_2_10392.jpg,c718a1fd7c4306ad13ce23f1d56de795be3d36d9b46d4bb8ed3e8eef89ba0778,name:stage_2_10392,val,estagio_2,estagio_2,,0,0,0,0,0,NÃO CLASSIFICÁVEL,NÃO CLASSIFICÁVEL,identity,ablation/tissue_classic_1229/images/stage_2_10392.jpg,ultralytics_curascan/datasets/estagio-nivel-12n-20-05-26/train/estagio_2/stage_2_10392.jpg
stage_2_11692,stage_2_11692,stage_2_11692.jpg,22208d59d1a7b0130b995f4ae03fd76789c9ecf52072767d4b2a0452d4ff8d69,stage_2_11692.jpg,a91a59062db4981ab1d82a136b442e0c09a3476769c60702da0ecaafa5d4830f,name:stage_2_11692,val,estagio_2,estagio_2,,0,0,0,0,0,NÃO CLASSIFICÁVEL,NÃO CLASSIFICÁVEL,identity,ablation/tissue_classic_1229/images/stage_2_11692.jpg,ultralytics_curascan/datasets/estagio-nivel-12n-20-05-26/test/estagio_2/stage_2_11692.jpg
stage_2_1196,stage_2_1196,stage_2_1196.jpg,efece96fae963d8aa2ef8c6c8e8beaabb10863812aeedd73b4ee7f2a8bc9ea53,stage_2_1196.jpg,e5ec3563897bc01049bcebed70ffec02deb7c942056baa722dd674b03b016e0a,name:stage_2_1196,val,estagio_2,estagio_2,,0,0,0,0,0,NÃO CLASSIFICÁVEL,NÃO CLASSIFICÁVEL,identity,ablation/tissue_classic_1229/images/stage_2_1196.jpg,ultralytics_curascan/datasets/estagio-nivel-12n-20-05-26/test/estagio_2/stage_2_1196.jpg
stage_2_12416,stage_2_12416,stage_2_12416.jpg,f0eae22c751bc262b8340bbdbfdfc5ca35a9ff8b9ed073600bc96a1534cdefbe,stage_2_12416.jpg,183cef97607b812e159adb0c05085a091dc53cb04f03346abbcc96027ff6d03d,name:stage_2_12416,val,estagio_2,estagio_2,,0,0,0,0,0,NÃO CLASSIFICÁVEL,NÃO CLASSIFICÁVEL,identity,ablation/tissue_classic_1229/images/stage_2_12416.jpg,ultralytics_curascan/datasets/estagio-nivel-12n-20-05-26/test/estagio_2/stage_2_12416.jpg
stage_2_13424,stage_2_13424,stage_2_13424.jpg,e193913f989d7a915b4d8c039ea844d12c377385dc5fce9a45031968449ae821,stage_2_13424.jpg,4674b30313c96ba62cf0d06643b2c2c729fa23a74e2f8502f44b4a58fbc6cce3,name:stage_2_13424,val,estagio_2,estagio_2,,0,0,0,0,0,NÃO CLASSIFICÁVEL,NÃO CLASSIFICÁVEL,identity,ablation/tissue_classic_1229/images/stage_2_13424.jpg,ultralytics_curascan/datasets/estagio-nivel-12n-20-05-26/train/estagio_2/stage_2_13424.jpg
stage_2_17852,stage_2_17852,stage_2_17852.jpg,2e8bfbd90a0cba0b20cfadf1ddc74b51dcaacf4e0e0406e30bf0b3b1ff644be7,stage_2_17852.jpg,f73b7817e24dd72056f23f505ccd5d43c83cd321b288c0de279c40ae5b2fc291,name:stage_2_17852,val,estagio_2,estagio_2,,0,0,0,0,0,NÃO CLASSIFICÁVEL,NÃO CLASSIFICÁVEL,identity,ablation/tissue_classic_1229/images/stage_2_17852.jpg,ultralytics_curascan/datasets/estagio-nivel-12n-20-05-26/train/estagio_2/stage_2_17852.jpg
stage_2_19161,stage_2_19161,stage_2_19161.jpg,bdd8cba302f616a1e3c14971db0ed7e098c5fc6fc4ce9cf3e053307317f6b525,stage_2_19161.jpg,fdd68ba46aa078ab1a319fa98870475405e369e3f937479baaf7ea0d53531907,name:stage_2_19161,val,estagio_2,estagio_2,,0,0,0,0,0,NÃO CLASSIFICÁVEL,NÃO CLASSIFICÁVEL,identity,ablation/tissue_classic_1229/images/stage_2_19161.jpg,ultralytics_curascan/datasets/estagio-nivel-12n-20-05-26/train/estagio_2/stage_2_19161.jpg
stage_2_19369,stage_2_19369,stage_2_19369.jpg,bf549b78cb11560abf80d40766ea4a95e12b607f732a58e77006d4a410d64f33,stage_2_19369.jpg,4c25f70b8d08f624d2bf46fd1fb6b3a143d224383a0798779ed1bdde54c885c2,name:stage_2_19369,val,estagio_2,estagio_2,,0,0,0,0,0,NÃO CLASSIFICÁVEL,NÃO CLASSIFICÁVEL,identity,ablation/tissue_classic_1229/images/stage_2_19369.jpg,ultralytics_curascan/datasets/estagio-nivel-12n-20-05-26/train/estagio_2/stage_2_19369.jpg
stage_2_19961,stage_2_19961,stage_2_19961.jpg,9a0493fbb81f332bb42dfbd0da0df9be5367bb053be0022ef7adda82f5fa9f24,stage_2_19961.jpg,a6a191f36eb20f0917a4d6f02e63aa135ac7f163299cae0d99f2fd5835d64775,name:stage_2_19961,val,estagio_2,estagio_2,,0,0,0,0,0,NÃO CLASSIFICÁVEL,NÃO CLASSIFICÁVEL,identity,ablation/tissue_classic_1229/images/stage_2_19961.jpg,ultralytics_curascan/datasets/estagio-nivel-12n-20-05-26/train/estagio_2/stage_2_19961.jpg
stage_2_20346,stage_2_20346,stage_2_20346.jpg,c1044fcdc2c8ae8cb6bf58306d9f2fb8873ad9b6fc20724d2825bbf92f66ac77,stage_2_20346.jpg,a89ce2aa34d3da251746680a590a62f68b84f3c88c302c711d6364f27ed0cc11,name:stage_2_20346,val,estagio_2,estagio_2,,0,0,0,0,0,NÃO CLASSIFICÁVEL,NÃO CLASSIFICÁVEL,identity,ablation/tissue_classic_1229/images/stage_2_20346.jpg,ultralytics_curascan/datasets/estagio-nivel-12n-20-05-26/val/estagio_2/stage_2_20346.jpg
stage_2_24453,stage_2_24453,stage_2_24453.jpg,8c5e54a4e4e05ebf31d79f65866ad912da7df9c3e0009ad1a09beb2c55e1e256,stage_2_24453.jpg,b738a9b9000fd93710aabfe8f34d195bccbc4863bcdfba9c740b64c1441ba7c0,name:stage_2_24453,val,estagio_2,estagio_2,,0,0,0,0,0,NÃO CLASSIFICÁVEL,NÃO CLASSIFICÁVEL,identity,ablation/tissue_classic_1229/images/stage_2_24453.jpg,ultralytics_curascan/datasets/estagio-nivel-12n-20-05-26/train/estagio_2/stage_2_24453.jpg
stage_2_28271,stage_2_28271,stage_2_28271.jpg,e37d414ffb01e7bb95214d233359b4bc75ad62f52f4dc63695b6c9cc017681f4,stage_2_28271.jpg,88d831b2057ff138ef29bd8490498fe9821378081e09df1fdc7e04bbcfcb51a7,name:stage_2_28271,val,estagio_2,estagio_2,,0,0,0,0,0,NÃO CLASSIFICÁVEL,NÃO CLASSIFICÁVEL,identity,ablation/tissue_classic_1229/images/stage_2_28271.jpg,ultralytics_curascan/datasets/estagio-nivel-12n-20-05-26/train/estagio_2/stage_2_28271.jpg
stage_2_31799,stage_2_31799,stage_2_31799.jpg,c91b15e434ba0e272bb523b4bd92f8ff293a768f3614f501cf592e33858cddf9,stage_2_31799.jpg,885f3f5cf6306d83918da0b01c97eb97562b35357fb4fe1a05961c59ca7f9a50,name:stage_2_31799,val,estagio_2,estagio_2,,0,0,0,0,0,NÃO CLASSIFICÁVEL,NÃO CLASSIFICÁVEL,identity,ablation/tissue_classic_1229/images/stage_2_31799.jpg,ultralytics_curascan/datasets/estagio-nivel-12n-20-05-26/train/estagio_2/stage_2_31799.jpg
stage_2_33073,stage_2_33073,stage_2_33073.jpg,ac4e29a71b051aeb4f3c95c2fb945046bf9bc7e1a962185213ba943d5eb7a159,stage_2_33073.jpg,84557bafc16ba84d4b6baed77a84f9963705dc1dccf60aaa7305f8f358f65562,name:stage_2_33073,val,estagio_3,nao_classificavel,estagio_3,0,1,1,0,0,GRANULAÇÃO,ESFACELO,identity,ablation/tissue_classic_1229/images/stage_2_33073.jpg,ultralytics_curascan/datasets/estagio-nivel-34n-20-05-26/train/estagio_3/stage_2_33073.jpg
stage_2_35189,stage_2_35189,stage_2_35189.jpg,d2558c273a36d1aeaae4aeba462f9a08db055b69925a00ff4f7ebe97e4b3a171,stage_2_35189.jpg,76914484231d564ad76ee5b689a56136427ad2fec24aed76b3d712910eeebda7,name:stage_2_35189,val,estagio_2,estagio_2,,0,0,0,0,0,NÃO CLASSIFICÁVEL,NÃO CLASSIFICÁVEL,identity,ablation/tissue_classic_1229/images/stage_2_35189.jpg,ultralytics_curascan/datasets/estagio-nivel-12n-20-05-26/train/estagio_2/stage_2_35189.jpg
stage_2_3767,stage_2_3767,stage_2_3767.jpg,bf25f6357b2d67b7d2a9f98eefb401188c310f49f1f2a19fac6054c40114e393,stage_2_3767.jpg,43d8475092de6aa32fb2b20e0e9e98917aac87d8a28964693156c324227c1e5c,name:stage_2_3767,val,estagio_2,estagio_2,,0,0,0,0,0,NÃO CLASSIFICÁVEL,NÃO CLASSIFICÁVEL,identity,ablation/tissue_classic_1229/images/stage_2_3767.jpg,ultralytics_curascan/datasets/estagio-nivel-12n-20-05-26/train/estagio_2/stage_2_3767.jpg
stage_2_41405,stage_2_41405,stage_2_41405.jpg,9df6420e403716f3459548bcf9943a6f71f9eac362d86c6a23cd87ecb14ee77d,stage_2_41405.jpg,2014b0ace42e8bfebacb87f6b6f69a5ba6e24a62fecb8951048042faf3d01cf3,name:stage_2_41405,val,estagio_2,estagio_2,,0,0,0,0,0,NÃO CLASSIFICÁVEL,NÃO CLASSIFICÁVEL,identity,ablation/tissue_classic_1229/images/stage_2_41405.jpg,ultralytics_curascan/datasets/estagio-nivel-12n-20-05-26/train/estagio_2/stage_2_41405.jpg
stage_2_45221,stage_2_45221,stage_2_45221.jpg,2c511527a279b02ad058325131e674ec78428184886b9d4dd079e1cda800f88a,stage_2_45221.jpg,ad43c0b555e9239c4e8121226dfac389b47aaa518fc50ab8db5e5377e736dc40,name:stage_2_45221,val,estagio_2,estagio_2,,0,0,0,0,0,NÃO CLASSIFICÁVEL,NÃO CLASSIFICÁVEL,identity,ablation/tissue_classic_1229/images/stage_2_45221.jpg,ultralytics_curascan/datasets/estagio-nivel-12n-20-05-26/train/estagio_2/stage_2_45221.jpg
stage_2_45629,stage_2_45629,stage_2_45629.jpg,288564cfd3d021732924971f868610f57d29c7cd141762d9827b32d32840dadc,stage_2_45629.jpg,06c62ad9bfcd5fa7e66041cf1013df680738e3c745e4f40d8f2287dd843363cf,name:stage_2_45629,val,estagio_3,nao_classificavel,estagio_3,0,1,1,1,1,GRANULAÇÃO,AMBAS,identity,ablation/tissue_classic_1229/images/stage_2_45629.jpg,ultralytics_curascan/datasets/estagio-nivel-34n-20-05-26/test/estagio_3/stage_2_45629.jpg
stage_2_49231,stage_2_49231,stage_2_49231.jpg,a6905f69f7fca91efde78493b7f9678c7c6b3224dce8ecc366a54d34a35aaf63,stage_2_49231.jpg,59398f084b702e119d26bab17b67fb2e2f1ad9bfac2e5a43e91bb77034e14a18,name:stage_2_49231,val,estagio_2,estagio_2,,0,0,0,0,0,NÃO CLASSIFICÁVEL,NÃO CLASSIFICÁVEL,identity,ablation/tissue_classic_1229/images/stage_2_49231.jpg,ultralytics_curascan/datasets/estagio-nivel-12n-20-05-26/train/estagio_2/stage_2_49231.jpg
stage_2_54923,stage_2_54923,stage_2_54923.jpg,28a08d08e33cb57f63e6af6074e44c4e579aa281a6b24274374d21ed3da8aad0,stage_2_54923.jpg,edc496164472041dc80e17ef65da03e992f1fb6aed98970e1b25ec724681b698,name:stage_2_54923,val,estagio_2,estagio_2,,0,0,0,0,0,NÃO CLASSIFICÁVEL,NÃO CLASSIFICÁVEL,identity,ablation/tissue_classic_1229/images/stage_2_54923.jpg,ultralytics_curascan/datasets/estagio-nivel-12n-20-05-26/train/estagio_2/stage_2_54923.jpg
stage_2_55070,stage_2_55070,stage_2_55070.jpg,6b0ca78cadd6ce03dc3e89d01887d551e0b0aadf887b2647d3b6c67caf4aee1c,stage_2_55070.jpg,1021f93963d930e386ad9ff3984cf4063f3d3dfba0e5695e0c19a2dbf70a4098,name:stage_2_55070,val,estagio_2,estagio_2,,0,0,0,0,0,NÃO CLASSIFICÁVEL,NÃO CLASSIFICÁVEL,identity,ablation/tissue_classic_1229/images/stage_2_55070.jpg,ultralytics_curascan/datasets/estagio-nivel-12n-20-05-26/train/estagio_2/stage_2_55070.jpg
stage_2_56439,stage_2_56439,stage_2_56439.jpg,bd73d68655f7fb226d72708ba8ea9e60885048838ae035dac6e81fa6099148c9,stage_2_56439.jpg,71010d36ef5ac00e05adc3086764fcf0520f68c473c59b92e11aeabc02466618,name:stage_2_56439,val,estagio_2,estagio_2,,0,0,0,0,0,NÃO CLASSIFICÁVEL,NÃO CLASSIFICÁVEL,identity,ablation/tissue_classic_1229/images/stage_2_56439.jpg,ultralytics_curascan/datasets/estagio-nivel-12n-20-05-26/train/estagio_2/stage_2_56439.jpg
stage_2_56925,stage_2_56925,stage_2_56925.jpg,ca453bc09cebb5469529e9e7706d17dccf6d18831688418502a2d4b260dadfa9,stage_2_56925.jpg,a6ab52d32e6e2f5987f3004dac831e4b57bf00a721869b644a020593ce74280a,name:stage_2_56925,val,estagio_2,estagio_2,,0,0,0,0,0,NÃO CLASSIFICÁVEL,NÃO CLASSIFICÁVEL,identity,ablation/tissue_classic_1229/images/stage_2_56925.jpg,ultralytics_curascan/datasets/estagio-nivel-12n-20-05-26/val/estagio_2/stage_2_56925.jpg
stage_2_57100,stage_2_57100,stage_2_57100.jpg,c9116769b52df50ce254dac99d30e2f7f3448fac2b7e46831e7f9eee2e568621,stage_2_57100.jpg,5fecdb8667535d61ded2daf2a06091dad3141b504a5afbaf2373e96c29586dc1,name:stage_2_57100,val,estagio_2,estagio_2,,0,0,0,0,0,NÃO CLASSIFICÁVEL,NÃO CLASSIFICÁVEL,identity,ablation/tissue_classic_1229/images/stage_2_57100.jpg,ultralytics_curascan/datasets/estagio-nivel-12n-20-05-26/train/estagio_2/stage_2_57100.jpg
stage_2_57387,stage_2_57387,stage_2_57387.jpg,be9947c9cf8b1981f6764239cef19152640300a02ebeb121b2d2533ea7591861,stage_2_57387.jpg,ae079084deb5e7588a65f536ca60432c70d7068a73194989e43ebb1210a801f2,name:stage_2_57387,val,estagio_2,estagio_2,,0,0,0,0,0,NÃO CLASSIFICÁVEL,NÃO CLASSIFICÁVEL,identity,ablation/tissue_classic_1229/images/stage_2_57387.jpg,ultralytics_curascan/datasets/estagio-nivel-12n-20-05-26/train/estagio_2/stage_2_57387.jpg
stage_2_57806,stage_2_57806,stage_2_57806.jpg,21d36a92c36f380039352f6f30fdc92e8deda7060f8733b8953fd418198ec02a,stage_2_57806.jpg,507d1d9fd5ec7373123b7e82e271d4905744e480d272640fe4b56a9960565aa7,name:stage_2_57806,val,estagio_2,estagio_2,,0,0,0,0,0,NÃO CLASSIFICÁVEL,NÃO CLASSIFICÁVEL,identity,ablation/tissue_classic_1229/images/stage_2_57806.jpg,ultralytics_curascan/datasets/estagio-nivel-12n-20-05-26/test/estagio_2/stage_2_57806.jpg
stage_2_57909,stage_2_57909,stage_2_57909.jpg,6631f1ca12dd0e478fabc8fe0805bde512e2ca0e4eabde87d9c247dcf0d7c81d,stage_2_57909.jpg,39e546d1d699ffae3fa60beb72212757bcb8008e030832a97281db7f0b325643,name:stage_2_57909,val,estagio_2,estagio_2,,0,0,0,0,0,NÃO CLASSIFICÁVEL,NÃO CLASSIFICÁVEL,identity,ablation/tissue_classic_1229/images/stage_2_57909.jpg,ultralytics_curascan/datasets/estagio-nivel-12n-20-05-26/train/estagio_2/stage_2_57909.jpg
stage_2_58040,stage_2_58040,stage_2_58040.jpg,ed18703d8d5bdbdd11a005c5dfb02f617e7a5eae98abfb8401fb1d23f77a7298,stage_2_58040.jpg,274cfd3e7eb271706d432877fbcb08bc407e7957b6f72072de4061d94801cc10,name:stage_2_58040,val,estagio_3,nao_classificavel,estagio_3,0,0,0,0,0,NÃO CLASSIFICÁVEL,NÃO CLASSIFICÁVEL,identity,ablation/tissue_classic_1229/images/stage_2_58040.jpg,ultralytics_curascan/datasets/estagio-nivel-34n-20-05-26/train/estagio_3/stage_2_58040.jpg
stage_2_58817,stage_2_58817,stage_2_58817.jpg,14605a587548f4d308635cf476dbb93c8bd2efd3cb3a9942611ae0297ca7f2d2,stage_2_58817.jpg,f77ba11c6fc290e5d370b6ea4354c1853bfd4e0acc1cf83c91d850be46d5ebd9,name:stage_2_58817,val,estagio_2,estagio_2,,0,0,0,0,0,NÃO CLASSIFICÁVEL,NÃO CLASSIFICÁVEL,identity,ablation/tissue_classic_1229/images/stage_2_58817.jpg,ultralytics_curascan/datasets/estagio-nivel-12n-20-05-26/train/estagio_2/stage_2_58817.jpg
stage_2_62041,stage_2_62041,stage_2_62041.jpg,4dd5e42a554cb609501eb350c9262b3e17169dd74d700d393a9360b1cd6ef28b,stage_2_62041.jpg,549bab4d39429c91995caa5404c1ca211fe2a387a1844a6214c37be117ae90a7,name:stage_2_62041,val,estagio_3,nao_classificavel,estagio_3,0,1,1,0,0,GRANULAÇÃO,ESFACELO,identity,ablation/tissue_classic_1229/images/stage_2_62041.jpg,ultralytics_curascan/datasets/estagio-nivel-34n-20-05-26/train/estagio_3/stage_2_62041.jpg
stage_2_64787,stage_2_64787,stage_2_64787.jpg,cd168819ed2ddfb2e28d677ef5347f9b9db5540436003155c2522de09f8c92e7,stage_2_64787.jpg,e3aeb9c5a39a12977e898fb563fea851028b6e7eef6207a68d109c5c1ea38962,name:stage_2_64787,val,estagio_2,estagio_2,,0,0,0,0,0,NÃO CLASSIFICÁVEL,NÃO CLASSIFICÁVEL,identity,ablation/tissue_classic_1229/images/stage_2_64787.jpg,ultralytics_curascan/datasets/estagio-nivel-12n-20-05-26/train/estagio_2/stage_2_64787.jpg
stage_2_6873,stage_2_6873,stage_2_6873.jpg,5187ae5df225fb11c09d1230bda7a2e2a0026e6a2ec32ab2712e6c2f7e11411b,stage_2_6873.jpg,d84b78ccea9bc5c9474beb733693609bb4ef8d607644f702702721062e30fbcd,name:stage_2_6873,val,estagio_2,estagio_2,,0,1,0,0,0,GRANULAÇÃO,NÃO CLASSIFICÁVEL,identity,ablation/tissue_classic_1229/images/stage_2_6873.jpg,ultralytics_curascan/datasets/estagio-nivel-12n-20-05-26/train/estagio_2/stage_2_6873.jpg
stage_2_69124,stage_2_69124,stage_2_69124.jpg,86cf40bb5375169e39c49573307f8d81e362430f6ac6d0d00415b5c6c53e97e0,stage_2_69124.jpg,7e3bd520a3c75a6f47a87b7db7afc18eed0247ba03943141c7881fdfb284e590,name:stage_2_69124,val,estagio_2,estagio_2,,0,0,0,0,0,NÃO CLASSIFICÁVEL,NÃO CLASSIFICÁVEL,identity,ablation/tissue_classic_1229/images/stage_2_69124.jpg,ultralytics_curascan/datasets/estagio-nivel-12n-20-05-26/val/estagio_2/stage_2_69124.jpg
stage_2_72016,stage_2_72016,stage_2_72016.jpg,3100900b8f134898d2a4fd6a7ecf17e71a4a33487bcedc15aa27555b14d2afc4,stage_2_72016.jpg,b31a7a8a14542c9eed9a33d604c1464884b97485751d0af1720a1246b8c8e99a,name:stage_2_72016,val,estagio_2,estagio_2,,0,0,0,0,0,NÃO CLASSIFICÁVEL,NÃO CLASSIFICÁVEL,identity,ablation/tissue_classic_1229/images/stage_2_72016.jpg,ultralytics_curascan/datasets/estagio-nivel-12n-20-05-26/val/estagio_2/stage_2_72016.jpg
stage_2_74412,stage_2_74412,stage_2_74412.jpg,264f9561fa26cdfe8bad2a41ec3849e4a16691788d0385419a6a324283a130d4,stage_2_74412.jpg,5fc5ccb6683646a1e71bf93d776fe92b62895300f3809f37ec56ea2e575620f8,name:stage_2_74412,val,estagio_2,estagio_2,,0,0,0,0,0,NÃO CLASSIFICÁVEL,NÃO CLASSIFICÁVEL,identity,ablation/tissue_classic_1229/images/stage_2_74412.jpg,ultralytics_curascan/datasets/estagio-nivel-12n-20-05-26/train/estagio_2/stage_2_74412.jpg
stage_2_75501,stage_2_75501,stage_2_75501.jpg,6a4b5f89897bc82f1009a5cf529787683130d35cb94b59a8843019839b90f8ba,stage_2_75501.jpg,ba89b26cc649e118e10f6b684224240d46836cb0ab2af8af8558f6cf24fce16f,name:stage_2_75501,val,estagio_2,estagio_2,,0,0,0,0,0,NÃO CLASSIFICÁVEL,NÃO CLASSIFICÁVEL,identity,ablation/tissue_classic_1229/images/stage_2_75501.jpg,ultralytics_curascan/datasets/estagio-nivel-12n-20-05-26/val/estagio_2/stage_2_75501.jpg
stage_2_75998,stage_2_75998,stage_2_75998.jpg,42f9925137e96d7f39f38fb17e53777758d1fb5bea102a48f2b6a07d416ae445,stage_2_75998.jpg,1fada8d5a4a419f02ce61364a67eb6893392e2a816bd0c82cbf671f22dc3ba00,name:stage_2_75998,val,estagio_3,nao_classificavel,estagio_3,0,0,1,0,1,NÃO CLASSIFICÁVEL,ESFACELO,identity,ablation/tissue_classic_1229/images/stage_2_75998.jpg,ultralytics_curascan/datasets/estagio-nivel-34n-20-05-26/train/estagio_3/stage_2_75998.jpg
stage_2_80055,stage_2_80055,stage_2_80055.jpg,9ba33b72ea925aa17b530242560470ad940b49dafa3c1e1ddaf2bd11d0aad721,stage_2_80055.jpg,d3b3693a0a2e505f176c0532b72ab06f821456b5f00b2955eb10a2d41284c760,name:stage_2_80055,val,estagio_2,estagio_2,,0,0,0,0,0,NÃO CLASSIFICÁVEL,NÃO CLASSIFICÁVEL,identity,ablation/tissue_classic_1229/images/stage_2_80055.jpg,ultralytics_curascan/datasets/estagio-nivel-12n-20-05-26/test/estagio_2/stage_2_80055.jpg
