id,identity,file_name,content_sha256,perceptual_hash,group_id,split,label_5,label_12,label_34,in_head_34,source_relative_path
117_0 (2),117_0 (2),117_0 (2).jpg,d674ba6f626eb68284a4ec9f0d91da4739be59f63560aa24c3283cdc225c605a,f99c261b4a5265b3,clinical:117,test,estagio_4,nao_classificavel,estagio_4,True,ultralytics_curascan/datasets/estagio-nivel-34n-20-05-26/train/estagio_4/117_0 (2).jpg
117_0 (3),117_0 (3),117_0 (3).jpg,b3fbcb4a70b4143af1da6ee29357c94438edf117b2a9f3e1f4e604ad20a56f5c,d81c9625751a36cf,clinical:117,test,estagio_2,estagio_2,,False,ultralytics_curascan/datasets/estagio-nivel-12n-20-05-26/train/estagio_2/117_0 (3).jpg
117_1,117_1,117_1.jpg,746fa4f6fefd400475f53313036776559270c9dc6061857f47df85687042ca08,d75f2a84759a4c4c,clinical:117,test,estagio_1,estagio_1,,False,ultralytics_curascan/datasets/estagio-nivel-12n-20-05-26/train/estagio_1/117_1.jpg
124_0,124_0,124_0.jpg,fffc43e9d1ee4abac8a75763affcfb530a0279f0583517499d83300ace1856a7,e5251e73383438de,clinical:124,test,estagio_3,nao_classificavel,estagio_3,True,ultralytics_curascan/datasets/estagio-nivel-34n-20-05-26/train/estagio_3/124_0.jpg
124_0 (3),124_0 (3),124_0 (3).jpg,763491bff627195004d0ecabdb07b5035058078f960ad97e83454ca16b942566,a16b495a427077d7,clinical:124,test,estagio_3,nao_classificavel,estagio_3,True,ultralytics_curascan/datasets/estagio-nivel-34n-20-05-26/train/estagio_3/124_0 (3).jpg
19_0 (4),19_0 (4),19_0 (4).jpg,2344ebdfd09c7e80b1f6399391a1ffd9e4cd590b04fc4bbc0f0892c98bc5d40b,d5caf960073fb8c0,clinical:19,test,estagio_3,nao_classificavel,estagio_3,True,ultralytics_curascan/datasets/estagio-nivel-34n-20-05-26/train/estagio_3/19_0 (4).jpg
54_0,54_0,54_0.jpg,97c03e479c22a8cdfc36accf48c30659315c9d38c8bc34f01635f62b622a9bcc,ef8090ff007eed09,clinical:54,test,estagio_3,nao_classificavel,estagio_3,True,ultralytics_curascan/datasets/estagio-nivel-34n-20-05-26/val/estagio_3/54_0.jpg
54_0 (3),54_0 (3),54_0 (3).jpg,9d21226a9fff77adf7f35108246ee468fc74c33a3bdd8160216449cba1fea629,f3b4369252525ae9,clinical:54,test,estagio_3,nao_classificavel,estagio_3,True,ultralytics_curascan/datasets/estagio-nivel-34n-20-05-26/train/estagio_3/54_0 (3).jpg
62_0,62_0,62_0.jpg,dd273d90316cb0be5b424df2d2c85d11e54a2b0a0df815e62d8640eb4d09804a,973a65a7a69a9889,clinical:62,test,estagio_3,nao_classificavel,estagio_3,True,ultralytics_curascan/datasets/estagio-nivel-34n-20-05-26/train/estagio_3/62_0.jpg
62_0 (2),62_0 (2),62_0 (2).jpg,c4da50c4f781d568c6660e5f782d5e5b80a98358ad8aeedde6c2e9f12da3b3cb,a3b398cc4cdc26d3,clinical:62,test,estagio_3,nao_classificavel,estagio_3,True,ultralytics_curascan/datasets/estagio-nivel-34n-20-05-26/test/estagio_3/62_0 (2).jpg
62_0 (3),62_0 (3),62_0 (3).jpg,58507dc32a8f3d954d69634be51dfedd2bf23209479960b5aef59ae30226fff7,8649584cdbaa6cf3,clinical:62,test,estagio_4,nao_classificavel,estagio_4,True,ultralytics_curascan/datasets/estagio-nivel-34n-20-05-26/train/estagio_4/62_0 (3).jpg
62_0 (4),62_0 (4),62_0 (4).jpg,58eb9e4f4af3ebfbd2d0806d18954c1515f420de776c6d8b6cf483a002a39a76,d495c59594d4cdc3,clinical:62,test,estagio_3,nao_classificavel,estagio_3,True,ultralytics_curascan/datasets/estagio-nivel-34n-20-05-26/train/estagio_3/62_0 (4).jpg
72_0 (2),72_0 (2),72_0 (2).jpg,6045ccc604572d09573958e6181c17c33dd15e496a362e0d5ccbf571434d5105,a3e0ec9cc3638c1f,clinical:72,test,estagio_3,nao_classificavel,estagio_3,True,ultralytics_curascan/datasets/estagio-nivel-34n-20-05-26/train/estagio_3/72_0 (2).jpg
72_0 (3),72_0 (3),72_0 (3).jpg,fba7097973e0276bde2565d4770e50d1deb5017140eb3fd9b20ccfb55d9d334e,81c51d97346d6f19,clinical:72,test,estagio_3,nao_classificavel,estagio_3,True,ultralytics_curascan/datasets/estagio-nivel-34n-20-05-26/train/estagio_3/72_0 (3).jpg
72_0 (4),72_0 (4),72_0 (4).jpg,eadcf64f142ec85c320c1bc3398e95f68077a6af682e8928cd3e8f51d297bf96,a46dc9823033ceef,clinical:72,test,estagio_3,nao_classificavel,estagio_3,True,ultralytics_curascan/datasets/estagio-nivel-34n-20-05-26/test/estagio_3/72_0 (4).jpg
72_1,72_1,72_1.jpg,e615662b42440f146a2dc06c7347ea32e654c5329c1d1bc065ab898b81903df2,f41f9451c9af292a,clinical:72,test,estagio_3,nao_classificavel,estagio_3,True,ultralytics_curascan/datasets/estagio-nivel-34n-20-05-26/test/estagio_3/72_1.jpg
74_0 (2),74_0 (2),74_0 (2).jpg,680f1d1faa5246f55bcceabfea47256aec8955caeb3886da7ad01a6a6cc57b96,935a9f362591c695,clinical:74,test,estagio_3,nao_classificavel,estagio_3,True,ultralytics_curascan/datasets/estagio-nivel-34n-20-05-26/train/estagio_3/74_0 (2).jpg
74_0 (3),74_0 (3),74_0 (3).jpg,f36fcb83fb9ffacc242451b263bd57bea992d6846736b7aa942cc9a1c537a70f,82e9d93663989c67,clinical:74,test,estagio_3,nao_classificavel,estagio_3,True,ultralytics_curascan/datasets/estagio-nivel-34n-20-05-26/train/estagio_3/74_0 (3).jpg
74_0 (4),74_0 (4),74_0 (4).jpg,bed75f9b10e2dae99785c656716b48773e681cdfd36f76efd9164bda5855d481,8a3d857a826d8afc,clinical:74,test,estagio_3,nao_classificavel,estagio_3,True,ultralytics_curascan/datasets/estagio-nivel-34n-20-05-26/train/estagio_3/74_0 (4).jpg
93_0,93_0,93_0.jpg,ffd1074add544c8f5d797b0f7fe862576628ce2fb6b91dc07ea094bdfb7ad9ab,d5574a68293de4e4,clinical:93,test,estagio_3,nao_classificavel,estagio_3,True,ultralytics_curascan/datasets/estagio-nivel-34n-20-05-26/train/estagio_3/93_0.jpg
93_0 (2),93_0 (2),93_0 (2).jpg,bad5a37471cf425a85cb3fb3d5296cc61b1d2f1afa7cb1e683748b3aaf06bdb6,a4c33153db9cce4c,clinical:93,test,estagio_4,nao_classificavel,estagio_4,True,ultralytics_curascan/datasets/estagio-nivel-34n-20-05-26/train/estagio_4/93_0 (2).jpg
93_0 (3),93_0 (3),93_0 (3).jpg,e755a6796cb7dda607bc2aeb1ec0e3c7d99a81f21fe0f009044263b992760ada,b0c59d9b33a68c99,clinical:93,test,estagio_3,nao_classificavel,estagio_3,True,ultralytics_curascan/datasets/estagio-nivel-34n-20-05-26/train/estagio_3/93_0 (3).jpg
93_0 (4),93_0 (4),93_0 (4).jpg,455e774df765ecd3e5c20bfb6ba0036fda612219dcaf56e4fb91f3e42cf19cb8,a2d099a92ff6c711,clinical:93,test,estagio_2,estagio_2,,False,ultralytics_curascan/datasets/estagio-nivel-12n-20-05-26/val/estagio_2/93_0 (4).jpg
95_0,95_0,95_0.jpg,b26db72f96c03d3400919959bbb41ca1a142d35c50419449568d3760957d93e2,e1810b3b7978ecb4,clinical:95,test,estagio_3,nao_classificavel,estagio_3,True,ultralytics_curascan/datasets/estagio-nivel-34n-20-05-26/train/estagio_3/95_0.jpg
95_0 (2),95_0 (2),95_0 (2).jpg,4ec78858085e4f783f122095b5ef9534de29d31e0ec82d0b7e3b2c4f6ef94889,e86087ff1fe023e0,clinical:95,test,estagio_2,estagio_2,,False,ultralytics_curascan/datasets/estagio-nivel-12n-20-05-26/train/estagio_2/95_0 (2).jpg
95_0 (4),95_0 (4),95_0 (4).jpg,e11062896dafb565605d8b86cd57e17e285b922389491533518f031c13ca21c1,a889da8750af6f62,clinical:95,test,estagio_2,estagio_2,,False,ultralytics_curascan/datasets/estagio-nivel-12n-20-05-26/train/estagio_2/95_0 (4).jpg
9_0 (3),9_0 (3),9_0 (3).jpg,fe4e13f3224dff415f932fc3668c5c0b3170ac7b48467976f9d15ed1a64c799c,a442e23d8dbf368c,clinical:9,test,estagio_3,nao_classificavel,estagio_3,True,ultralytics_curascan/datasets/estagio-nivel-34n-20-05-26/val/estagio_3/9_0 (3).jpg
9_0 (4),9_0 (4),9_0 (4).jpg,5a36aa92f5649622fd890a160d64233048f7d26b9ee94100ad10ad304beb33af,f5151c0c0d0acfef,clinical:9,test,estagio_2,estagio_2,,False,ultralytics_curascan/datasets/estagio-nivel-12n-20-05-26/train/estagio_2/9_0 (4).jpg
9_1,9_1,9_1.jpg,89b49fb0f0f9b41a7be780e87300b1db4930c91a4b8ac71501f0718043554157,87411d7f7cce0623,clinical:9,test,estagio_2,estagio_2,,False,ultralytics_curascan/datasets/estagio-nivel-12n-20-05-26/val/estagio_2/9_1.jpg
ev1_4,ev1_4,Ev1_4.jpg,34ee23abc53c02f66fdff64c255e0bdc193e9310deab3c8b145db5577fc2cb9a,a9cb3489ce4cf09b,name:ev1_4,test,estagio_3,nao_classificavel,estagio_3,True,ultralytics_curascan/datasets/estagio-nivel-34n-20-05-26/train/estagio_3/Ev1_4.jpg
lp_epitelizacao_1,lp_epitelizacao_1,LP_epitelizacao_1.jpg,3dcb9c0c9070ace3240218adccb8126a24e8afad38927b59ae048efb560c31f5,813e99c27797c534,name:lp_epitelizacao_1,test,estagio_3,nao_classificavel,estagio_3,True,ultralytics_curascan/datasets/estagio-nivel-34n-20-05-26/train/estagio_3/LP_epitelizacao_1.jpg
lp_macerada_2,lp_macerada_2,LP_macerada_2.jpg,4eb151bd23fec1a7c044dec540e1b26b78d0df5d631fc5fdd192cd08b21befd7,9d31918ba1999bc7,name:lp_macerada_2,test,estagio_2,estagio_2,,False,ultralytics_curascan/datasets/estagio-nivel-12n-20-05-26/train/estagio_2/LP_macerada_2.jpg
necrotic-pressure-ulcer-0001,necrotic-pressure-ulcer-0001,necrotic-pressure-ulcer-0001.jpg,c75aec3972dc6f2bafd488fd63e78153ca56a02ee3010423b19403409f111a3e,a578c31f70fc0ce1,name:necrotic-pressure-ulcer-0001,test,nao_classificavel,nao_classificavel,nao_classificavel,True,ultralytics_curascan/datasets/estagio-nivel-12n-20-05-26/test/nao_classificavel/necrotic-pressure-ulcer-0001.jpg
necrotic-pressure-ulcer-0008,necrotic-pressure-ulcer-0008,necrotic-pressure-ulcer-0008.jpg,278b0f1f7a065c39fb2bfc0757c10dfad289d75a893037fcf2c1393925b6d81f,d1d1312b6cec1e96,name:necrotic-pressure-ulcer-0008,test,nao_classificavel,nao_classificavel,nao_classificavel,True,ultralytics_curascan/datasets/estagio-nivel-12n-20-05-26/train/nao_classificavel/necrotic-pressure-ulcer-0008.jpg
pressure-ulcer-on-foot-0009,pressure-ulcer-on-foot-0009,pressure-ulcer-on-foot-0009.jpg,de982d44ec3c846b1e3ec51206f5e71718678dcdf202977201d28e5e7aad867e,e1e246ce8fcc9c1c,name:pressure-ulcer-on-foot-0009,test,nao_classificavel,nao_classificavel,nao_classificavel,True,ultralytics_curascan/datasets/estagio-nivel-12n-20-05-26/test/nao_classificavel/pressure-ulcer-on-foot-0009.jpg
pressure-ulcer-on-foot-0022,pressure-ulcer-on-foot-0022,pressure-ulcer-on-foot-0022.jpg,0d6be86c5f0e9ff0ba8d49afc18defd6723fadc68c8bce294cc998de01ed5f44,d60d2edc1b79a41c,name:pressure-ulcer-on-foot-0022,test,estagio_3,nao_classificavel,estagio_3,True,ultralytics_curascan/datasets/estagio-nivel-34n-20-05-26/val/estagio_3/pressure-ulcer-on-foot-0022.jpg
sdti_015,sdti_015,SDTI_015.jpg,1c0c70c6080e534623ec161dd5a3c987048c8e3e483588d4161604339954966c,b313993db19b815c,name:sdti_015,test,nao_classificavel,nao_classificavel,nao_classificavel,True,ultralytics_curascan/datasets/estagio-nivel-12n-20-05-26/train/nao_classificavel/SDTI_015.jpg
sloughy-pressure-ulcer-0009,sloughy-pressure-ulcer-0009,sloughy-pressure-ulcer-0009.jpg,7347cb6014e8452e568d690c62fe02afa88272702c9562f07841fe619bdb26ea,a3989cce3e270bb1,name:sloughy-pressure-ulcer-0009,test,nao_classificavel,nao_classificavel,nao_classificavel,True,ultralytics_curascan/datasets/estagio-nivel-12n-20-05-26/train/nao_classificavel/sloughy-pressure-ulcer-0009.jpg
stage_1_16682,stage_1_16682,stage_1_16682.jpg,8e28b7c47c4f14b11fffe560c3b25a39cce2b2f2b8a2cdda6f6ae6cd9b44ecf8,f1a3479438e7a529,name:stage_1_16682,test,estagio_1,estagio_1,,False,ultralytics_curascan/datasets/estagio-nivel-12n-20-05-26/train/estagio_1/stage_1_16682.jpg
stage_1_30082,stage_1_30082,stage_1_30082.jpg,06ad7e14491036766bf8a201030f1e7933a47de865423082321594d9db804bd9,aadd2a15e81ee11e,name:stage_1_30082,test,estagio_1,estagio_1,,False,ultralytics_curascan/datasets/estagio-nivel-12n-20-05-26/train/estagio_1/stage_1_30082.jpg
stage_1_30388,stage_1_30388,stage_1_30388.jpg,989a9d4efc736abf8baef2294585c07ae7b215a517b2aa5a376f0d9050e3b471,b61bc1e7e7d01261,name:stage_1_30388,test,estagio_1,estagio_1,,False,ultralytics_curascan/datasets/estagio-nivel-12n-20-05-26/train/estagio_1/stage_1_30388.jpg
stage_1_37503,stage_1_37503,stage_1_37503.jpg,440f050efbd3e24a5493eb3a58058a27687cc08b2afb0b632336338f0abd4b7d,aa688709cc67db9a,name:stage_1_37503,test,estagio_1,estagio_1,,False,ultralytics_curascan/datasets/estagio-nivel-12n-20-05-26/train/estagio_1/stage_1_37503.jpg
stage_1_41810,stage_1_41810,stage_1_41810.jpg,710bb4e5c10d70b4d507fd8785fae4e8c35b1380f4aee53f1ff7ae3ff72bb86a,b2a79ab5ca94849d,name:stage_1_41810,test,estagio_1,estagio_1,,False,ultralytics_curascan/datasets/estagio-nivel-12n-20-05-26/train/estagio_1/stage_1_41810.jpg
stage_1_45803,stage_1_45803,stage_1_45803.jpg,76a21bba602c94d943b6b844005a5a5d4c59e17b27660b9adcd3f637ee0c16bd,baf8c596d2624b92,name:stage_1_45803,test,estagio_1,estagio_1,,False,ultralytics_curascan/datasets/estagio-nivel-12n-20-05-26/train/estagio_1/stage_1_45803.jpg
stage_1_74220,stage_1_74220,stage_1_74220.jpg,9f394a038ca948407178f22df344a592024609cf352e0ffec58b5f84fa594619,eac0872deec6a8d2,name:stage_1_74220,test,estagio_1,estagio_1,,False,ultralytics_curascan/datasets/estagio-nivel-12n-20-05-26/train/estagio_1/stage_1_74220.jpg
stage_1_90701,stage_1_90701,stage_1_90701.jpg,5ffd118d7fb5f8a32721eed9446329e3d1830f2b0480cb7272241476be42757a,ec349b8b658c9ab2,name:stage_1_90701,test,estagio_1,estagio_1,,False,ultralytics_curascan/datasets/estagio-nivel-12n-20-05-26/train/estagio_1/stage_1_90701.jpg
stage_1_94342,stage_1_94342,stage_1_94342.jpg,8a81ab9a05c004f65ca617fbd4e7b0c4508134bf781e94947f538eff472f3c83,8002c61d0d9e5fff,name:stage_1_94342,test,estagio_1,estagio_1,,False,ultralytics_curascan/datasets/estagio-nivel-12n-20-05-26/train/estagio_1/stage_1_94342.jpg
stage_1_9504,stage_1_9504,stage_1_9504.jpg,058490e2c12e43301ecfa58c26afbdd88a5ebba4eb9f0ca2f3f316c20c114194,aeca9119fee3001f,name:stage_1_9504,test,estagio_1,estagio_1,,False,ultralytics_curascan/datasets/estagio-nivel-12n-20-05-26/train/estagio_1/stage_1_9504.jpg
stage_2_35875,stage_2_35875,stage_2_35875.jpg,f6afbcf34e48580e8c1659209660c558bda5736aa4956143bb3fa3faad67327a,b991a68fdb708625,name:stage_2_35875,test,estagio_2,estagio_2,,False,ultralytics_curascan/datasets/estagio-nivel-12n-20-05-26/train/estagio_2/stage_2_35875.jpg
stage_2_50576,stage_2_50576,stage_2_50576.jpg,b74cafab30a54c252c91408c9a0081644880b7a9387a03b69f5cc10ffa5ce6c4,b99d427c43b18cc7,name:stage_2_50576,test,estagio_2,estagio_2,,False,ultralytics_curascan/datasets/estagio-nivel-12n-20-05-26/val/estagio_2/stage_2_50576.jpg
stage_2_64165,stage_2_64165,stage_2_64165.jpg,2d6489c5ddbe64bf92e315a4f3ec92acaa13df052ebfa91588920d2d046b2091,af93f4cac82dc1c8,name:stage_2_64165,test,estagio_3,nao_classificavel,estagio_3,True,ultralytics_curascan/datasets/estagio-nivel-34n-20-05-26/train/estagio_3/stage_2_64165.jpg
stage_2_72015,stage_2_72015,stage_2_72015.jpg,cf2427720317f29562618ac89de3d7c8b0580716148055d879da06f6edd2141e,bdb0d0cb8b93c8e8,name:stage_2_72015,test,estagio_2,estagio_2,,False,ultralytics_curascan/datasets/estagio-nivel-12n-20-05-26/train/estagio_2/stage_2_72015.jpg
stage_2_73822,stage_2_73822,stage_2_73822.jpg,abd982a421a36bcb09e47f91d0085f5cc586f825a491322b3c221756e65b1f7a,e1bf80fe24f199c0,name:stage_2_73822,test,estagio_2,estagio_2,,False,ultralytics_curascan/datasets/estagio-nivel-12n-20-05-26/train/estagio_2/stage_2_73822.jpg
stage_2_78148,stage_2_78148,stage_2_78148.jpg,fff03e46fe0800592147b3112f2fdabd6c0886d7f233b58cb52f2b58b977b36f,becf80c1b0f33694,name:stage_2_78148,test,estagio_3,nao_classificavel,estagio_3,True,ultralytics_curascan/datasets/estagio-nivel-34n-20-05-26/train/estagio_3/stage_2_78148.jpg
stage_2_8374,stage_2_8374,stage_2_8374.jpg,6c1d6603aa32110731e726215459c766c8ff8c85f4db03ea798b0f5c6e1f9dbf,abe3b400e61f98da,name:stage_2_8374,test,estagio_2,estagio_2,,False,ultralytics_curascan/datasets/estagio-nivel-12n-20-05-26/train/estagio_2/stage_2_8374.jpg
stage_3_10173,stage_3_10173,stage_3_10173.jpg,c3af33ab6e4aa0bd2c8515adfd3df487672ba4795876a2fa6423c003ed8b1970,f8d987889a17396c,name:stage_3_10173,test,estagio_3,nao_classificavel,estagio_3,True,ultralytics_curascan/datasets/estagio-nivel-34n-20-05-26/train/estagio_3/stage_3_10173.jpg
stage_3_12724,stage_3_12724,stage_3_12724.jpg,0efc05c83c095952802b12285d9b54441bc5fe6be0c669a65b9a4361c3202260,f6e70b9c3c62d80a,name:stage_3_12724,test,estagio_3,nao_classificavel,estagio_3,True,ultralytics_curascan/datasets/estagio-nivel-34n-20-05-26/val/estagio_3/stage_3_12724.jpg
stage_3_13792,stage_3_13792,stage_3_13792.jpg,bcc83eae02ded8f0819076d891ec685f05e7a30bb6f770d0608ecd559d1e4405,f514ef63d044f318,name:stage_3_13792,test,estagio_3,nao_classificavel,estagio_3,True,ultralytics_curascan/datasets/estagio-nivel-34n-20-05-26/train/estagio_3/stage_3_13792.jpg
stage_3_14105,stage_3_14105,stage_3_14105.jpg,f2209981631a22d0e8440e3931c76595c340045fdf91e81d7c8e1a5a6bef20eb,d4f0cf8323f4dcc0,name:stage_3_14105,test,estagio_3,nao_classificavel,estagio_3,True,ultralytics_curascan/datasets/estagio-nivel-34n-20-05-26/test/estagio_3/stage_3_14105.jpg
stage_3_19044,stage_3_19044,stage_3_19044.jpg,ff9551fc0bb56c594ee74082aa3a83461fa23be58d9ae82fcd456e1785a5676e,d9e866a763988e92,name:stage_3_19044,test,estagio_3,nao_classificavel,estagio_3,True,ultralytics_curascan/datasets/estagio-nivel-34n-20-05-26/train/estagio_3/stage_3_19044.jpg
stage_3_34510,stage_3_34510,stage_3_34510.jpg,89e9d77e78b59a5067fb2baf623bfef0e287f48b83ef3c02977257c0ec7c23bb,cb15703b8f27b458,name:stage_3_34510,test,estagio_3,nao_classificavel,estagio_3,True,ultralytics_curascan/datasets/estagio-nivel-34n-20-05-26/test/estagio_3/stage_3_34510.jpg
stage_3_3814,stage_3_3814,stage_3_3814.jpg,7e825f0885143a57e78879a743acdbc9ed5288adf4dd6b4d7147db90d42283ca,b931ea8fa6764468,name:stage_3_3814,test,estagio_3,nao_classificavel,estagio_3,True,ultralytics_curascan/datasets/estagio-nivel-34n-20-05-26/train/estagio_3/stage_3_3814.jpg
stage_3_40848,stage_3_40848,stage_3_40848.jpg,cdae22b80e091cd5ef50fba35cd10313d70f6393d51a250d8c38edd5ea156ee7,efcc9831e15b8646,name:stage_3_40848,test,estagio_3,nao_classificavel,estagio_3,True,ultralytics_curascan/datasets/estagio-nivel-34n-20-05-26/val/estagio_3/stage_3_40848.jpg
stage_3_74183,stage_3_74183,stage_3_74183.jpg,9ee85c5a8fec981f33adccc06a4bd8f208309796f485181a74e24da945fc0796,8a992fa2b499c8cf,name:stage_3_74183,test,estagio_3,nao_classificavel,estagio_3,True,ultralytics_curascan/datasets/estagio-nivel-34n-20-05-26/val/estagio_3/stage_3_74183.jpg
stage_3_75912,stage_3_75912,stage_3_75912.jpg,c4fb95d2697032ef94d07a4a9c6bb840ed75d7eea1ffa953273ef186f43be3dc,be4ae135dab84a61,name:stage_3_75912,test,estagio_3,nao_classificavel,estagio_3,True,ultralytics_curascan/datasets/estagio-nivel-34n-20-05-26/train/estagio_3/stage_3_75912.jpg
stage_4_11375,stage_4_11375,stage_4_11375.jpg,89f840fa70c4cd1e224054de467f8937018d88792affc0db2a52f64f30520638,8799dec649712479,name:stage_4_11375,test,estagio_3,nao_classificavel,estagio_3,True,ultralytics_curascan/datasets/estagio-nivel-34n-20-05-26/train/estagio_3/stage_4_11375.jpg
stage_4_24261,stage_4_24261,stage_4_24261.jpg,0bc35009d6d549f15c5bf3dbe5407dc7d21e38153daa486fa1ffc8ad4993b1fe,fba7e082cb8d381c,name:stage_4_24261,test,estagio_4,nao_classificavel,estagio_4,True,ultralytics_curascan/datasets/estagio-nivel-34n-20-05-26/test/estagio_4/stage_4_24261.jpg
stage_4_2673,stage_4_2673,stage_4_2673.jpg,624588f1f806d44bb49b4be87fcb2c725460cf218db7fb26e5dd71e70c1536d6,fadcb061c187cc9a,name:stage_4_2673,test,estagio_4,nao_classificavel,estagio_4,True,ultralytics_curascan/datasets/estagio-nivel-34n-20-05-26/train/estagio_4/stage_4_2673.jpg
stage_4_27044,stage_4_27044,stage_4_27044.jpg,eaf3f38279dd6942973fe54504e7cc6aa77c06ea2dd970170118fea0351e0c94,acc0e0c75df8a35a,name:stage_4_27044,test,estagio_4,nao_classificavel,estagio_4,True,ultralytics_curascan/datasets/estagio-nivel-34n-20-05-26/train/estagio_4/stage_4_27044.jpg
stage_4_29307,stage_4_29307,stage_4_29307.jpg,cb809aacbcabbf33f00d1828bd56d13abf3d69644f4e7b0de6f5962b1a47c67f,ea956c518ad5aa53,name:stage_4_29307,test,estagio_4,nao_classificavel,estagio_4,True,ultralytics_curascan/datasets/estagio-nivel-34n-20-05-26/train/estagio_4/stage_4_29307.jpg
stage_4_30320,stage_4_30320,stage_4_30320.jpg,ac59fa3a8efcde7ff4ce2b00022a4103f1cd9408d417b2fa9c63ea7812171f06,e4fcfcfee0e89000,name:stage_4_30320,test,estagio_4,nao_classificavel,estagio_4,True,ultralytics_curascan/datasets/estagio-nivel-34n-20-05-26/train/estagio_4/stage_4_30320.jpg
stage_4_53380,stage_4_53380,stage_4_53380.jpg,cfa6485e33256908714ab91052ad2fda303a11929220c1fb80068bf53d5162b0,eb7eb4e3c311848c,name:stage_4_53380,test,estagio_4,nao_classificavel,estagio_4,True,ultralytics_curascan/datasets/estagio-nivel-34n-20-05-26/test/estagio_4/stage_4_53380.jpg
stage_4_65131,stage_4_65131,stage_4_65131.jpg,42ae5ad8e395bbfaaa7d0c339438cfa4c59c519caab9201b15dd03545b1f562c,ebcab09684d3cdc8,name:stage_4_65131,test,estagio_4,nao_classificavel,estagio_4,True,ultralytics_curascan/datasets/estagio-nivel-34n-20-05-26/test/estagio_4/stage_4_65131.jpg
stage_4_67419,stage_4_67419,stage_4_67419.jpg,f396864138ee14dad971abef8269416ff5bab14aeebc7a110ca1582658543ed0,bec0e1d2cb89b958,name:stage_4_67419,test,estagio_4,nao_classificavel,estagio_4,True,ultralytics_curascan/datasets/estagio-nivel-34n-20-05-26/test/estagio_4/stage_4_67419.jpg
stage_4_75141,stage_4_75141,stage_4_75141.jpg,aefe95b223ecb76179dd4b02285fceb6fd3bd7d9489c158595b139a218019de2,bfe7c89c1660d390,name:stage_4_75141,test,estagio_3,nao_classificavel,estagio_3,True,ultralytics_curascan/datasets/estagio-nivel-34n-20-05-26/train/estagio_3/stage_4_75141.jpg
stage_4_95745,stage_4_95745,stage_4_95745.jpg,886c0d50096db1deaa3f0a381b3563ad8480b32aa6d852148412d8462638718a,aae0a5b5d8d5b164,name:stage_4_95745,test,estagio_4,nao_classificavel,estagio_4,True,ultralytics_curascan/datasets/estagio-nivel-34n-20-05-26/train/estagio_4/stage_4_95745.jpg
stage_4_99584,stage_4_99584,stage_4_99584.jpg,43eac1d01c692bdb4bcd44c9b4f66320b95e50177d63563c1c8dd1e65b3244b4,f16debdad0442368,name:stage_4_99584,test,estagio_3,nao_classificavel,estagio_3,True,ultralytics_curascan/datasets/estagio-nivel-34n-20-05-26/train/estagio_3/stage_4_99584.jpg
stage_ii_040,stage_ii_040,Stage_II_040.jpg,0fe60862e2d7b80e0721ac3b8dd7542bd69f5db9113bdb83a2a67a36afdfe3eb,80f720d925ee9be4,name:stage_ii_040,test,estagio_2,estagio_2,,False,ultralytics_curascan/datasets/estagio-nivel-12n-20-05-26/test/estagio_2/Stage_II_040.jpg
stage_iii_020,stage_iii_020,Stage_III_020.jpg,8060bf266f89db9868931710ee5a390640c533b3e39b7c52497dea45dece0951,813edf4d2856338d,name:stage_iii_020,test,estagio_3,nao_classificavel,estagio_3,True,ultralytics_curascan/datasets/estagio-nivel-34n-20-05-26/test/estagio_3/Stage_III_020.jpg
stage_iii_025,stage_iii_025,Stage_III_025.jpg,884313fbfa0bfb57b18c471cf7eabe116e0b3278dd0f7572a95acc772953f86a,efa994919e5629c1,name:stage_iii_025,test,estagio_3,nao_classificavel,estagio_3,True,ultralytics_curascan/datasets/estagio-nivel-34n-20-05-26/train/estagio_3/Stage_III_025.jpg
stage_iii_035,stage_iii_035,Stage_III_035.jpg,a882e4278025bb7b82bc9e092e6a344c02cb8d3c621b81bf86922dd072cb0cf7,90845fd077d13755,name:stage_iii_035,test,estagio_3,nao_classificavel,estagio_3,True,ultralytics_curascan/datasets/estagio-nivel-34n-20-05-26/test/estagio_3/Stage_III_035.jpg
100_0 (4),100_0 (4),100_0 (4).jpg,0c03e58a4b788a38ba73a1cb2ac42c078d5126b4ed34c120692a582e350860af,acd61f3cc31d66c0,clinical:100,train,estagio_1,estagio_1,,False,ultralytics_curascan/datasets/estagio-nivel-12n-20-05-26/train/estagio_1/100_0 (4).jpg
101_0,101_0,101_0.jpg,c3fb2985bb5e7b125e43c448911b3206cf72e46d532fcfba5ec33782304f97db,a550d654b7afa8a4,clinical:101,train,estagio_3,nao_classificavel,estagio_3,True,ultralytics_curascan/datasets/estagio-nivel-34n-20-05-26/train/estagio_3/101_0.jpg
101_0 (2),101_0 (2),101_0 (2).jpg,9fb41bf446c2ebe0fdaf2f5c466b9dfcde2d896f8bb6869abf57dc052ebe8596,a3b38ecccd99314c,clinical:101,train,estagio_4,nao_classificavel,estagio_4,True,ultralytics_curascan/datasets/estagio-nivel-34n-20-05-26/test/estagio_4/101_0 (2).jpg
101_0 (3),101_0 (3),101_0 (3).jpg,ae062e824f859e728fdd6485ac236c8718737800922fb45550883d27e00e73b2,e44d19c377c639c8,clinical:101,train,estagio_3,nao_classificavel,estagio_3,True,ultralytics_curascan/datasets/estagio-nivel-34n-20-05-26/train/estagio_3/101_0 (3).jpg
101_1,101_1,101_1.jpg,88122113d59613e1e5e6e60e8ec92e4711d4e04235af1e2a98bc313e2fdcff21,a4168dd649af3713,clinical:101,train,estagio_3,nao_classificavel,estagio_3,True,ultralytics_curascan/datasets/estagio-nivel-34n-20-05-26/train/estagio_3/101_1.jpg
102_0 (3),102_0 (3),102_0 (3).jpg,4ebbff9b09bef874a7f15f46b32fb0cd6091d873db3fb51510d61aa7a62a3503,c0d1cc92936c97fa,clinical:102,train,estagio_3,nao_classificavel,estagio_3,True,ultralytics_curascan/datasets/estagio-nivel-34n-20-05-26/val/estagio_3/102_0 (3).jpg
103_0,103_0,103_0.jpg,e99c1c86318837cdde8fe9eeebed5ac49a03207b59e789cd8c5f5966eea20623,ff87878ca4a42c2d,clinical:103,train,estagio_4,nao_classificavel,estagio_4,True,ultralytics_curascan/datasets/estagio-nivel-34n-20-05-26/train/estagio_4/103_0.jpg
103_0 (2),103_0 (2),103_0 (2).jpg,13157987bf3a3c55eae13ff587a093bc6cd336795df862ee5ef785e4e6c2a214,b891df662093b34d,clinical:103,train,estagio_3,nao_classificavel,estagio_3,True,ultralytics_curascan/datasets/estagio-nivel-34n-20-05-26/train/estagio_3/103_0 (2).jpg
103_0 (3),103_0 (3),103_0 (3).jpg,1290a94076a377cde174acb96188c2f1003e49afcb343af508bc6eecbd83b791,f9970da1522ee156,clinical:103,train,estagio_2,estagio_2,,False,ultralytics_curascan/datasets/estagio-nivel-12n-20-05-26/train/estagio_2/103_0 (3).jpg
103_1,103_1,103_1.jpg,1a017befc994cd1b08e3ec4826345dc8f4c76aefc90a067bec0f8c0fdfa2e104,c3cbbc924bb4616c,clinical:103,train,estagio_2,estagio_2,,False,ultralytics_curascan/datasets/estagio-nivel-12n-20-05-26/train/estagio_2/103_1.jpg
104_0,104_0,104_0.jpg,9bccd5820b6ee4a5736750d0b78114e4e9348ad97df55a5ef0c4cf7751836a8f,dbdb034a68990da7,clinical:104,train,estagio_1,estagio_1,,False,ultralytics_curascan/datasets/estagio-nivel-12n-20-05-26/train/estagio_1/104_0.jpg
104_0 (2),104_0 (2),104_0 (2).jpg,f5f22a3265368e90b1ff848518310f318efe18dc470034cf9df7319e86afd089,b306cd66b14cf06e,clinical:104,train,estagio_3,nao_classificavel,estagio_3,True,ultralytics_curascan/datasets/estagio-nivel-34n-20-05-26/train/estagio_3/104_0 (2).jpg
105_0,105_0,105_0.jpg,5f66105a11cd5b7403b4d54056b86ebe04227679308138e1ea1abc100ba16c97,ce483624ad8b6c5f,clinical:105,train,estagio_3,nao_classificavel,estagio_3,True,ultralytics_curascan/datasets/estagio-nivel-34n-20-05-26/train/estagio_3/105_0.jpg
105_0 (2),105_0 (2),105_0 (2).jpg,a02218397464f92bcb30706b87fad04dbd7a99bfbebf8bca55de2637015f8377,b26d8cc661cc63b5,clinical:105,train,estagio_4,nao_classificavel,estagio_4,True,ultralytics_curascan/datasets/estagio-nivel-34n-20-05-26/train/estagio_4/105_0 (2).jpg
106_0,106_0,106_0.jpg,62ec5eedcc06535af1d2bbabcc77034ad16ddf6b1979611b5286d45fd8faa90f,d5bb988c6782338e,clinical:106,train,estagio_3,nao_classificavel,estagio_3,True,ultralytics_curascan/datasets/estagio-nivel-34n-20-05-26/train/estagio_3/106_0.jpg
106_0 (3),106_0 (3),106_0 (3).jpg,e5b210a4b057d04e66859a7107daee481122c2e7dd76ddd3e310baaabad6ac5d,f25436ab89f164ca,clinical:106,train,estagio_1,estagio_1,,False,ultralytics_curascan/datasets/estagio-nivel-12n-20-05-26/val/estagio_1/106_0 (3).jpg
107_0 (2),107_0 (2),107_0 (2).jpg,d26643154d3e5fd7fabbebfee4c6b87856828753c994471db1ee868a7b0fa510,9f7e2c090d372387,clinical:107,train,estagio_3,nao_classificavel,estagio_3,True,ultralytics_curascan/datasets/estagio-nivel-34n-20-05-26/train/estagio_3/107_0 (2).jpg
107_0 (3),107_0 (3),107_0 (3).jpg,960adb00b6db2514e3b2260684feeb5f59c2b6fa0e99c753ef40d90ca5002549,e3d2d6547545d511,clinical:107,train,estagio_2,estagio_2,,False,ultralytics_curascan/datasets/estagio-nivel-12n-20-05-26/train/estagio_2/107_0 (3).jpg
107_1,107_1,107_1.jpg,3d8989c19a6c9dc170e1b7c9c1b331f7bd2521731be9ac0523ee6096f247ba24,ea72ab5c25363c89,clinical:107,train,estagio_2,estagio_2,,False,ultralytics_curascan/datasets/estagio-nivel-12n-20-05-26/train/estagio_2/107_1.jpg
108_0,108_0,108_0.jpg,a89f085cb342adaa912a0a45672051d4638d45a5a6d886cf0d1e3cd0180a6a81,81cfbe2b3345c499,clinical:108,train,estagio_3,nao_classificavel,estagio_3,True,ultralytics_curascan/datasets/estagio-nivel-34n-20-05-26/train/estagio_3/108_0.jpg
108_0 (3),108_0 (3),108_0 (3).jpg,d53edde0eeadaf4544e3b200b01bc59b6662277d7be4bd13373fbaece115fddd,a05da44833edda9d,clinical:108,train,estagio_4,nao_classificavel,estagio_4,True,ultralytics_curascan/datasets/estagio-nivel-34n-20-05-26/train/estagio_4/108_0 (3).jpg
108_1,108_1,108_1.jpg,420b315b8ccf0735beb0777b684500680bf2b84364f6c05eb16481f3139d74d3,f331c9240eec28ef,clinical:108,train,estagio_4,nao_classificavel,estagio_4,True,ultralytics_curascan/datasets/estagio-nivel-34n-20-05-26/train/estagio_4/108_1.jpg
10_0,10_0,10_0.jpg,35c10f34145ed7500d5faf5061f3f968c38eaa526076370206fa9159639909a3,f8051ea156b97798,clinical:10,train,estagio_3,nao_classificavel,estagio_3,True,ultralytics_curascan/datasets/estagio-nivel-34n-20-05-26/train/estagio_3/10_0.jpg
10_0 (2),10_0 (2),10_0 (2).jpg,f9c186ac56a5ccead90517aba5eebbb919fce3ed9566468c8e6dd656ac4747d7,d2d5d584a2a9cf64,clinical:10,train,estagio_3,nao_classificavel,estagio_3,True,ultralytics_curascan/datasets/estagio-nivel-34n-20-05-26/train/estagio_3/10_0 (2).jpg
10_0 (3),10_0 (3),10_0 (3).jpg,007c04af4cb5eafecd346a66d3f7896f0b90c96b0abd7b20818e414d5632e722,f3cc711cd0639ec4,clinical:10,train,estagio_3,nao_classificavel,estagio_3,True,ultralytics_curascan/datasets/estagio-nivel-34n-20-05-26/val/estagio_3/10_0 (3).jpg
10_1,10_1,10_1.jpg,8a691844f58120c25db14fec20bd1c08799faac4c73611658e3011fab8ce0f45,93a34dea255ab545,clinical:10,train,estagio_4,nao_classificavel,estagio_4,True,ultralytics_curascan/datasets/estagio-nivel-34n-20-05-26/train/estagio_4/10_1.jpg
10_2,10_2,10_2.jpg,0d5c0892b9cdc4935d81179d9096a6b3893047969f2c6a0daed3dc165758ee99,9678bbf37700c215,clinical:10,train,estagio_4,nao_classificavel,estagio_4,True,ultralytics_curascan/datasets/estagio-nivel-34n-20-05-26/train/estagio_4/10_2.jpg
10_3,10_3,10_3.jpg,b690a2dbfea67ba07e95064cb93295dd7cbc67d4355aa6aeac3dd72bd533bd5f,868771a9936c9c57,clinical:10,train,estagio_4,nao_classificavel,estagio_4,True,ultralytics_curascan/datasets/estagio-nivel-34n-20-05-26/test/estagio_4/10_3.jpg
110_0 (3),110_0 (3),110_0 (3).jpg,fba742183bbeace1d1d87aab45af025290298f7155c16eee7a5c760161b3c4e6,8b246176254fd2bb,clinical:110,train,estagio_3,nao_classificavel,estagio_3,True,ultralytics_curascan/datasets/estagio-nivel-34n-20-05-26/train/estagio_3/110_0 (3).jpg
110_2,110_2,110_2.jpg,9bbfb7e9c2a04ad263db25fff775bb5b0e727845da19531987f1f6d564ebdc67,be0846fb12037e6e,clinical:110,train,estagio_2,estagio_2,,False,ultralytics_curascan/datasets/estagio-nivel-12n-20-05-26/train/estagio_2/110_2.jpg
111_0,111_0,111_0.jpg,bf368bfdb4e92caa7c2f3e9a75d877ed5117d325adf0f977dd7c554c4425631e,f388cc3ec91ae11e,clinical:111,train,estagio_3,nao_classificavel,estagio_3,True,ultralytics_curascan/datasets/estagio-nivel-34n-20-05-26/test/estagio_3/111_0.jpg
111_0 (3),111_0 (3),111_0 (3).jpg,1d734e9b6eae6010444c9e6aa5662fc7db7004b4cbf3ed6be7f9823cafa8297f,fa0744b22673f989,clinical:111,train,estagio_3,nao_classificavel,estagio_3,True,ultralytics_curascan/datasets/estagio-nivel-34n-20-05-26/train/estagio_3/111_0 (3).jpg
112_0,112_0,112_0.jpg,058f02a4a02e862cf0362760e7279bc0d060fe3c2080e4dfd17fe37afe3a9271,8d52552dafa1bc25,clinical:112,train,estagio_3,nao_classificavel,estagio_3,True,ultralytics_curascan/datasets/estagio-nivel-34n-20-05-26/train/estagio_3/112_0.jpg
112_0 (3),112_0 (3),112_0 (3).jpg,28de4e5cae8f134bbcd90ac004baaccbbd0a8e1959195f29de50351c0eacd66c,db4f33c8214aab53,clinical:112,train,estagio_3,nao_classificavel,estagio_3,True,ultralytics_curascan/datasets/estagio-nivel-34n-20-05-26/train/estagio_3/112_0 (3).jpg
113_0,113_0,113_0.jpg,e427170c94346f599b1f1bbef4f4d4e24f2a3557415ca324d18f58f63ece3d4a,da6d0c6c264eccbc,clinical:113,train,estagio_3,nao_classificavel,estagio_3,True,ultralytics_curascan/datasets/estagio-nivel-34n-20-05-26/train/estagio_3/113_0.jpg
113_0 (2),113_0 (2),113_0 (2).jpg,fcfcca6fa61be2e9f88aa35af67a2ff746a5a5231331aae4868c99796e93c417,97682851a5deb879,clinical:113,train,estagio_4,nao_classificavel,estagio_4,True,ultralytics_curascan/datasets/estagio-nivel-34n-20-05-26/train/estagio_4/113_0 (2).jpg
113_0 (3),113_0 (3),113_0 (3).jpg,93b7df4d850219efc1fb6c6d1e42f5f7d207e63756b20ed36920fb2c79e9cf92,f3143ccb36991e64,clinical:113,train,estagio_3,nao_classificavel,estagio_3,True,ultralytics_curascan/datasets/estagio-nivel-34n-20-05-26/test/estagio_3/113_0 (3).jpg
114_0,114_0,114_0.jpg,b653041c1de2d2209c7cc6fabea106788dfce011b832e05c51ca581a3cad31c4,9e8f70d89e00f16e,clinical:114,train,estagio_3,nao_classificavel,estagio_3,True,ultralytics_curascan/datasets/estagio-nivel-34n-20-05-26/train/estagio_3/114_0.jpg
114_0 (2),114_0 (2),114_0 (2).jpg,a99adbf79eedaae33f107b241119d8fcaf28be352233bce52c8493afbef79160,8226373bf99909cd,clinical:114,train,estagio_4,nao_classificavel,estagio_4,True,ultralytics_curascan/datasets/estagio-nivel-34n-20-05-26/train/estagio_4/114_0 (2).jpg
114_0 (3),114_0 (3),114_0 (3).jpg,f2214f7a4b93530d9b0713d8fc8c2473adf11332ac8d8136de6358a49f60eee8,b175ccaaf4d1a886,clinical:114,train,estagio_3,nao_classificavel,estagio_3,True,ultralytics_curascan/datasets/estagio-nivel-34n-20-05-26/train/estagio_3/114_0 (3).jpg
114_1,114_1,114_1.jpg,91ed9381870f7202164c3ba906590828887d377580ccf83e2da67d4a25817399,a353dc8c73b2c42e,clinical:114,train,estagio_2,estagio_2,,False,ultralytics_curascan/datasets/estagio-nivel-12n-20-05-26/train/estagio_2/114_1.jpg
115_0 (2),115_0 (2),115_0 (2).jpg,3acfe7fc52771d3b893ed8a5ddcccb8d9ec2030d1d14fc24396d73c7e69d1c01,a38e9c36399327e4,clinical:115,train,estagio_3,nao_classificavel,estagio_3,True,ultralytics_curascan/datasets/estagio-nivel-34n-20-05-26/val/estagio_3/115_0 (2).jpg
115_1,115_1,115_1.jpg,c4f1a3cd93fc2596126383429c04e70eff235c196551405b23380d252b69bd22,ff95c4ac31570c98,clinical:115,train,estagio_2,estagio_2,,False,ultralytics_curascan/datasets/estagio-nivel-12n-20-05-26/train/estagio_2/115_1.jpg
116_0 (3),116_0 (3),116_0 (3).jpg,52094565e1af4dfe9f985f8a50ebd2ed961490ae27eaab29cf027c387dcedc2e,922fc22f638db89c,clinical:116,train,estagio_3,nao_classificavel,estagio_3,True,ultralytics_curascan/datasets/estagio-nivel-34n-20-05-26/train/estagio_3/116_0 (3).jpg
118_0,118_0,118_0.jpg,aabb4e23151ea82b0e9e80ed519e5956d57c65a4c4f19ee6db58762434cbd274,b188d6a7d3746e81,clinical:118,train,estagio_3,nao_classificavel,estagio_3,True,ultralytics_curascan/datasets/estagio-nivel-34n-20-05-26/train/estagio_3/118_0.jpg
118_0 (3),118_0 (3),118_0 (3).jpg,b1788fa64b9faa531bdd960afa75f44fadfaf303406c00197115bd6f6c478bcd,ca535aad31b45a2b,clinical:118,train,estagio_2,estagio_2,,False,ultralytics_curascan/datasets/estagio-nivel-12n-20-05-26/test/estagio_2/118_0 (3).jpg
118_1,118_1,118_1.jpg,f0e4a9d35b9ccd33d288e5c2f38e02c2afb8c20eecf36c71e0a4e15ad9824cca,d48be90e44f71ee0,clinical:118,train,estagio_2,estagio_2,,False,ultralytics_curascan/datasets/estagio-nivel-12n-20-05-26/test/estagio_2/118_1.jpg
118_2,118_2,118_2.jpg,2aa9a95f64d2f3d56f14ac6fe315467d45fdd2ac8de82d74107d86c1c2ce0cb7,db5a4b2fbd544083,clinical:118,train,estagio_2,estagio_2,,False,ultralytics_curascan/datasets/estagio-nivel-12n-20-05-26/train/estagio_2/118_2.jpg
118_3,118_3,118_3.jpg,688d1ca29d55e6d267af5c2c821f4c37a73da6932a62ffb6178aff139487fe36,9b0b2d329d679925,clinical:118,train,estagio_2,estagio_2,,False,ultralytics_curascan/datasets/estagio-nivel-12n-20-05-26/train/estagio_2/118_3.jpg
119_0 (2),119_0 (2),119_0 (2).jpg,e87e4dcacf9c1a44bb596d27be842f2a2b66aabddf8cb6a63c0c8143c264050c,ad063a9150c96f7b,clinical:119,train,estagio_3,nao_classificavel,estagio_3,True,ultralytics_curascan/datasets/estagio-nivel-34n-20-05-26/train/estagio_3/119_0 (2).jpg
119_0 (3),119_0 (3),119_0 (3).jpg,b72e3499f19baded59f7a15b73c81d21c936ca2b8d6be917f63d39f304f7fe20,fe07d188636ccc8e,clinical:119,train,estagio_3,nao_classificavel,estagio_3,True,ultralytics_curascan/datasets/estagio-nivel-34n-20-05-26/train/estagio_3/119_0 (3).jpg
11_0 (2),11_0 (2),11_0 (2).jpg,40c67bb74614a38f49794f26f2f6be30f9bc78b32d80cd4f0aa84dcc6b0a92e6,caaa6596267b1f41,clinical:11,train,estagio_3,nao_classificavel,estagio_3,True,ultralytics_curascan/datasets/estagio-nivel-34n-20-05-26/val/estagio_3/11_0 (2).jpg
11_0 (3),11_0 (3),11_0 (3).jpg,b7eb318a66c6b16d3345f64a57adade15f356b20895aea88190cfe0e0c68e30a,c3c14c0ec36b0faf,clinical:11,train,estagio_3,nao_classificavel,estagio_3,True,ultralytics_curascan/datasets/estagio-nivel-34n-20-05-26/train/estagio_3/11_0 (3).jpg
11_1 (2),11_1 (2),11_1 (2).jpg,efe3bf93069b48ecd29b0f0862268ce5722ca40b7908bae7233b4041313b0999,d6708da5748d233d,clinical:11,train,estagio_3,nao_classificavel,estagio_3,True,ultralytics_curascan/datasets/estagio-nivel-34n-20-05-26/train/estagio_3/11_1 (2).jpg
11_2 (2),11_2 (2),11_2 (2).jpg,cfe54a839cdb5284d952839629c38cffbf29f6b8e8ba02efd59c0dc188e6eddd,e7e349ca067ac287,clinical:11,train,estagio_3,nao_classificavel,estagio_3,True,ultralytics_curascan/datasets/estagio-nivel-34n-20-05-26/train/estagio_3/11_2 (2).jpg
120_0 (2),120_0 (2),120_0 (2).jpg,8a6a7a72c038da1004b774fc18ad512c6dac867af1b6036dc52d8360a0f92ad2,caaac24a3fb5d10d,clinical:120,train,estagio_4,nao_classificavel,estagio_4,True,ultralytics_curascan/datasets/estagio-nivel-34n-20-05-26/train/estagio_4/120_0 (2).jpg
120_0 (3),120_0 (3),120_0 (3).jpg,b1057609ddcdadf028cb809b3353e4dd400dcee45d888d71dfd3f132794ad942,f8569d6726c89b30,clinical:120,train,estagio_3,nao_classificavel,estagio_3,True,ultralytics_curascan/datasets/estagio-nivel-34n-20-05-26/train/estagio_3/120_0 (3).jpg
121_0,121_0,121_0.jpg,aab9790628629b7da8b845bf209f9fc9a260e43166d0fa5255948dc7baae7634,f9912ec21ee01bf1,clinical:121,train,estagio_3,nao_classificavel,estagio_3,True,ultralytics_curascan/datasets/estagio-nivel-34n-20-05-26/train/estagio_3/121_0.jpg
121_0 (3),121_0 (3),121_0 (3).jpg,71180b120733242bb07ed42532834030daec642dbd3578f8cadf8bdbfaaffd35,9ca679287613dd4c,clinical:121,train,estagio_3,nao_classificavel,estagio_3,True,ultralytics_curascan/datasets/estagio-nivel-34n-20-05-26/train/estagio_3/121_0 (3).jpg
122_0 (2),122_0 (2),122_0 (2).jpg,57373062945efb2c939b4cb6b31239fac23dc8f40e2de7e883c1f7fe4c900a27,a18393a58c93f1cf,clinical:122,train,estagio_4,nao_classificavel,estagio_4,True,ultralytics_curascan/datasets/estagio-nivel-34n-20-05-26/train/estagio_4/122_0 (2).jpg
122_0 (3),122_0 (3),122_0 (3).jpg,f7aa0b24f939fcd15035cc45a97224346465bab16880d4bf9061c93259bb4d25,a4091fda6267c74d,clinical:122,train,estagio_2,estagio_2,,False,ultralytics_curascan/datasets/estagio-nivel-12n-20-05-26/val/estagio_2/122_0 (3).jpg
122_1 (2),122_1 (2),122_1 (2).jpg,2bb7b80de6ee75b9a5954bb54007c1af05376b2ca1944a759e810bd4933af844,a64dd9063b5cc6e2,clinical:122,train,estagio_2,estagio_2,,False,ultralytics_curascan/datasets/estagio-nivel-12n-20-05-26/train/estagio_2/122_1 (2).jpg
122_2,122_2,122_2.jpg,59c0e1852e447cd5656333d8fa2bf297e981ccfdc84fd5383b52dcf65c7a9d15,d49dc8722692d9bc,clinical:122,train,estagio_2,estagio_2,,False,ultralytics_curascan/datasets/estagio-nivel-12n-20-05-26/test/estagio_2/122_2.jpg
122_3,122_3,122_3.jpg,1d3c074bad5ca06078b26538b208c14342f8f31acd466dc7d103c3a4fbd2fde2,94809e6f7aa1117f,clinical:122,train,estagio_2,estagio_2,,False,ultralytics_curascan/datasets/estagio-nivel-12n-20-05-26/train/estagio_2/122_3.jpg
123_0 (2),123_0 (2),123_0 (2).jpg,001153119554aecc0d3e3a421616208e7b301eaae2ca6def16bb75c78a2fa889,bf4cc160794f95a4,clinical:123,train,estagio_4,nao_classificavel,estagio_4,True,ultralytics_curascan/datasets/estagio-nivel-34n-20-05-26/train/estagio_4/123_0 (2).jpg
123_0 (3),123_0 (3),123_0 (3).jpg,f205fb75e14bb7a1e294b72f85019b456320473e937483e0af864d70fd315482,af8281e98c59cdce,clinical:123,train,estagio_3,nao_classificavel,estagio_3,True,ultralytics_curascan/datasets/estagio-nivel-34n-20-05-26/val/estagio_3/123_0 (3).jpg
126_0,126_0,126_0.jpg,3b2c7aebe00dee8e2d0ceebbb379bf70cb6cd867fe16391e6114d3235d8321d5,e35e87253ade2849,clinical:126,train,estagio_3,nao_classificavel,estagio_3,True,ultralytics_curascan/datasets/estagio-nivel-34n-20-05-26/train/estagio_3/126_0.jpg
126_0 (2),126_0 (2),126_0 (2).jpg,973b634c664d177490bfee624e9de05ea6be1d198df9bef1d2acfeff2b96df03,fa50c22f9e6c3991,clinical:126,train,estagio_4,nao_classificavel,estagio_4,True,ultralytics_curascan/datasets/estagio-nivel-34n-20-05-26/train/estagio_4/126_0 (2).jpg
126_0 (3),126_0 (3),126_0 (3).jpg,b8f1467e5ae977b50e919d07f51da6761a69e30e0745c0e0676d21874a54c0c3,f85e9a9955e8a321,clinical:126,train,estagio_3,nao_classificavel,estagio_3,True,ultralytics_curascan/datasets/estagio-nivel-34n-20-05-26/train/estagio_3/126_0 (3).jpg
127_0 (2),127_0 (2),127_0 (2).jpg,3d7e1b5c677d32a9f580ce425ffb473c3fa9e011d661c35e5831f6d12d05a1d6,d32a86d039c7f638,clinical:127,train,estagio_3,nao_classificavel,estagio_3,True,ultralytics_curascan/datasets/estagio-nivel-34n-20-05-26/train/estagio_3/127_0 (2).jpg
127_0 (3),127_0 (3),127_0 (3).jpg,55cbdcc4a94ec20a8b9dd67d0044b9b8f5c50c4dcd8b7c4b58be63063a4d8fc6,ad4a52527fc2941f,clinical:127,train,estagio_3,nao_classificavel,estagio_3,True,ultralytics_curascan/datasets/estagio-nivel-34n-20-05-26/train/estagio_3/127_0 (3).jpg
128_0,128_0,128_0.jpg,44e1d2e65b1b9051a012a0b4fdcced73a3be43e6d3f5c7b4e1423d319b0dba3d,a39b5865197a9978,clinical:128,train,estagio_4,nao_classificavel,estagio_4,True,ultralytics_curascan/datasets/estagio-nivel-34n-20-05-26/test/estagio_4/128_0.jpg
128_0 (2),128_0 (2),128_0 (2).jpg,31dc1b5db8cae599a6a39b7a1b252df8d1dcbe193d6978f9c2fe934fb9331e25,d49509f236c937c9,clinical:128,train,estagio_3,nao_classificavel,estagio_3,True,ultralytics_curascan/datasets/estagio-nivel-34n-20-05-26/train/estagio_3/128_0 (2).jpg
128_0 (3),128_0 (3),128_0 (3).jpg,56efb7dd1644695f2bfbd170ee5270c50d4bddefc9dded92bbda6495e83b558a,a0497b736bcf3830,clinical:128,train,estagio_3,nao_classificavel,estagio_3,True,ultralytics_curascan/datasets/estagio-nivel-34n-20-05-26/test/estagio_3/128_0 (3).jpg
129_0 (2),129_0 (2),129_0 (2).jpg,7f79a8f9dc6ec9db21cb8316998c2d65293099071e23938d62aee2043fed24b1,be1b8d4c79952646,clinical:129,train,estagio_3,nao_classificavel,estagio_3,True,ultralytics_curascan/datasets/estagio-nivel-34n-20-05-26/test/estagio_3/129_0 (2).jpg
129_2,129_2,129_2.jpg,bc3d8b0ed02aac0d16456b16b4354aae26cc5780fa881c7bb057ef44747c10f1,a9099c3f77616343,clinical:129,train,estagio_3,nao_classificavel,estagio_3,True,ultralytics_curascan/datasets/estagio-nivel-34n-20-05-26/train/estagio_3/129_2.jpg
129_3,129_3,129_3.jpg,51eef1411f7034d678fe6cdc2cea4e58968579ff54148b7b429a1c517c527b4d,c966e66323333b31,clinical:129,train,estagio_3,nao_classificavel,estagio_3,True,ultralytics_curascan/datasets/estagio-nivel-34n-20-05-26/train/estagio_3/129_3.jpg
12_0 (2),12_0 (2),12_0 (2).jpg,f68741785bb450712792c49871346cf98b662b095625a0fe2fd16ae67473f0a2,b6d2d6684c246773,clinical:12,train,estagio_3,nao_classificavel,estagio_3,True,ultralytics_curascan/datasets/estagio-nivel-34n-20-05-26/train/estagio_3/12_0 (2).jpg
12_0 (3),12_0 (3),12_0 (3).jpg,890c8adeb1210a37bc08bc88906fcc963bc4d6594684c30b0ecbc1046bceb448,b42fea7e19dc0813,clinical:12,train,estagio_4,nao_classificavel,estagio_4,True,ultralytics_curascan/datasets/estagio-nivel-34n-20-05-26/train/estagio_4/12_0 (3).jpg
130_0 (2),130_0 (2),130_0 (2).jpg,65ea9929a27767043f478ebd45cc75737720b77a8dd2890d8a92ed9d49d5261d,9d31d48c63cc754e,clinical:130,train,estagio_3,nao_classificavel,estagio_3,True,ultralytics_curascan/datasets/estagio-nivel-34n-20-05-26/train/estagio_3/130_0 (2).jpg
131_0,131_0,131_0.jpg,de52bbce0095155d773b7d83c7c2c708b7f86504db0a068015e91bdfcc10b90e,b43fa5085b962dc9,clinical:131,train,estagio_3,nao_classificavel,estagio_3,True,ultralytics_curascan/datasets/estagio-nivel-34n-20-05-26/train/estagio_3/131_0.jpg
131_0 (2),131_0 (2),131_0 (2).jpg,eb059151da8b0138ca73b5f6d0bf2a93e6345800cfc93f5d0ca656f4284a8908,d8f1f71e0950643d,clinical:131,train,estagio_3,nao_classificavel,estagio_3,True,ultralytics_curascan/datasets/estagio-nivel-34n-20-05-26/train/estagio_3/131_0 (2).jpg
131_1,131_1,131_1.jpg,8675721ea4b2dabb0d79c2855920539e95d38dd5c7d3df9825df3c6e77840e74,f5929f083423cfc6,clinical:131,train,estagio_3,nao_classificavel,estagio_3,True,ultralytics_curascan/datasets/estagio-nivel-34n-20-05-26/train/estagio_3/131_1.jpg
132_0 (2),132_0 (2),132_0 (2).jpg,c514d8649dde76e1230ab8bde27ceabae9e14879524e1a1c58c72211dbc68c1c,d5078b7122d9ccec,clinical:132,train,estagio_2,estagio_2,,False,ultralytics_curascan/datasets/estagio-nivel-12n-20-05-26/train/estagio_2/132_0 (2).jpg
132_1,132_1,132_1.jpg,96a54c6510628772faf7d9fe76a24304e104ca1b39c5d9558f603186431550f0,fe63b90c6638d292,clinical:132,train,estagio_3,nao_classificavel,estagio_3,True,ultralytics_curascan/datasets/estagio-nivel-34n-20-05-26/train/estagio_3/132_1.jpg
133_0 (2),133_0 (2),133_0 (2).jpg,8fe5c597a08cfa173905f49bed6b4fe0b38eea2751d395ea86eb54e479a74f8f,f09f1a5162645df2,clinical:133,train,estagio_3,nao_classificavel,estagio_3,True,ultralytics_curascan/datasets/estagio-nivel-34n-20-05-26/train/estagio_3/133_0 (2).jpg
137_0,137_0,137_0.jpg,42c0f019c0601baf5f241b60e8dd98a47408dfdb300e15cac8982b438a10f6eb,d5f50dc23640da8f,clinical:137,train,estagio_3,nao_classificavel,estagio_3,True,ultralytics_curascan/datasets/estagio-nivel-34n-20-05-26/val/estagio_3/137_0.jpg
137_0 (2),137_0 (2),137_0 (2).jpg,7b3e1ff2fc90b75165eedd8614e33f179ec770938213d235e862d13283eb83da,e5a9bf4331b088ce,clinical:137,train,estagio_3,nao_classificavel,estagio_3,True,ultralytics_curascan/datasets/estagio-nivel-34n-20-05-26/test/estagio_3/137_0 (2).jpg
138_1,138_1,138_1.jpg,e932259b7dd28d215a5f7ba9c84bdac7138337dd5ad6fcdc93f02a02a4658c50,f04e6b9694aa5173,clinical:138,train,estagio_3,nao_classificavel,estagio_3,True,ultralytics_curascan/datasets/estagio-nivel-34n-20-05-26/train/estagio_3/138_1.jpg
13_0,13_0,13_0.jpg,9ab16489bbaaf2f5fefa43221ee13778230527bf07a8a7317b2946ecacf74c91,9e8ef9187207c98e,clinical:13,train,estagio_3,nao_classificavel,estagio_3,True,ultralytics_curascan/datasets/estagio-nivel-34n-20-05-26/train/estagio_3/13_0.jpg
13_0 (2),13_0 (2),13_0 (2).jpg,762d75cef21924b8de5227bf1cf08d69f4eee8777960b9acf8252d1b88f4c5f3,f3f30cc826c7332c,clinical:13,train,estagio_3,nao_classificavel,estagio_3,True,ultralytics_curascan/datasets/estagio-nivel-34n-20-05-26/train/estagio_3/13_0 (2).jpg
13_0 (4),13_0 (4),13_0 (4).jpg,da7e77fe1ec19763964b9d223044bae808a0c70881288693d96369d3542daca0,f81f0dc926323b87,clinical:13,train,estagio_2,estagio_2,,False,ultralytics_curascan/datasets/estagio-nivel-12n-20-05-26/train/estagio_2/13_0 (4).jpg
13_1,13_1,13_1.jpg,edb8e4418d8c700e7e143b5dff334daee05af875f6c5a53c2a308a44b1583dd8,bd9313e861966e19,clinical:13,train,estagio_3,nao_classificavel,estagio_3,True,ultralytics_curascan/datasets/estagio-nivel-34n-20-05-26/train/estagio_3/13_1.jpg
13_1 (2),13_1 (2),13_1 (2).jpg,08d26625f073dae2d1919a81e4bace07a97ba85a7a8f380324e398b93196e77f,e4129f717027c739,clinical:13,train,estagio_3,nao_classificavel,estagio_3,True,ultralytics_curascan/datasets/estagio-nivel-34n-20-05-26/test/estagio_3/13_1 (2).jpg
13_2,13_2,13_2.jpg,0844cdd3becd74543b4e684587cd7492e6d2d60d861eb37dff5744093ce4a1b0,d056d63a0bd57469,clinical:13,train,estagio_3,nao_classificavel,estagio_3,True,ultralytics_curascan/datasets/estagio-nivel-34n-20-05-26/train/estagio_3/13_2.jpg
140_0 (2),140_0 (2),140_0 (2).jpg,5b5519c92260a2abb6d233109a052133f09aa401ec993e3036469ea769a027cd,a94a9adc23f413d9,clinical:140,train,estagio_3,nao_classificavel,estagio_3,True,ultralytics_curascan/datasets/estagio-nivel-34n-20-05-26/test/estagio_3/140_0 (2).jpg
140_1,140_1,140_1.jpg,e9792c452c2edb4c965f693d4c71dc4d1067ec139509f5f93f861c7dfcb80d4c,b6b4205b2577ea52,clinical:140,train,estagio_3,nao_classificavel,estagio_3,True,ultralytics_curascan/datasets/estagio-nivel-34n-20-05-26/train/estagio_3/140_1.jpg
141_0,141_0,141_0.jpg,b7345f10d823d8da361e7fddde1108c24e5fdd8a1dc307e6873ef43bc37d86af,a695dfd83161c784,clinical:141,train,estagio_3,nao_classificavel,estagio_3,True,ultralytics_curascan/datasets/estagio-nivel-34n-20-05-26/test/estagio_3/141_0.jpg
141_0 (2),141_0 (2),141_0 (2).jpg,382d6632da081dde73d78975aef8c6b916e94f64f362f8f0ad58008ad3bac933,a1ac5ea718d1835f,clinical:141,train,estagio_2,estagio_2,,False,ultralytics_curascan/datasets/estagio-nivel-12n-20-05-26/train/estagio_2/141_0 (2).jpg
142_0,142_0,142_0.jpg,69c67d90bf78c9436d0142b3a8bd718512730577da9010e0e8d1be1b8594842a,f13e8f9627838307,clinical:142,train,estagio_3,nao_classificavel,estagio_3,True,ultralytics_curascan/datasets/estagio-nivel-34n-20-05-26/train/estagio_3/142_0.jpg
142_0 (2),142_0 (2),142_0 (2).jpg,9d29f97e41f79b9d1196320564a3599ce35c5a2ebf47f6cb8a2ec833e62e5a10,ce0cf8fe0109f947,clinical:142,train,estagio_3,nao_classificavel,estagio_3,True,ultralytics_curascan/datasets/estagio-nivel-34n-20-05-26/test/estagio_3/142_0 (2).jpg
143_0 (2),143_0 (2),143_0 (2).jpg,284fb08b38efb62ca030740ae1326a3aceb05848ea632eaa8bd4be7463318114,caea954af51a2517,clinical:143,train,estagio_3,nao_classificavel,estagio_3,True,ultralytics_curascan/datasets/estagio-nivel-34n-20-05-26/train/estagio_3/143_0 (2).jpg
144_0 (2),144_0 (2),144_0 (2).jpg,ef5f8a88ba7fdd01838f070e10d31d300d5f3795435e339b3bdb7e51d50df188,c0b3949e7bbb4a88,clinical:144,train,estagio_3,nao_classificavel,estagio_3,True,ultralytics_curascan/datasets/estagio-nivel-34n-20-05-26/test/estagio_3/144_0 (2).jpg
144_1,144_1,144_1.jpg,6490fb2b75d80d386ddb65aefeb00772dc1ad98abe9f9f1e03e8139783c101b2,aa5db81e3fd0c107,clinical:144,train,estagio_2,estagio_2,,False,ultralytics_curascan/datasets/estagio-nivel-12n-20-05-26/val/estagio_2/144_1.jpg
144_2,144_2,144_2.jpg,f7e40f2c3751dcf5f8a4ae3af643a5800fd406c9e26a5c236d9e1842db93ed11,c6dd31fd02e4c9a1,clinical:144,train,estagio_3,nao_classificavel,estagio_3,True,ultralytics_curascan/datasets/estagio-nivel-34n-20-05-26/test/estagio_3/144_2.jpg
144_3,144_3,144_3.jpg,64e60dc62a50c43083fcc3f61d39e6d2f0f15a2589a8ccfe8b5df23255f527d9,ead7c8c43719f070,clinical:144,train,estagio_3,nao_classificavel,estagio_3,True,ultralytics_curascan/datasets/estagio-nivel-34n-20-05-26/train/estagio_3/144_3.jpg
144_4,144_4,144_4.jpg,475bc11b740f3b2966f9abc841b7f147dc665d4000a9138e6499fa625cb237fe,f88de92d644f1991,clinical:144,train,estagio_2,estagio_2,,False,ultralytics_curascan/datasets/estagio-nivel-12n-20-05-26/train/estagio_2/144_4.jpg
146_0 (2),146_0 (2),146_0 (2).jpg,418bbcffdd6487773572f66b49078d72045406af2c5cec48aa95d2526d54916d,f8e41e68235b07ce,clinical:146,train,estagio_3,nao_classificavel,estagio_3,True,ultralytics_curascan/datasets/estagio-nivel-34n-20-05-26/val/estagio_3/146_0 (2).jpg
146_2,146_2,146_2.jpg,30fdc283e5c73753b0526ab1fdfbdcb642f6857334272d7b796f3464cf9723da,c1560dbf2ab55195,clinical:146,train,estagio_3,nao_classificavel,estagio_3,True,ultralytics_curascan/datasets/estagio-nivel-34n-20-05-26/train/estagio_3/146_2.jpg
147_0 (2),147_0 (2),147_0 (2).jpg,f4017964c3d02b072b2970e77ab766278746a496882cf853f7e5772463ee4ea0,fa96988d16645477,clinical:147,train,estagio_3,nao_classificavel,estagio_3,True,ultralytics_curascan/datasets/estagio-nivel-34n-20-05-26/train/estagio_3/147_0 (2).jpg
148_0,148_0,148_0.jpg,b9fbc7829098534610bfc3aa953634c9d1cb46a35ad22869dc6b3f5f099b4a86,d91682a4f07aabad,clinical:148,train,estagio_3,nao_classificavel,estagio_3,True,ultralytics_curascan/datasets/estagio-nivel-34n-20-05-26/train/estagio_3/148_0.jpg
148_0 (2),148_0 (2),148_0 (2).jpg,00c8c2472f30ac9bb43a495261091ec3f598ed91066f05266fbdd9a5d1c51199,e4a5d3918fce8c8c,clinical:148,train,estagio_3,nao_classificavel,estagio_3,True,ultralytics_curascan/datasets/estagio-nivel-34n-20-05-26/train/estagio_3/148_0 (2).jpg
149_0 (2),149_0 (2),149_0 (2).jpg,0b96c0373c9c53f3e528418672aeb8a9fd20c8b7de9dc3791cd7e2ac1cf5575b,f2e30cd8a98cee85,clinical:149,train,estagio_3,nao_classificavel,estagio_3,True,ultralytics_curascan/datasets/estagio-nivel-34n-20-05-26/train/estagio_3/149_0 (2).jpg
14_0 (4),14_0 (4),14_0 (4).jpg,74539d195a03d6853a7013c8f039c041398d4acabfa29c3fa5ed22516964a1ca,bc4bd22445785b76,clinical:14,train,estagio_2,estagio_2,,False,ultralytics_curascan/datasets/estagio-nivel-12n-20-05-26/val/estagio_2/14_0 (4).jpg
150_0 (2),150_0 (2),150_0 (2).jpg,4760c080cd365c35ec1888890abecea713ce1ca9bbfd36895061980181c0b9f0,b7e2d8d96248ca78,clinical:150,train,estagio_3,nao_classificavel,estagio_3,True,ultralytics_curascan/datasets/estagio-nivel-34n-20-05-26/train/estagio_3/150_0 (2).jpg
150_1,150_1,150_1.jpg,6dc543c2d73cfa94fa9e59195219cdb6ac49de47275675f378602cedea57b134,fbeada649489b248,clinical:150,train,estagio_3,nao_classificavel,estagio_3,True,ultralytics_curascan/datasets/estagio-nivel-34n-20-05-26/train/estagio_3/150_1.jpg
151_0,151_0,151_0.jpg,488d666c5380ab293d618c5dec43cd2a37507dad5749cf6892c27237336760fc,fcc18b96a76406da,clinical:151,train,estagio_3,nao_classificavel,estagio_3,True,ultralytics_curascan/datasets/estagio-nivel-34n-20-05-26/train/estagio_3/151_0.jpg
151_1,151_1,151_1.jpg,1d5cac77fb56a19642d00d2f672ec4e22cf397ac421f8d64bce82f6b680188da,ad6bd2dc1b2662e0,clinical:151,train,estagio_3,nao_classificavel,estagio_3,True,ultralytics_curascan/datasets/estagio-nivel-34n-20-05-26/train/estagio_3/151_1.jpg
152_0,152_0,152_0.jpg,6f2c93ec3fb6eb63335ac111802de9bfc1433efaa054c800700dcb6c1320d870,ff87008f8600ff71,clinical:152,train,estagio_3,nao_classificavel,estagio_3,True,ultralytics_curascan/datasets/estagio-nivel-34n-20-05-26/train/estagio_3/152_0.jpg
152_0 (2),152_0 (2),152_0 (2).jpg,256c5c65aa904f2f3ad5ae51fe38abf053fe4d3de39d02d7a96738f434400fd8,a9c894c09df596f4,clinical:152,train,estagio_2,estagio_2,,False,ultralytics_curascan/datasets/estagio-nivel-12n-20-05-26/train/estagio_2/152_0 (2).jpg
154_0,154_0,154_0.jpg,f7cc25cb83494f77d139f5314f730fa855eeedea8a4762f4254968cbb626ee22,f3918c6793ccc932,clinical:154,train,estagio_3,nao_classificavel,estagio_3,True,ultralytics_curascan/datasets/estagio-nivel-34n-20-05-26/train/estagio_3/154_0.jpg
154_0 (2),154_0 (2),154_0 (2).jpg,f0bc0dec8df0a3f13f7b071cf302017acb28bb3d0248fb9218d43e9d708545d9,f733383c32b3b098,clinical:154,train,estagio_2,estagio_2,,False,ultralytics_curascan/datasets/estagio-nivel-12n-20-05-26/train/estagio_2/154_0 (2).jpg
155_0,155_0,155_0.jpg,4b5a9f8552a4de79da91c10e1b0ff5d3755d124356139ff88333467b1ffe65fc,af42dc9322cce68b,clinical:155,train,estagio_3,nao_classificavel,estagio_3,True,ultralytics_curascan/datasets/estagio-nivel-34n-20-05-26/train/estagio_3/155_0.jpg
156_0,156_0,156_0.jpg,4c381935be133dd9f5be0356b33d266fd063c6fdf741b828ea6e93370f0be23b,aa8bdeaa2311dcca,clinical:156,train,estagio_3,nao_classificavel,estagio_3,True,ultralytics_curascan/datasets/estagio-nivel-34n-20-05-26/val/estagio_3/156_0.jpg
156_1,156_1,156_1.jpg,16022b18f3436e81cda45a771d0e782d6a62989ffcef3fa445ff93d5c2732cf1,83036fe767497036,clinical:156,train,estagio_2,estagio_2,,False,ultralytics_curascan/datasets/estagio-nivel-12n-20-05-26/val/estagio_2/156_1.jpg
15_0 (3),15_0 (3),15_0 (3).jpg,29b637e738ad4696ec85789e0c964458d48ffdfcd1a9b1e7841c21f2b24725db,fa1cce9733e20989,clinical:15,train,estagio_3,nao_classificavel,estagio_3,True,ultralytics_curascan/datasets/estagio-nivel-34n-20-05-26/val/estagio_3/15_0 (3).jpg
15_0 (4),15_0 (4),15_0 (4).jpg,8a6348fb9843ecd17416a4498b25f2e9ef7ec8f23d3320396bf74d0969948ab3,ea8ba88d33cd30d6,clinical:15,train,estagio_1,estagio_1,,False,ultralytics_curascan/datasets/estagio-nivel-12n-20-05-26/test/estagio_1/15_0 (4).jpg
15_1,15_1,15_1.jpg,37c01e7f8f2295f2c0881ab69ba4b329c734bc3222a3a7de0711d9d6de47085c,fe07c988662559ec,clinical:15,train,estagio_3,nao_classificavel,estagio_3,True,ultralytics_curascan/datasets/estagio-nivel-34n-20-05-26/train/estagio_3/15_1.jpg
16_0,16_0,16_0.jpg,eea1671b2f1bb7b8056c31c4866c23586369ad5e1a72e505fae94b4ed13054e0,a2c99d0cf23dccca,clinical:16,train,estagio_3,nao_classificavel,estagio_3,True,ultralytics_curascan/datasets/estagio-nivel-34n-20-05-26/test/estagio_3/16_0.jpg
16_0 (2),16_0 (2),16_0 (2).jpg,3f5be6b9028c205ae43238e73ef917337aa656f0484d68f537a04cef95b64830,d2459d1b7264c93b,clinical:16,train,estagio_3,nao_classificavel,estagio_3,True,ultralytics_curascan/datasets/estagio-nivel-34n-20-05-26/test/estagio_3/16_0 (2).jpg
16_0 (4),16_0 (4),16_0 (4).jpg,c86a83d4a64b5393bcfdb5735826084e3f25435a4ce4d0691f8395b924b40d8c,f7f1418f78903389,clinical:16,train,estagio_3,nao_classificavel,estagio_3,True,ultralytics_curascan/datasets/estagio-nivel-34n-20-05-26/train/estagio_3/16_0 (4).jpg
17_0,17_0,17_0.jpg,c0c5e73e57853b1a2230facd39a71e274bd42a9b35f541fa67a5124a5c4313f4,d59108b1e1f3c33e,clinical:17,train,estagio_3,nao_classificavel,estagio_3,True,ultralytics_curascan/datasets/estagio-nivel-34n-20-05-26/val/estagio_3/17_0.jpg
17_0 (2),17_0 (2),17_0 (2).jpg,54c869361bd6ff24fe5889f9014013f882b406b62b97b8f2e9313e5ae29eecaf,d4856b1ee439ca33,clinical:17,train,estagio_3,nao_classificavel,estagio_3,True,ultralytics_curascan/datasets/estagio-nivel-34n-20-05-26/train/estagio_3/17_0 (2).jpg
17_0 (3),17_0 (3),17_0 (3).jpg,6e983ca0ce8a1e16ad3cd186cd8990724aaa837e508507380b404bab7f62ceb4,ba59ad1b90daf04c,clinical:17,train,estagio_3,nao_classificavel,estagio_3,True,ultralytics_curascan/datasets/estagio-nivel-34n-20-05-26/val/estagio_3/17_0 (3).jpg
17_1,17_1,17_1.jpg,75dcb9a91581fd785261a003c696c79298e4fed335081a269b8344710fabb237,d5c630883fce788e,clinical:17,train,estagio_3,nao_classificavel,estagio_3,True,ultralytics_curascan/datasets/estagio-nivel-34n-20-05-26/val/estagio_3/17_1.jpg
17_1 (2),17_1 (2),17_1 (2).jpg,3cd7f2db1d2739b1195885f2ef4bfacaf609bf193f01c8e462a704236766b878,c5f19837738ccc32,clinical:17,train,estagio_3,nao_classificavel,estagio_3,True,ultralytics_curascan/datasets/estagio-nivel-34n-20-05-26/train/estagio_3/17_1 (2).jpg
18_0,18_0,18_0.jpg,d7ace02b77358a281e2627549cca81e2cb9d82a40ded9c05b66a140179103ca6,fec082cc468ec78f,clinical:18,train,estagio_3,nao_classificavel,estagio_3,True,ultralytics_curascan/datasets/estagio-nivel-34n-20-05-26/train/estagio_3/18_0.jpg
18_0 (2),18_0 (2),18_0 (2).jpg,e62b2dbfc8ffbf0f39f82d04e848567eee280d8ea3cdaeda6cc4a8fbbe1cb146,a4c3dbcb42a8ac67,clinical:18,train,estagio_3,nao_classificavel,estagio_3,True,ultralytics_curascan/datasets/estagio-nivel-34n-20-05-26/val/estagio_3/18_0 (2).jpg
18_0 (4),18_0 (4),18_0 (4).jpg,48b4a21847cae894ce6e6cc3d785c0bcaabbdf772eba7cf4d798ad1c17bac10c,eb7a194624cc99d9,clinical:18,train,estagio_2,estagio_2,,False,ultralytics_curascan/datasets/estagio-nivel-12n-20-05-26/val/estagio_2/18_0 (4).jpg
18_1,18_1,18_1.jpg,52759863b5e5940c52188417c573780c279bee4382e3f1272cb51ce674a3e2a1,91c89f047fd0df21,clinical:18,train,estagio_3,nao_classificavel,estagio_3,True,ultralytics_curascan/datasets/estagio-nivel-34n-20-05-26/train/estagio_3/18_1.jpg
1_0,1_0,1_0.jpg,6f883680c2049aab69493507aced52599242bea1485704a511b7e1652f11c66e,85d534a98aea5d5c,clinical:1,train,estagio_3,nao_classificavel,estagio_3,True,ultralytics_curascan/datasets/estagio-nivel-34n-20-05-26/train/estagio_3/1_0.jpg
1_0 (4),1_0 (4),1_0 (4).jpg,24cfb03a66b0de6b660ad779fc97d7e15f4897e99b90379f3bad241ad205e496,95309f4e743137cc,clinical:1,train,estagio_2,estagio_2,,False,ultralytics_curascan/datasets/estagio-nivel-12n-20-05-26/train/estagio_2/1_0 (4).jpg
20_0 (2),20_0 (2),20_0 (2).jpg,7f0ea05299d36237e92add281178d55d646ddd4e431fcd8d5c5ff2b23398ecb5,f3e03c0597768e68,clinical:20,train,estagio_3,nao_classificavel,estagio_3,True,ultralytics_curascan/datasets/estagio-nivel-34n-20-05-26/test/estagio_3/20_0 (2).jpg
20_0 (3),20_0 (3),20_0 (3).jpg,1f273bc5bb9c24dec54453829ec4e09f0f63bc516cb7132f5815634d9cfc1962,bd600bad5e295e0b,clinical:20,train,estagio_3,nao_classificavel,estagio_3,True,ultralytics_curascan/datasets/estagio-nivel-34n-20-05-26/val/estagio_3/20_0 (3).jpg
20_0 (4),20_0 (4),20_0 (4).jpg,1d022a61e5ef89c99328ef83f112bf9384b54c3ecf4ee3de5568db5eb30db13a,95abb1578f052a0f,clinical:20,train,estagio_2,estagio_2,,False,ultralytics_curascan/datasets/estagio-nivel-12n-20-05-26/train/estagio_2/20_0 (4).jpg
21_0 (2),21_0 (2),21_0 (2).jpg,90c42749242404b96ef02cec2dafe987f5b0f2336b5feb6ef8032899850cf45a,81365976c479c63d,clinical:21,train,estagio_3,nao_classificavel,estagio_3,True,ultralytics_curascan/datasets/estagio-nivel-34n-20-05-26/train/estagio_3/21_0 (2).jpg
21_0 (3),21_0 (3),21_0 (3).jpg,4ce012d4f9ac3e281eaaf22de2334be37c95a2319241a76fd68e2c4bc43eabfc,d44aa95b39399666,clinical:21,train,estagio_3,nao_classificavel,estagio_3,True,ultralytics_curascan/datasets/estagio-nivel-34n-20-05-26/train/estagio_3/21_0 (3).jpg
22_0,22_0,22_0.jpg,040bfda7b9d733c5664db12cd76ca6857f5626ca82c35db9205b2e3a7321f9c2,cce464da3749ea34,clinical:22,train,estagio_3,nao_classificavel,estagio_3,True,ultralytics_curascan/datasets/estagio-nivel-34n-20-05-26/test/estagio_3/22_0.jpg
22_0 (2),22_0 (2),22_0 (2).jpg,b3b378740a915e81c5f9cd8308789817b196777298219186605bffec6a8dc8e1,f044f20fc53ecd31,clinical:22,train,estagio_1,estagio_1,,False,ultralytics_curascan/datasets/estagio-nivel-12n-20-05-26/test/estagio_1/22_0 (2).jpg
22_0 (3),22_0 (3),22_0 (3).jpg,ec9e60f0360954ec6c8e0e91048cedbb5eac97519cf930e53cc166a39022405b,ea1e91796e219987,clinical:22,train,estagio_3,nao_classificavel,estagio_3,True,ultralytics_curascan/datasets/estagio-nivel-34n-20-05-26/test/estagio_3/22_0 (3).jpg
22_0 (4),22_0 (4),22_0 (4).jpg,000e01c94405cabca9269fc9af7c6c32b051caf2e7fd07c4e72ef44d5ed50b49,f0d4d4c08f6f742c,clinical:22,train,estagio_2,estagio_2,,False,ultralytics_curascan/datasets/estagio-nivel-12n-20-05-26/train/estagio_2/22_0 (4).jpg
23_0,23_0,23_0.jpg,a502ea633ed4c241c5640b496f578607e3a61fbc7f5727e4bebe4d125c69e917,ce7a340bbf4b1894,clinical:23,train,estagio_3,nao_classificavel,estagio_3,True,ultralytics_curascan/datasets/estagio-nivel-34n-20-05-26/train/estagio_3/23_0.jpg
23_0 (3),23_0 (3),23_0 (3).jpg,e095642cfd1f5e9c51e23ebcf3832601d14c007c9c066f02ab01b74b6d17c532,9702df756728d588,clinical:23,train,estagio_1,estagio_1,,False,ultralytics_curascan/datasets/estagio-nivel-12n-20-05-26/test/estagio_1/23_0 (3).jpg
23_0 (4),23_0 (4),23_0 (4).jpg,e84deb5d8f24f710174bfc338cea4d065c3123819e523227fa1f4b5183e7ac4c,c03797a1c1ac67cd,clinical:23,train,estagio_2,estagio_2,,False,ultralytics_curascan/datasets/estagio-nivel-12n-20-05-26/train/estagio_2/23_0 (4).jpg
23_1,23_1,23_1.jpg,6c2ab2427b4a24397c70cc4829489f55da193b5df17fab0f10a31a8a3822baa5,b165cd9933b8668c,clinical:23,train,estagio_3,nao_classificavel,estagio_3,True,ultralytics_curascan/datasets/estagio-nivel-34n-20-05-26/test/estagio_3/23_1.jpg
23_1 (3),23_1 (3),23_1 (3).jpg,e820f9e0b7c54627cc12daa6c2d8f04c91e91b598d1fb120dc4b5b7d531f4b20,eabb4750ac56f80a,clinical:23,train,estagio_3,nao_classificavel,estagio_3,True,ultralytics_curascan/datasets/estagio-nivel-34n-20-05-26/train/estagio_3/23_1 (3).jpg
24_0,24_0,24_0.jpg,2a0689106458f79a0359d63118f6ec00e29b696fc4fda1add2046c0d554a64a9,b382cc0ce535a57d,clinical:24,train,estagio_3,nao_classificavel,estagio_3,True,ultralytics_curascan/datasets/estagio-nivel-34n-20-05-26/val/estagio_3/24_0.jpg
24_0 (2),24_0 (2),24_0 (2).jpg,2fa4a03c08643ce7fc321459c33b761d37d6a3caf2eed23377f11f5af3053002,8e74a5739b28f126,clinical:24,train,estagio_3,nao_classificavel,estagio_3,True,ultralytics_curascan/datasets/estagio-nivel-34n-20-05-26/test/estagio_3/24_0 (2).jpg
24_0 (3),24_0 (3),24_0 (3).jpg,57666c4429b7bfdb12a6cc1b9106734eaff1e1ae098103ee81ebeb16fb6eb2e0,9f5cf62ed0bc08d0,clinical:24,train,estagio_3,nao_classificavel,estagio_3,True,ultralytics_curascan/datasets/estagio-nivel-34n-20-05-26/test/estagio_3/24_0 (3).jpg
24_0 (4),24_0 (4),24_0 (4).jpg,c8d42297da0617a529ae01a5ddcbf857645c58de0f175b3e625108b3f5570214,974e8e117ac708f3,clinical:24,train,estagio_3,nao_classificavel,estagio_3,True,ultralytics_curascan/datasets/estagio-nivel-34n-20-05-26/train/estagio_3/24_0 (4).jpg
24_1,24_1,24_1.jpg,c095bd0d6f5943c2ef94ee1b77efe003e11202b397f5754b2510e69c5af0690e,b61ecce3238dcc38,clinical:24,train,estagio_3,nao_classificavel,estagio_3,True,ultralytics_curascan/datasets/estagio-nivel-34n-20-05-26/test/estagio_3/24_1.jpg
25_0 (3),25_0 (3),25_0 (3).jpg,010ded56115a4035004b566c568884c85097f63b1b11b37d5d2595ad4e1b73a5,9616b6179f0aca6a,clinical:25,train,estagio_2,estagio_2,,False,ultralytics_curascan/datasets/estagio-nivel-12n-20-05-26/train/estagio_2/25_0 (3).jpg
25_0 (4),25_0 (4),25_0 (4).jpg,aa836cc46252597be80bf580341f80f430f33ff1d15f84e1b4d92c0dd387db0d,d3514cb479453b1d,clinical:25,train,estagio_3,nao_classificavel,estagio_3,True,ultralytics_curascan/datasets/estagio-nivel-34n-20-05-26/train/estagio_3/25_0 (4).jpg
25_1 (2),25_1 (2),25_1 (2).jpg,6c90ebbbcb0f8a69f2c2daac0ec4491258257e1288be85fd3f8272ea15a3395e,81875dd51f6488de,clinical:25,train,estagio_3,nao_classificavel,estagio_3,True,ultralytics_curascan/datasets/estagio-nivel-34n-20-05-26/train/estagio_3/25_1 (2).jpg
25_1 (3),25_1 (3),25_1 (3).jpg,9383ef0d5d4bb2049b5596aad4417621efc2d0ebdb329e8e078ba01df7b4b9fc,8d6627e789e34e03,clinical:25,train,estagio_3,nao_classificavel,estagio_3,True,ultralytics_curascan/datasets/estagio-nivel-34n-20-05-26/train/estagio_3/25_1 (3).jpg
25_2 (2),25_2 (2),25_2 (2).jpg,fa291ae86c5a8ec8452bf3d6240521acb5343254e04d6429dc47178330f21748,fd07fa7d2cf20801,clinical:25,train,estagio_2,estagio_2,,False,ultralytics_curascan/datasets/estagio-nivel-12n-20-05-26/train/estagio_2/25_2 (2).jpg
25_3 (2),25_3 (2),25_3 (2).jpg,f0840ce8aa315ce6be491236662b4fde5734d6c59fb9cbc409be9a68501c3b70,adad607256dd2472,clinical:25,train,estagio_2,estagio_2,,False,ultralytics_curascan/datasets/estagio-nivel-12n-20-05-26/train/estagio_2/25_3 (2).jpg
25_4,25_4,25_4.jpg,c08f2e317683881da186211ff6b76ad1c8b8b341365a15568b8f012d8355d4f0,c343ed049b7c3ce1,clinical:25,train,estagio_3,nao_classificavel,estagio_3,True,ultralytics_curascan/datasets/estagio-nivel-34n-20-05-26/train/estagio_3/25_4.jpg
27_0,27_0,27_0.jpg,0c28ca93f10b0185028de673a2e8533277dd5a8d3b4f9e2694758c6c5155f76a,ba814d896761e6e6,clinical:27,train,estagio_4,nao_classificavel,estagio_4,True,ultralytics_curascan/datasets/estagio-nivel-34n-20-05-26/train/estagio_4/27_0.jpg
27_0 (2),27_0 (2),27_0 (2).jpg,f8e715535baf489a89d1b286865f53e9d1b5e5a7b3b7e3453512ad1c0692a50a,80d054fd6baa4b97,clinical:27,train,estagio_3,nao_classificavel,estagio_3,True,ultralytics_curascan/datasets/estagio-nivel-34n-20-05-26/test/estagio_3/27_0 (2).jpg
27_0 (3),27_0 (3),27_0 (3).jpg,dc8dbfa3fd7a3acc796c5b1c0c8644ac3fa99f3d7b2c102d3974f071c1425489,bd6d82a16dca326a,clinical:27,train,estagio_4,nao_classificavel,estagio_4,True,ultralytics_curascan/datasets/estagio-nivel-34n-20-05-26/train/estagio_4/27_0 (3).jpg
27_0 (4),27_0 (4),27_0 (4).jpg,c733b232bbbd84e319dd07424255d1360504d1fd731313d4c2cede6bd27cb4c5,bf8550b552b5dc05,clinical:27,train,estagio_2,estagio_2,,False,ultralytics_curascan/datasets/estagio-nivel-12n-20-05-26/test/estagio_2/27_0 (4).jpg
28_0,28_0,28_0.jpg,49e05d16b5faeb46862920bbb809d6e719e7134d3cda8831592f94d9d2b38b5e,9c1c612c67e1eda5,clinical:28,train,estagio_3,nao_classificavel,estagio_3,True,ultralytics_curascan/datasets/estagio-nivel-34n-20-05-26/test/estagio_3/28_0.jpg
28_0 (3),28_0 (3),28_0 (3).jpg,660cef36a4eb7f12f1465c035206766fcd427849002ff297c74f42980bc615af,b34cccd999d1cce0,clinical:28,train,estagio_3,nao_classificavel,estagio_3,True,ultralytics_curascan/datasets/estagio-nivel-34n-20-05-26/train/estagio_3/28_0 (3).jpg
29_0,29_0,29_0.jpg,e076b8b7f4bda112cd03ba1be4c6abe7404433a0cd2408003bc73bee5c2e6b16,95388b672ccccb63,clinical:29,train,estagio_3,nao_classificavel,estagio_3,True,ultralytics_curascan/datasets/estagio-nivel-34n-20-05-26/train/estagio_3/29_0.jpg
29_0 (2),29_0 (2),29_0 (2).jpg,a7e18cc51df86227d41f5684689fc075f70b2dcc9a7d8e900e75929a9b9b0246,d4f509d2673b5581,clinical:29,train,estagio_3,nao_classificavel,estagio_3,True,ultralytics_curascan/datasets/estagio-nivel-34n-20-05-26/train/estagio_3/29_0 (2).jpg
29_0 (3),29_0 (3),29_0 (3).jpg,b98262f299d3f65fab4abf550eab65afabfa09460506a165688d612034dd7cb4,bf90d88dc7b6c830,clinical:29,train,estagio_3,nao_classificavel,estagio_3,True,ultralytics_curascan/datasets/estagio-nivel-34n-20-05-26/train/estagio_3/29_0 (3).jpg
2_0,2_0,2_0.jpg,e6cf5924489c6cd894f66533c97514c8363691b01642759cdf2854b9b64126ae,e296ed2dc37286c8,clinical:2,train,estagio_2,estagio_2,,False,ultralytics_curascan/datasets/estagio-nivel-12n-20-05-26/train/estagio_2/2_0.jpg
2_0 (2),2_0 (2),2_0 (2).jpg,7379dded7d4be042d410dd921e6b9ea920fd62ce5c353db5e02c659aa74b547a,bf8e92c059996473,clinical:2,train,estagio_2,estagio_2,,False,ultralytics_curascan/datasets/estagio-nivel-12n-20-05-26/train/estagio_2/2_0 (2).jpg
30_0,30_0,30_0.jpg,d94b5718b42240bc1b95af950c790a749bec8085b08c46665013113185e96b75,865fb57903ad480f,clinical:30,train,estagio_2,estagio_2,,False,ultralytics_curascan/datasets/estagio-nivel-12n-20-05-26/train/estagio_2/30_0.jpg
30_0 (2),30_0 (2),30_0 (2).jpg,fcee2f687fa12e0518c32a32dbfe0f8b222506694f979e6578b1fb0e6f1828fa,9055fd0b3021df75,clinical:30,train,estagio_3,nao_classificavel,estagio_3,True,ultralytics_curascan/datasets/estagio-nivel-34n-20-05-26/train/estagio_3/30_0 (2).jpg
30_0 (3),30_0 (3),30_0 (3).jpg,3c3e6cb5c32e998fb27f012f8b9501ebaf0a5525b8597e3f949ecb3762ee6a71,9a87c87162ff70c1,clinical:30,train,estagio_4,nao_classificavel,estagio_4,True,ultralytics_curascan/datasets/estagio-nivel-34n-20-05-26/val/estagio_4/30_0 (3).jpg
30_0 (4),30_0 (4),30_0 (4).jpg,56c19095d12c33bd35ca3e445bc0ac159161a70f122beebc8862d8f04357e7ee,afcf7d268c26c860,clinical:30,train,estagio_4,nao_classificavel,estagio_4,True,ultralytics_curascan/datasets/estagio-nivel-34n-20-05-26/train/estagio_4/30_0 (4).jpg
30_1,30_1,30_1.jpg,442fc4905a7a5784001347876abbc5e9f570dee5e1be787839c9ec54ca74c88e,8bb8258b1ccbac97,clinical:30,train,estagio_3,nao_classificavel,estagio_3,True,ultralytics_curascan/datasets/estagio-nivel-34n-20-05-26/train/estagio_3/30_1.jpg
31_0,31_0,31_0.jpg,93a826133d8464e77827c3aad35f7cb902f64e2b6765d7790ac4873aff1a264f,eac86a89339d8e74,clinical:31,train,estagio_3,nao_classificavel,estagio_3,True,ultralytics_curascan/datasets/estagio-nivel-34n-20-05-26/train/estagio_3/31_0.jpg
31_0 (4),31_0 (4),31_0 (4).jpg,5e5d03dfe37a946f3456ef33684dde4e433a013a55c1e452b9b074fa64165540,8cb38e8b62c0537f,clinical:31,train,estagio_3,nao_classificavel,estagio_3,True,ultralytics_curascan/datasets/estagio-nivel-34n-20-05-26/train/estagio_3/31_0 (4).jpg
33_0,33_0,33_0.jpg,7477a60b3519b4e6f11bbb568de3e2f8bac37b1f8db3d22cd72bb11434700800,8781d7a0fac078f6,clinical:33,train,estagio_3,nao_classificavel,estagio_3,True,ultralytics_curascan/datasets/estagio-nivel-34n-20-05-26/train/estagio_3/33_0.jpg
33_0 (4),33_0 (4),33_0 (4).jpg,21296bde32d2df6e79904e20a53c69d6f075b311ed5eb922940d3ec247f757fa,ae0942703757d5b9,clinical:33,train,estagio_3,nao_classificavel,estagio_3,True,ultralytics_curascan/datasets/estagio-nivel-34n-20-05-26/train/estagio_3/33_0 (4).jpg
34_0,34_0,34_0.jpg,53995e79d7bc1dba81ff3a2f01f5be31ba048523a2190f5d09b47592ea10e48f,875ff82cf016a827,clinical:34,train,estagio_3,nao_classificavel,estagio_3,True,ultralytics_curascan/datasets/estagio-nivel-34n-20-05-26/train/estagio_3/34_0.jpg
34_0 (4),34_0 (4),34_0 (4).jpg,12f31aa5bb6899dcf322a6efd58644ee388cec789fddabdc2d87b7b329bed9eb,ac69434262e7cfcc,clinical:34,train,estagio_3,nao_classificavel,estagio_3,True,ultralytics_curascan/datasets/estagio-nivel-34n-20-05-26/train/estagio_3/34_0 (4).jpg
35_0,35_0,35_0.jpg,494c4f9f8ef93aa8ff62ed8c0047391965f3fab1a2ac1a5b77ec24a38018578b,d695896731158e2f,clinical:35,train,estagio_3,nao_classificavel,estagio_3,True,ultralytics_curascan/datasets/estagio-nivel-34n-20-05-26/train/estagio_3/35_0.jpg
35_0 (2),35_0 (2),35_0 (2).jpg,f6d5df026ff6423ef92f3777ff33e3e227709c62801489777cc7574c9035aff4,b6cd915a8cad1a36,clinical:35,train,estagio_4,nao_classificavel,estagio_4,True,ultralytics_curascan/datasets/estagio-nivel-34n-20-05-26/val/estagio_4/35_0 (2).jpg
35_0 (4),35_0 (4),35_0 (4).jpg,674d55aa20e1b2f1ea68e0ce8a39563ca984bf69e4a026871c219df8174a73fb,a971e00f74c07f5c,clinical:35,train,estagio_1,estagio_1,,False,ultralytics_curascan/datasets/estagio-nivel-12n-20-05-26/train/estagio_1/35_0 (4).jpg
36_0,36_0,36_0.jpg,1aded05db8530c79550022927383064093b1ac9df2241df072817b20da74b4d0,8aaa2c07f2fcdf02,clinical:36,train,estagio_3,nao_classificavel,estagio_3,True,ultralytics_curascan/datasets/estagio-nivel-34n-20-05-26/train/estagio_3/36_0.jpg
36_0 (2),36_0 (2),36_0 (2).jpg,fd878410e41cdbb74dbad7b9bd4834d103a56269d59682ec86bad69223f96d89,bbcbceac30706319,clinical:36,train,estagio_3,nao_classificavel,estagio_3,True,ultralytics_curascan/datasets/estagio-nivel-34n-20-05-26/train/estagio_3/36_0 (2).jpg
36_0 (3),36_0 (3),36_0 (3).jpg,7fb0029fb18829f1805127545dd5c89e5a7a6b5d79b0edb67ccb120449b009e9,a39d987626cd3332,clinical:36,train,estagio_3,nao_classificavel,estagio_3,True,ultralytics_curascan/datasets/estagio-nivel-34n-20-05-26/train/estagio_3/36_0 (3).jpg
36_0 (4),36_0 (4),36_0 (4).jpg,3cb5792b363de5bbe582acf2710a4581ee21c6e31e234c28a1da838ec2ee8641,ad5ad020d5e99ce6,clinical:36,train,estagio_3,nao_classificavel,estagio_3,True,ultralytics_curascan/datasets/estagio-nivel-34n-20-05-26/val/estagio_3/36_0 (4).jpg
37_0,37_0,37_0.jpg,336aba106c2b031ce9b91c2bdf0deac5ba70f614941bf502a7e4b8a723fc68b8,e8f9d70ca88525b6,clinical:37,train,estagio_3,nao_classificavel,estagio_3,True,ultralytics_curascan/datasets/estagio-nivel-34n-20-05-26/train/estagio_3/37_0.jpg
37_0 (2),37_0 (2),37_0 (2).jpg,2f15e49fe019326dd6299d0868c4468f6e019414519796be5742768f78cfe362,be333c276645cc64,clinical:37,train,estagio_2,estagio_2,,False,ultralytics_curascan/datasets/estagio-nivel-12n-20-05-26/test/estagio_2/37_0 (2).jpg
37_0 (3),37_0 (3),37_0 (3).jpg,c2d077778e44bd758431f8859b1ae1916d7d72d5e5a354caa846ff884268ec02,da83f1be2301d8ae,clinical:37,train,estagio_3,nao_classificavel,estagio_3,True,ultralytics_curascan/datasets/estagio-nivel-34n-20-05-26/test/estagio_3/37_0 (3).jpg
37_1,37_1,37_1.jpg,1f90b5eebbb70ae7ce3f4ce1fd48f742129188dec379b4d3218ded8521d09401,a2d5e9f4d6c09896,clinical:37,train,estagio_3,nao_classificavel,estagio_3,True,ultralytics_curascan/datasets/estagio-nivel-34n-20-05-26/train/estagio_3/37_1.jpg
37_2,37_2,37_2.jpg,cc7ebb55010cf77dc47625641dc664c648abf7d0ae4b19cd0268561daaa03fde,c0ee990d907e9177,clinical:37,train,estagio_3,nao_classificavel,estagio_3,True,ultralytics_curascan/datasets/estagio-nivel-34n-20-05-26/train/estagio_3/37_2.jpg
37_3,37_3,37_3.jpg,c05915b76d35095554d7002da5579168004bd2bddde3da570a0b7bae3c394f4d,f9c6f1d5c3909486,clinical:37,train,estagio_2,estagio_2,,False,ultralytics_curascan/datasets/estagio-nivel-12n-20-05-26/train/estagio_2/37_3.jpg
38_0,38_0,38_0.jpg,578901aad26fdca4e9941c5f80b17f5799ef947b61ac0fd3c585a727adf12d4e,8b226c15f5b4c667,clinical:38,train,estagio_3,nao_classificavel,estagio_3,True,ultralytics_curascan/datasets/estagio-nivel-34n-20-05-26/train/estagio_3/38_0.jpg
38_0 (2),38_0 (2),38_0 (2).jpg,b2897f59428d9a00738e330863edb72c5b4100f7e8839ec3f143e2c1b1254ac8,f3ac875eb2804c9e,clinical:38,train,estagio_3,nao_classificavel,estagio_3,True,ultralytics_curascan/datasets/estagio-nivel-34n-20-05-26/train/estagio_3/38_0 (2).jpg
38_1 (2),38_1 (2),38_1 (2).jpg,2b9851898c6ea9cf23c0ae95b58dabad51a87a27b1a61747ecac44e0722f2c02,a1caca165b5c7ce4,clinical:38,train,estagio_3,nao_classificavel,estagio_3,True,ultralytics_curascan/datasets/estagio-nivel-34n-20-05-26/train/estagio_3/38_1 (2).jpg
39_0,39_0,39_0.jpg,81bb40ff35c3b641e6e3cd51ddb227bdcc97a618c3044570c99a38da9d7ff106,db52526aab4ea4d1,clinical:39,train,estagio_3,nao_classificavel,estagio_3,True,ultralytics_curascan/datasets/estagio-nivel-34n-20-05-26/train/estagio_3/39_0.jpg
39_0 (3),39_0 (3),39_0 (3).jpg,09b0e60a64a380744e90b65422249f0ccb274918fa8503025be87cee3c19c1d7,d6058968727b997c,clinical:39,train,estagio_3,nao_classificavel,estagio_3,True,ultralytics_curascan/datasets/estagio-nivel-34n-20-05-26/train/estagio_3/39_0 (3).jpg
39_0 (4),39_0 (4),39_0 (4).jpg,04257fbed4a7c5ce7caaa8578db34259a5da409dbb72b0751465fc8d8d851ffe,aad255f966761292,clinical:39,train,estagio_2,estagio_2,,False,ultralytics_curascan/datasets/estagio-nivel-12n-20-05-26/train/estagio_2/39_0 (4).jpg
39_1,39_1,39_1.jpg,484fb7f5351140dd5c0857c1aa1243c40113a9b24aec7acccb44b0d7a18a7984,ab5a1cc377788b18,clinical:39,train,estagio_2,estagio_2,,False,ultralytics_curascan/datasets/estagio-nivel-12n-20-05-26/train/estagio_2/39_1.jpg
3_0,3_0,3_0.jpg,2330b75dd4aa698bd56a4bf65a6259cdfcf9c612efdce9148c96de8aa5f9e1d3,f361c53e9aca0dc1,clinical:3,train,estagio_4,nao_classificavel,estagio_4,True,ultralytics_curascan/datasets/estagio-nivel-34n-20-05-26/train/estagio_4/3_0.jpg
3_0 (2),3_0 (2),3_0 (2).jpg,808776563dfebf61c8239ba23d1567fa97483205967c2f220faa6cc6853584fc,8f6a2893d38c9d72,clinical:3,train,estagio_4,nao_classificavel,estagio_4,True,ultralytics_curascan/datasets/estagio-nivel-34n-20-05-26/train/estagio_4/3_0 (2).jpg
3_0 (4),3_0 (4),3_0 (4).jpg,d22409f9ffca5fc7d49142918435cee458fb82fd94413b54f393b22dc2192236,817fdd003f8016ef,clinical:3,train,estagio_2,estagio_2,,False,ultralytics_curascan/datasets/estagio-nivel-12n-20-05-26/train/estagio_2/3_0 (4).jpg
40_0,40_0,40_0.jpg,fc2b1a0520d5b509e1b113c91eeedb2703516e94e024976252a8a5ed7a3edb7c,9c0ed4f8721f8ec4,clinical:40,train,estagio_3,nao_classificavel,estagio_3,True,ultralytics_curascan/datasets/estagio-nivel-34n-20-05-26/train/estagio_3/40_0.jpg
40_0 (2),40_0 (2),40_0 (2).jpg,3406cf4c4c2a0f0e7e3c197a4d8bc92b12be5109d07968e51fc2ec81f1d49b97,bf00fb0174cfc03b,clinical:40,train,estagio_3,nao_classificavel,estagio_3,True,ultralytics_curascan/datasets/estagio-nivel-34n-20-05-26/train/estagio_3/40_0 (2).jpg
40_0 (3),40_0 (3),40_0 (3).jpg,24a866b7ea9bfbddcea5f78f0aa6eed5bb8056a90f316c9e7e9b9e996922c599,83699cd6b21d5b8c,clinical:40,train,estagio_3,nao_classificavel,estagio_3,True,ultralytics_curascan/datasets/estagio-nivel-34n-20-05-26/train/estagio_3/40_0 (3).jpg
40_0 (4),40_0 (4),40_0 (4).jpg,b188b9e81460ced930b56540b9beb3d131dcf8ee9f4d32c1e04bfb440f0913e2,9012d279b3cf2697,clinical:40,train,estagio_3,nao_classificavel,estagio_3,True,ultralytics_curascan/datasets/estagio-nivel-34n-20-05-26/train/estagio_3/40_0 (4).jpg
40_1,40_1,40_1.jpg,07617396a6f4737e95eff154fce929431ff600451e00e527a4e64e19d04ab22a,a0b4b696c5e5393c,clinical:40,train,estagio_3,nao_classificavel,estagio_3,True,ultralytics_curascan/datasets/estagio-nivel-34n-20-05-26/train/estagio_3/40_1.jpg
40_2,40_2,40_2.jpg,677d5125ede213078fba22199b48bda1dfb6efc6fbbe18a25c65727bd2ab6069,f7e7b0d0606362e2,clinical:40,train,estagio_3,nao_classificavel,estagio_3,True,ultralytics_curascan/datasets/estagio-nivel-34n-20-05-26/train/estagio_3/40_2.jpg
40_3,40_3,40_3.jpg,e74791acd5acd1e59b2ee3d067ef7bbcd6217a886132dc1e1347eaa7fc92fc81,f42ad938f5389c29,clinical:40,train,estagio_3,nao_classificavel,estagio_3,True,ultralytics_curascan/datasets/estagio-nivel-34n-20-05-26/val/estagio_3/40_3.jpg
40_4,40_4,40_4.jpg,71b11500678c464d49b7a457a5cab8507cc557a57f9d2c7e06b1d8182ad9be45,b49d9b01f18cc5ec,clinical:40,train,estagio_3,nao_classificavel,estagio_3,True,ultralytics_curascan/datasets/estagio-nivel-34n-20-05-26/train/estagio_3/40_4.jpg
40_5,40_5,40_5.jpg,79ba4c4d731f3e20f86cb1d52db88a146fd29b2fba39746086d263bfcf03c397,a189d68990b6efd8,clinical:40,train,estagio_2,estagio_2,,False,ultralytics_curascan/datasets/estagio-nivel-12n-20-05-26/train/estagio_2/40_5.jpg
40_6,40_6,40_6.jpg,1031e27e40bd20eb48203aae95e489c91683535768130868ce26fec98da4c490,cc0f8b4837cdfa30,clinical:40,train,estagio_3,nao_classificavel,estagio_3,True,ultralytics_curascan/datasets/estagio-nivel-34n-20-05-26/test/estagio_3/40_6.jpg
40_7,40_7,40_7.jpg,54552a5497eedb4eb1442dfd33da01ff5072845c037a10bea76117e44f890c05,8523ce6e806fbed0,clinical:40,train,estagio_3,nao_classificavel,estagio_3,True,ultralytics_curascan/datasets/estagio-nivel-34n-20-05-26/train/estagio_3/40_7.jpg
41_0,41_0,41_0.jpg,f72ffe88befb156f7f89eaf15907d0312c120010f73287b0da96192905331288,c8326f6b3b3230bc,clinical:41,train,estagio_2,estagio_2,,False,ultralytics_curascan/datasets/estagio-nivel-12n-20-05-26/val/estagio_2/41_0.jpg
41_0 (3),41_0 (3),41_0 (3).jpg,59616281552eb06f98e5a2e8f7ecf87e2713899796bb8b63aaabbd4eaeff4211,955c3b5998a9aaaa,clinical:41,train,estagio_3,nao_classificavel,estagio_3,True,ultralytics_curascan/datasets/estagio-nivel-34n-20-05-26/train/estagio_3/41_0 (3).jpg
41_0 (4),41_0 (4),41_0 (4).jpg,08971adac609e54ac75ae15d761f086a566b6e4fd9a1880eb4c0b148cb4c613f,a93a90313fb135f1,clinical:41,train,estagio_3,nao_classificavel,estagio_3,True,ultralytics_curascan/datasets/estagio-nivel-34n-20-05-26/train/estagio_3/41_0 (4).jpg
41_1 (2),41_1 (2),41_1 (2).jpg,17bbe50b736c4f50ed7367cd1536827eeacf5d21eacbecec85cdde358d2f37e0,e27a803beb887ce1,clinical:41,train,estagio_3,nao_classificavel,estagio_3,True,ultralytics_curascan/datasets/estagio-nivel-34n-20-05-26/train/estagio_3/41_1 (2).jpg
41_2,41_2,41_2.jpg,764d262117d460dcd39c70d33441bd430e9eb8532cb34bb908c8de00f5f2cbf9,9213bf63e5698853,clinical:41,train,estagio_3,nao_classificavel,estagio_3,True,ultralytics_curascan/datasets/estagio-nivel-34n-20-05-26/train/estagio_3/41_2.jpg
42_0,42_0,42_0.jpg,cd0b965983774c36a0f30b8d3676314ed7640dbf6f5c3b9321c3059295324449,d80f072231783bdf,clinical:42,train,estagio_3,nao_classificavel,estagio_3,True,ultralytics_curascan/datasets/estagio-nivel-34n-20-05-26/test/estagio_3/42_0.jpg
42_0 (4),42_0 (4),42_0 (4).jpg,57bafdd59b8c992716e7676394ef22a21c15d8887ebdea8b7219c9d80776f2a9,9f8f781c6731d884,clinical:42,train,estagio_3,nao_classificavel,estagio_3,True,ultralytics_curascan/datasets/estagio-nivel-34n-20-05-26/test/estagio_3/42_0 (4).jpg
42_1,42_1,42_1.jpg,2dd862901fc7093607f28aca16e34cb3a2d46a7f29061106a2ce46aaa61f8c67,fb1c4540707aadb6,clinical:42,train,estagio_3,nao_classificavel,estagio_3,True,ultralytics_curascan/datasets/estagio-nivel-34n-20-05-26/train/estagio_3/42_1.jpg
42_2,42_2,42_2.jpg,a7a7460bb18d449d94ad8f31bd3744aecc347b91e5dacae084b7d73c3bf2b16a,e3392d52b31db464,clinical:42,train,estagio_3,nao_classificavel,estagio_3,True,ultralytics_curascan/datasets/estagio-nivel-34n-20-05-26/val/estagio_3/42_2.jpg
42_3,42_3,42_3.jpg,a3dd9b5a69339fc18bb63a7f3d50e6485d67b5f0a962d4785861564891f6e580,d6defce263891860,clinical:42,train,estagio_3,nao_classificavel,estagio_3,True,ultralytics_curascan/datasets/estagio-nivel-34n-20-05-26/test/estagio_3/42_3.jpg
44_0 (2),44_0 (2),44_0 (2).jpg,5b09872b85a26aa44c03c53629ccfd1c17cc7f866e88076866d46b3a73a5f1de,b72f50624bcd460f,clinical:44,train,estagio_3,nao_classificavel,estagio_3,True,ultralytics_curascan/datasets/estagio-nivel-34n-20-05-26/train/estagio_3/44_0 (2).jpg
44_0 (3),44_0 (3),44_0 (3).jpg,8cffcd1980bfb986f467be48277df22fd268d8f2a6e68a554380c8b313cd23f1,f640896d339f1cc6,clinical:44,train,estagio_2,estagio_2,,False,ultralytics_curascan/datasets/estagio-nivel-12n-20-05-26/train/estagio_2/44_0 (3).jpg
44_0 (4),44_0 (4),44_0 (4).jpg,aded31c346d9365adfe88c14651cc29dbbc1d2f6e5c209b7b41e0969857ef8ff,ad4b54714ac13fe1,clinical:44,train,estagio_2,estagio_2,,False,ultralytics_curascan/datasets/estagio-nivel-12n-20-05-26/train/estagio_2/44_0 (4).jpg
45_0 (2),45_0 (2),45_0 (2).jpg,6f16febdaac36f73551099a88ea6f9143ae3146112153a4f7f8cc0847d2a0db8,f2158d702dcbd526,clinical:45,train,estagio_3,nao_classificavel,estagio_3,True,ultralytics_curascan/datasets/estagio-nivel-34n-20-05-26/train/estagio_3/45_0 (2).jpg
45_0 (3),45_0 (3),45_0 (3).jpg,fed708b1f6846cb71ea369f2a9a6f2570c3c3d5d8f32376d9e6ce4189d495d1d,f3c48c518e532e73,clinical:45,train,estagio_4,nao_classificavel,estagio_4,True,ultralytics_curascan/datasets/estagio-nivel-34n-20-05-26/train/estagio_4/45_0 (3).jpg
45_0 (4),45_0 (4),45_0 (4).jpg,d01dca9cff89d3552432763d6b209408a5c86e9262d93b350e71843a70c27b8e,f2388e2b1c2e973a,clinical:45,train,estagio_2,estagio_2,,False,ultralytics_curascan/datasets/estagio-nivel-12n-20-05-26/train/estagio_2/45_0 (4).jpg
45_1,45_1,45_1.jpg,bb2a13566921575582eabb46afb6a69101a4469a74f09b4ae3049f308d657016,957909996676992e,clinical:45,train,estagio_3,nao_classificavel,estagio_3,True,ultralytics_curascan/datasets/estagio-nivel-34n-20-05-26/train/estagio_3/45_1.jpg
46_0,46_0,46_0.jpg,80007a759facf7bda8560c8caf2ac22ca4fde18db1672b22f2c9bc4237285c5f,98c965ac5cc66cb3,clinical:46,train,estagio_3,nao_classificavel,estagio_3,True,ultralytics_curascan/datasets/estagio-nivel-34n-20-05-26/val/estagio_3/46_0.jpg
46_0 (2),46_0 (2),46_0 (2).jpg,d8d5d9d6b9e0a7daafcf1aa483b01e76c62ef8ed757efcd9bb6b78800a0f952e,d71b65712043a35f,clinical:46,train,estagio_3,nao_classificavel,estagio_3,True,ultralytics_curascan/datasets/estagio-nivel-34n-20-05-26/test/estagio_3/46_0 (2).jpg
46_0 (3),46_0 (3),46_0 (3).jpg,67153f4deabd44292c413ce2a7f17e2135462e63deaea5080f76c0505d5364f2,f3c09b53b262ba49,clinical:46,train,estagio_3,nao_classificavel,estagio_3,True,ultralytics_curascan/datasets/estagio-nivel-34n-20-05-26/val/estagio_3/46_0 (3).jpg
46_0 (4),46_0 (4),46_0 (4).jpg,06a5c08ac7b4b774a265d8fa89572bcad77222fabd6bbbfb9004472246c00354,8d8ce4f016f2d32b,clinical:46,train,estagio_3,nao_classificavel,estagio_3,True,ultralytics_curascan/datasets/estagio-nivel-34n-20-05-26/train/estagio_3/46_0 (4).jpg
46_2,46_2,46_2.jpg,46e941ec0c371a1d2763eadd98786ff77da5d2bfa285e89ace7839ffd26723e3,9787e318fc441ce6,clinical:46,train,estagio_3,nao_classificavel,estagio_3,True,ultralytics_curascan/datasets/estagio-nivel-34n-20-05-26/train/estagio_3/46_2.jpg
46_3,46_3,46_3.jpg,4a34074bba9874a051e44050f108ce13677de2b60de01b8d608d1610437483e3,ccee08c8ef3784cc,clinical:46,train,estagio_3,nao_classificavel,estagio_3,True,ultralytics_curascan/datasets/estagio-nivel-34n-20-05-26/train/estagio_3/46_3.jpg
47_0,47_0,47_0.jpg,657630461f9c9556565ba552a4841eacb9ed9af2cab26a71d6c0f32d70cde6fa,f16119987f866335,clinical:47,train,estagio_3,nao_classificavel,estagio_3,True,ultralytics_curascan/datasets/estagio-nivel-34n-20-05-26/train/estagio_3/47_0.jpg
47_0 (3),47_0 (3),47_0 (3).jpg,6560f0411e41d955ebb33d051ce552ad1055b75ff3c76eddfd0d77369947a267,95287ee7d4d6d140,clinical:47,train,estagio_4,nao_classificavel,estagio_4,True,ultralytics_curascan/datasets/estagio-nivel-34n-20-05-26/test/estagio_4/47_0 (3).jpg
47_0 (4),47_0 (4),47_0 (4).jpg,de47efe829b50a6cf82377ea447bde85ae13fefe34c2622050247405622436f0,e4f893e7699926c0,clinical:47,train,estagio_3,nao_classificavel,estagio_3,True,ultralytics_curascan/datasets/estagio-nivel-34n-20-05-26/train/estagio_3/47_0 (4).jpg
47_1,47_1,47_1.jpg,a32e3357d3b6dd280debb80c3e01f3d636cc19f1e110bdc33799f4103a7a3961,87295da0f7a3cd22,clinical:47,train,estagio_3,nao_classificavel,estagio_3,True,ultralytics_curascan/datasets/estagio-nivel-34n-20-05-26/train/estagio_3/47_1.jpg
47_2,47_2,47_2.jpg,05bf3e1b81f25ff4508527fa5eecfbc671e6b2fbc381314b9babde44193e77c1,b75c88e5649391cd,clinical:47,train,estagio_3,nao_classificavel,estagio_3,True,ultralytics_curascan/datasets/estagio-nivel-34n-20-05-26/train/estagio_3/47_2.jpg
49_0,49_0,49_0.jpg,60b890b781cc7ba24be4fb45cc535de2bf40355ec5fee7133df8d0218ceb0284,df81a88d6571d896,clinical:49,train,estagio_3,nao_classificavel,estagio_3,True,ultralytics_curascan/datasets/estagio-nivel-34n-20-05-26/train/estagio_3/49_0.jpg
49_0 (2),49_0 (2),49_0 (2).jpg,8d16dbb4b24d5a4010e91625d542b72bfd1b00d1f74fc3e3dc13c4ffcd81cbc3,c99ffedeb040a320,clinical:49,train,estagio_4,nao_classificavel,estagio_4,True,ultralytics_curascan/datasets/estagio-nivel-34n-20-05-26/train/estagio_4/49_0 (2).jpg
49_0 (3),49_0 (3),49_0 (3).jpg,ae7eb0781336c64afc724400cca29e6d38f6ada0fc8c476670967f3c68abab09,f09f4541fbc98923,clinical:49,train,estagio_3,nao_classificavel,estagio_3,True,ultralytics_curascan/datasets/estagio-nivel-34n-20-05-26/test/estagio_3/49_0 (3).jpg
49_0 (4),49_0 (4),49_0 (4).jpg,283c78689514fc541c8bf4156bdf7d8bf1da67b8d5b2bf0142d155e259befbe5,da7f482bf6203788,clinical:49,train,estagio_3,nao_classificavel,estagio_3,True,ultralytics_curascan/datasets/estagio-nivel-34n-20-05-26/train/estagio_3/49_0 (4).jpg
49_1 (2),49_1 (2),49_1 (2).jpg,f082e1efc76d956e659621480cde9256dbc046e2359f254db09f0e1ba3429f7b,ff47831e80b87079,clinical:49,train,estagio_2,estagio_2,,False,ultralytics_curascan/datasets/estagio-nivel-12n-20-05-26/train/estagio_2/49_1 (2).jpg
49_2,49_2,49_2.jpg,e9b6d381a98e642325da19c3dc16fad64f59a39fdee6871b0eafc4d8a77cc734,a4c18f36c519f29b,clinical:49,train,estagio_4,nao_classificavel,estagio_4,True,ultralytics_curascan/datasets/estagio-nivel-34n-20-05-26/train/estagio_4/49_2.jpg
49_3,49_3,49_3.jpg,137cf483a8251f2f68f3ee45d9d6d9cea0c5a40caaf2b293e220264cf52d1752,9a73e4259b4b4719,clinical:49,train,estagio_2,estagio_2,,False,ultralytics_curascan/datasets/estagio-nivel-12n-20-05-26/train/estagio_2/49_3.jpg
4_0,4_0,4_0.jpg,79ed33dde836cfc794647c26904d8a21dff61a31f5fcf84656a67051472f2685,832f6440e8df95f4,clinical:4,train,estagio_3,nao_classificavel,estagio_3,True,ultralytics_curascan/datasets/estagio-nivel-34n-20-05-26/test/estagio_3/4_0.jpg
4_0 (2),4_0 (2),4_0 (2).jpg,4a5433de006624fb473f523aa55bbc3165343aa0cc5326aef660220dc4b709a1,d436c8a286ddfb22,clinical:4,train,estagio_3,nao_classificavel,estagio_3,True,ultralytics_curascan/datasets/estagio-nivel-34n-20-05-26/train/estagio_3/4_0 (2).jpg
4_0 (3),4_0 (3),4_0 (3).jpg,9aa8005dc4798c047632c7a82f4f3998009cd2217ada4dfdac3775a5533999cc,9740ff02f40bd837,clinical:4,train,estagio_3,nao_classificavel,estagio_3,True,ultralytics_curascan/datasets/estagio-nivel-34n-20-05-26/train/estagio_3/4_0 (3).jpg
4_0 (4),4_0 (4),4_0 (4).jpg,43a9d8b305b824fb4515bc6fc918ba51ff9e08cfcc79e62b294b02ad5393a123,a4acdaa26ca87bc3,clinical:4,train,estagio_3,nao_classificavel,estagio_3,True,ultralytics_curascan/datasets/estagio-nivel-34n-20-05-26/val/estagio_3/4_0 (4).jpg
50_0,50_0,50_0.jpg,9aa377b638f195646e7b744e06c29e464708a7cce861ffacb9ceb77c08c6b573,d2d52d527436cb32,clinical:50,train,estagio_3,nao_classificavel,estagio_3,True,ultralytics_curascan/datasets/estagio-nivel-34n-20-05-26/train/estagio_3/50_0.jpg
50_0 (2),50_0 (2),50_0 (2).jpg,c6bd8801b7a108ecdd04572ac71044515b6213818554fce9ee7aeb4ffacabf5b,9009e364f31f0d3f,clinical:50,train,estagio_4,nao_classificavel,estagio_4,True,ultralytics_curascan/datasets/estagio-nivel-34n-20-05-26/train/estagio_4/50_0 (2).jpg
50_0 (4),50_0 (4),50_0 (4).jpg,ef6cbd9d8d44dc7b2a85effdbd266622e1338d87cd9b563ffb91e556fb0ee5b9,a95ad4d1d4d5c946,clinical:50,train,estagio_3,nao_classificavel,estagio_3,True,ultralytics_curascan/datasets/estagio-nivel-34n-20-05-26/train/estagio_3/50_0 (4).jpg
51_0 (3),51_0 (3),51_0 (3).jpg,2ab6e2f81171637fcee3f165f3a645570e27f1f455b0390c92950fe440c808a3,f4ae57e118cc26f0,clinical:51,train,estagio_3,nao_classificavel,estagio_3,True,ultralytics_curascan/datasets/estagio-nivel-34n-20-05-26/val/estagio_3/51_0 (3).jpg
51_1,51_1,51_1.jpg,cdd72553d2001b27b884d8b895917c4a8056d2b211914f72074853b891ac039c,da1c9c0e36968e4f,clinical:51,train,estagio_2,estagio_2,,False,ultralytics_curascan/datasets/estagio-nivel-12n-20-05-26/val/estagio_2/51_1.jpg
51_1 (2),51_1 (2),51_1 (2).jpg,420378dd8e8714ffa381340d30070ed71232ec20a63d4cfea5866ed5438eb63d,e49adbcce6c62303,clinical:51,train,estagio_3,nao_classificavel,estagio_3,True,ultralytics_curascan/datasets/estagio-nivel-34n-20-05-26/train/estagio_3/51_1 (2).jpg
52_0,52_0,52_0.jpg,15ddd93227974b032d74d4d54866f624f39ee019ab3e58981da19a0b82076f27,a3fe9c09639c9266,clinical:52,train,estagio_3,nao_classificavel,estagio_3,True,ultralytics_curascan/datasets/estagio-nivel-34n-20-05-26/train/estagio_3/52_0.jpg
55_0,55_0,55_0.jpg,d36dc1f05a50c50cd63970dfd4f548593b89db65226382b8749dba327909ec46,c01008dbf9c5e7cf,clinical:55,train,estagio_3,nao_classificavel,estagio_3,True,ultralytics_curascan/datasets/estagio-nivel-34n-20-05-26/train/estagio_3/55_0.jpg
55_0 (2),55_0 (2),55_0 (2).jpg,8c883dc025ed1353c78d900676694f58d71378784cbd23c138453c1dd46facaa,e28580989771db77,clinical:55,train,estagio_4,nao_classificavel,estagio_4,True,ultralytics_curascan/datasets/estagio-nivel-34n-20-05-26/train/estagio_4/55_0 (2).jpg
55_1,55_1,55_1.jpg,9227e3b4c0af541a45804429fd449a6d716640f36fd3d742caf947b87e7123a2,d237e433f9123136,clinical:55,train,estagio_1,estagio_1,,False,ultralytics_curascan/datasets/estagio-nivel-12n-20-05-26/train/estagio_1/55_1.jpg
57_0 (2),57_0 (2),57_0 (2).jpg,a92e2cd9d1187a7e85cd29ce5a16db2c069fdddc07d818a2079a25961382f095,d614f953934f264c,clinical:57,train,estagio_4,nao_classificavel,estagio_4,True,ultralytics_curascan/datasets/estagio-nivel-34n-20-05-26/train/estagio_4/57_0 (2).jpg
57_0 (3),57_0 (3),57_0 (3).jpg,868527c52bd4a237262f3b1d50dc7870567246e97bdbee99653cc20518d330f1,9f55c87f7908e282,clinical:57,train,estagio_2,estagio_2,,False,ultralytics_curascan/datasets/estagio-nivel-12n-20-05-26/test/estagio_2/57_0 (3).jpg
58_0,58_0,58_0.jpg,facc3666ed845a56f8ddf607a81970a4cd5756ec98bb730666bc1d42d504d312,fbf3c29c23c831c1,clinical:58,train,estagio_1,estagio_1,,False,ultralytics_curascan/datasets/estagio-nivel-12n-20-05-26/train/estagio_1/58_0.jpg
58_0 (2),58_0 (2),58_0 (2).jpg,410640cddafe0e2cec01ea6e094b68777f03865702835beab1b127acdec96f20,9f073c6a9234ef88,clinical:58,train,estagio_3,nao_classificavel,estagio_3,True,ultralytics_curascan/datasets/estagio-nivel-34n-20-05-26/train/estagio_3/58_0 (2).jpg
58_0 (3),58_0 (3),58_0 (3).jpg,2db07328d7674855ac0d6ed9038ba85d0a028ef69f6467cfc8185416652672bc,a00af4018af47eff,clinical:58,train,estagio_3,nao_classificavel,estagio_3,True,ultralytics_curascan/datasets/estagio-nivel-34n-20-05-26/train/estagio_3/58_0 (3).jpg
59_0,59_0,59_0.jpg,dd47e7a76cf92697e0378faf256f5b9262397a2734ee51acf5cfbea75bb2bf01,d5e34dc163662ec8,clinical:59,train,estagio_1,estagio_1,,False,ultralytics_curascan/datasets/estagio-nivel-12n-20-05-26/train/estagio_1/59_0.jpg
59_0 (3),59_0 (3),59_0 (3).jpg,92e090618380e230ea4eb7800fc9cdf52d3424da5f03ea2dbc0353e61561fc7b,a9c6968998699d73,clinical:59,train,estagio_3,nao_classificavel,estagio_3,True,ultralytics_curascan/datasets/estagio-nivel-34n-20-05-26/train/estagio_3/59_0 (3).jpg
59_0 (4),59_0 (4),59_0 (4).jpg,d924e64af12d8a5e7a9f84d51398f7ed5e353592eafac1344a8d45947fb18180,adb5721a6983728d,clinical:59,train,estagio_3,nao_classificavel,estagio_3,True,ultralytics_curascan/datasets/estagio-nivel-34n-20-05-26/train/estagio_3/59_0 (4).jpg
5_0 (2),5_0 (2),5_0 (2).jpg,2e01f0dd2bf45a53035cff023fb9f4ff850a4356af9d0ab976740c0432bba07c,d73a0d00a073f2fe,clinical:5,train,estagio_3,nao_classificavel,estagio_3,True,ultralytics_curascan/datasets/estagio-nivel-34n-20-05-26/train/estagio_3/5_0 (2).jpg
5_0 (3),5_0 (3),5_0 (3).jpg,0a164978bc20cea461e93141a0c0efc81211b86487ce4e7210e9d8feabcb29c0,941ff8a57540ab2d,clinical:5,train,estagio_3,nao_classificavel,estagio_3,True,ultralytics_curascan/datasets/estagio-nivel-34n-20-05-26/val/estagio_3/5_0 (3).jpg
5_0 (4),5_0 (4),5_0 (4).jpg,92ebfacd124447eeb97215bcccd02d09edb25274cf4c4fcbb1b9ecda11ad4aeb,e5d4c8c1c68d9b9a,clinical:5,train,estagio_2,estagio_2,,False,ultralytics_curascan/datasets/estagio-nivel-12n-20-05-26/train/estagio_2/5_0 (4).jpg
5_1,5_1,5_1.jpg,fdec62304d61af4ea88676a8d7a315298577fb1765cc5e1f169a52e3518e000b,e254cf033cdd3332,clinical:5,train,estagio_3,nao_classificavel,estagio_3,True,ultralytics_curascan/datasets/estagio-nivel-34n-20-05-26/train/estagio_3/5_1.jpg
5_1 (2),5_1 (2),5_1 (2).jpg,ac53cfcd361858d193fc2937d0ef9ee7a1e617a9ff436bb8a9da8a495450fa49,b09c9cb376c89933,clinical:5,train,estagio_2,estagio_2,,False,ultralytics_curascan/datasets/estagio-nivel-12n-20-05-26/val/estagio_2/5_1 (2).jpg
5_2,5_2,5_2.jpg,fed0641a84e53636110ed32cfa17c56fe903fe2a659e9b000464ebcf5ad9dbd1,f2092ec737996e30,clinical:5,train,estagio_3,nao_classificavel,estagio_3,True,ultralytics_curascan/datasets/estagio-nivel-34n-20-05-26/test/estagio_3/5_2.jpg
60_0,60_0,60_0.jpg,8d773999eb143e42c0a087e03d9b6015d6f353554fd59b713b84a68d2fe3e1b7,d4ad291466759a75,clinical:60,train,estagio_3,nao_classificavel,estagio_3,True,ultralytics_curascan/datasets/estagio-nivel-34n-20-05-26/train/estagio_3/60_0.jpg
60_0 (2),60_0 (2),60_0 (2).jpg,95220dc281485444bf6e78ae979602df191dbe9e4f5de713321f02d66b6bddf1,aa2a51b74b956a95,clinical:60,train,estagio_3,nao_classificavel,estagio_3,True,ultralytics_curascan/datasets/estagio-nivel-34n-20-05-26/val/estagio_3/60_0 (2).jpg
60_0 (4),60_0 (4),60_0 (4).jpg,b78f5fd0b94e44cd64adab0fce9c2c7e6ee0a8014ba161261a642b8286d4eb7e,ca0a2fab24cdd5d1,clinical:60,train,estagio_3,nao_classificavel,estagio_3,True,ultralytics_curascan/datasets/estagio-nivel-34n-20-05-26/train/estagio_3/60_0 (4).jpg
60_1 (2),60_1 (2),60_1 (2).jpg,10ef9b4fc7764b5bef46f48e9f55a4267d2d53b324b9030b1084f5397db6aaec,df7fb0c04eb4c029,clinical:60,train,estagio_3,nao_classificavel,estagio_3,True,ultralytics_curascan/datasets/estagio-nivel-34n-20-05-26/train/estagio_3/60_1 (2).jpg
61_0,61_0,61_0.jpg,04658ac4a846c67691b199b7b8a5c6f72630aabd3ccd9381a6f9dbed327e7365,bd5ec2aaa7858913,clinical:61,train,estagio_3,nao_classificavel,estagio_3,True,ultralytics_curascan/datasets/estagio-nivel-34n-20-05-26/test/estagio_3/61_0.jpg
61_0 (2),61_0 (2),61_0 (2).jpg,0318272222c0ad34eadf9b589afdd42984bc9982e1c6591b9d8bbaf2c14b4893,b39bc8c47333ccc4,clinical:61,train,estagio_3,nao_classificavel,estagio_3,True,ultralytics_curascan/datasets/estagio-nivel-34n-20-05-26/train/estagio_3/61_0 (2).jpg
61_0 (3),61_0 (3),61_0 (3).jpg,50eb3dd006d9c0e90bfc6a3616dcf33331c6aa3fb53aeb2aea2f1c0567cdb340,ef129f0fc2c161e2,clinical:61,train,estagio_3,nao_classificavel,estagio_3,True,ultralytics_curascan/datasets/estagio-nivel-34n-20-05-26/val/estagio_3/61_0 (3).jpg
61_0 (4),61_0 (4),61_0 (4).jpg,b1c1be00293019ea9162330458080dfdf9bdf94d3f3d430a7fe115af1affdbf7,b9acc6c0393fe6c0,clinical:61,train,estagio_3,nao_classificavel,estagio_3,True,ultralytics_curascan/datasets/estagio-nivel-34n-20-05-26/train/estagio_3/61_0 (4).jpg
63_0,63_0,63_0.jpg,cf3e8a6f622fb0c75a4249bc67d56b54185db49217f217d0cd60a96643f46b08,8b553a21f602af9e,clinical:63,train,estagio_2,estagio_2,,False,ultralytics_curascan/datasets/estagio-nivel-12n-20-05-26/train/estagio_2/63_0.jpg
63_0 (2),63_0 (2),63_0 (2).jpg,9d8f6ce0e31b0372fda241850d197c6075a58aabdb76cdec6f64356f8c8a3976,f961d67554d57140,clinical:63,train,estagio_3,nao_classificavel,estagio_3,True,ultralytics_curascan/datasets/estagio-nivel-34n-20-05-26/train/estagio_3/63_0 (2).jpg
63_0 (3),63_0 (3),63_0 (3).jpg,156bae2b34e2a1e535b6fdf2e9e37d5ded00b92d7dcc3c407b1b90e491cc8e69,f05a96398e3536a9,clinical:63,train,estagio_4,nao_classificavel,estagio_4,True,ultralytics_curascan/datasets/estagio-nivel-34n-20-05-26/train/estagio_4/63_0 (3).jpg
64_0 (2),64_0 (2),64_0 (2).jpg,ac6e0bea0bb1e12afec94b1b950c003f3c1cd565e066ee11f521976a48af7acd,f131c720f430efd2,clinical:64,train,estagio_3,nao_classificavel,estagio_3,True,ultralytics_curascan/datasets/estagio-nivel-34n-20-05-26/train/estagio_3/64_0 (2).jpg
64_1 (2),64_1 (2),64_1 (2).jpg,1aec306abf54df7682bbff4e7e4893dda2ac4a9b10ac09a18cf545e8b640032c,f507ce573931a1a1,clinical:64,train,estagio_3,nao_classificavel,estagio_3,True,ultralytics_curascan/datasets/estagio-nivel-34n-20-05-26/train/estagio_3/64_1 (2).jpg
65_0 (2),65_0 (2),65_0 (2).jpg,a7bfa684866df7003b0023586988be97784ae7be38865adea371a23d7494b811,a4d99b24619e9379,clinical:65,train,estagio_2,estagio_2,,False,ultralytics_curascan/datasets/estagio-nivel-12n-20-05-26/train/estagio_2/65_0 (2).jpg
65_0 (4),65_0 (4),65_0 (4).jpg,7d001c76275983462dc936b2346b92b387288595a4d275258d6cf654f2d346d8,be81d9c8e6e0d28e,clinical:65,train,estagio_3,nao_classificavel,estagio_3,True,ultralytics_curascan/datasets/estagio-nivel-34n-20-05-26/train/estagio_3/65_0 (4).jpg
65_1,65_1,65_1.jpg,44ed060418642022752211a2484dbff8ad81a18a16d5d877becfd1203f3b84f4,8787a1d0f279e856,clinical:65,train,estagio_3,nao_classificavel,estagio_3,True,ultralytics_curascan/datasets/estagio-nivel-34n-20-05-26/test/estagio_3/65_1.jpg
66_0 (2),66_0 (2),66_0 (2).jpg,ece6a83f92cc6ee291cafbd60cac5dd6f2748d31c97fdba7650f77781eefcce9,ba52ce24f4c1c94f,clinical:66,train,estagio_4,nao_classificavel,estagio_4,True,ultralytics_curascan/datasets/estagio-nivel-34n-20-05-26/train/estagio_4/66_0 (2).jpg
68_0 (2),68_0 (2),68_0 (2).jpg,0f5f92456ee837a51ac0c94f1ee6a09c8bb5ed87be8581f9bbf4d77cacdd2581,f89ec12ce791c662,clinical:68,train,estagio_2,estagio_2,,False,ultralytics_curascan/datasets/estagio-nivel-12n-20-05-26/train/estagio_2/68_0 (2).jpg
68_0 (3),68_0 (3),68_0 (3).jpg,4f4b61b06390e3861a57adc94885527115cc196cf7a1d688e2082bf257ec24e2,ade5d5854c9e0c1e,clinical:68,train,estagio_3,nao_classificavel,estagio_3,True,ultralytics_curascan/datasets/estagio-nivel-34n-20-05-26/val/estagio_3/68_0 (3).jpg
68_0 (4),68_0 (4),68_0 (4).jpg,3fa46763d4922299cfa5d016071327115b3d921947653cc4d36d64b1ef638bf2,967769c736c890c6,clinical:68,train,estagio_2,estagio_2,,False,ultralytics_curascan/datasets/estagio-nivel-12n-20-05-26/val/estagio_2/68_0 (4).jpg
68_1 (2),68_1 (2),68_1 (2).jpg,bc9ab09347b41ad644186b9b2195d343f5e60a119efd9df791d0ed3109b6587f,a92bd2b56c6cc499,clinical:68,train,estagio_2,estagio_2,,False,ultralytics_curascan/datasets/estagio-nivel-12n-20-05-26/train/estagio_2/68_1 (2).jpg
69_0,69_0,69_0.jpg,f13ade022848f88baeb9cb8654d8d9497a9db7c730c533d94a2d91a84f85f48d,c2c27908a749dee7,clinical:69,train,estagio_4,nao_classificavel,estagio_4,True,ultralytics_curascan/datasets/estagio-nivel-34n-20-05-26/train/estagio_4/69_0.jpg
69_0 (2),69_0 (2),69_0 (2).jpg,e42df806d551274989ec039d230e77f87d4c3c798a8058e7a9e015f38144a571,94dbccf6a94c84a6,clinical:69,train,estagio_3,nao_classificavel,estagio_3,True,ultralytics_curascan/datasets/estagio-nivel-34n-20-05-26/test/estagio_3/69_0 (2).jpg
69_0 (3),69_0 (3),69_0 (3).jpg,532994f9375faf5c4b3ce359d548f901b7a61cb2dd31b0eaa14e3461c97733c0,d53360bf4d592478,clinical:69,train,estagio_3,nao_classificavel,estagio_3,True,ultralytics_curascan/datasets/estagio-nivel-34n-20-05-26/train/estagio_3/69_0 (3).jpg
69_0 (4),69_0 (4),69_0 (4).jpg,5caf7744bdea55013b8430c4efc02238530c5538402968a962846ef87db8285c,f23145ab166f3255,clinical:69,train,estagio_2,estagio_2,,False,ultralytics_curascan/datasets/estagio-nivel-12n-20-05-26/train/estagio_2/69_0 (4).jpg
69_1,69_1,69_1.jpg,94b24cd5769294674ddcdebdfe8ad90114783da50f7094741777d7569555ba79,e0d78bc89bd1398a,clinical:69,train,estagio_3,nao_classificavel,estagio_3,True,ultralytics_curascan/datasets/estagio-nivel-34n-20-05-26/val/estagio_3/69_1.jpg
6_0,6_0,6_0.jpg,f12f57873f647da5c34307d2a6af47c9730919885925ff13ae1ef44ef7c4948c,d485d80e77709bc6,clinical:6,train,estagio_3,nao_classificavel,estagio_3,True,ultralytics_curascan/datasets/estagio-nivel-34n-20-05-26/train/estagio_3/6_0.jpg
6_0 (3),6_0 (3),6_0 (3).jpg,c52fd64635ae02a33756dd2182deedac338f998c7bb4f98d32b818270631b6e0,ef8b2f2080e1cbce,clinical:6,train,estagio_3,nao_classificavel,estagio_3,True,ultralytics_curascan/datasets/estagio-nivel-34n-20-05-26/test/estagio_3/6_0 (3).jpg
6_1,6_1,6_1.jpg,6cd28f970acf336d3dd6350501a83b200c3f9c2c5ce08073f2a96d9d393b2a8b,83d6dca50eb948bc,clinical:6,train,estagio_3,nao_classificavel,estagio_3,True,ultralytics_curascan/datasets/estagio-nivel-34n-20-05-26/train/estagio_3/6_1.jpg
6_1 (3),6_1 (3),6_1 (3).jpg,036e8a5dc6268fb9e9fc23d8e3763006942e3228079f135d04644cfa972803a8,f3380e4f9f83b601,clinical:6,train,estagio_2,estagio_2,,False,ultralytics_curascan/datasets/estagio-nivel-12n-20-05-26/test/estagio_2/6_1 (3).jpg
6_2,6_2,6_2.jpg,162289e4d5d7fdc2e70ecaa1f0d18eac13d388db9c8762d7f5341524f5ae7af8,fb87909ef36cc030,clinical:6,train,estagio_3,nao_classificavel,estagio_3,True,ultralytics_curascan/datasets/estagio-nivel-34n-20-05-26/train/estagio_3/6_2.jpg
6_3,6_3,6_3.jpg,860c47ccffe4f35c58cebf7bf5b987be08f32931dff4569498d63fe3d7737a41,f80785d09a71fab1,clinical:6,train,estagio_3,nao_classificavel,estagio_3,True,ultralytics_curascan/datasets/estagio-nivel-34n-20-05-26/val/estagio_3/6_3.jpg
70_0,70_0,70_0.jpg,e7375054f5c997542f48e7345cd36368578cce65089e3c512075ed5107a4b5da,9f434cec7000f2fb,clinical:70,train,estagio_3,nao_classificavel,estagio_3,True,ultralytics_curascan/datasets/estagio-nivel-34n-20-05-26/train/estagio_3/70_0.jpg
70_0 (2),70_0 (2),70_0 (2).jpg,2fd7a7f857046cb4bf07b8654bd5c650d06579240dfc247e7605038a3ded2b06,a0cdd90c24b39b9f,clinical:70,train,estagio_3,nao_classificavel,estagio_3,True,ultralytics_curascan/datasets/estagio-nivel-34n-20-05-26/test/estagio_3/70_0 (2).jpg
70_0 (3),70_0 (3),70_0 (3).jpg,9943303cd4d49a5fefbad9128bd5360e7960b951c58457067d7915500164417d,f5391ca488ac5bae,clinical:70,train,estagio_3,nao_classificavel,estagio_3,True,ultralytics_curascan/datasets/estagio-nivel-34n-20-05-26/train/estagio_3/70_0 (3).jpg
71_0,71_0,71_0.jpg,6fc3db86a669b28713ec5ead0b68659a6960f2ee07d145b420c1f20ff71a1061,b483cb4e6d933439,clinical:71,train,estagio_3,nao_classificavel,estagio_3,True,ultralytics_curascan/datasets/estagio-nivel-34n-20-05-26/train/estagio_3/71_0.jpg
71_0 (2),71_0 (2),71_0 (2).jpg,b4e4150024a872cc0b16f1288f7093c5fc74061a5ccaa997d12ae8fba90e6788,fc5f0d66466d0139,clinical:71,train,estagio_3,nao_classificavel,estagio_3,True,ultralytics_curascan/datasets/estagio-nivel-34n-20-05-26/train/estagio_3/71_0 (2).jpg
71_0 (3),71_0 (3),71_0 (3).jpg,33cdc32b5d8893d7b4b639fd2094cf2b55560f199312037d411b2492c84fc7b0,cb5585030b8a2fdf,clinical:71,train,estagio_2,estagio_2,,False,ultralytics_curascan/datasets/estagio-nivel-12n-20-05-26/train/estagio_2/71_0 (3).jpg
71_0 (4),71_0 (4),71_0 (4).jpg,30f8f5eb689228809c4c23d1457378ff1ac9506e03e00b194907accba0d6d93d,e42bd67b0dc2249d,clinical:71,train,estagio_3,nao_classificavel,estagio_3,True,ultralytics_curascan/datasets/estagio-nivel-34n-20-05-26/train/estagio_3/71_0 (4).jpg
73_0,73_0,73_0.jpg,6ba5ffc57dd41cd8a020c12576dadf2b404139a9a77eaccdec75f2974a139f81,8303ff3518f83939,clinical:73,train,estagio_3,nao_classificavel,estagio_3,True,ultralytics_curascan/datasets/estagio-nivel-34n-20-05-26/test/estagio_3/73_0.jpg
73_0 (2),73_0 (2),73_0 (2).jpg,86e951ab6ba43baee259586f87d75b053af118bab8579fbaa77bb3a025548411,d4ab90b0df74688b,clinical:73,train,estagio_3,nao_classificavel,estagio_3,True,ultralytics_curascan/datasets/estagio-nivel-34n-20-05-26/test/estagio_3/73_0 (2).jpg
73_0 (3),73_0 (3),73_0 (3).jpg,5b7cad12bbc80a460fe60a3498fb1abf769fa242abc7173f9fc695549855d8c8,972d5a1a3d6a3172,clinical:73,train,estagio_3,nao_classificavel,estagio_3,True,ultralytics_curascan/datasets/estagio-nivel-34n-20-05-26/train/estagio_3/73_0 (3).jpg
73_0 (4),73_0 (4),73_0 (4).jpg,07a29d3e8a906bd22ea23ba2482f74ab029ca3b0ce30ae5c7c6752dcaf059797,ef0f0d1f9aea5088,clinical:73,train,estagio_3,nao_classificavel,estagio_3,True,ultralytics_curascan/datasets/estagio-nivel-34n-20-05-26/train/estagio_3/73_0 (4).jpg
75_0,75_0,75_0.jpg,d9c00afc5052f2e01ea03638014cff96f164ca227380ea4261fb00692fe56f64,edadb65256b0a845,clinical:75,train,estagio_3,nao_classificavel,estagio_3,True,ultralytics_curascan/datasets/estagio-nivel-34n-20-05-26/val/estagio_3/75_0.jpg
75_0 (3),75_0 (3),75_0 (3).jpg,d3415637244812f3802611ae4296803e5db0ae515afecebe7785d4404f18ce80,c9242f3f39b283c9,clinical:75,train,estagio_3,nao_classificavel,estagio_3,True,ultralytics_curascan/datasets/estagio-nivel-34n-20-05-26/val/estagio_3/75_0 (3).jpg
75_0 (4),75_0 (4),75_0 (4).jpg,66f758249785c26d2e33288705eebc30e0b3fd66a58ef23d96db3b1efdc4ab65,f309ddb663292392,clinical:75,train,estagio_3,nao_classificavel,estagio_3,True,ultralytics_curascan/datasets/estagio-nivel-34n-20-05-26/test/estagio_3/75_0 (4).jpg
75_1,75_1,75_1.jpg,31ea5e9253da4d8471774c0e680d4a1c838d3018c9c489ba88180db65301f3ea,e9a9acb1ad549654,clinical:75,train,estagio_3,nao_classificavel,estagio_3,True,ultralytics_curascan/datasets/estagio-nivel-34n-20-05-26/val/estagio_3/75_1.jpg
75_1 (2),75_1 (2),75_1 (2).jpg,fc9f8cb81864d8aa9dc23bc4ecb09a4356e20c70b63ba3cd26dd08ae35cb31db,aa5a95b5ca54954b,clinical:75,train,estagio_3,nao_classificavel,estagio_3,True,ultralytics_curascan/datasets/estagio-nivel-34n-20-05-26/val/estagio_3/75_1 (2).jpg
75_1 (3),75_1 (3),75_1 (3).jpg,53f1970454f4cc1eb519d5a6c13df7b24e334918cf2d00dee1239878aa7a7576,fcb15b4117ac2a39,clinical:75,train,estagio_1,estagio_1,,False,ultralytics_curascan/datasets/estagio-nivel-12n-20-05-26/val/estagio_1/75_1 (3).jpg
75_2,75_2,75_2.jpg,0c0e203517faf003be4a108ff497313fadb594783dd2a6047bbe22db45f3fe91,e3c99c4db1784c87,clinical:75,train,estagio_3,nao_classificavel,estagio_3,True,ultralytics_curascan/datasets/estagio-nivel-34n-20-05-26/train/estagio_3/75_2.jpg
75_3,75_3,75_3.jpg,df6ac1c8cea297c88aafa13dda84583c1f3f94ac3f3b54fe009fabbf6769e6f7,e27ad803b7fc0986,clinical:75,train,estagio_3,nao_classificavel,estagio_3,True,ultralytics_curascan/datasets/estagio-nivel-34n-20-05-26/train/estagio_3/75_3.jpg
76_0,76_0,76_0.jpg,0f86bc98e9e4f33de1af52488fde0785ec9d7339450da5331a08ca2db591b7cb,947b884d6c66dca6,clinical:76,train,estagio_3,nao_classificavel,estagio_3,True,ultralytics_curascan/datasets/estagio-nivel-34n-20-05-26/val/estagio_3/76_0.jpg
76_0 (2),76_0 (2),76_0 (2).jpg,d02ba5eb5c4ef463fbdb91f9d9dbdc4db3d52aeabe77b288904a664a9004d6bc,b1d81cc36c0f633d,clinical:76,train,estagio_3,nao_classificavel,estagio_3,True,ultralytics_curascan/datasets/estagio-nivel-34n-20-05-26/train/estagio_3/76_0 (2).jpg
76_0 (3),76_0 (3),76_0 (3).jpg,cf3d4b3a9774c98b5a206edc8c84a512582f66152da17dddabdfd49feda757c7,b0ef9285cc1ab1a7,clinical:76,train,estagio_3,nao_classificavel,estagio_3,True,ultralytics_curascan/datasets/estagio-nivel-34n-20-05-26/train/estagio_3/76_0 (3).jpg
76_0 (4),76_0 (4),76_0 (4).jpg,c5a4c4decfd271ac97266cf7fcccfc4e2d6a039575befa2e8ebeeba0caac1e24,aa0ecb9c665c9b92,clinical:76,train,estagio_3,nao_classificavel,estagio_3,True,ultralytics_curascan/datasets/estagio-nivel-34n-20-05-26/train/estagio_3/76_0 (4).jpg
76_1,76_1,76_1.jpg,79271b086a2ef06de6a9ac6c690e361c90d25fc43ae1fdde2149cfd5f738edbb,b8766085637bb31a,clinical:76,train,estagio_3,nao_classificavel,estagio_3,True,ultralytics_curascan/datasets/estagio-nivel-34n-20-05-26/train/estagio_3/76_1.jpg
76_3,76_3,76_3.jpg,abf3e1ff922c5953b6a0e1fac8bbd9766ed087b7b70cfed3dd4f4f2cd8d21c66,f13cddeb601c0b98,clinical:76,train,estagio_3,nao_classificavel,estagio_3,True,ultralytics_curascan/datasets/estagio-nivel-34n-20-05-26/val/estagio_3/76_3.jpg
77_0,77_0,77_0.jpg,3f946fabbb1a9a79955182a55b66e2c11052da264ab8bfcf3066b1bdd7786699,9529636e0ce2f999,clinical:77,train,estagio_3,nao_classificavel,estagio_3,True,ultralytics_curascan/datasets/estagio-nivel-34n-20-05-26/train/estagio_3/77_0.jpg
77_0 (2),77_0 (2),77_0 (2).jpg,25df351d283f63506513b12c87056896cadec31b04d063191501db7dfc78b747,c00df6689de668cd,clinical:77,train,estagio_2,estagio_2,,False,ultralytics_curascan/datasets/estagio-nivel-12n-20-05-26/test/estagio_2/77_0 (2).jpg
77_0 (4),77_0 (4),77_0 (4).jpg,a65f10ad02cc84df84bfe93c3faa4bb72b8405c2e567a7dcd321a33ae0d11fc8,c2fe791d0720de52,clinical:77,train,estagio_3,nao_classificavel,estagio_3,True,ultralytics_curascan/datasets/estagio-nivel-34n-20-05-26/train/estagio_3/77_0 (4).jpg
77_1,77_1,77_1.jpg,f4826fc7d69f2339f058a0097c9d75be4d9eb8d1ab17824eda4ef6353d2be229,b3c68e399d638c29,clinical:77,train,estagio_3,nao_classificavel,estagio_3,True,ultralytics_curascan/datasets/estagio-nivel-34n-20-05-26/train/estagio_3/77_1.jpg
78_0,78_0,78_0.jpg,5c2ace3291e742e88e768325a0c4843d7abd86d7c8b23afc7f213b8ca9a59a81,df6c196766318c31,clinical:78,train,estagio_2,estagio_2,,False,ultralytics_curascan/datasets/estagio-nivel-12n-20-05-26/train/estagio_2/78_0.jpg
78_0 (2),78_0 (2),78_0 (2).jpg,8b025aa795498735047642655cee28c97d9d765d38ee571429c23c19f508456a,c2b575d2b2cd1a26,clinical:78,train,estagio_3,nao_classificavel,estagio_3,True,ultralytics_curascan/datasets/estagio-nivel-34n-20-05-26/test/estagio_3/78_0 (2).jpg
78_0 (3),78_0 (3),78_0 (3).jpg,d1ff4c4a83719e924035bd15f2d53a7e07b50ee04e509f5b345d3d21176d11c3,f29489d526569cd9,clinical:78,train,estagio_3,nao_classificavel,estagio_3,True,ultralytics_curascan/datasets/estagio-nivel-34n-20-05-26/train/estagio_3/78_0 (3).jpg
78_0 (4),78_0 (4),78_0 (4).jpg,60d3727ff78a5418a936123f655364664a146c31ae0f4fab4f2226b472c09c48,b1f3c798cc71428d,clinical:78,train,estagio_3,nao_classificavel,estagio_3,True,ultralytics_curascan/datasets/estagio-nivel-34n-20-05-26/train/estagio_3/78_0 (4).jpg
78_1,78_1,78_1.jpg,8837cf30b715434e29727413cfbc9321c000d7a177d5ceb4f1e0efc8ebab2c44,be644d9933329a99,clinical:78,train,estagio_2,estagio_2,,False,ultralytics_curascan/datasets/estagio-nivel-12n-20-05-26/val/estagio_2/78_1.jpg
78_1 (2),78_1 (2),78_1 (2).jpg,afbf2e0c133d78cdca020c98e9ccef51b886a258b1731d5545ac825a04ecfdbb,9c2952b76cd06bd2,clinical:78,train,estagio_3,nao_classificavel,estagio_3,True,ultralytics_curascan/datasets/estagio-nivel-34n-20-05-26/train/estagio_3/78_1 (2).jpg
78_2,78_2,78_2.jpg,fca2e5b54b9dfe5d454a7229dd15fe5040890aa7f9f1836714fdd4fe64ed00c8,f11c5e9d3ac0a457,clinical:78,train,estagio_3,nao_classificavel,estagio_3,True,ultralytics_curascan/datasets/estagio-nivel-34n-20-05-26/train/estagio_3/78_2.jpg
78_3,78_3,78_3.jpg,8a24f06ef7e4f9a2dfada75b4805ec91b413758c19d8b13562fbcbecb703ed76,b81f870d318e67cc,clinical:78,train,estagio_2,estagio_2,,False,ultralytics_curascan/datasets/estagio-nivel-12n-20-05-26/test/estagio_2/78_3.jpg
7_0,7_0,7_0.jpg,f9e9a53000542e29581619c365566635e58653feaf4f097f2757fcc2edfb7e26,bb9683c9c763e032,clinical:7,train,estagio_2,estagio_2,,False,ultralytics_curascan/datasets/estagio-nivel-12n-20-05-26/train/estagio_2/7_0.jpg
7_0 (4),7_0 (4),7_0 (4).jpg,aa9194693e787f1f800591434e805cb8249e3637417c61d549fbe5a56d5ffdd6,db94e437216c2e72,clinical:7,train,estagio_3,nao_classificavel,estagio_3,True,ultralytics_curascan/datasets/estagio-nivel-34n-20-05-26/test/estagio_3/7_0 (4).jpg
7_1 (2),7_1 (2),7_1 (2).jpg,3135a12b63cf9b157835acf8cb7e2ae9c2ffbdf6a721d010b53ab002f52a778f,bfd994e8f241aa44,clinical:7,train,estagio_3,nao_classificavel,estagio_3,True,ultralytics_curascan/datasets/estagio-nivel-34n-20-05-26/train/estagio_3/7_1 (2).jpg
80_0,80_0,80_0.jpg,5fea6f1ce5374536cacda7f280bc3a4dc49b011729c295bcb7b23fb46ae2331d,d4d454ab7155ce8a,clinical:80,train,estagio_3,nao_classificavel,estagio_3,True,ultralytics_curascan/datasets/estagio-nivel-34n-20-05-26/train/estagio_3/80_0.jpg
80_0 (2),80_0 (2),80_0 (2).jpg,366ba8d380c7073c2fe8678d5228b650304a51220cccdc70deb5b8c08335fc6f,89968956ed32e53a,clinical:80,train,estagio_1,estagio_1,,False,ultralytics_curascan/datasets/estagio-nivel-12n-20-05-26/train/estagio_1/80_0 (2).jpg
80_0 (3),80_0 (3),80_0 (3).jpg,8c52ac51a27d270c05abaa219e3856773498839c9280e47eae2a1899803065a0,e07b03e798eca136,clinical:80,train,estagio_3,nao_classificavel,estagio_3,True,ultralytics_curascan/datasets/estagio-nivel-34n-20-05-26/train/estagio_3/80_0 (3).jpg
80_0 (4),80_0 (4),80_0 (4).jpg,4010fe2717bdbf0a6044453ec916897b52e44cc4463f5bd5629f7b3fc2a5c19e,fd0e435258525b57,clinical:80,train,estagio_2,estagio_2,,False,ultralytics_curascan/datasets/estagio-nivel-12n-20-05-26/test/estagio_2/80_0 (4).jpg
81_0,81_0,81_0.jpg,767481c9a2a8644ca38d0e1ae24c8584359a0471165e77089e754ebd49beb171,f03cc1e8e7b20e2d,clinical:81,train,estagio_2,estagio_2,,False,ultralytics_curascan/datasets/estagio-nivel-12n-20-05-26/test/estagio_2/81_0.jpg
81_0 (2),81_0 (2),81_0 (2).jpg,3530a65b6d0461cbc8e8fa0cc7a33d229990d0efdceaf9f6f3961981ae66a6d5,bc79a75295ae1621,clinical:81,train,estagio_3,nao_classificavel,estagio_3,True,ultralytics_curascan/datasets/estagio-nivel-34n-20-05-26/train/estagio_3/81_0 (2).jpg
81_0 (3),81_0 (3),81_0 (3).jpg,a4f8f6d7fa04c8eb50153ad07638c926b241f5f635502343914972af2119473f,a2738d2de613e18e,clinical:81,train,estagio_3,nao_classificavel,estagio_3,True,ultralytics_curascan/datasets/estagio-nivel-34n-20-05-26/train/estagio_3/81_0 (3).jpg
81_0 (4),81_0 (4),81_0 (4).jpg,b98606deda131e18762381b339d9d967645b18b5aa8e225d34a88ff848bda9ac,a699cfcd082563e3,clinical:81,train,estagio_2,estagio_2,,False,ultralytics_curascan/datasets/estagio-nivel-12n-20-05-26/val/estagio_2/81_0 (4).jpg
81_1,81_1,81_1.jpg,4a341e8718b907f65c96870e52d07c0680903b437c903b6428ef1cd4396ca590,cc72dc7f0320387d,clinical:81,train,estagio_2,estagio_2,,False,ultralytics_curascan/datasets/estagio-nivel-12n-20-05-26/test/estagio_2/81_1.jpg
81_1 (2),81_1 (2),81_1 (2).jpg,a99f8e4617cbda1648c482e0f55ac523aa5e3be9bc3265cff0cec11029cb2540,ebd28e44bc42b56a,clinical:81,train,estagio_3,nao_classificavel,estagio_3,True,ultralytics_curascan/datasets/estagio-nivel-34n-20-05-26/train/estagio_3/81_1 (2).jpg
81_1 (3),81_1 (3),81_1 (3).jpg,db25873d2776ededf53e1d14bd8f724b07eb2f822ea906c7a64219765a4b5812,f7525c9d321ac994,clinical:81,train,estagio_3,nao_classificavel,estagio_3,True,ultralytics_curascan/datasets/estagio-nivel-34n-20-05-26/train/estagio_3/81_1 (3).jpg
81_2,81_2,81_2.jpg,4e67acc3e1d2431547dad93bf3e3daa328ae8e98f8a97cd858a87fa57e5ceb55,84d852f26d4fb136,clinical:81,train,estagio_3,nao_classificavel,estagio_3,True,ultralytics_curascan/datasets/estagio-nivel-34n-20-05-26/train/estagio_3/81_2.jpg
81_3,81_3,81_3.jpg,5f114d35102e3cf4781b9f98041580bcb7314825f0467a72f563f4fa470be7af,ac66926a59b3aca9,clinical:81,train,estagio_2,estagio_2,,False,ultralytics_curascan/datasets/estagio-nivel-12n-20-05-26/train/estagio_2/81_3.jpg
82_0,82_0,82_0.jpg,1ea6fd464be8151c8d99e7ff7277299d352333458db5b6ec41fbf2ef4d112fb6,da468b9b0239c71f,clinical:82,train,estagio_3,nao_classificavel,estagio_3,True,ultralytics_curascan/datasets/estagio-nivel-34n-20-05-26/train/estagio_3/82_0.jpg
82_0 (2),82_0 (2),82_0 (2).jpg,32d346457998e858346697697950795de3637cbda5e3bbf2880ae31b62f7e049,ed2dd8324316ec53,clinical:82,train,estagio_2,estagio_2,,False,ultralytics_curascan/datasets/estagio-nivel-12n-20-05-26/train/estagio_2/82_0 (2).jpg
82_0 (3),82_0 (3),82_0 (3).jpg,0db54677fc887fbadf2facece826e1445a93b79ec72210705b25a117d6db7975,f464d31c6ce36760,clinical:82,train,estagio_3,nao_classificavel,estagio_3,True,ultralytics_curascan/datasets/estagio-nivel-34n-20-05-26/train/estagio_3/82_0 (3).jpg
82_1,82_1,82_1.jpg,cb1b421a4fd7dac075079845880a22c1e0132521e6a4326b40a1bf61c10bcd70,b170c96b1c736356,clinical:82,train,estagio_3,nao_classificavel,estagio_3,True,ultralytics_curascan/datasets/estagio-nivel-34n-20-05-26/train/estagio_3/82_1.jpg
82_1 (2),82_1 (2),82_1 (2).jpg,717ef88fb276c010fe4728e810d7e3e7c33386a02fdc7bb8697140f65fb01ec9,aba2bd8c7166ca92,clinical:82,train,estagio_3,nao_classificavel,estagio_3,True,ultralytics_curascan/datasets/estagio-nivel-34n-20-05-26/train/estagio_3/82_1 (2).jpg
82_2,82_2,82_2.jpg,3151a6668c20133c6f18d93974f50c6e23ad5e5eada1e1c37dba493a29cd938c,bf3096f69a1904f2,clinical:82,train,estagio_2,estagio_2,,False,ultralytics_curascan/datasets/estagio-nivel-12n-20-05-26/train/estagio_2/82_2.jpg
82_3,82_3,82_3.jpg,b2f14ef1112a8a23d559c86515c3bf70b56c29104262d411c7683efba27a30e8,bfbfa221246a8ad2,clinical:82,train,estagio_2,estagio_2,,False,ultralytics_curascan/datasets/estagio-nivel-12n-20-05-26/test/estagio_2/82_3.jpg
83_0 (2),83_0 (2),83_0 (2).jpg,0f81b3d1bdc59c1aed796ee9bac293fb52947c02b4d271fb355fc3d517bf4f2d,fafda05897d88047,clinical:83,train,estagio_3,nao_classificavel,estagio_3,True,ultralytics_curascan/datasets/estagio-nivel-34n-20-05-26/test/estagio_3/83_0 (2).jpg
83_0 (3),83_0 (3),83_0 (3).jpg,e6a090533585162e3f8ce9883c81587543010d1fbd6d00ee991b8c2a7339fe51,f5b28fc92c1e7019,clinical:83,train,estagio_3,nao_classificavel,estagio_3,True,ultralytics_curascan/datasets/estagio-nivel-34n-20-05-26/test/estagio_3/83_0 (3).jpg
83_0 (4),83_0 (4),83_0 (4).jpg,c243ce7ce401a4af413aff6aaf796f0bb11e0dbbc0f6da89bee305ea8c1e3f3c,bf4bc2d58f230c51,clinical:83,train,estagio_3,nao_classificavel,estagio_3,True,ultralytics_curascan/datasets/estagio-nivel-34n-20-05-26/train/estagio_3/83_0 (4).jpg
84_0,84_0,84_0.jpg,13c9ae9bdb5bbc02566c7e73137b0d8bf1591f5604631fd4e734f31aec7170e5,aa559b0ce726d52a,clinical:84,train,estagio_2,estagio_2,,False,ultralytics_curascan/datasets/estagio-nivel-12n-20-05-26/train/estagio_2/84_0.jpg
84_0 (2),84_0 (2),84_0 (2).jpg,373993416addb14dee8ce41d865ca16137f724d3838255b302ddebf423eac735,e5b0df0530ff03e0,clinical:84,train,estagio_3,nao_classificavel,estagio_3,True,ultralytics_curascan/datasets/estagio-nivel-34n-20-05-26/train/estagio_3/84_0 (2).jpg
84_0 (4),84_0 (4),84_0 (4).jpg,eecdbfdc11e6551282f1f154b103bbcaac497fc981f553107be3e7c97c0e0157,f01d8fc25a2a5eaa,clinical:84,train,estagio_2,estagio_2,,False,ultralytics_curascan/datasets/estagio-nivel-12n-20-05-26/train/estagio_2/84_0 (4).jpg
85_0,85_0,85_0.jpg,d4b1c91745512bfd5a4d14a8238784d6939bead25b1bf266ae276dcec78f8261,d1bd8ad64d9a6161,clinical:85,train,estagio_3,nao_classificavel,estagio_3,True,ultralytics_curascan/datasets/estagio-nivel-34n-20-05-26/test/estagio_3/85_0.jpg
85_0 (2),85_0 (2),85_0 (2).jpg,e9bf1800c0469c0bc1f9d10ee3ac0cd23d652c57e0fae791a34e3be0d5b41f85,eb0acc557103e72d,clinical:85,train,estagio_3,nao_classificavel,estagio_3,True,ultralytics_curascan/datasets/estagio-nivel-34n-20-05-26/train/estagio_3/85_0 (2).jpg
85_0 (3),85_0 (3),85_0 (3).jpg,48c6bd7acd33e0fdd2e3e9ef6220e13c643624d4f9006d8fcb77ef5b020e90e8,8c07f73cc861a4f3,clinical:85,train,estagio_4,nao_classificavel,estagio_4,True,ultralytics_curascan/datasets/estagio-nivel-34n-20-05-26/train/estagio_4/85_0 (3).jpg
85_0 (4),85_0 (4),85_0 (4).jpg,10aecf44b3c844cd20dac3376c8ba3ff68da0452f9cee0d05f5cd6e40f890958,d81e9625378f068f,clinical:85,train,estagio_2,estagio_2,,False,ultralytics_curascan/datasets/estagio-nivel-12n-20-05-26/train/estagio_2/85_0 (4).jpg
86_0,86_0,86_0.jpg,459cca5ef558169018ef2f8dcfe35e5e8812dee3a593aab89a84c4276e033752,c959b6451bb458ab,clinical:86,train,estagio_2,estagio_2,,False,ultralytics_curascan/datasets/estagio-nivel-12n-20-05-26/train/estagio_2/86_0.jpg
86_0 (2),86_0 (2),86_0 (2).jpg,2fba4d989a6737fbd0c426caba2f6a88ac9a488614abe71ee1fc32587ed3dd51,edc49bd326210d9d,clinical:86,train,estagio_4,nao_classificavel,estagio_4,True,ultralytics_curascan/datasets/estagio-nivel-34n-20-05-26/train/estagio_4/86_0 (2).jpg
86_0 (4),86_0 (4),86_0 (4).jpg,19dbf78d16791fc060c854e2b531c7666aba864a5bc7caf86f6e6886f3d02e66,a9d2d28c592566b7,clinical:86,train,estagio_2,estagio_2,,False,ultralytics_curascan/datasets/estagio-nivel-12n-20-05-26/val/estagio_2/86_0 (4).jpg
87_0,87_0,87_0.jpg,46e54588d1e4d915baf58f702d1189e600249a46c9cd8416525bf65c8ee51601,d4d64d4a645967a5,clinical:87,train,estagio_2,estagio_2,,False,ultralytics_curascan/datasets/estagio-nivel-12n-20-05-26/test/estagio_2/87_0.jpg
87_0 (2),87_0 (2),87_0 (2).jpg,176e8aa53c53cf420fa8c0f046f0d42e244075578969fd51b0a97c4d65bd8731,89e38fcca4cc32b9,clinical:87,train,estagio_4,nao_classificavel,estagio_4,True,ultralytics_curascan/datasets/estagio-nivel-34n-20-05-26/test/estagio_4/87_0 (2).jpg
87_1,87_1,87_1.jpg,02ebc209cfd731a42937115f49684058b1a79c97ef733b88c50aefbfc91d76fe,a766593926328d9b,clinical:87,train,estagio_2,estagio_2,,False,ultralytics_curascan/datasets/estagio-nivel-12n-20-05-26/train/estagio_2/87_1.jpg
87_2,87_2,87_2.jpg,58c0c8b3dfbbd76743d4ae4362acd5ae3af0398cbe139be115bafaf7d4d5dab0,9efd5870aa9226a5,clinical:87,train,estagio_2,estagio_2,,False,ultralytics_curascan/datasets/estagio-nivel-12n-20-05-26/train/estagio_2/87_2.jpg
87_4,87_4,87_4.jpg,55fd0b5acadca6aa7e49b6bcecdc7898ad033c610ae3aa5ba9448d31a4949a29,a65f57cf6903c822,clinical:87,train,estagio_3,nao_classificavel,estagio_3,True,ultralytics_curascan/datasets/estagio-nivel-34n-20-05-26/train/estagio_3/87_4.jpg
8_0 (2),8_0 (2),8_0 (2).jpg,cadc40ba1dde8ed23449e24aed2a8fe137c2cd8ed5a0015a3b00f645027503ee,868f087837e4cb5b,clinical:8,train,estagio_3,nao_classificavel,estagio_3,True,ultralytics_curascan/datasets/estagio-nivel-34n-20-05-26/train/estagio_3/8_0 (2).jpg
8_0 (3),8_0 (3),8_0 (3).jpg,638dcf57b2f3956e154ae1b6a97c1c38ffad848198575aaeaa91d898d8cd625c,801e63619e6ec39f,clinical:8,train,estagio_3,nao_classificavel,estagio_3,True,ultralytics_curascan/datasets/estagio-nivel-34n-20-05-26/train/estagio_3/8_0 (3).jpg
8_0 (4),8_0 (4),8_0 (4).jpg,a228626ac72b5c6d79043097d84db3d5bb87d81564fde484283ab5555fbd83e2,83858a57fe47a247,clinical:8,train,estagio_2,estagio_2,,False,ultralytics_curascan/datasets/estagio-nivel-12n-20-05-26/train/estagio_2/8_0 (4).jpg
8_1,8_1,8_1.jpg,f0365c26092110163f8eccf318d394b21e9b44e0cee5f4da305896c12eafe5b4,e54a323c8d125fcd,clinical:8,train,estagio_3,nao_classificavel,estagio_3,True,ultralytics_curascan/datasets/estagio-nivel-34n-20-05-26/train/estagio_3/8_1.jpg
8_1 (2),8_1 (2),8_1 (2).jpg,97fdb7b1d7b91368af9025ce7cd6e1e60a1a3b05e33c34f40418b21304019bd7,c092bcada9abd81e,clinical:8,train,estagio_2,estagio_2,,False,ultralytics_curascan/datasets/estagio-nivel-12n-20-05-26/train/estagio_2/8_1 (2).jpg
90_0,90_0,90_0.jpg,3ee558c9b224e8bfb2729fabaac960885f96f287a05d427655f8672253e0b9f9,8a951f1e75788363,clinical:90,train,estagio_4,nao_classificavel,estagio_4,True,ultralytics_curascan/datasets/estagio-nivel-34n-20-05-26/val/estagio_4/90_0.jpg
90_0 (2),90_0 (2),90_0 (2).jpg,d68aa8a4f8e071403b1d1907d04ed6658e6c3a1b0e90084687bcfb73eb123b74,ca0f713a7199ba85,clinical:90,train,estagio_3,nao_classificavel,estagio_3,True,ultralytics_curascan/datasets/estagio-nivel-34n-20-05-26/val/estagio_3/90_0 (2).jpg
90_0 (4),90_0 (4),90_0 (4).jpg,97f37fa59c00248e59020fcd07363df6fe3ffe3abc340ec67143e4855f1bea9f,a6b3d159c998d54c,clinical:90,train,estagio_4,nao_classificavel,estagio_4,True,ultralytics_curascan/datasets/estagio-nivel-34n-20-05-26/train/estagio_4/90_0 (4).jpg
91_0 (2),91_0 (2),91_0 (2).jpg,4f69d4a793f9169a778e210393a6d0e2171e47b407b39cd81e188b82baf6f038,aaeae2c24e5d4956,clinical:91,train,estagio_2,estagio_2,,False,ultralytics_curascan/datasets/estagio-nivel-12n-20-05-26/train/estagio_2/91_0 (2).jpg
91_0 (4),91_0 (4),91_0 (4).jpg,2627c263294c6ecdf2a1ef199c0bde5bda787bc29141d094466495fb1e412f77,f8849e61376467cc,clinical:91,train,estagio_3,nao_classificavel,estagio_3,True,ultralytics_curascan/datasets/estagio-nivel-34n-20-05-26/train/estagio_3/91_0 (4).jpg
91_1,91_1,91_1.jpg,1fc2aadde5ef123dc98fd9e7177f6bad80d42d9f01a8b93e29c9f3a64887a81f,f0c34eac71999393,clinical:91,train,estagio_2,estagio_2,,False,ultralytics_curascan/datasets/estagio-nivel-12n-20-05-26/train/estagio_2/91_1.jpg
92_0 (3),92_0 (3),92_0 (3).jpg,4d5c50a41db12f31058fc56af204c2bd739022c9e7233b16a898222a8a11f6f8,ff239e6c93523089,clinical:92,train,estagio_3,nao_classificavel,estagio_3,True,ultralytics_curascan/datasets/estagio-nivel-34n-20-05-26/val/estagio_3/92_0 (3).jpg
92_0 (4),92_0 (4),92_0 (4).jpg,05c36105133b63f873e762dcca8caabb1a19280ae69dde271865d3cc4c0d0205,a649611bc9cfda58,clinical:92,train,estagio_3,nao_classificavel,estagio_3,True,ultralytics_curascan/datasets/estagio-nivel-34n-20-05-26/train/estagio_3/92_0 (4).jpg
94_0,94_0,94_0.jpg,2cf6a0eeabdf30dc823a811c431f61c87b94575c5c81c2d97f8160e36255924f,853a517362e85abe,clinical:94,train,estagio_3,nao_classificavel,estagio_3,True,ultralytics_curascan/datasets/estagio-nivel-34n-20-05-26/train/estagio_3/94_0.jpg
94_0 (2),94_0 (2),94_0 (2).jpg,930b21ecdce97f3d8fc7957aa189eafa108ea60a22d2296f5c49098d631ac3bd,d0b5cf1939a3368c,clinical:94,train,estagio_3,nao_classificavel,estagio_3,True,ultralytics_curascan/datasets/estagio-nivel-34n-20-05-26/train/estagio_3/94_0 (2).jpg
94_0 (3),94_0 (3),94_0 (3).jpg,e6c484d51f0ab769bf70c882673650ef03d3dae80a9c8b39402bc9f7760407d6,a7c51906671d86db,clinical:94,train,estagio_3,nao_classificavel,estagio_3,True,ultralytics_curascan/datasets/estagio-nivel-34n-20-05-26/train/estagio_3/94_0 (3).jpg
96_0,96_0,96_0.jpg,0b7d8dc2161b90090f627aa94e9fc5f36e8b228fde3481bfa7b1ae916e4874fb,e1038ce078179ffc,clinical:96,train,estagio_3,nao_classificavel,estagio_3,True,ultralytics_curascan/datasets/estagio-nivel-34n-20-05-26/val/estagio_3/96_0.jpg
96_0 (2),96_0 (2),96_0 (2).jpg,e32b16a1a5ca60f95ba85f303eaf46940195c83a0a92d2258016d93daf47ad83,c0bfdcc8288a36f9,clinical:96,train,estagio_3,nao_classificavel,estagio_3,True,ultralytics_curascan/datasets/estagio-nivel-34n-20-05-26/train/estagio_3/96_0 (2).jpg
96_0 (4),96_0 (4),96_0 (4).jpg,094ff55e781ded06f2de7cf4176f0f6b9466e5a5f5c6fa44ad8607a921f3fefc,f9e699468c46e722,clinical:96,train,estagio_3,nao_classificavel,estagio_3,True,ultralytics_curascan/datasets/estagio-nivel-34n-20-05-26/train/estagio_3/96_0 (4).jpg
97_0,97_0,97_0.jpg,fc0310378ae5389ab60aecc83301876531fccda2b0640dd6b0ae7c0c4207a551,9e9471bc47b1189e,clinical:97,train,estagio_2,estagio_2,,False,ultralytics_curascan/datasets/estagio-nivel-12n-20-05-26/train/estagio_2/97_0.jpg
97_0 (2),97_0 (2),97_0 (2).jpg,c72a32d3345857bf4c8a65a05448684eecb090241b77c22de35b9f52423aae59,d274c4c79a1b5974,clinical:97,train,estagio_3,nao_classificavel,estagio_3,True,ultralytics_curascan/datasets/estagio-nivel-34n-20-05-26/train/estagio_3/97_0 (2).jpg
97_0 (4),97_0 (4),97_0 (4).jpg,adf2cab10a0c8bfe227f42625c94bd3229011dbdf48ce7a45caa2bb13f4b28b2,a080c2fd4b07ddbd,clinical:97,train,estagio_3,nao_classificavel,estagio_3,True,ultralytics_curascan/datasets/estagio-nivel-34n-20-05-26/test/estagio_3/97_0 (4).jpg
97_1,97_1,97_1.jpg,858c587718ff9008cadd1285b9ca4fb93e19e652b7b5b3adac6048b9209e0dc2,b547922ada44d9ae,clinical:97,train,estagio_3,nao_classificavel,estagio_3,True,ultralytics_curascan/datasets/estagio-nivel-34n-20-05-26/val/estagio_3/97_1.jpg
97_2,97_2,97_2.jpg,3ed01380e49c5832f0a38dee07c45b8da6ceca3daff42ec17e01b4d2a97d98fa,9e9fc010e85fce13,clinical:97,train,estagio_3,nao_classificavel,estagio_3,True,ultralytics_curascan/datasets/estagio-nivel-34n-20-05-26/val/estagio_3/97_2.jpg
99_0 (2),99_0 (2),99_0 (2).jpg,9738f33445ca023182d2a899ad3cd52a89e00f08c0b71fa805c3b4f5c4b0c13d,8e0778e86f08b8bb,clinical:99,train,estagio_2,estagio_2,,False,ultralytics_curascan/datasets/estagio-nivel-12n-20-05-26/test/estagio_2/99_0 (2).jpg
99_0 (3),99_0 (3),99_0 (3).jpg,b2b24c2fed99d3a1a5479cc6c35152c448992c71aa73969eb07c9fc32ac117a4,f8508fd6231ec51e,clinical:99,train,estagio_3,nao_classificavel,estagio_3,True,ultralytics_curascan/datasets/estagio-nivel-34n-20-05-26/train/estagio_3/99_0 (3).jpg
99_0 (4),99_0 (4),99_0 (4).jpg,7d9331639180e2f4fbdde5b883f664ee26b6b4a4bee5f3a6eb490896c013fc63,fb0f839308cc1ed9,clinical:99,train,estagio_3,nao_classificavel,estagio_3,True,ultralytics_curascan/datasets/estagio-nivel-34n-20-05-26/train/estagio_3/99_0 (4).jpg
ev1_1,ev1_1,Ev1_1.jpg,c673cfff0fb80075f916cd16e42ce4240d724d9b4ade560cf3f483bab0cdbe37,ff9b70ec6c243610,name:ev1_1,train,estagio_3,nao_classificavel,estagio_3,True,ultralytics_curascan/datasets/estagio-nivel-34n-20-05-26/test/estagio_3/Ev1_1.jpg
ev1_2,ev1_2,Ev1_2.jpg,7ebb11d85b3535c0f871af7c1be933e1c591ea6e69beb032165b4077764eb239,ad659c32658d31e6,name:ev1_2,train,estagio_3,nao_classificavel,estagio_3,True,ultralytics_curascan/datasets/estagio-nivel-34n-20-05-26/train/estagio_3/Ev1_2.jpg
ev1_5,ev1_5,Ev1_5.jpg,45b70900cad27f7eefd40be3040e77690f2433b55e1bcef4065b62d2ce7e28a0,ce47ba18b1cb05ea,name:ev1_5,train,estagio_2,estagio_2,,False,ultralytics_curascan/datasets/estagio-nivel-12n-20-05-26/val/estagio_2/Ev1_5.jpg
ev1_6,ev1_6,Ev1_6.jpg,f0a080082ead89e90175ce8e8dcbdf183ac6daa602682b1f7e2228dd1de7eb10,ca7439d6a97c8163,name:ev1_6,train,estagio_2,estagio_2,,False,ultralytics_curascan/datasets/estagio-nivel-12n-20-05-26/test/estagio_2/Ev1_6.jpg
ev2_2,ev2_2,Ev2_2.jpg,21893e102ca51e0b76b3c04011e4175b2cbeb2c9e0f2ae5b4921adbe782fa4ff,9e7965ce2d906174,name:ev2_2,train,estagio_2,estagio_2,,False,ultralytics_curascan/datasets/estagio-nivel-12n-20-05-26/val/estagio_2/Ev2_2.jpg
healing-pressure-ulcer-0007,healing-pressure-ulcer-0007,healing-pressure-ulcer-0007.jpg,11575fe84012e6acc08a78cf3780374a27c31e5609a19b473cdf42ffaf348e0b,c484919f03f67f98,name:healing-pressure-ulcer-0007,train,estagio_3,nao_classificavel,estagio_3,True,ultralytics_curascan/datasets/estagio-nivel-34n-20-05-26/train/estagio_3/healing-pressure-ulcer-0007.jpg
healing-pressure-ulcer-0009,healing-pressure-ulcer-0009,healing-pressure-ulcer-0009.jpg,af804de0d4c9c452073ed4ab3516177e460db6e1320ba1fba72697bbd75abe63,a731ccce7330cc63,name:healing-pressure-ulcer-0009,train,estagio_3,nao_classificavel,estagio_3,True,ultralytics_curascan/datasets/estagio-nivel-34n-20-05-26/train/estagio_3/healing-pressure-ulcer-0009.jpg
healing-pressure-ulcer-0011,healing-pressure-ulcer-0011,healing-pressure-ulcer-0011.jpg,b4c49e682ab17dc10bdbb1c582fd9a8fe4ee28568631757d4472e6b4b434a5ec,a3909c44defe10af,name:healing-pressure-ulcer-0011,train,estagio_4,nao_classificavel,estagio_4,True,ultralytics_curascan/datasets/estagio-nivel-34n-20-05-26/test/estagio_4/healing-pressure-ulcer-0011.jpg
healing-pressure-ulcer-0015,healing-pressure-ulcer-0015,healing-pressure-ulcer-0015.jpg,bd660301060792d4aebd823ae050232259063203e0a53d24128687ac3be580de,f0a58fcb0896cd71,name:healing-pressure-ulcer-0015,train,estagio_4,nao_classificavel,estagio_4,True,ultralytics_curascan/datasets/estagio-nivel-34n-20-05-26/train/estagio_4/healing-pressure-ulcer-0015.jpg
healing-pressure-ulcer-0018,healing-pressure-ulcer-0018,healing-pressure-ulcer-0018.jpg,b5e87bdc7e63d3eb9751e1a32281453ce4164200c901edb5d9277900cabf1cd6,d87a07323b988eb3,name:healing-pressure-ulcer-0018,train,estagio_3,nao_classificavel,estagio_3,True,ultralytics_curascan/datasets/estagio-nivel-34n-20-05-26/train/estagio_3/healing-pressure-ulcer-0018.jpg
healing-pressure-ulcer-0019,healing-pressure-ulcer-0019,healing-pressure-ulcer-0019.jpg,2c1b946dadae6e3558ffb264cb87f6abe5314e21e9decbd6b37348b2ee896424,fc8fc1f0306327ca,name:healing-pressure-ulcer-0019,train,estagio_3,nao_classificavel,estagio_3,True,ultralytics_curascan/datasets/estagio-nivel-34n-20-05-26/train/estagio_3/healing-pressure-ulcer-0019.jpg
healing-pressure-ulcer-0021,healing-pressure-ulcer-0021,healing-pressure-ulcer-0021.jpg,6737bdb1ae2eff09d12659a1b659a047f7f754c9365fe2315da1d997ad9f5038,b68ddb224d3625e1,name:healing-pressure-ulcer-0021,train,estagio_4,nao_classificavel,estagio_4,True,ultralytics_curascan/datasets/estagio-nivel-34n-20-05-26/train/estagio_4/healing-pressure-ulcer-0021.jpg
healing0038,healing0038,healing0038.jpg,f9d10aca66eca28c897cac20c44300f4eb9889798d6e8698c0302c6e7973efde,c0d8bf8db13383cc,name:healing0038,train,estagio_3,nao_classificavel,estagio_3,True,ultralytics_curascan/datasets/estagio-nivel-34n-20-05-26/test/estagio_3/healing0038.jpg
lp3_1,lp3_1,LP3_1.jpg,0e20a57c40ab8edfe8f82137bcb95cc89d9603314183768a1bb7b3d52e5ae54b,9525b1da73989369,name:lp3_1,train,estagio_3,nao_classificavel,estagio_3,True,ultralytics_curascan/datasets/estagio-nivel-34n-20-05-26/val/estagio_3/LP3_1.jpg
lp4_1,lp4_1,LP4_1.jpg,2220347544b1a229f6ac8c49ba687be488b4e61dca4e22e9249f98d2ed935149,e759cc0e33111f66,name:lp4_1,train,estagio_4,nao_classificavel,estagio_4,True,ultralytics_curascan/datasets/estagio-nivel-34n-20-05-26/train/estagio_4/LP4_1.jpg
lp4_2,lp4_2,LP4_2.jpg,2354d26d46bf6337a857bf138c6ede5beb67c96a17efc07b323afaee6006e8fa,a20af0755578aeab,name:lp4_2,train,estagio_3,nao_classificavel,estagio_3,True,ultralytics_curascan/datasets/estagio-nivel-34n-20-05-26/test/estagio_3/LP4_2.jpg
lp4_3,lp4_3,LP4_3.jpg,4802ae70cfcb27b6579ea1deae167a64baa6aba9424388068344084b8e4f0a88,da5226966df4916a,name:lp4_3,train,estagio_3,nao_classificavel,estagio_3,True,ultralytics_curascan/datasets/estagio-nivel-34n-20-05-26/train/estagio_3/LP4_3.jpg
lp4_5,lp4_5,LP4_5.jpg,516722444f91c0778ce0d53f868dfe705eb92b0ebdca7789dd14358b30bd1a49,c039b19f65711c67,name:lp4_5,train,estagio_3,nao_classificavel,estagio_3,True,ultralytics_curascan/datasets/estagio-nivel-34n-20-05-26/test/estagio_3/LP4_5.jpg
lp_epitelizacao_2,lp_epitelizacao_2,LP_epitelizacao_2.jpg,f6e7cda523588f98ccefcaa7379c8040edcae11f4dd1c6ec6a63b8b7af5c9154,98a46a99b64d3b72,name:lp_epitelizacao_2,train,nao_classificavel,nao_classificavel,nao_classificavel,True,ultralytics_curascan/datasets/estagio-nivel-12n-20-05-26/train/nao_classificavel/LP_epitelizacao_2.jpg
lp_esfacelo_1,lp_esfacelo_1,LP_esfacelo_1.jpg,59af1b79d4d7da2b9be0fb509cc2e4ca532622803108f545b128bebb0948ec6d,ead79480d1b1296f,name:lp_esfacelo_1,train,estagio_3,nao_classificavel,estagio_3,True,ultralytics_curascan/datasets/estagio-nivel-34n-20-05-26/train/estagio_3/LP_esfacelo_1.jpg
lp_esfacelo_2,lp_esfacelo_2,LP_esfacelo_2.jpg,b92647325e5daa0faf3d3877d0957c4076a39af12f1296b6a52b4d77e9310cd0,d02dcc972bc837c3,name:lp_esfacelo_2,train,estagio_3,nao_classificavel,estagio_3,True,ultralytics_curascan/datasets/estagio-nivel-34n-20-05-26/train/estagio_3/LP_esfacelo_2.jpg
lpnc_1,lpnc_1,LPNC_1.jpg,0feb3ec7c68c07119a37d9bf49bc81bce5a220c1115e5ac70fed44216d3b9c2b,9121999c6fd6c91b,name:lpnc_1,train,nao_classificavel,nao_classificavel,nao_classificavel,True,ultralytics_curascan/datasets/estagio-nivel-12n-20-05-26/train/nao_classificavel/LPNC_1.jpg
necrotic-pressure-ulcer-0002,necrotic-pressure-ulcer-0002,necrotic-pressure-ulcer-0002.jpg,083462168df9c8f63883ec414a895431401fa91e9b19894674d039cbcde4eb0f,e23a85673b994c66,name:necrotic-pressure-ulcer-0002,train,nao_classificavel,nao_classificavel,nao_classificavel,True,ultralytics_curascan/datasets/estagio-nivel-12n-20-05-26/train/nao_classificavel/necrotic-pressure-ulcer-0002.jpg
necrotic-pressure-ulcer-0005,necrotic-pressure-ulcer-0005,necrotic-pressure-ulcer-0005.jpg,7999916532a05166d4c4f7c78b471a7093a13da46844ef27f89eb9a688ccf9c5,f982c39b748c655c,name:necrotic-pressure-ulcer-0005,train,nao_classificavel,nao_classificavel,nao_classificavel,True,ultralytics_curascan/datasets/estagio-nivel-12n-20-05-26/train/nao_classificavel/necrotic-pressure-ulcer-0005.jpg
necrotic-pressure-ulcer-0006,necrotic-pressure-ulcer-0006,necrotic-pressure-ulcer-0006.jpg,24bb5c4c078a70e8471a5030cd57adb5eba1c550bb2c75d5b2f98580fe647af6,e6a48c53319bdb91,name:necrotic-pressure-ulcer-0006,train,nao_classificavel,nao_classificavel,nao_classificavel,True,ultralytics_curascan/datasets/estagio-nivel-12n-20-05-26/train/nao_classificavel/necrotic-pressure-ulcer-0006.jpg
necrotic-pressure-ulcer-0007,necrotic-pressure-ulcer-0007,necrotic-pressure-ulcer-0007.jpg,fef2217268c96f81c35491588903aebb2075dde5dfd3c3386e68e524b048bfc1,f9ce81901e7d386c,name:necrotic-pressure-ulcer-0007,train,nao_classificavel,nao_classificavel,nao_classificavel,True,ultralytics_curascan/datasets/estagio-nivel-12n-20-05-26/train/nao_classificavel/necrotic-pressure-ulcer-0007.jpg
necrotic-pressure-ulcer-0009,necrotic-pressure-ulcer-0009,necrotic-pressure-ulcer-0009.jpg,eeac2584dab80a68b60376a868e57d5518cdd2907a37970eb33db2a78b174f72,c9f0b6066d4b9768,name:necrotic-pressure-ulcer-0009,train,nao_classificavel,nao_classificavel,nao_classificavel,True,ultralytics_curascan/datasets/estagio-nivel-12n-20-05-26/train/nao_classificavel/necrotic-pressure-ulcer-0009.jpg
necrotic-pressure-ulcer-0010,necrotic-pressure-ulcer-0010,necrotic-pressure-ulcer-0010.jpg,7462c0f36571b0c78f92c5c7775bbb97785bc8d6d358ad0f31956b1de2895184,d5b69a59484c666d,name:necrotic-pressure-ulcer-0010,train,nao_classificavel,nao_classificavel,nao_classificavel,True,ultralytics_curascan/datasets/estagio-nivel-12n-20-05-26/test/nao_classificavel/necrotic-pressure-ulcer-0010.jpg
necrotic-pressure-ulcer-0011,necrotic-pressure-ulcer-0011,necrotic-pressure-ulcer-0011.jpg,ddf178e8ef15b8178271d0624c0e05acf4000fbef617a14d24654802a14427be,a6c994ab4295c5db,name:necrotic-pressure-ulcer-0011,train,nao_classificavel,nao_classificavel,nao_classificavel,True,ultralytics_curascan/datasets/estagio-nivel-12n-20-05-26/val/nao_classificavel/necrotic-pressure-ulcer-0011.jpg
necrotic-pressure-ulcer-0012,necrotic-pressure-ulcer-0012,necrotic-pressure-ulcer-0012.jpg,f9793d5107551481268d01d7f0c47bb3d76c72b618fd45b45212deb9c00eeaed,f3a4c57090db9c63,name:necrotic-pressure-ulcer-0012,train,nao_classificavel,nao_classificavel,nao_classificavel,True,ultralytics_curascan/datasets/estagio-nivel-12n-20-05-26/train/nao_classificavel/necrotic-pressure-ulcer-0012.jpg
necrotic-pressure-ulcer-0015,necrotic-pressure-ulcer-0015,necrotic-pressure-ulcer-0015.jpg,777d8c3d1f62ac8ad78749463377ec73b05ad0c04b743a52715a43a557ad3c04,ffe5ca543814c8c5,name:necrotic-pressure-ulcer-0015,train,nao_classificavel,nao_classificavel,nao_classificavel,True,ultralytics_curascan/datasets/estagio-nivel-12n-20-05-26/train/nao_classificavel/necrotic-pressure-ulcer-0015.jpg
necrotic-pressure-ulcer-0016,necrotic-pressure-ulcer-0016,necrotic-pressure-ulcer-0016.jpg,29af4a26e641c00bc565e8bb017966909de1303d869a4e4033158d3d80d346c3,e8d397ec9c483949,name:necrotic-pressure-ulcer-0016,train,nao_classificavel,nao_classificavel,nao_classificavel,True,ultralytics_curascan/datasets/estagio-nivel-12n-20-05-26/train/nao_classificavel/necrotic-pressure-ulcer-0016.jpg
necrotic-pressure-ulcer-0018,necrotic-pressure-ulcer-0018,necrotic-pressure-ulcer-0018.jpg,8265feb7d1064127d89ab8e02ac8f8a103bb3f63c63fe7d385840c3b07f5f4d2,d495c9e1f63c1c0e,name:necrotic-pressure-ulcer-0018,train,estagio_3,nao_classificavel,estagio_3,True,ultralytics_curascan/datasets/estagio-nivel-34n-20-05-26/train/estagio_3/necrotic-pressure-ulcer-0018.jpg
necrotic-pressure-ulcer-0019,necrotic-pressure-ulcer-0019,necrotic-pressure-ulcer-0019.jpg,de24cbe37407dc0759f90024f9642edd0969f972df7ff90070c7fd6545eb6181,b9cf9360803a4eb7,name:necrotic-pressure-ulcer-0019,train,nao_classificavel,nao_classificavel,nao_classificavel,True,ultralytics_curascan/datasets/estagio-nivel-12n-20-05-26/train/nao_classificavel/necrotic-pressure-ulcer-0019.jpg
necrotic-pressure-ulcer-0020,necrotic-pressure-ulcer-0020,necrotic-pressure-ulcer-0020.jpg,338ef9458bec98fa70eec8f519553de30f9fb0f58b4bcf48f4979fbc5a8d53ba,f8612c6597934a5e,name:necrotic-pressure-ulcer-0020,train,nao_classificavel,nao_classificavel,nao_classificavel,True,ultralytics_curascan/datasets/estagio-nivel-12n-20-05-26/train/nao_classificavel/necrotic-pressure-ulcer-0020.jpg
necrotic-pressure-ulcer-0021,necrotic-pressure-ulcer-0021,necrotic-pressure-ulcer-0021.jpg,09b160c38d5a8fb92bb445f9570538d591b78c6a50c54345d06a24fcb2bb422c,f5f7f508888f0e0c,name:necrotic-pressure-ulcer-0021,train,nao_classificavel,nao_classificavel,nao_classificavel,True,ultralytics_curascan/datasets/estagio-nivel-12n-20-05-26/train/nao_classificavel/necrotic-pressure-ulcer-0021.jpg
overgranulation2,overgranulation2,overgranulation2.jpg,08dadf0dc30cfc7ec9bf31569866045ad721f35bea8526a97d3169e7785be344,958742d98d792673,name:overgranulation2,train,estagio_3,nao_classificavel,estagio_3,True,ultralytics_curascan/datasets/estagio-nivel-34n-20-05-26/test/estagio_3/overgranulation2.jpg
pressure-ulcer-on-foot-0006,pressure-ulcer-on-foot-0006,pressure-ulcer-on-foot-0006.jpg,0542659522a9de2e3e3ac3e20a2d6c9c86075b66d8ec22376d88fffa03aff9fc,c3942cc63e4f923d,name:pressure-ulcer-on-foot-0006,train,nao_classificavel,nao_classificavel,nao_classificavel,True,ultralytics_curascan/datasets/estagio-nivel-12n-20-05-26/train/nao_classificavel/pressure-ulcer-on-foot-0006.jpg
pressure-ulcer-on-foot-0008,pressure-ulcer-on-foot-0008,pressure-ulcer-on-foot-0008.jpg,37445f490b63758974541d699ff396b6b8e8c253f463b1a8c9a421d8626ca44c,d3eb1cc472d38b48,name:pressure-ulcer-on-foot-0008,train,nao_classificavel,nao_classificavel,nao_classificavel,True,ultralytics_curascan/datasets/estagio-nivel-12n-20-05-26/val/nao_classificavel/pressure-ulcer-on-foot-0008.jpg
pressure-ulcer-on-foot-0011,pressure-ulcer-on-foot-0011,pressure-ulcer-on-foot-0011.jpg,519c9047ac1a132d0ab3c7ae7638dc8c2aa3cd80d2c01fb73cee11c7199ca636,e1589b6395a44a77,name:pressure-ulcer-on-foot-0011,train,nao_classificavel,nao_classificavel,nao_classificavel,True,ultralytics_curascan/datasets/estagio-nivel-12n-20-05-26/train/nao_classificavel/pressure-ulcer-on-foot-0011.jpg
pressure-ulcer-on-foot-0013,pressure-ulcer-on-foot-0013,pressure-ulcer-on-foot-0013.jpg,a58bd1978cc1047d44da0c49f03c9a3ba8cb935efd2cbd1c3a193bfd28787ad9,828f9dd81fe09dd0,name:pressure-ulcer-on-foot-0013,train,nao_classificavel,nao_classificavel,nao_classificavel,True,ultralytics_curascan/datasets/estagio-nivel-12n-20-05-26/train/nao_classificavel/pressure-ulcer-on-foot-0013.jpg
pressure-ulcer-on-foot-0017,pressure-ulcer-on-foot-0017,pressure-ulcer-on-foot-0017.jpg,8327c43b4960be4c7c3df726dc0d847edecf1c1028d4a7083a1aead12f1e5236,a011d36e3d975a4d,name:pressure-ulcer-on-foot-0017,train,nao_classificavel,nao_classificavel,nao_classificavel,True,ultralytics_curascan/datasets/estagio-nivel-34n-20-05-26/train/nao_classificavel/pressure-ulcer-on-foot-0017.jpg
pressure-ulcer-on-foot-0019,pressure-ulcer-on-foot-0019,pressure-ulcer-on-foot-0019.jpg,3c9b0b4de542850391b2b9205b137b7fd04c0e688bd13afb9215df15d2148548,e4e3038f3e4826ee,name:pressure-ulcer-on-foot-0019,train,nao_classificavel,nao_classificavel,nao_classificavel,True,ultralytics_curascan/datasets/estagio-nivel-34n-20-05-26/train/nao_classificavel/pressure-ulcer-on-foot-0019.jpg
pressure-ulcer-on-foot-0020,pressure-ulcer-on-foot-0020,pressure-ulcer-on-foot-0020.jpg,80ee584ea9b631c89e154dc0faa81a462153a8f46d818c4aedbe0f7deb55756a,efda95409226d3b1,name:pressure-ulcer-on-foot-0020,train,nao_classificavel,nao_classificavel,nao_classificavel,True,ultralytics_curascan/datasets/estagio-nivel-12n-20-05-26/train/nao_classificavel/pressure-ulcer-on-foot-0020.jpg
pressure-ulcer-on-foot-0025,pressure-ulcer-on-foot-0025,pressure-ulcer-on-foot-0025.jpg,1248b399dd96fc9310269499a612e05580520de5bb04c8bcc85c5d6b78fac240,ec36191d261f9d1c,name:pressure-ulcer-on-foot-0025,train,nao_classificavel,nao_classificavel,nao_classificavel,True,ultralytics_curascan/datasets/estagio-nivel-12n-20-05-26/train/nao_classificavel/pressure-ulcer-on-foot-0025.jpg
pressure-ulcer-on-foot-0026,pressure-ulcer-on-foot-0026,pressure-ulcer-on-foot-0026.jpg,e54f6cf4204be6aae01727c71aef4a5fb426a3d7ecb6eab1fbc7832b59e57eba,974134ca6dc91e7a,name:pressure-ulcer-on-foot-0026,train,estagio_3,nao_classificavel,estagio_3,True,ultralytics_curascan/datasets/estagio-nivel-34n-20-05-26/test/estagio_3/pressure-ulcer-on-foot-0026.jpg
pressure-ulcer-on-foot-0027,pressure-ulcer-on-foot-0027,pressure-ulcer-on-foot-0027.jpg,705a6984951ddfcdda82b20176adc8662620d1489d7a56419748a14bd7d3e767,e71c80f39fc78641,name:pressure-ulcer-on-foot-0027,train,estagio_3,nao_classificavel,estagio_3,True,ultralytics_curascan/datasets/estagio-nivel-34n-20-05-26/val/estagio_3/pressure-ulcer-on-foot-0027.jpg
pressure-ulcer-on-foot-0028,pressure-ulcer-on-foot-0028,pressure-ulcer-on-foot-0028.jpg,d5c6161061f3b584fa95ad2e3c0ad566628b05a5fb8c9dd7b410c8794c43b2c5,98cc47985da37c0f,name:pressure-ulcer-on-foot-0028,train,estagio_3,nao_classificavel,estagio_3,True,ultralytics_curascan/datasets/estagio-nivel-34n-20-05-26/train/estagio_3/pressure-ulcer-on-foot-0028.jpg
pressure-ulcer-on-foot-0029,pressure-ulcer-on-foot-0029,pressure-ulcer-on-foot-0029.jpg,19619f0db23a928c888721d3b39f0ffd5c791896036259dfc7334054806ef986,dccccb3ba3784c90,name:pressure-ulcer-on-foot-0029,train,nao_classificavel,nao_classificavel,nao_classificavel,True,ultralytics_curascan/datasets/estagio-nivel-12n-20-05-26/test/nao_classificavel/pressure-ulcer-on-foot-0029.jpg
pressure-ulcer-on-foot-0039,pressure-ulcer-on-foot-0039,pressure-ulcer-on-foot-0039.jpg,14de6837d42090606979d84e8bd99066293b1fcd36d0b3dc7111ce63c9a12e9e,df61e01634f470cb,name:pressure-ulcer-on-foot-0039,train,nao_classificavel,nao_classificavel,nao_classificavel,True,ultralytics_curascan/datasets/estagio-nivel-12n-20-05-26/test/nao_classificavel/pressure-ulcer-on-foot-0039.jpg
pressure-ulcer-on-foot-0041,pressure-ulcer-on-foot-0041,pressure-ulcer-on-foot-0041.jpg,8fe78b9bdc0010f4565f7f3fb3c7a56f75dd36ea68f98065979cb853a9fca2bd,e2a51d9ad6659958,name:pressure-ulcer-on-foot-0041,train,nao_classificavel,nao_classificavel,nao_classificavel,True,ultralytics_curascan/datasets/estagio-nivel-12n-20-05-26/train/nao_classificavel/pressure-ulcer-on-foot-0041.jpg
pressure-ulcer-on-foot-0043,pressure-ulcer-on-foot-0043,pressure-ulcer-on-foot-0043.jpg,378096d288457716686fb3d18fc6b869df2a1b7d51c3befa577a5264baeda42f,a49b32e392a4d99d,name:pressure-ulcer-on-foot-0043,train,nao_classificavel,nao_classificavel,nao_classificavel,True,ultralytics_curascan/datasets/estagio-nivel-12n-20-05-26/val/nao_classificavel/pressure-ulcer-on-foot-0043.jpg
pressure-ulcer-on-foot-0044,pressure-ulcer-on-foot-0044,pressure-ulcer-on-foot-0044.jpg,8e2721f6a38816d2b0ebe7b4693287244eae5af3edb618ca7ef0ceb03ac6e247,d0db633a4b311d27,name:pressure-ulcer-on-foot-0044,train,estagio_3,nao_classificavel,estagio_3,True,ultralytics_curascan/datasets/estagio-nivel-34n-20-05-26/train/estagio_3/pressure-ulcer-on-foot-0044.jpg
pressure-ulcer-on-foot-0045,pressure-ulcer-on-foot-0045,pressure-ulcer-on-foot-0045.jpg,589a4534bf2fce243c7f89f933b718f347dc2ed7b10a67b19fb1bc61c3049cc3,d41e9cf008377f94,name:pressure-ulcer-on-foot-0045,train,estagio_3,nao_classificavel,estagio_3,True,ultralytics_curascan/datasets/estagio-nivel-34n-20-05-26/val/estagio_3/pressure-ulcer-on-foot-0045.jpg
pressure-ulcer-on-foot-0049,pressure-ulcer-on-foot-0049,pressure-ulcer-on-foot-0049.jpg,2c9e2d7fbeb6ebc64826d9f3f0445e7a87b886ef94e1895616250207b9e7f3d5,a64bb140a66bdd6c,name:pressure-ulcer-on-foot-0049,train,estagio_3,nao_classificavel,estagio_3,True,ultralytics_curascan/datasets/estagio-nivel-34n-20-05-26/train/estagio_3/pressure-ulcer-on-foot-0049.jpg
pressure-ulcer-on-foot-0050,pressure-ulcer-on-foot-0050,pressure-ulcer-on-foot-0050.jpg,bddd4a2c5638eb8512acca3e4830118744d2e6262126e0059e8d6dde83bcb44b,f2f54a45ea152c6a,name:pressure-ulcer-on-foot-0050,train,estagio_3,nao_classificavel,estagio_3,True,ultralytics_curascan/datasets/estagio-nivel-34n-20-05-26/train/estagio_3/pressure-ulcer-on-foot-0050.jpg
sdti_001,sdti_001,SDTI_001.jpg,742c8ab265c30bd52743f17211d179be273e0c3d1109390f58d0cd746716263f,ccd2b5ad923a6364,name:sdti_001,train,nao_classificavel,nao_classificavel,nao_classificavel,True,ultralytics_curascan/datasets/estagio-nivel-12n-20-05-26/val/nao_classificavel/SDTI_001.jpg
sdti_004,sdti_004,SDTI_004.jpg,89d9d18599c8cffcfa114ec358751ca232122c9664d0304bee500a71fc02686c,b054d525bda92a7a,name:sdti_004,train,estagio_2,estagio_2,,False,ultralytics_curascan/datasets/estagio-nivel-12n-20-05-26/test/estagio_2/SDTI_004.jpg
sdti_011,sdti_011,SDTI_011.jpg,6ecb612b48a64ef9f4a0dba6ba9a8a1b694e08d3a11089d16bc72701b19842b4,85a515b55ab29a9b,name:sdti_011,train,nao_classificavel,nao_classificavel,nao_classificavel,True,ultralytics_curascan/datasets/estagio-nivel-12n-20-05-26/train/nao_classificavel/SDTI_011.jpg
sdti_013,sdti_013,SDTI_013.jpg,1beb0687874de3ff589d012a92b9f04e6e7f8be8c9de220495c03b1367723605,fcff0ba0385f9030,name:sdti_013,train,nao_classificavel,nao_classificavel,nao_classificavel,True,ultralytics_curascan/datasets/estagio-nivel-12n-20-05-26/train/nao_classificavel/SDTI_013.jpg
sdti_018,sdti_018,SDTI_018.jpg,edd22672dd00ed5b0f00953380dc1eea2bbcf44c64b0cf402494ef9f8a98dea3,bfae80d08ab29ace,name:sdti_018,train,nao_classificavel,nao_classificavel,nao_classificavel,True,ultralytics_curascan/datasets/estagio-nivel-12n-20-05-26/train/nao_classificavel/SDTI_018.jpg
sdti_019,sdti_019,SDTI_019.jpg,1b05f44ebced92a569675b5ce4fc740222b3a5d722f08ab4a6513bada3a20f04,a7a0df803d1b186f,name:sdti_019,train,estagio_2,estagio_2,,False,ultralytics_curascan/datasets/estagio-nivel-12n-20-05-26/train/estagio_2/SDTI_019.jpg
sdti_020,sdti_020,SDTI_020.jpg,54a33c41821a338a3e50a52d8605cbcb953e27d14e92dfe494571bd0e0c47319,96d28ec13336cf38,name:sdti_020,train,nao_classificavel,nao_classificavel,nao_classificavel,True,ultralytics_curascan/datasets/estagio-nivel-12n-20-05-26/train/nao_classificavel/SDTI_020.jpg
sloughy-pressure-ulcer-0001,sloughy-pressure-ulcer-0001,sloughy-pressure-ulcer-0001.jpg,a8f2fd6a773f8c8741296042c57193be13a4bc5282877783b6d224c7205b013a,8e72cc19e4b923ce,name:sloughy-pressure-ulcer-0001,train,nao_classificavel,nao_classificavel,nao_classificavel,True,ultralytics_curascan/datasets/estagio-nivel-12n-20-05-26/train/nao_classificavel/sloughy-pressure-ulcer-0001.jpg
sloughy-pressure-ulcer-0002,sloughy-pressure-ulcer-0002,sloughy-pressure-ulcer-0002.jpg,f54c36255407bd9d27fbc2016489f5b6b1712b92d355447f55269cbf80128082,94e043cdcf2e1c5d,name:sloughy-pressure-ulcer-0002,train,estagio_4,nao_classificavel,estagio_4,True,ultralytics_curascan/datasets/estagio-nivel-34n-20-05-26/train/estagio_4/sloughy-pressure-ulcer-0002.jpg
sloughy-pressure-ulcer-0005,sloughy-pressure-ulcer-0005,sloughy-pressure-ulcer-0005.jpg,5dc41b5debcc1087d0f86e2848d61fbedff25cf9b7bde104a9387a0e47407e10,a687cf781c25b06e,name:sloughy-pressure-ulcer-0005,train,nao_classificavel,nao_classificavel,nao_classificavel,True,ultralytics_curascan/datasets/estagio-nivel-12n-20-05-26/train/nao_classificavel/sloughy-pressure-ulcer-0005.jpg
sloughy-pressure-ulcer-0006,sloughy-pressure-ulcer-0006,sloughy-pressure-ulcer-0006.jpg,229cac0416fa10fe3d2c298b77cba4b7802910184f2dac09729747a3d9103050,d0c0d993212fa6df,name:sloughy-pressure-ulcer-0006,train,nao_classificavel,nao_classificavel,nao_classificavel,True,ultralytics_curascan/datasets/estagio-nivel-12n-20-05-26/val/nao_classificavel/sloughy-pressure-ulcer-0006.jpg
sloughy-pressure-ulcer-0010,sloughy-pressure-ulcer-0010,sloughy-pressure-ulcer-0010.jpg,30c3ee79542cf81f2225a5acb897761d0a2e8ba6889150806fd3dd6558afad91,e68d1d9397c70685,name:sloughy-pressure-ulcer-0010,train,nao_classificavel,nao_classificavel,nao_classificavel,True,ultralytics_curascan/datasets/estagio-nivel-12n-20-05-26/train/nao_classificavel/sloughy-pressure-ulcer-0010.jpg
sloughy-pressure-ulcer-0012,sloughy-pressure-ulcer-0012,sloughy-pressure-ulcer-0012.jpg,b383d77d69dd06cbe32b0f7371cc78cbfb58a22e1d51d72318c8411696cb4015,9db122cc94d89be6,name:sloughy-pressure-ulcer-0012,train,nao_classificavel,nao_classificavel,nao_classificavel,True,ultralytics_curascan/datasets/estagio-nivel-12n-20-05-26/train/nao_classificavel/sloughy-pressure-ulcer-0012.jpg
sloughy-pressure-ulcer-0013,sloughy-pressure-ulcer-0013,sloughy-pressure-ulcer-0013.jpg,4aaa27f049dcdf5c9c58ac2261adfdcdb87bf2cb3e03adfeeb0c3edc64f6a71f,ab8fd7fc0c409079,name:sloughy-pressure-ulcer-0013,train,nao_classificavel,nao_classificavel,nao_classificavel,True,ultralytics_curascan/datasets/estagio-nivel-12n-20-05-26/train/nao_classificavel/sloughy-pressure-ulcer-0013.jpg
sloughy-pressure-ulcer-0014,sloughy-pressure-ulcer-0014,sloughy-pressure-ulcer-0014.jpg,cb3c0a84f91877645a839a6345a4f415b3b6e1a8feda1856de5af7cfdd068e78,c749c93c3463e535,name:sloughy-pressure-ulcer-0014,train,nao_classificavel,nao_classificavel,nao_classificavel,True,ultralytics_curascan/datasets/estagio-nivel-12n-20-05-26/test/nao_classificavel/sloughy-pressure-ulcer-0014.jpg
sloughy-pressure-ulcer-0016,sloughy-pressure-ulcer-0016,sloughy-pressure-ulcer-0016.jpg,1a37f4905a2afa03acf6185d4bb9fe3ccaeb3b4bf3393420fc4bff0c85d001b3,e5a586ce1adc9899,name:sloughy-pressure-ulcer-0016,train,estagio_3,nao_classificavel,estagio_3,True,ultralytics_curascan/datasets/estagio-nivel-34n-20-05-26/train/estagio_3/sloughy-pressure-ulcer-0016.jpg
sloughy-pressure-ulcer-0017,sloughy-pressure-ulcer-0017,sloughy-pressure-ulcer-0017.jpg,c9fde9187b636299083751c1bcdf6f947a982f92b720598611138ddb1f15f960,b52b92528ccbdd1c,name:sloughy-pressure-ulcer-0017,train,estagio_4,nao_classificavel,estagio_4,True,ultralytics_curascan/datasets/estagio-nivel-34n-20-05-26/train/estagio_4/sloughy-pressure-ulcer-0017.jpg
sloughy-pressure-ulcer-0019,sloughy-pressure-ulcer-0019,sloughy-pressure-ulcer-0019.jpg,2d93a774cc0d3148585e8ceb91711c989014ec503a33e7243ccf94ee8c617c3b,efd1d3c4a625884b,name:sloughy-pressure-ulcer-0019,train,estagio_4,nao_classificavel,estagio_4,True,ultralytics_curascan/datasets/estagio-nivel-34n-20-05-26/train/estagio_4/sloughy-pressure-ulcer-0019.jpg
sloughy-pressure-ulcer-0021,sloughy-pressure-ulcer-0021,sloughy-pressure-ulcer-0021.jpg,dd12aa80004a53dc389ffedce7ea8be3d1fff81f75c78e3818535003fa4f35c1,a7e15a6772cc58c1,name:sloughy-pressure-ulcer-0021,train,nao_classificavel,nao_classificavel,nao_classificavel,True,ultralytics_curascan/datasets/estagio-nivel-12n-20-05-26/train/nao_classificavel/sloughy-pressure-ulcer-0021.jpg
sloughy-pressure-ulcer-0022,sloughy-pressure-ulcer-0022,sloughy-pressure-ulcer-0022.jpg,78f299681e1f6834d5ea81167c8a3143cb1587c3aff78d3d5958e8875691ee9b,ef4394a9563d3a84,name:sloughy-pressure-ulcer-0022,train,estagio_3,nao_classificavel,estagio_3,True,ultralytics_curascan/datasets/estagio-nivel-34n-20-05-26/val/estagio_3/sloughy-pressure-ulcer-0022.jpg
sloughy-pressure-ulcer-0025,sloughy-pressure-ulcer-0025,sloughy-pressure-ulcer-0025.jpg,06cbadfc4124da41010234fd9e7ecefcbf778edd1cb224ebfc167734d7c7c064,ad9d84a3d8516799,name:sloughy-pressure-ulcer-0025,train,estagio_3,nao_classificavel,estagio_3,True,ultralytics_curascan/datasets/estagio-nivel-34n-20-05-26/test/estagio_3/sloughy-pressure-ulcer-0025.jpg
sloughy-pressure-ulcer-0029,sloughy-pressure-ulcer-0029,sloughy-pressure-ulcer-0029.jpg,3c9b2874909695f0a68e79660e77bc438e980deb3ca2b388d1a16914edf7c8a1,fa52852a39a967c6,name:sloughy-pressure-ulcer-0029,train,nao_classificavel,nao_classificavel,nao_classificavel,True,ultralytics_curascan/datasets/estagio-nivel-12n-20-05-26/train/nao_classificavel/sloughy-pressure-ulcer-0029.jpg
sloughy-pressure-ulcer-0030,sloughy-pressure-ulcer-0030,sloughy-pressure-ulcer-0030.jpg,ee42cbfc9ffb8423ab743b5010a4be39a0a6e67faf28a5cd79fd8a9dbb255b7e,b730897ac4e4a7e2,name:sloughy-pressure-ulcer-0030,train,estagio_3,nao_classificavel,estagio_3,True,ultralytics_curascan/datasets/estagio-nivel-34n-20-05-26/train/estagio_3/sloughy-pressure-ulcer-0030.jpg
sloughy-pressure-ulcer-0031,sloughy-pressure-ulcer-0031,sloughy-pressure-ulcer-0031.jpg,248d2a6269d49b96eb17324a0f44e580f35ab45c6c55adf42daa48e72fc68f3f,abc9cc42953fb215,name:sloughy-pressure-ulcer-0031,train,estagio_3,nao_classificavel,estagio_3,True,ultralytics_curascan/datasets/estagio-nivel-34n-20-05-26/train/estagio_3/sloughy-pressure-ulcer-0031.jpg
sloughy-pressure-ulcer-0032,sloughy-pressure-ulcer-0032,sloughy-pressure-ulcer-0032.jpg,71469e53dcfcbece36073731c3bc8b8949ed2ccc5b3206dbfdadff73dc7f80b0,d3c889476733347a,name:sloughy-pressure-ulcer-0032,train,estagio_3,nao_classificavel,estagio_3,True,ultralytics_curascan/datasets/estagio-nivel-34n-20-05-26/train/estagio_3/sloughy-pressure-ulcer-0032.jpg
sloughy-pressure-ulcer-0033,sloughy-pressure-ulcer-0033,sloughy-pressure-ulcer-0033.jpg,eb9dbc303f0922a6ca225ecfde81283d680d6652c740d7d31234ae65647fd354,f419d6bbccc28866,name:sloughy-pressure-ulcer-0033,train,nao_classificavel,nao_classificavel,nao_classificavel,True,ultralytics_curascan/datasets/estagio-nivel-12n-20-05-26/train/nao_classificavel/sloughy-pressure-ulcer-0033.jpg
sloughy-pressure-ulcer-0035,sloughy-pressure-ulcer-0035,sloughy-pressure-ulcer-0035.jpg,c85e6950ed6144c8d1df677d736214ad449010d73f0cd53666fcdf86c124f690,b58bc79c4b219770,name:sloughy-pressure-ulcer-0035,train,estagio_4,nao_classificavel,estagio_4,True,ultralytics_curascan/datasets/estagio-nivel-34n-20-05-26/val/estagio_4/sloughy-pressure-ulcer-0035.jpg
sloughy-pressure-ulcer-0037,sloughy-pressure-ulcer-0037,sloughy-pressure-ulcer-0037.jpg,6cd254064faccc2c8da9a9b4e0cea8ad9d85decb9ba91c22e68e0b92cd2f51f8,eb13c436c97a11ec,name:sloughy-pressure-ulcer-0037,train,estagio_4,nao_classificavel,estagio_4,True,ultralytics_curascan/datasets/estagio-nivel-34n-20-05-26/train/estagio_4/sloughy-pressure-ulcer-0037.jpg
sloughy-pressure-ulcer-0038,sloughy-pressure-ulcer-0038,sloughy-pressure-ulcer-0038.jpg,445915de72be7bab3a8e1672cfaaa3a68261f7e5131e2f8ac4a4836634b0b5ba,e0cccef2b92294ec,name:sloughy-pressure-ulcer-0038,train,estagio_4,nao_classificavel,estagio_4,True,ultralytics_curascan/datasets/estagio-nivel-34n-20-05-26/train/estagio_4/sloughy-pressure-ulcer-0038.jpg
stage_1_10267,stage_1_10267,stage_1_10267.jpg,51bebd7747a0b4a732be641b71e206a6528edd39ac920daff2d70b4841f560e7,b2aa989987e58ec5,name:stage_1_10267,train,estagio_1,estagio_1,,False,ultralytics_curascan/datasets/estagio-nivel-12n-20-05-26/train/estagio_1/stage_1_10267.jpg
stage_1_12294,stage_1_12294,stage_1_12294.jpg,dd2c417707ed8f5329e70c4e38ac174c7a6196c843e5d903570418922d7831e3,dd83c03cde279847,name:stage_1_12294,train,estagio_1,estagio_1,,False,ultralytics_curascan/datasets/estagio-nivel-12n-20-05-26/train/estagio_1/stage_1_12294.jpg
stage_1_12434,stage_1_12434,stage_1_12434.jpg,0d2b9ce2bbc6b73b9f6d7f0d894bf9c511924ca7f3a883ad6d4aa3f645dbb168,acb0931ee0c3cb8f,name:stage_1_12434,train,estagio_1,estagio_1,,False,ultralytics_curascan/datasets/estagio-nivel-12n-20-05-26/train/estagio_1/stage_1_12434.jpg
stage_1_13069,stage_1_13069,stage_1_13069.jpg,8e3898c8ce953f7b8b1ffa0406527f494152f14555ae7d81867e34e9e2aed35e,e97011e00bc73fc7,name:stage_1_13069,train,estagio_1,estagio_1,,False,ultralytics_curascan/datasets/estagio-nivel-12n-20-05-26/val/estagio_1/stage_1_13069.jpg
stage_1_13620,stage_1_13620,stage_1_13620.jpg,afa5b0ed0401a280ecc1e490301652d6889b667750925d5b7c5b3b20688aeb2d,e0009f9ecdeaf470,name:stage_1_13620,train,estagio_1,estagio_1,,False,ultralytics_curascan/datasets/estagio-nivel-12n-20-05-26/train/estagio_1/stage_1_13620.jpg
stage_1_14696,stage_1_14696,stage_1_14696.jpg,e102ce600af7ea4d9b0e79704733320087b56da48f699f09bc2be8840f338f97,d0925a826adf6979,name:stage_1_14696,train,estagio_1,estagio_1,,False,ultralytics_curascan/datasets/estagio-nivel-12n-20-05-26/train/estagio_1/stage_1_14696.jpg
stage_1_14758,stage_1_14758,stage_1_14758.jpg,9dbb7cb2f1ea1158369e8ce1bd333deab0ae60ba6ac22989b26e79e798ba0d49,b1fc86936c7831e4,name:stage_1_14758,train,estagio_1,estagio_1,,False,ultralytics_curascan/datasets/estagio-nivel-12n-20-05-26/test/estagio_1/stage_1_14758.jpg
stage_1_14763,stage_1_14763,stage_1_14763.jpg,5346d1de69be16e60a2845b9b38e8aa2ace343c6673f0abceffc5d76f20a19f6,c681d83b866cf1ae,name:stage_1_14763,train,estagio_1,estagio_1,,False,ultralytics_curascan/datasets/estagio-nivel-12n-20-05-26/test/estagio_1/stage_1_14763.jpg
stage_1_15019,stage_1_15019,stage_1_15019.jpg,cad7483bccf29403c43cfc8d582f553aaeafee18a792c131c8807079a28299d0,da6ce5189f95120f,name:stage_1_15019,train,estagio_1,estagio_1,,False,ultralytics_curascan/datasets/estagio-nivel-12n-20-05-26/val/estagio_1/stage_1_15019.jpg
stage_1_15820,stage_1_15820,stage_1_15820.jpg,ad110affa1248db05138e6f214900aaefcbe6bde2fd80b8ce28baeaada1560a3,ffdb1065ce92a068,name:stage_1_15820,train,estagio_1,estagio_1,,False,ultralytics_curascan/datasets/estagio-nivel-12n-20-05-26/test/estagio_1/stage_1_15820.jpg
stage_1_16743,stage_1_16743,stage_1_16743.jpg,d8ac6fa8da63639a759f7375ba3984d1eb7197bdf5e90ee111695a8a6954fe19,cacabee822619fe0,name:stage_1_16743,train,estagio_1,estagio_1,,False,ultralytics_curascan/datasets/estagio-nivel-12n-20-05-26/test/estagio_1/stage_1_16743.jpg
stage_1_16848,stage_1_16848,stage_1_16848.jpg,570c8337354d5bf0346a8e00fbbe0d0afe096ac0b786379a864d491444156fd5,9ad24a56aa15ad3d,name:stage_1_16848,train,estagio_1,estagio_1,,False,ultralytics_curascan/datasets/estagio-nivel-12n-20-05-26/train/estagio_1/stage_1_16848.jpg
stage_1_16911,stage_1_16911,stage_1_16911.jpg,96468bc2b3bc80bd355a78a41cb716b91dfbdcad889f17908c8e3e57af086411,b3ecc8b2865125cf,name:stage_1_16911,train,estagio_1,estagio_1,,False,ultralytics_curascan/datasets/estagio-nivel-12n-20-05-26/train/estagio_1/stage_1_16911.jpg
stage_1_19316,stage_1_19316,stage_1_19316.jpg,5429ac84f94b2156718bc5f5b43abd68e110e38bde42316225117205349d8cc9,a987875a1ee1714d,name:stage_1_19316,train,estagio_1,estagio_1,,False,ultralytics_curascan/datasets/estagio-nivel-12n-20-05-26/val/estagio_1/stage_1_19316.jpg
stage_1_19384,stage_1_19384,stage_1_19384.jpg,dc8d5dc20a6440c336f350c68910aafc6596739d8420f58422f507ab2643a623,a590dacde6a36ca4,name:stage_1_19384,train,estagio_1,estagio_1,,False,ultralytics_curascan/datasets/estagio-nivel-12n-20-05-26/train/estagio_1/stage_1_19384.jpg
stage_1_19469,stage_1_19469,stage_1_19469.jpg,f05b33faa2e4c1d668c0156f8a73d55ce9d1541e14b3c2ffcde641227e48d68a,e76f6c6068666c62,name:stage_1_19469,train,estagio_1,estagio_1,,False,ultralytics_curascan/datasets/estagio-nivel-12n-20-05-26/train/estagio_1/stage_1_19469.jpg
stage_1_19605,stage_1_19605,stage_1_19605.jpg,ea529dd6d815becb39d8617ec8cccb5ba778f2c7fa772ff15986062ad1a5d3ad,ff00ffc0ff022506,name:stage_1_19605,train,estagio_1,estagio_1,,False,ultralytics_curascan/datasets/estagio-nivel-12n-20-05-26/train/estagio_1/stage_1_19605.jpg
stage_1_19898,stage_1_19898,stage_1_19898.jpg,7566a2f8a8b06a601586c64f2c477bad92d2da463adb80913914b8591569980c,d30afa2a826f9dc1,name:stage_1_19898,train,estagio_1,estagio_1,,False,ultralytics_curascan/datasets/estagio-nivel-12n-20-05-26/test/estagio_1/stage_1_19898.jpg
stage_1_19993,stage_1_19993,stage_1_19993.jpg,14a6aeb3b5507682dbd1076343482af55309ded6df2780862ad3418851ed51eb,acbd93f00d4b252e,name:stage_1_19993,train,estagio_1,estagio_1,,False,ultralytics_curascan/datasets/estagio-nivel-12n-20-05-26/train/estagio_1/stage_1_19993.jpg
stage_1_21263,stage_1_21263,stage_1_21263.jpg,b5cc6b1ffc4f01ccda57fa6fa45c3f996e7bcc1351b0abe2b66c647ccf4eff50,f81429d5a9da8dca,name:stage_1_21263,train,estagio_1,estagio_1,,False,ultralytics_curascan/datasets/estagio-nivel-12n-20-05-26/train/estagio_1/stage_1_21263.jpg
stage_1_21430,stage_1_21430,stage_1_21430.jpg,c7ff31a1cbab875b395a6097ac2b0046f68a70172b000aecdaa0e707296e0865,b2c6cd3c6298f30d,name:stage_1_21430,train,estagio_1,estagio_1,,False,ultralytics_curascan/datasets/estagio-nivel-12n-20-05-26/train/estagio_1/stage_1_21430.jpg
stage_1_21465,stage_1_21465,stage_1_21465.jpg,2575f013d4c61e31ae4035233f71d1e48c0a6c00fb585e27b76956709b7ec48a,ea8083ad5b37cab4,name:stage_1_21465,train,estagio_1,estagio_1,,False,ultralytics_curascan/datasets/estagio-nivel-12n-20-05-26/val/estagio_1/stage_1_21465.jpg
stage_1_22039,stage_1_22039,stage_1_22039.jpg,eb95f32d3b219df6991496c56be6a6a941945b021d752c4dd40bff74d182abc5,fee09793c11ac43c,name:stage_1_22039,train,estagio_1,estagio_1,,False,ultralytics_curascan/datasets/estagio-nivel-12n-20-05-26/val/estagio_1/stage_1_22039.jpg
stage_1_22402,stage_1_22402,stage_1_22402.jpg,fb52e7051764eae9430ee81ce39f14b9bcc88a3ae6b904d934507496d4359c46,c05253cba1755be9,name:stage_1_22402,train,estagio_1,estagio_1,,False,ultralytics_curascan/datasets/estagio-nivel-12n-20-05-26/train/estagio_1/stage_1_22402.jpg
stage_1_22915,stage_1_22915,stage_1_22915.jpg,9be3e1eab68d8740d5e41b420ebe8811d805a061c93ed643828527bd61e8568b,93766c8862279aaf,name:stage_1_22915,train,estagio_1,estagio_1,,False,ultralytics_curascan/datasets/estagio-nivel-12n-20-05-26/train/estagio_1/stage_1_22915.jpg
stage_1_23051,stage_1_23051,stage_1_23051.jpg,e83e615dc6429aec52aacbafea929eeb2b1e3152bcf950ae8025f43c34c5859d,ce92bcce18331eac,name:stage_1_23051,train,estagio_2,estagio_2,,False,ultralytics_curascan/datasets/estagio-nivel-12n-20-05-26/train/estagio_2/stage_1_23051.jpg
stage_1_24323,stage_1_24323,stage_1_24323.jpg,6e7be31a0ef64aa1afef066f5d992da02ab0ba94cfa47aa0f2a54f882416eb5a,faeae0a48cec8933,name:stage_1_24323,train,estagio_1,estagio_1,,False,ultralytics_curascan/datasets/estagio-nivel-12n-20-05-26/train/estagio_1/stage_1_24323.jpg
stage_1_24857,stage_1_24857,stage_1_24857.jpg,ea701c7f119cfd29d70abfd7fd297a2dd3aa317679f491ed036d8d7ed282e69b,a0eed283b9b9d710,name:stage_1_24857,train,estagio_1,estagio_1,,False,ultralytics_curascan/datasets/estagio-nivel-12n-20-05-26/train/estagio_1/stage_1_24857.jpg
stage_1_25487,stage_1_25487,stage_1_25487.jpg,469d51a1c67a6f59eb585c63602de249f70fe6d83640f5d0d66ffe7a00e04f9f,ffc2da827e80fa02,name:stage_1_25487,train,estagio_1,estagio_1,,False,ultralytics_curascan/datasets/estagio-nivel-12n-20-05-26/train/estagio_1/stage_1_25487.jpg
stage_1_25782,stage_1_25782,stage_1_25782.jpg,2962d52d4ed76a4c03d0c64581e146be87f0e206bba7bae164efd680d4628649,ae318ce697c3b21a,name:stage_1_25782,train,estagio_1,estagio_1,,False,ultralytics_curascan/datasets/estagio-nivel-12n-20-05-26/train/estagio_1/stage_1_25782.jpg
stage_1_25864,stage_1_25864,stage_1_25864.jpg,b95d8cb5f2140987670c2fc03fac9cfb8e49717ea38d43d687d528fc0dcfbcee,f6c4717143a5a4b6,name:stage_1_25864,train,estagio_1,estagio_1,,False,ultralytics_curascan/datasets/estagio-nivel-12n-20-05-26/train/estagio_1/stage_1_25864.jpg
stage_1_25991,stage_1_25991,stage_1_25991.jpg,ef3a307d4092e3409e23816f7741649bf249983556866b610b8be46463e49d32,ab1870734f52d4d9,name:stage_1_25991,train,estagio_1,estagio_1,,False,ultralytics_curascan/datasets/estagio-nivel-12n-20-05-26/val/estagio_1/stage_1_25991.jpg
stage_1_27694,stage_1_27694,stage_1_27694.jpg,fab34f3221db39794fb555e7b0d1bcb2dd86a64369df3f4091b87ee5aa2f9406,8d92a064c6ef3799,name:stage_1_27694,train,estagio_1,estagio_1,,False,ultralytics_curascan/datasets/estagio-nivel-12n-20-05-26/train/estagio_1/stage_1_27694.jpg
stage_1_28101,stage_1_28101,stage_1_28101.jpg,7277aa564a2bdd9ecb494a4414a47d131b02a0a07ce662d61b5124565a10c6ed,aa92d44bc965c667,name:stage_1_28101,train,estagio_1,estagio_1,,False,ultralytics_curascan/datasets/estagio-nivel-12n-20-05-26/train/estagio_1/stage_1_28101.jpg
stage_1_28576,stage_1_28576,stage_1_28576.jpg,3826ca4e6bd9e4b0d1446e0237c927bac70795cdcd768337ae4dc4b58daf6a65,d43b7eb07a60e087,name:stage_1_28576,train,estagio_2,estagio_2,,False,ultralytics_curascan/datasets/estagio-nivel-12n-20-05-26/test/estagio_2/stage_1_28576.jpg
stage_1_30106,stage_1_30106,stage_1_30106.jpg,e4a4c5baa76ffb55f0466c0ab95642814c858dab90e6be24daf21f6ce20c7e47,bd8a9569b5d2a846,name:stage_1_30106,train,estagio_1,estagio_1,,False,ultralytics_curascan/datasets/estagio-nivel-12n-20-05-26/test/estagio_1/stage_1_30106.jpg
stage_1_30219,stage_1_30219,stage_1_30219.jpg,197700440714b127e29a3e572271afbcf9ff5b214c375b6ed058d24ff66891cc,f58f91dcd0d0ca31,name:stage_1_30219,train,estagio_1,estagio_1,,False,ultralytics_curascan/datasets/estagio-nivel-12n-20-05-26/test/estagio_1/stage_1_30219.jpg
stage_1_30232,stage_1_30232,stage_1_30232.jpg,c6d962a5c984452e23061f6ca0ca73e9b330b66e9af7705870c5a777996f4f85,be31252f7a9a9294,name:stage_1_30232,train,estagio_1,estagio_1,,False,ultralytics_curascan/datasets/estagio-nivel-12n-20-05-26/test/estagio_1/stage_1_30232.jpg
stage_1_30670,stage_1_30670,stage_1_30670.jpg,ae73ea125e54b97f01578ca3b8a762e080ab71512039ed978c70a9ac98dfc279,aab5aa55ac56ad22,name:stage_1_30670,train,estagio_1,estagio_1,,False,ultralytics_curascan/datasets/estagio-nivel-12n-20-05-26/test/estagio_1/stage_1_30670.jpg
stage_1_30816,stage_1_30816,stage_1_30816.jpg,822de9c8be6c78f64404dccbf865ad07c1d5f93c04e1f3992f0ab59e6cb55990,92988de1f2c69d33,name:stage_1_30816,train,estagio_1,estagio_1,,False,ultralytics_curascan/datasets/estagio-nivel-12n-20-05-26/train/estagio_1/stage_1_30816.jpg
stage_1_32025,stage_1_32025,stage_1_32025.jpg,f5ceaeb4da1fd3b6c7630209efd60da403c97178423df871558c94b00f93fda2,f5ca94abc2b5029d,name:stage_1_32025,train,estagio_1,estagio_1,,False,ultralytics_curascan/datasets/estagio-nivel-12n-20-05-26/train/estagio_1/stage_1_32025.jpg
stage_1_32407,stage_1_32407,stage_1_32407.jpg,a4cd365bfd0f1b3bd889514f33c3d5ddd64fac29f1de9ab435a6c67d17124c02,ed459232cf1f8c61,name:stage_1_32407,train,estagio_2,estagio_2,,False,ultralytics_curascan/datasets/estagio-nivel-12n-20-05-26/val/estagio_2/stage_1_32407.jpg
stage_1_3244,stage_1_3244,stage_1_3244.jpg,2d8df7c44fd75a8f2d63b8d0be60b103140c241776b9375232ba57881fce6614,ea95ea94e955c912,name:stage_1_3244,train,estagio_1,estagio_1,,False,ultralytics_curascan/datasets/estagio-nivel-12n-20-05-26/train/estagio_1/stage_1_3244.jpg
stage_1_33923,stage_1_33923,stage_1_33923.jpg,832a05427e54135415207c5acd2b90ca8e60fa7f80a8d68230e322923c3e9ef3,f8fdc1f0a0ec82e8,name:stage_1_33923,train,estagio_1,estagio_1,,False,ultralytics_curascan/datasets/estagio-nivel-12n-20-05-26/train/estagio_1/stage_1_33923.jpg
stage_1_33998,stage_1_33998,stage_1_33998.jpg,335ed3c9b9b98ed04d54135e5352dff5918c1893bfdda9e5ec23471e5182f7ea,f1b68fcca6c90847,name:stage_1_33998,train,estagio_1,estagio_1,,False,ultralytics_curascan/datasets/estagio-nivel-12n-20-05-26/train/estagio_1/stage_1_33998.jpg
stage_1_34168,stage_1_34168,stage_1_34168.jpg,0fb97aa7cd92331255b30200340c5b6cbe93834f6319bf19e8bd55dba3546493,ead52ac16e97c0b8,name:stage_1_34168,train,estagio_1,estagio_1,,False,ultralytics_curascan/datasets/estagio-nivel-12n-20-05-26/test/estagio_1/stage_1_34168.jpg
stage_1_34306,stage_1_34306,stage_1_34306.jpg,318a748b29269c920daa126241af372a3831977b5e936289442479a0fce3dcf5,efd0b08f83399626,name:stage_1_34306,train,estagio_1,estagio_1,,False,ultralytics_curascan/datasets/estagio-nivel-12n-20-05-26/val/estagio_1/stage_1_34306.jpg
stage_1_34709,stage_1_34709,stage_1_34709.jpg,f3d618298e24c69406556f0b6ef451b098b52f393eafaeeedc124a34f5192be4,b8f9d2e2247cf8a0,name:stage_1_34709,train,estagio_1,estagio_1,,False,ultralytics_curascan/datasets/estagio-nivel-12n-20-05-26/train/estagio_1/stage_1_34709.jpg
stage_1_35803,stage_1_35803,stage_1_35803.jpg,976c74c430265dc9f79d787415ca00772453102e97cf652ffd546e59b9d768fe,fcc9c1fcc491389c,name:stage_1_35803,train,estagio_1,estagio_1,,False,ultralytics_curascan/datasets/estagio-nivel-12n-20-05-26/val/estagio_1/stage_1_35803.jpg
stage_1_35855,stage_1_35855,stage_1_35855.jpg,5ae02aa0e5f4f9d13c74429a908932d9a78e2d6a752ce29499657c2b27306968,eb3d82f0fe07e00c,name:stage_1_35855,train,estagio_1,estagio_1,,False,ultralytics_curascan/datasets/estagio-nivel-12n-20-05-26/train/estagio_1/stage_1_35855.jpg
stage_1_36294,stage_1_36294,stage_1_36294.jpg,5a2ef2fe7ccf2b87c5a513f2a22d34b9d4197539d07ac629ac4a4a929cc590e9,dc78e3873863c694,name:stage_1_36294,train,estagio_1,estagio_1,,False,ultralytics_curascan/datasets/estagio-nivel-12n-20-05-26/train/estagio_1/stage_1_36294.jpg
stage_1_36304,stage_1_36304,stage_1_36304.jpg,f68f88374615c6f99483cae60f981466f5c994c14b67a441dc05e62e021843b2,ffe095a05f40ff00,name:stage_1_36304,train,estagio_1,estagio_1,,False,ultralytics_curascan/datasets/estagio-nivel-12n-20-05-26/train/estagio_1/stage_1_36304.jpg
stage_1_36335,stage_1_36335,stage_1_36335.jpg,eafc6a77076717990b7f44031ddec6e68afc72734800ebc65e86a6c9122aa02d,abce85c0e0f69738,name:stage_1_36335,train,estagio_1,estagio_1,,False,ultralytics_curascan/datasets/estagio-nivel-12n-20-05-26/train/estagio_1/stage_1_36335.jpg
stage_1_36684,stage_1_36684,stage_1_36684.jpg,21912c9917d590ac4d8262de4e94ab995deab7eaf10eca567d5a163a634d8057,b8c7d6f0c9c3cc90,name:stage_1_36684,train,estagio_1,estagio_1,,False,ultralytics_curascan/datasets/estagio-nivel-12n-20-05-26/train/estagio_1/stage_1_36684.jpg
stage_1_37004,stage_1_37004,stage_1_37004.jpg,14248c415c8f33c66640aa51770c1eeb636fc020e389387cb8d4a2d0ab7e1887,fad4c7f083b88338,name:stage_1_37004,train,estagio_1,estagio_1,,False,ultralytics_curascan/datasets/estagio-nivel-12n-20-05-26/train/estagio_1/stage_1_37004.jpg
stage_1_37467,stage_1_37467,stage_1_37467.jpg,7fc6bfa1631a141934b243b3a2f658003c4133adb601170cc3702ea691773261,ac9ef007780ff11c,name:stage_1_37467,train,estagio_1,estagio_1,,False,ultralytics_curascan/datasets/estagio-nivel-12n-20-05-26/train/estagio_1/stage_1_37467.jpg
stage_1_37518,stage_1_37518,stage_1_37518.jpg,e9f0ec08cbb3ce4d90a015f5648c27ecbc6c4f8edce37ddcb4ce08fe6fa59df5,d3bbba82ab80ef80,name:stage_1_37518,train,estagio_1,estagio_1,,False,ultralytics_curascan/datasets/estagio-nivel-12n-20-05-26/train/estagio_1/stage_1_37518.jpg
stage_1_38303,stage_1_38303,stage_1_38303.jpg,1ea49f3ebd91db5f9dc4216fe0e2b1a1e54cbf0373b5e01937936187e1d5cfb3,f6c7aa969cd23058,name:stage_1_38303,train,estagio_1,estagio_1,,False,ultralytics_curascan/datasets/estagio-nivel-12n-20-05-26/train/estagio_1/stage_1_38303.jpg
stage_1_38366,stage_1_38366,stage_1_38366.jpg,f707bdc91b0157a4c53ad9707291d05a04790234c22062d062886fc5d64e2471,f8f5869be98c9540,name:stage_1_38366,train,estagio_1,estagio_1,,False,ultralytics_curascan/datasets/estagio-nivel-12n-20-05-26/val/estagio_1/stage_1_38366.jpg
stage_1_3879,stage_1_3879,stage_1_3879.jpg,1b6f1ffc903e6312b743c7cce44d3220ff643ae8070d5efe8ef511222a465fe5,f49cb2725661d386,name:stage_1_3879,train,estagio_1,estagio_1,,False,ultralytics_curascan/datasets/estagio-nivel-12n-20-05-26/val/estagio_1/stage_1_3879.jpg
stage_1_38922,stage_1_38922,stage_1_38922.jpg,8fe9b886bcb58ad04ac695c5c9b238359fd4c7d2eea4f643ba555baaad89b386,9a95d9ae499254ad,name:stage_1_38922,train,estagio_1,estagio_1,,False,ultralytics_curascan/datasets/estagio-nivel-12n-20-05-26/val/estagio_1/stage_1_38922.jpg
stage_1_39544,stage_1_39544,stage_1_39544.jpg,eb9f73dc6e80eada3d07fc949cd78b80cbad40c609aaf4ec76069e484785521b,8fce3831c283cbce,name:stage_1_39544,train,estagio_1,estagio_1,,False,ultralytics_curascan/datasets/estagio-nivel-12n-20-05-26/train/estagio_1/stage_1_39544.jpg
stage_1_40007,stage_1_40007,stage_1_40007.jpg,99d143cace3599d139713d846d476c6b7e770a169ff3bdeef4357f423a107b8f,f3e38c9c4e49c2b8,name:stage_1_40007,train,estagio_1,estagio_1,,False,ultralytics_curascan/datasets/estagio-nivel-12n-20-05-26/val/estagio_1/stage_1_40007.jpg
stage_1_40620,stage_1_40620,stage_1_40620.jpg,238f82a5d86c7c4140d5a8b662facec1d430a859c54af5608ef973cb12f3f91d,aadd858a92e5383e,name:stage_1_40620,train,estagio_1,estagio_1,,False,ultralytics_curascan/datasets/estagio-nivel-12n-20-05-26/val/estagio_1/stage_1_40620.jpg
stage_1_41064,stage_1_41064,stage_1_41064.jpg,8d6ed4f160ddd0168b0e7f6e5971226ef353051eb53d3c566e1fb92d09a27e58,bf48c0e00ff70579,name:stage_1_41064,train,estagio_1,estagio_1,,False,ultralytics_curascan/datasets/estagio-nivel-12n-20-05-26/train/estagio_1/stage_1_41064.jpg
stage_1_41365,stage_1_41365,stage_1_41365.jpg,9786cb109104dea68de1e0a9b04a2a3b6f9da7c08c6dba128ee58ef9cf7cf350,edb344accc38d931,name:stage_1_41365,train,estagio_1,estagio_1,,False,ultralytics_curascan/datasets/estagio-nivel-12n-20-05-26/train/estagio_1/stage_1_41365.jpg
stage_1_41863,stage_1_41863,stage_1_41863.jpg,4f458bb43d7803aed3e7a5d180b161465e0642f8206c6949033342b90d687bb5,fbd1c3c9cc96c442,name:stage_1_41863,train,estagio_2,estagio_2,,False,ultralytics_curascan/datasets/estagio-nivel-12n-20-05-26/test/estagio_2/stage_1_41863.jpg
stage_1_42797,stage_1_42797,stage_1_42797.jpg,b2df89c907074be6d7542da44f3246f0b3f2ce1b84504845efc343863ecfcca1,fb7624e581844c7b,name:stage_1_42797,train,estagio_1,estagio_1,,False,ultralytics_curascan/datasets/estagio-nivel-12n-20-05-26/val/estagio_1/stage_1_42797.jpg
stage_1_43721,stage_1_43721,stage_1_43721.jpg,cb2c08910551262c2ba667ce16e2c71a9763c6a9b55a6849b0429237f87b9fff,aeaf70c0c25ebc31,name:stage_1_43721,train,estagio_1,estagio_1,,False,ultralytics_curascan/datasets/estagio-nivel-12n-20-05-26/val/estagio_1/stage_1_43721.jpg
stage_1_44308,stage_1_44308,stage_1_44308.jpg,e298f68713e91f655aa7f7cdb326788e6c4d5c4e66b0381a9251b42b95664d03,b6fa7489ca05ce15,name:stage_1_44308,train,estagio_1,estagio_1,,False,ultralytics_curascan/datasets/estagio-nivel-12n-20-05-26/train/estagio_1/stage_1_44308.jpg
stage_1_45783,stage_1_45783,stage_1_45783.jpg,f525760e7b073f7a32c83a6a73961eaf0811b41c515af63e9637701fbd50c24d,91757cd86061da67,name:stage_1_45783,train,estagio_1,estagio_1,,False,ultralytics_curascan/datasets/estagio-nivel-12n-20-05-26/train/estagio_1/stage_1_45783.jpg
stage_1_45932,stage_1_45932,stage_1_45932.jpg,c39788e5065bd0ca58ffca0c9d3c6acfd8d49e59cc97dd970162d76a07211eeb,fed650425a6aaa2e,name:stage_1_45932,train,estagio_1,estagio_1,,False,ultralytics_curascan/datasets/estagio-nivel-12n-20-05-26/train/estagio_1/stage_1_45932.jpg
stage_1_46291,stage_1_46291,stage_1_46291.jpg,5e553c00796f915f71eb095f034c134d93cb2862747aafeea6c6feff1aeffd8a,84d5407d7f3100ff,name:stage_1_46291,train,estagio_1,estagio_1,,False,ultralytics_curascan/datasets/estagio-nivel-12n-20-05-26/train/estagio_1/stage_1_46291.jpg
stage_1_46738,stage_1_46738,stage_1_46738.jpg,2a6fb99b0920238f0712baf05d22e8e73162ebba63d83ed95bc9bd9a034139f1,bbc03fc4bb409f44,name:stage_1_46738,train,estagio_1,estagio_1,,False,ultralytics_curascan/datasets/estagio-nivel-12n-20-05-26/train/estagio_1/stage_1_46738.jpg
stage_1_47089,stage_1_47089,stage_1_47089.jpg,7c9abfa41359ca4d7c0ec7ddb0ad5f2406beafbc4f09137e0d37b35681fabf3e,d582478d0e5c2f5e,name:stage_1_47089,train,estagio_1,estagio_1,,False,ultralytics_curascan/datasets/estagio-nivel-12n-20-05-26/train/estagio_1/stage_1_47089.jpg
stage_1_4745,stage_1_4745,stage_1_4745.jpg,9d24ef0e574030b9aedbf74f6ffc2258784cf25baa1d44e5d39ffde29b935dec,bf80bf80fdc07c81,name:stage_1_4745,train,estagio_1,estagio_1,,False,ultralytics_curascan/datasets/estagio-nivel-12n-20-05-26/test/estagio_1/stage_1_4745.jpg
stage_1_48177,stage_1_48177,stage_1_48177.jpg,5467a893cf408ffdd4d7c705a2971559c8fdc7e16357c19aff863651a81722e5,f7cdc8841f8d2631,name:stage_1_48177,train,estagio_1,estagio_1,,False,ultralytics_curascan/datasets/estagio-nivel-12n-20-05-26/test/estagio_1/stage_1_48177.jpg
stage_1_48363,stage_1_48363,stage_1_48363.jpg,90ba7a7737d16b708749808a2c2e2a36de4d67d1127b4d2d5d76370b78472826,a7f6a74c187335a0,name:stage_1_48363,train,estagio_1,estagio_1,,False,ultralytics_curascan/datasets/estagio-nivel-12n-20-05-26/train/estagio_1/stage_1_48363.jpg
stage_1_49395,stage_1_49395,stage_1_49395.jpg,a83c9cfbf464b38eb7771afa44a6ec891541962d13724c9b5fe1a2595ba774cf,aa54f4853b738bc4,name:stage_1_49395,train,estagio_1,estagio_1,,False,ultralytics_curascan/datasets/estagio-nivel-12n-20-05-26/train/estagio_1/stage_1_49395.jpg
stage_1_4942,stage_1_4942,stage_1_4942.jpg,fec44be92bb352922168c1a97c599c5eb22e10bcf926ba3bbe6d9cc1f3db9576,8a923c59e6676726,name:stage_1_4942,train,estagio_1,estagio_1,,False,ultralytics_curascan/datasets/estagio-nivel-12n-20-05-26/train/estagio_1/stage_1_4942.jpg
stage_1_49681,stage_1_49681,stage_1_49681.jpg,2d78fe838e23c9406c6d1e6ce3dc851c98bc0bffb6ad6d125c8b77441c503f41,e699851b971e7069,name:stage_1_49681,train,estagio_1,estagio_1,,False,ultralytics_curascan/datasets/estagio-nivel-12n-20-05-26/train/estagio_1/stage_1_49681.jpg
stage_1_50047,stage_1_50047,stage_1_50047.jpg,f69a5b4800fc4130465aff2e40b2eacb81dde55451d139c2e9948710b0afa047,8ccecd9c71324ed4,name:stage_1_50047,train,estagio_1,estagio_1,,False,ultralytics_curascan/datasets/estagio-nivel-12n-20-05-26/train/estagio_1/stage_1_50047.jpg
stage_1_50513,stage_1_50513,stage_1_50513.jpg,397f59e7f7b75f92a4dc66644ab03d9824469388b110c85e83a27d0aeb367d04,cb80acecb436d656,name:stage_1_50513,train,estagio_1,estagio_1,,False,ultralytics_curascan/datasets/estagio-nivel-12n-20-05-26/test/estagio_1/stage_1_50513.jpg
stage_1_51551,stage_1_51551,stage_1_51551.jpg,002d425e9a1012def343a4f65c14b9b0b26e0b31042a82adb0b80340a311f0b8,aed590da4cb652d1,name:stage_1_51551,train,estagio_1,estagio_1,,False,ultralytics_curascan/datasets/estagio-nivel-12n-20-05-26/train/estagio_1/stage_1_51551.jpg
stage_1_51725,stage_1_51725,stage_1_51725.jpg,776ea7b25bfb18a4e4809bc92a02b652d07f80acca3351787aafde3aa16a5339,f8a4d3958ae72a15,name:stage_1_51725,train,estagio_1,estagio_1,,False,ultralytics_curascan/datasets/estagio-nivel-12n-20-05-26/val/estagio_1/stage_1_51725.jpg
stage_1_52379,stage_1_52379,stage_1_52379.jpg,ceff698106ebdd06cb6715a262749502eab52dc6bf6f6ffd466e0fa1a474f4c9,fe8ce197c10f1e60,name:stage_1_52379,train,estagio_1,estagio_1,,False,ultralytics_curascan/datasets/estagio-nivel-12n-20-05-26/train/estagio_1/stage_1_52379.jpg
stage_1_52592,stage_1_52592,stage_1_52592.jpg,19d68371380c97b2e48ecfa4d612597784c3f404f8950440aa654b16376be6fe,ebfc90832fdc1462,name:stage_1_52592,train,estagio_1,estagio_1,,False,ultralytics_curascan/datasets/estagio-nivel-12n-20-05-26/train/estagio_1/stage_1_52592.jpg
stage_1_52677,stage_1_52677,stage_1_52677.jpg,54d48c49c905f364459e43a7bc0fb32573e1a433236bf015d3e9c764e24cf632,e0f4c68690b9cf8e,name:stage_1_52677,train,estagio_1,estagio_1,,False,ultralytics_curascan/datasets/estagio-nivel-12n-20-05-26/train/estagio_1/stage_1_52677.jpg
stage_1_52843,stage_1_52843,stage_1_52843.jpg,5fa70902a0d998073376f95c8afbb5aaf00f2e4b83a085c8ecde0e445357edca,ad92d62de924921f,name:stage_1_52843,train,estagio_1,estagio_1,,False,ultralytics_curascan/datasets/estagio-nivel-12n-20-05-26/train/estagio_1/stage_1_52843.jpg
stage_1_53188,stage_1_53188,stage_1_53188.jpg,d4c9a3e3c3b66dff82a9aa4fa85343787306ce82829d0c6c93aa18eb61d28f99,babcc44ab4ab9326,name:stage_1_53188,train,estagio_1,estagio_1,,False,ultralytics_curascan/datasets/estagio-nivel-12n-20-05-26/train/estagio_1/stage_1_53188.jpg
stage_1_53519,stage_1_53519,stage_1_53519.jpg,552f9850cf0842ea25e0bcfcf5fe7631087cdd3b275ac2a72517240359261813,a3ecf5c2148cd1e6,name:stage_1_53519,train,estagio_1,estagio_1,,False,ultralytics_curascan/datasets/estagio-nivel-12n-20-05-26/train/estagio_1/stage_1_53519.jpg
stage_1_5363,stage_1_5363,stage_1_5363.jpg,6910a29505de6ff82d5763393546b7d15cef030e1a1feb361f3db5b5afb569be,8f0f08d0b72feac4,name:stage_1_5363,train,estagio_1,estagio_1,,False,ultralytics_curascan/datasets/estagio-nivel-12n-20-05-26/train/estagio_1/stage_1_5363.jpg
stage_1_53652,stage_1_53652,stage_1_53652.jpg,a8f1251336e4242ce158284a6e8e2a53b2b19b875233f5ee0f546d1e88d455d4,fbdcc0f0db86048d,name:stage_1_53652,train,estagio_1,estagio_1,,False,ultralytics_curascan/datasets/estagio-nivel-12n-20-05-26/train/estagio_1/stage_1_53652.jpg
stage_1_54263,stage_1_54263,stage_1_54263.jpg,369ce2f52cdb6fdccb39201c94f736e88ffefe0c4557c7fd8edd62baf899a9c8,ef8c9cb3e7b06120,name:stage_1_54263,train,estagio_1,estagio_1,,False,ultralytics_curascan/datasets/estagio-nivel-12n-20-05-26/train/estagio_1/stage_1_54263.jpg
stage_1_54825,stage_1_54825,stage_1_54825.jpg,425b7879c5fe7796ff2809b0dde813ad860db34c2565e0575f370f29497095f4,c58a2ab8adc3bf90,name:stage_1_54825,train,estagio_1,estagio_1,,False,ultralytics_curascan/datasets/estagio-nivel-12n-20-05-26/train/estagio_1/stage_1_54825.jpg
stage_1_54902,stage_1_54902,stage_1_54902.jpg,897ff970a5694e319193045ff98b8eca3fd614b9e25accc428c25cb36a7b2810,ead6bd419326c833,name:stage_1_54902,train,estagio_1,estagio_1,,False,ultralytics_curascan/datasets/estagio-nivel-12n-20-05-26/train/estagio_1/stage_1_54902.jpg
stage_1_55643,stage_1_55643,stage_1_55643.jpg,9b677e2e94fac66e441f0556cb00352af54106e8d086af607d90b8ccb94c9d3f,efe0b0c3953ec838,name:stage_1_55643,train,estagio_1,estagio_1,,False,ultralytics_curascan/datasets/estagio-nivel-12n-20-05-26/test/estagio_1/stage_1_55643.jpg
stage_1_55864,stage_1_55864,stage_1_55864.jpg,85c3c103313863597ef94fb76d5a6e87dd6d6bcc4ca6b580785c6a1014b0de74,b1b8d7bbc8b44c05,name:stage_1_55864,train,estagio_2,estagio_2,,False,ultralytics_curascan/datasets/estagio-nivel-12n-20-05-26/train/estagio_2/stage_1_55864.jpg
stage_1_55950,stage_1_55950,stage_1_55950.jpg,ecd52c6cef63cf5e73e602bc876a011c7db3df0c74ae54636a94e9f102580c55,fbb288788ccaa86e,name:stage_1_55950,train,estagio_1,estagio_1,,False,ultralytics_curascan/datasets/estagio-nivel-12n-20-05-26/train/estagio_1/stage_1_55950.jpg
stage_1_56309,stage_1_56309,stage_1_56309.jpg,6b2a0604273b50c80593dde9b4208cbd678e74ef582d3ff21473e792b663fb31,aa6bb3649a16ed18,name:stage_1_56309,train,estagio_1,estagio_1,,False,ultralytics_curascan/datasets/estagio-nivel-12n-20-05-26/train/estagio_1/stage_1_56309.jpg
stage_1_56450,stage_1_56450,stage_1_56450.jpg,e35857ddcff83dcfac652cb5c9708405fce10a13d0d3697c215c2ac4cfec3a15,a714d1e9ca726699,name:stage_1_56450,train,estagio_1,estagio_1,,False,ultralytics_curascan/datasets/estagio-nivel-12n-20-05-26/train/estagio_1/stage_1_56450.jpg
stage_1_56981,stage_1_56981,stage_1_56981.jpg,610c62ddaefbf2cf07f6fc329b7602e8a8475a5225583600375fdce999021a28,a8d8d4ee1ac53993,name:stage_1_56981,train,estagio_1,estagio_1,,False,ultralytics_curascan/datasets/estagio-nivel-12n-20-05-26/train/estagio_1/stage_1_56981.jpg
stage_1_57315,stage_1_57315,stage_1_57315.jpg,b221b556fb6e06e27cd37fc79d9f3d2e7b6fb1aa802ba12584aee41645a7b747,ae954ba45ba4d32c,name:stage_1_57315,train,estagio_1,estagio_1,,False,ultralytics_curascan/datasets/estagio-nivel-12n-20-05-26/train/estagio_1/stage_1_57315.jpg
stage_1_5767,stage_1_5767,stage_1_5767.jpg,d1c523f9d34c447bb8d46fd7d610e537b78d3abb9f56154d604fcf2bd68558dc,deb062cc196dc336,name:stage_1_5767,train,estagio_1,estagio_1,,False,ultralytics_curascan/datasets/estagio-nivel-12n-20-05-26/train/estagio_1/stage_1_5767.jpg
stage_1_57710,stage_1_57710,stage_1_57710.jpg,f17419cc4ad71f697270e2f1db9bfd705c0ef1d85cbb262df622d0ecad90398d,f8e1c736d8186387,name:stage_1_57710,train,estagio_1,estagio_1,,False,ultralytics_curascan/datasets/estagio-nivel-12n-20-05-26/val/estagio_1/stage_1_57710.jpg
stage_1_58916,stage_1_58916,stage_1_58916.jpg,0d1c1b922d86f19f58a0878539b85ca105bdc29cf1c97d375f2f27bd6e39bf51,85bc5a93658e4cbc,name:stage_1_58916,train,estagio_1,estagio_1,,False,ultralytics_curascan/datasets/estagio-nivel-12n-20-05-26/val/estagio_1/stage_1_58916.jpg
stage_1_59646,stage_1_59646,stage_1_59646.jpg,9d74fbacea5d3a2817b51e0cf156043eeb96541e7b527d583fcc9eea7190d854,f2723549ca9e0d2b,name:stage_1_59646,train,estagio_1,estagio_1,,False,ultralytics_curascan/datasets/estagio-nivel-12n-20-05-26/train/estagio_1/stage_1_59646.jpg
stage_1_59688,stage_1_59688,stage_1_59688.jpg,73d880352418ee44cb283993c295fa6d758ddf263884eff8f62a71a232aad74e,aaba97c6807f15e0,name:stage_1_59688,train,estagio_1,estagio_1,,False,ultralytics_curascan/datasets/estagio-nivel-12n-20-05-26/test/estagio_1/stage_1_59688.jpg
stage_1_59706,stage_1_59706,stage_1_59706.jpg,e5dc9549b5568abb9b6ea5bd80905dfe0760cefd6b0f3631910aeb7a797d00fd,be87c1683c32f2c9,name:stage_1_59706,train,estagio_1,estagio_1,,False,ultralytics_curascan/datasets/estagio-nivel-12n-20-05-26/train/estagio_1/stage_1_59706.jpg
stage_1_59723,stage_1_59723,stage_1_59723.jpg,4b706dea31fb201a2709ba34fe7af24c7d7e08fb729de0f62deddbd05a514aea,e95bb452a458b54b,name:stage_1_59723,train,estagio_1,estagio_1,,False,ultralytics_curascan/datasets/estagio-nivel-12n-20-05-26/train/estagio_1/stage_1_59723.jpg
stage_1_62707,stage_1_62707,stage_1_62707.jpg,644f6ecf3523e2fc2c1af7b4f8bc80cca366b44a49779ce60d628da9ea244359,ae378134949f6b16,name:stage_1_62707,train,estagio_1,estagio_1,,False,ultralytics_curascan/datasets/estagio-nivel-12n-20-05-26/val/estagio_1/stage_1_62707.jpg
stage_1_64066,stage_1_64066,stage_1_64066.jpg,0dffe498e4c0619c2f0655ebd168747ae75f5dea07d91794a010e1081f315f54,bab2843c5863a7f4,name:stage_1_64066,train,estagio_1,estagio_1,,False,ultralytics_curascan/datasets/estagio-nivel-12n-20-05-26/train/estagio_1/stage_1_64066.jpg
stage_1_64340,stage_1_64340,stage_1_64340.jpg,a2fbbaad2298862a02c4c71dfd21e78d856eac92df6cfde81edf83041efb3e1b,aeabf0ca81cac939,name:stage_1_64340,train,estagio_1,estagio_1,,False,ultralytics_curascan/datasets/estagio-nivel-12n-20-05-26/train/estagio_1/stage_1_64340.jpg
stage_1_64761,stage_1_64761,stage_1_64761.jpg,fe0f8352bf123d1c678134da5667dff979c21462db2e86ac21105aa3a8505cbf,bebfc1e0088ce4e6,name:stage_1_64761,train,estagio_1,estagio_1,,False,ultralytics_curascan/datasets/estagio-nivel-12n-20-05-26/test/estagio_1/stage_1_64761.jpg
stage_1_64902,stage_1_64902,stage_1_64902.jpg,b17bff2d44bb0a7993eafb9ea430904a3d03104f04c1b0b8d3f17df054acb287,a8308fcfc9ce24e3,name:stage_1_64902,train,estagio_2,estagio_2,,False,ultralytics_curascan/datasets/estagio-nivel-12n-20-05-26/train/estagio_2/stage_1_64902.jpg
stage_1_64923,stage_1_64923,stage_1_64923.jpg,fdf25e5d8fe3241b7e27333b63efbf2d092fbae466a176a2ea27505e0661b027,fc477c827a817887,name:stage_1_64923,train,estagio_1,estagio_1,,False,ultralytics_curascan/datasets/estagio-nivel-12n-20-05-26/test/estagio_1/stage_1_64923.jpg
stage_1_65864,stage_1_65864,stage_1_65864.jpg,a07fe84499bb7da0c36824502e814480111b0e0cdcc82996bd5df9e1455fa677,fb2e01ae52b528dc,name:stage_1_65864,train,estagio_1,estagio_1,,False,ultralytics_curascan/datasets/estagio-nivel-12n-20-05-26/train/estagio_1/stage_1_65864.jpg
stage_1_65926,stage_1_65926,stage_1_65926.jpg,eb0d487188054e94d15cfa01ffd7f9da9df783f7f4b1fdca15be10780f378e86,eab194cac9e5a4d2,name:stage_1_65926,train,estagio_1,estagio_1,,False,ultralytics_curascan/datasets/estagio-nivel-12n-20-05-26/train/estagio_1/stage_1_65926.jpg
stage_1_66343,stage_1_66343,stage_1_66343.jpg,d7b838a0eade28b3fac3a29166218bd8d31e71bdd0c3810241f6d68767e43eb7,aaaa95ca8d197655,name:stage_1_66343,train,estagio_1,estagio_1,,False,ultralytics_curascan/datasets/estagio-nivel-12n-20-05-26/test/estagio_1/stage_1_66343.jpg
stage_1_66363,stage_1_66363,stage_1_66363.jpg,13d4acf755a6187c81103c6debcfb67a092f7dde7541d7919c034048449b81a6,dc9c7303035b7a0f,name:stage_1_66363,train,estagio_1,estagio_1,,False,ultralytics_curascan/datasets/estagio-nivel-12n-20-05-26/train/estagio_1/stage_1_66363.jpg
stage_1_66376,stage_1_66376,stage_1_66376.jpg,d3bda6f655658046c9786d231623d050cb98b7f309891e89a2bbd729a5ea09c9,b8baea95d8a4d289,name:stage_1_66376,train,estagio_1,estagio_1,,False,ultralytics_curascan/datasets/estagio-nivel-12n-20-05-26/train/estagio_1/stage_1_66376.jpg
stage_1_68506,stage_1_68506,stage_1_68506.jpg,d7b04f8633e4483dbc49742b37cf67b128425a5244f63e62ea9444389ebc291b,e8e85eb298c7878c,name:stage_1_68506,train,estagio_1,estagio_1,,False,ultralytics_curascan/datasets/estagio-nivel-12n-20-05-26/val/estagio_1/stage_1_68506.jpg
stage_1_68712,stage_1_68712,stage_1_68712.jpg,a54d7a1a3519d3f36d567a5889a1bd2bea8a632ebaf744b5389af90ca97f87ec,aa48953d4b3ae61e,name:stage_1_68712,train,estagio_1,estagio_1,,False,ultralytics_curascan/datasets/estagio-nivel-12n-20-05-26/train/estagio_1/stage_1_68712.jpg
stage_1_70402,stage_1_70402,stage_1_70402.jpg,3f8e52c8710358439d3f800a67548cb7177eaf5b2bd76a42e443ea90bbc52461,81ba4fd52ad265ca,name:stage_1_70402,train,estagio_1,estagio_1,,False,ultralytics_curascan/datasets/estagio-nivel-12n-20-05-26/val/estagio_1/stage_1_70402.jpg
stage_1_7130,stage_1_7130,stage_1_7130.jpg,72aa5fe0bba586ed8900103458e6f6fc95270e6d2fd847bc978775e496c7a904,aa9cc03723e30fd9,name:stage_1_7130,train,estagio_1,estagio_1,,False,ultralytics_curascan/datasets/estagio-nivel-12n-20-05-26/train/estagio_1/stage_1_7130.jpg
stage_1_72077,stage_1_72077,stage_1_72077.jpg,f2302d51c8de5405b8439779806766c02e3f446e291aeaa43d550a4ab6c4a652,effc9e4ea3a03180,name:stage_1_72077,train,estagio_1,estagio_1,,False,ultralytics_curascan/datasets/estagio-nivel-12n-20-05-26/test/estagio_1/stage_1_72077.jpg
stage_1_73024,stage_1_73024,stage_1_73024.jpg,4f38bf61d02132cedc4512aee7a4ac3a293fa0d82ec2e3b018ee695295767766,f2850dc37c86790f,name:stage_1_73024,train,estagio_1,estagio_1,,False,ultralytics_curascan/datasets/estagio-nivel-12n-20-05-26/train/estagio_1/stage_1_73024.jpg
stage_1_73442,stage_1_73442,stage_1_73442.jpg,3935530ba7acfed8c9f7a21d6301fd3034e9abfb1ae904ea7d8294182d6c15ff,f99ea46952d1852d,name:stage_1_73442,train,estagio_1,estagio_1,,False,ultralytics_curascan/datasets/estagio-nivel-12n-20-05-26/test/estagio_1/stage_1_73442.jpg
stage_1_74781,stage_1_74781,stage_1_74781.jpg,75aca90166424b4999a72cff00f01683858c7093fe939eebb41d34546ec2832f,ae92e0789760ae73,name:stage_1_74781,train,estagio_1,estagio_1,,False,ultralytics_curascan/datasets/estagio-nivel-12n-20-05-26/train/estagio_1/stage_1_74781.jpg
stage_1_78682,stage_1_78682,stage_1_78682.jpg,08ac5b90d2a72fd510c8250dbcf23b2374f8503327939c36db5bb19cd543ad70,dda4e0333b933562,name:stage_1_78682,train,estagio_1,estagio_1,,False,ultralytics_curascan/datasets/estagio-nivel-12n-20-05-26/val/estagio_1/stage_1_78682.jpg
stage_1_82536,stage_1_82536,stage_1_82536.jpg,cd28eb005ea2277b0f61b25bdd6ee4a21ef482f58d813740a5b9a1bd056fc332,b86c67309f06e399,name:stage_1_82536,train,estagio_1,estagio_1,,False,ultralytics_curascan/datasets/estagio-nivel-12n-20-05-26/train/estagio_1/stage_1_82536.jpg
stage_1_83412,stage_1_83412,stage_1_83412.jpg,068efdaa2547b94a20b304bcdd9a4ce8369fd50efd5ecefe585ec38b4ae2a6b7,fcb5609ab0cd1a66,name:stage_1_83412,train,estagio_1,estagio_1,,False,ultralytics_curascan/datasets/estagio-nivel-12n-20-05-26/train/estagio_1/stage_1_83412.jpg
stage_1_84542,stage_1_84542,stage_1_84542.jpg,0fe5f4e1847b01689026e37e881f034879056ff727334e08a647f5114379e1b2,f8a685898cc5cbce,name:stage_1_84542,train,estagio_1,estagio_1,,False,ultralytics_curascan/datasets/estagio-nivel-12n-20-05-26/train/estagio_1/stage_1_84542.jpg
stage_1_8489,stage_1_8489,stage_1_8489.jpg,cf6af9f01b77db46a3b245247907d97b7a6fd2fac0e01a12210c4c49c3e80ec6,cae872c96ad5a2c5,name:stage_1_8489,train,estagio_1,estagio_1,,False,ultralytics_curascan/datasets/estagio-nivel-12n-20-05-26/test/estagio_1/stage_1_8489.jpg
stage_1_88669,stage_1_88669,stage_1_88669.jpg,727df232870edc8d1eeee1a9c607414404e9698bad04db9dc393ce92d6bed60b,e7c091868d8f9cba,name:stage_1_88669,train,estagio_1,estagio_1,,False,ultralytics_curascan/datasets/estagio-nivel-12n-20-05-26/train/estagio_1/stage_1_88669.jpg
stage_1_90914,stage_1_90914,stage_1_90914.jpg,0bf3b03bf41a556ed8fdde451547a15b13b3c13cead9a3f197cb67224ad4e053,a2bc9fc0df8e2462,name:stage_1_90914,train,estagio_1,estagio_1,,False,ultralytics_curascan/datasets/estagio-nivel-12n-20-05-26/val/estagio_1/stage_1_90914.jpg
stage_1_92025,stage_1_92025,stage_1_92025.jpg,d9b30bf606d58edaf810ffce70137ca759b64276f1d841059c8aa868ff1307ec,ba858d4ac47197b5,name:stage_1_92025,train,estagio_1,estagio_1,,False,ultralytics_curascan/datasets/estagio-nivel-12n-20-05-26/test/estagio_1/stage_1_92025.jpg
stage_1_92223,stage_1_92223,stage_1_92223.jpg,5882a9119d5ae4025321c98dacb928909f7bf34bd6508a96dd22df7c2db313de,f5999ae731314493,name:stage_1_92223,train,estagio_1,estagio_1,,False,ultralytics_curascan/datasets/estagio-nivel-12n-20-05-26/train/estagio_1/stage_1_92223.jpg
stage_1_93900,stage_1_93900,stage_1_93900.jpg,1a28eb87e8355b9f9314ffc96aba0e7aa84fd0d0c693d042276593b89a0e6111,efd1851b1e681aa5,name:stage_1_93900,train,estagio_1,estagio_1,,False,ultralytics_curascan/datasets/estagio-nivel-12n-20-05-26/train/estagio_1/stage_1_93900.jpg
stage_1_94025,stage_1_94025,stage_1_94025.jpg,04736e4ed7f210fcbf3aab71d928cff93ed30080f223ee3808d97a13546b50c6,da1ba4a7a4d3d24c,name:stage_1_94025,train,estagio_1,estagio_1,,False,ultralytics_curascan/datasets/estagio-nivel-12n-20-05-26/test/estagio_1/stage_1_94025.jpg
stage_1_96674,stage_1_96674,stage_1_96674.jpg,788f2c8e489175122853f8a3dcd00820593f895e6087e55be8156428536973c1,d2f00e1e79039dce,name:stage_1_96674,train,estagio_1,estagio_1,,False,ultralytics_curascan/datasets/estagio-nivel-12n-20-05-26/train/estagio_1/stage_1_96674.jpg
stage_1_97667,stage_1_97667,stage_1_97667.jpg,e62194b117f4335ea3cacdb69c2d7a9febf996052e8bc885d72ac8f8256caa57,fd47e01ccb18e139,name:stage_1_97667,train,estagio_1,estagio_1,,False,ultralytics_curascan/datasets/estagio-nivel-12n-20-05-26/train/estagio_1/stage_1_97667.jpg
stage_1_99197,stage_1_99197,stage_1_99197.jpg,79fc97c674b5ee9faeae6e0aea6f1f2e112a43a30df4d1b108b2fc4aa8f24f0a,fe95aad4399aa441,name:stage_1_99197,train,estagio_1,estagio_1,,False,ultralytics_curascan/datasets/estagio-nivel-12n-20-05-26/train/estagio_1/stage_1_99197.jpg
stage_1_9953,stage_1_9953,stage_1_9953.jpg,74598fc8eb5d439878fafbc921ea299bb3fa1942aef6455e7ed361468e0ba5f4,ab8fb2b5c9b82ca0,name:stage_1_9953,train,estagio_1,estagio_1,,False,ultralytics_curascan/datasets/estagio-nivel-12n-20-05-26/train/estagio_1/stage_1_9953.jpg
stage_1_99608,stage_1_99608,stage_1_99608.jpg,b65538f28809db71490771014c29d5ce1388fa912c0a556b15bdfc56045f83ff,fdf9e08086979998,name:stage_1_99608,train,estagio_1,estagio_1,,False,ultralytics_curascan/datasets/estagio-nivel-12n-20-05-26/train/estagio_1/stage_1_99608.jpg
stage_2_10282,stage_2_10282,stage_2_10282.jpg,bb32482ba713aee9368cbc3d96d11813fd91e4afa224d7cea411b749257b86e0,f7f480ebc6591886,name:stage_2_10282,train,estagio_2,estagio_2,,False,ultralytics_curascan/datasets/estagio-nivel-12n-20-05-26/train/estagio_2/stage_2_10282.jpg
stage_2_10933,stage_2_10933,stage_2_10933.jpg,1deba7cc2ad749db62f57204562d2d1814f967f7f47674f437c1e814ede72dfd,abb0cc64937372cc,name:stage_2_10933,train,estagio_2,estagio_2,,False,ultralytics_curascan/datasets/estagio-nivel-12n-20-05-26/test/estagio_2/stage_2_10933.jpg
stage_2_1112,stage_2_1112,stage_2_1112.jpg,abd5cc6757601658c4753730a00c2d1bdadd10d0d8e5582d8696f164ae45c60c,a249d1b6da358e95,name:stage_2_1112,train,estagio_2,estagio_2,,False,ultralytics_curascan/datasets/estagio-nivel-12n-20-05-26/train/estagio_2/stage_2_1112.jpg
stage_2_11218,stage_2_11218,stage_2_11218.jpg,c322e62b8c0378f63630394ef82838b857d252dff72acd27d2e5950ed01f65d4,c7c3ce9c610bcc9c,name:stage_2_11218,train,estagio_2,estagio_2,,False,ultralytics_curascan/datasets/estagio-nivel-12n-20-05-26/train/estagio_2/stage_2_11218.jpg
stage_2_11261,stage_2_11261,stage_2_11261.jpg,4ae5b9a75e8c49bcf4398ba9796970f7be624fea2061f6f60d5014b914747a0e,ad3a9265b65b498c,name:stage_2_11261,train,estagio_2,estagio_2,,False,ultralytics_curascan/datasets/estagio-nivel-12n-20-05-26/val/estagio_2/stage_2_11261.jpg
stage_2_11938,stage_2_11938,stage_2_11938.jpg,fe5bbbe42cf34fef7c3a1270ccc388421be171facdbd6cb24bd62e2af11a64d9,90cb2bb5399b81b5,name:stage_2_11938,train,estagio_2,estagio_2,,False,ultralytics_curascan/datasets/estagio-nivel-12n-20-05-26/train/estagio_2/stage_2_11938.jpg
stage_2_11956,stage_2_11956,stage_2_11956.jpg,28645495e9f58940e6336a8af0303f4fb0f73f5f42552826359d326f4ec3dcd1,fde4a0929e51f189,name:stage_2_11956,train,estagio_2,estagio_2,,False,ultralytics_curascan/datasets/estagio-nivel-12n-20-05-26/train/estagio_2/stage_2_11956.jpg
stage_2_12175,stage_2_12175,stage_2_12175.jpg,43d026316c5489cf5cf9afce2f2fe9930dfc6fafb99338fa2baea1ca9a636280,8bfc34a3c4cc965c,name:stage_2_12175,train,estagio_3,nao_classificavel,estagio_3,True,ultralytics_curascan/datasets/estagio-nivel-34n-20-05-26/train/estagio_3/stage_2_12175.jpg
stage_2_12268,stage_2_12268,stage_2_12268.jpg,69cd6a4dfc332b50e794a706da77524f4fac6de54f61d30cbdf9603ac426ba7f,e9f990ff00ec00f3,name:stage_2_12268,train,estagio_2,estagio_2,,False,ultralytics_curascan/datasets/estagio-nivel-12n-20-05-26/train/estagio_2/stage_2_12268.jpg
stage_2_12372,stage_2_12372,stage_2_12372.jpg,4008d27a36679c1d7f6856ec80e6657e3e2328e196d11ba33cc1ea49c2545df5,b2e6f4998f061d98,name:stage_2_12372,train,estagio_2,estagio_2,,False,ultralytics_curascan/datasets/estagio-nivel-12n-20-05-26/val/estagio_2/stage_2_12372.jpg
stage_2_12646,stage_2_12646,stage_2_12646.jpg,d3e01f6989334c8e966a8ef0e539acf0c7cc3985b5974618b0cd6bf9a0785cde,c0923fc546fa40f7,name:stage_2_12646,train,estagio_2,estagio_2,,False,ultralytics_curascan/datasets/estagio-nivel-12n-20-05-26/train/estagio_2/stage_2_12646.jpg
stage_2_13031,stage_2_13031,stage_2_13031.jpg,572fcc2ff65bc6ada550bd46df50d3dfc2224f8fbd0d2aea276da503f04bbe80,da556ad4b58838d3,name:stage_2_13031,train,estagio_2,estagio_2,,False,ultralytics_curascan/datasets/estagio-nivel-12n-20-05-26/train/estagio_2/stage_2_13031.jpg
stage_2_13127,stage_2_13127,stage_2_13127.jpg,97421d27596a9615d7f6d3b7d6d1e56465847c57ca8ed17c3a0c62a6988c182b,afcad23161e58539,name:stage_2_13127,train,estagio_2,estagio_2,,False,ultralytics_curascan/datasets/estagio-nivel-12n-20-05-26/train/estagio_2/stage_2_13127.jpg
stage_2_13151,stage_2_13151,stage_2_13151.jpg,b129b19243ee1f263a83a38951df33ba0b814d5737da0086569a5f5aa1018ed5,fe7c07b06ca198b4,name:stage_2_13151,train,estagio_2,estagio_2,,False,ultralytics_curascan/datasets/estagio-nivel-12n-20-05-26/train/estagio_2/stage_2_13151.jpg
stage_2_13253,stage_2_13253,stage_2_13253.jpg,6ff18b4f268b35a6b54a275bfa606da9ba14933b38ebfb682b99ad7c119951b2,b5beaa4231556c99,name:stage_2_13253,train,estagio_3,nao_classificavel,estagio_3,True,ultralytics_curascan/datasets/estagio-nivel-34n-20-05-26/train/estagio_3/stage_2_13253.jpg
stage_2_1358,stage_2_1358,stage_2_1358.jpg,46f721ca53ec27e978198864c8c06d9fbfb021ed1cbe36289c20979b51d89fb9,f8a8c73d948631f8,name:stage_2_1358,train,estagio_2,estagio_2,,False,ultralytics_curascan/datasets/estagio-nivel-12n-20-05-26/val/estagio_2/stage_2_1358.jpg
stage_2_13698,stage_2_13698,stage_2_13698.jpg,81866cd1f821cce32c52ff99723c64a2aeb2d1a83327c8f6452b23466e7f696c,c0be9f9971e48c98,name:stage_2_13698,train,estagio_2,estagio_2,,False,ultralytics_curascan/datasets/estagio-nivel-12n-20-05-26/train/estagio_2/stage_2_13698.jpg
stage_2_13772,stage_2_13772,stage_2_13772.jpg,10058b00731c0cfb18b8433cd5de9c40b71f7b85fa6e62068887dc375da40b39,9a9ee52dc63319c8,name:stage_2_13772,train,estagio_2,estagio_2,,False,ultralytics_curascan/datasets/estagio-nivel-12n-20-05-26/val/estagio_2/stage_2_13772.jpg
stage_2_13877,stage_2_13877,stage_2_13877.jpg,6ab65a121bc42d4fd055a9ebe8423564d9eee4b155a3f70f0b414f9cf73d2bcd,ebccbcf12082cb66,name:stage_2_13877,train,estagio_3,nao_classificavel,estagio_3,True,ultralytics_curascan/datasets/estagio-nivel-34n-20-05-26/test/estagio_3/stage_2_13877.jpg
stage_2_13929,stage_2_13929,stage_2_13929.jpg,4d3d14bdd07e08436109f7247804fb7ff1cdac6519208eadcbe72c14c1480195,aecad057c3b15b30,name:stage_2_13929,train,estagio_2,estagio_2,,False,ultralytics_curascan/datasets/estagio-nivel-12n-20-05-26/train/estagio_2/stage_2_13929.jpg
stage_2_14687,stage_2_14687,stage_2_14687.jpg,6964477aad533b2e15b76901a9af30dd91d57392e9576d7a12fdc6f768accf28,fbb08506dec9c8c6,name:stage_2_14687,train,estagio_2,estagio_2,,False,ultralytics_curascan/datasets/estagio-nivel-12n-20-05-26/train/estagio_2/stage_2_14687.jpg
stage_2_15421,stage_2_15421,stage_2_15421.jpg,f381aa0b904841c8370a2096bc7753bbf5fb85acd2a54605f78508265d3c9fa9,ac9ac3cd96343593,name:stage_2_15421,train,estagio_3,nao_classificavel,estagio_3,True,ultralytics_curascan/datasets/estagio-nivel-34n-20-05-26/train/estagio_3/stage_2_15421.jpg
stage_2_16326,stage_2_16326,stage_2_16326.jpg,0bd584ffdd3f26b7390924e3c19f442fa571d151e6b0c355173458fb564a362a,fce2f20ccd58d262,name:stage_2_16326,train,estagio_2,estagio_2,,False,ultralytics_curascan/datasets/estagio-nivel-12n-20-05-26/train/estagio_2/stage_2_16326.jpg
stage_2_16609,stage_2_16609,stage_2_16609.jpg,fb1bffb01a9cc24cb4d48314fabeeeaae5c88ca0cb822f07bae966108b4b736f,f2d1a74a95a99265,name:stage_2_16609,train,estagio_2,estagio_2,,False,ultralytics_curascan/datasets/estagio-nivel-12n-20-05-26/train/estagio_2/stage_2_16609.jpg
stage_2_17476,stage_2_17476,stage_2_17476.jpg,395e4fbb2347f7b106167df1d4df78508b3b802710cb353480cebb3d6bd2ca83,bfc3f7708811070f,name:stage_2_17476,train,nao_classificavel,nao_classificavel,nao_classificavel,True,ultralytics_curascan/datasets/estagio-nivel-12n-20-05-26/train/nao_classificavel/stage_2_17476.jpg
stage_2_17957,stage_2_17957,stage_2_17957.jpg,7d50de68831892ff910201577eaa20565e3a5f4419074b84da291e90a4e0ddb6,b5e2ce64d192e88d,name:stage_2_17957,train,estagio_2,estagio_2,,False,ultralytics_curascan/datasets/estagio-nivel-12n-20-05-26/train/estagio_2/stage_2_17957.jpg
stage_2_19041,stage_2_19041,stage_2_19041.jpg,79161d21fc484eecd1492e4692f6fd3a62e7078339e7f76a5c477fcc5785c6e1,aba7d4c14c6b8e94,name:stage_2_19041,train,estagio_2,estagio_2,,False,ultralytics_curascan/datasets/estagio-nivel-12n-20-05-26/test/estagio_2/stage_2_19041.jpg
stage_2_19241,stage_2_19241,stage_2_19241.jpg,799ecf864953f788e0cf49881009c85e3c2ae182df519cb9917cc3ef0d030de6,f9c68638e3cece02,name:stage_2_19241,train,estagio_2,estagio_2,,False,ultralytics_curascan/datasets/estagio-nivel-12n-20-05-26/train/estagio_2/stage_2_19241.jpg
stage_2_19708,stage_2_19708,stage_2_19708.jpg,914e5de5711e42dd72c298b98e02d12f4c64c96d61f30ecd99ac45652797e333,ab0de5f0bf51884a,name:stage_2_19708,train,estagio_2,estagio_2,,False,ultralytics_curascan/datasets/estagio-nivel-12n-20-05-26/val/estagio_2/stage_2_19708.jpg
stage_2_19858,stage_2_19858,stage_2_19858.jpg,ece10ead024c5e72997098d6236ed8b2c22f3d2857550db26949a9d4bffd96d4,bb00c626f8999bec,name:stage_2_19858,train,estagio_2,estagio_2,,False,ultralytics_curascan/datasets/estagio-nivel-12n-20-05-26/train/estagio_2/stage_2_19858.jpg
stage_2_19978,stage_2_19978,stage_2_19978.jpg,5ab817c8a6d54efa60d398dae66e990bdead87952095bae2448052b6439c41a1,e88cd1bac1bbc1b8,name:stage_2_19978,train,estagio_2,estagio_2,,False,ultralytics_curascan/datasets/estagio-nivel-12n-20-05-26/train/estagio_2/stage_2_19978.jpg
stage_2_2031,stage_2_2031,stage_2_2031.jpg,66fda535fdc35b05bc7101dbc65811bda06eac15d5777da5008bcf0f69e65d2c,eecce1338c86e619,name:stage_2_2031,train,estagio_2,estagio_2,,False,ultralytics_curascan/datasets/estagio-nivel-12n-20-05-26/train/estagio_2/stage_2_2031.jpg
stage_2_20417,stage_2_20417,stage_2_20417.jpg,2615178955c9d163d9dfd92cff608a6ad41592328587d057e22be4503e91e568,b206ce19e5cf318d,name:stage_2_20417,train,estagio_2,estagio_2,,False,ultralytics_curascan/datasets/estagio-nivel-12n-20-05-26/train/estagio_2/stage_2_20417.jpg
stage_2_20465,stage_2_20465,stage_2_20465.jpg,9326e1b6549b82b763066eeab5162fcf99019fd5df139fd81d5d2e91242774e7,ff9ed8c8c8c0e0e2,name:stage_2_20465,train,estagio_2,estagio_2,,False,ultralytics_curascan/datasets/estagio-nivel-12n-20-05-26/train/estagio_2/stage_2_20465.jpg
stage_2_20581,stage_2_20581,stage_2_20581.jpg,ca3432904653812a95e621b0ede38618b411d5c8e75e39a54d051c199da27f60,e1ce78e18e7060de,name:stage_2_20581,train,estagio_2,estagio_2,,False,ultralytics_curascan/datasets/estagio-nivel-12n-20-05-26/train/estagio_2/stage_2_20581.jpg
stage_2_20594,stage_2_20594,stage_2_20594.jpg,3904ea9aaba59ec8ea15e68e31211997998e39dcac272e5c3004592a4a6f8991,93b9cccf3309ccc4,name:stage_2_20594,train,estagio_2,estagio_2,,False,ultralytics_curascan/datasets/estagio-nivel-12n-20-05-26/train/estagio_2/stage_2_20594.jpg
stage_2_20708,stage_2_20708,stage_2_20708.jpg,a6f52962fd54d3305145f38caa59452020cd605829b594645aff76f8479f265a,ed42f371ca46862d,name:stage_2_20708,train,estagio_2,estagio_2,,False,ultralytics_curascan/datasets/estagio-nivel-12n-20-05-26/train/estagio_2/stage_2_20708.jpg
stage_2_20727,stage_2_20727,stage_2_20727.jpg,67e60552573cef76eacd081c460df011c2531d7696135f849ea90ba127c2d5c4,fe84e896b1893e31,name:stage_2_20727,train,estagio_2,estagio_2,,False,ultralytics_curascan/datasets/estagio-nivel-12n-20-05-26/train/estagio_2/stage_2_20727.jpg
stage_2_20980,stage_2_20980,stage_2_20980.jpg,c2340033cfcfb34b8a3fe6c9048947b276f42bfd435f2ac47a7cc1e46923730e,aa69952ddab44c95,name:stage_2_20980,train,estagio_2,estagio_2,,False,ultralytics_curascan/datasets/estagio-nivel-12n-20-05-26/train/estagio_2/stage_2_20980.jpg
stage_2_21898,stage_2_21898,stage_2_21898.jpg,38926f509b7dc87b65c97f0b4f8c89d413992f55f0cc796306a52f42802bd377,939e3cc83366b233,name:stage_2_21898,train,estagio_2,estagio_2,,False,ultralytics_curascan/datasets/estagio-nivel-12n-20-05-26/train/estagio_2/stage_2_21898.jpg
stage_2_22600,stage_2_22600,stage_2_22600.jpg,bce0ae5361eaa4db415c817effc04241c254cae5924610669e1440bea05f90ba,cf3078c7ba0cb863,name:stage_2_22600,train,estagio_2,estagio_2,,False,ultralytics_curascan/datasets/estagio-nivel-12n-20-05-26/val/estagio_2/stage_2_22600.jpg
stage_2_23460,stage_2_23460,stage_2_23460.jpg,075ef91277de9034907ec0dcc2e35b578f646d2d6bb9c9546e2405809fa3737c,872f9c4a23bc4d2b,name:stage_2_23460,train,estagio_2,estagio_2,,False,ultralytics_curascan/datasets/estagio-nivel-12n-20-05-26/val/estagio_2/stage_2_23460.jpg
stage_2_23705,stage_2_23705,stage_2_23705.jpg,0c0c56ada45a26d9addbbab9590369ecd8dd1778adf5716cb09578dcd5176e3b,c9c0b639af249c9d,name:stage_2_23705,train,estagio_2,estagio_2,,False,ultralytics_curascan/datasets/estagio-nivel-12n-20-05-26/train/estagio_2/stage_2_23705.jpg
stage_2_23814,stage_2_23814,stage_2_23814.jpg,b27dbb1535a6905af8bfc292644d60a152f1bce8544d37d09585b319ba06f20a,add0f2e3c70cce30,name:stage_2_23814,train,estagio_2,estagio_2,,False,ultralytics_curascan/datasets/estagio-nivel-12n-20-05-26/train/estagio_2/stage_2_23814.jpg
stage_2_24105,stage_2_24105,stage_2_24105.jpg,9eb6daa8a3b137ce65cc0e4fb7ee3e653da3e3b6e2ef79a204edf5fac932a13e,e7a298dd6d8990b4,name:stage_2_24105,train,estagio_2,estagio_2,,False,ultralytics_curascan/datasets/estagio-nivel-12n-20-05-26/train/estagio_2/stage_2_24105.jpg
stage_2_25171,stage_2_25171,stage_2_25171.jpg,7e9cdb00978f28af136c11e36979d18e11d50d81afc244b56adaba6ec97686d5,aa97317876e34159,name:stage_2_25171,train,estagio_2,estagio_2,,False,ultralytics_curascan/datasets/estagio-nivel-12n-20-05-26/train/estagio_2/stage_2_25171.jpg
stage_2_25784,stage_2_25784,stage_2_25784.jpg,4db9eb0cab76ab893a92648bc881e8d82b87761ae7ced01668ab7cea2c163ca2,ecd3a15aa459952b,name:stage_2_25784,train,estagio_2,estagio_2,,False,ultralytics_curascan/datasets/estagio-nivel-12n-20-05-26/train/estagio_2/stage_2_25784.jpg
stage_2_26475,stage_2_26475,stage_2_26475.jpg,e0835eecfb3276c98effc13948d44c0876eab32f0a0741956f186823badd5dd4,fe35a565a58d4981,name:stage_2_26475,train,estagio_2,estagio_2,,False,ultralytics_curascan/datasets/estagio-nivel-12n-20-05-26/train/estagio_2/stage_2_26475.jpg
stage_2_27385,stage_2_27385,stage_2_27385.jpg,61fef4f1f258c30f3d91053f7255640746ff52cb97d1aad3c6996510731e266b,ffc0e137c298899a,name:stage_2_27385,train,estagio_2,estagio_2,,False,ultralytics_curascan/datasets/estagio-nivel-12n-20-05-26/test/estagio_2/stage_2_27385.jpg
stage_2_27451,stage_2_27451,stage_2_27451.jpg,1422e4a010de431fba1f6cac926b341013f402386684b3c703d35cd3aa6900d6,eaf7bc29c2b03431,name:stage_2_27451,train,estagio_2,estagio_2,,False,ultralytics_curascan/datasets/estagio-nivel-12n-20-05-26/train/estagio_2/stage_2_27451.jpg
stage_2_27596,stage_2_27596,stage_2_27596.jpg,09f4743d91c999790e7a2bc461123bf21d67fa57d6ebd79ef04faaa4e4fd1bcc,fba690d095a333e4,name:stage_2_27596,train,estagio_2,estagio_2,,False,ultralytics_curascan/datasets/estagio-nivel-12n-20-05-26/val/estagio_2/stage_2_27596.jpg
stage_2_28155,stage_2_28155,stage_2_28155.jpg,5c49270e284efade8ff28d0ff2617b8facea45b8986fd8cc30cb7d635589bbbf,e9ec21d3ceb024cd,name:stage_2_28155,train,estagio_3,nao_classificavel,estagio_3,True,ultralytics_curascan/datasets/estagio-nivel-34n-20-05-26/val/estagio_3/stage_2_28155.jpg
stage_2_28660,stage_2_28660,stage_2_28660.jpg,4b13c76aa07d9700e497810007ce098b8ca3d7fd69f995d7a6627136e094ab19,b0d881eb862d9aee,name:stage_2_28660,train,estagio_2,estagio_2,,False,ultralytics_curascan/datasets/estagio-nivel-12n-20-05-26/test/estagio_2/stage_2_28660.jpg
stage_2_28768,stage_2_28768,stage_2_28768.jpg,f4aeffb5f522aff3eea05878b867c1fe6e8934e04ff6680c9fe2353e928d7546,bae9c56ce6617130,name:stage_2_28768,train,estagio_2,estagio_2,,False,ultralytics_curascan/datasets/estagio-nivel-12n-20-05-26/train/estagio_2/stage_2_28768.jpg
stage_2_2946,stage_2_2946,stage_2_2946.jpg,4c40254eee02b710d979e12a34689823d3cfd67475510060e51c31f856a51e6d,ffa59052bdc548a4,name:stage_2_2946,train,estagio_2,estagio_2,,False,ultralytics_curascan/datasets/estagio-nivel-12n-20-05-26/train/estagio_2/stage_2_2946.jpg
stage_2_30373,stage_2_30373,stage_2_30373.jpg,a0d6ef1b182c69f4fd7219f9a90d941967bb9dcfce41cfe947cf60e01db4a071,fee684b46ad89192,name:stage_2_30373,train,estagio_2,estagio_2,,False,ultralytics_curascan/datasets/estagio-nivel-12n-20-05-26/train/estagio_2/stage_2_30373.jpg
stage_2_3097,stage_2_3097,stage_2_3097.jpg,9933daab24a99056585104f480e1f472b5f582dd552f579cecc58500729235aa,e5e592b221cd9c36,name:stage_2_3097,train,estagio_2,estagio_2,,False,ultralytics_curascan/datasets/estagio-nivel-12n-20-05-26/train/estagio_2/stage_2_3097.jpg
stage_2_31044,stage_2_31044,stage_2_31044.jpg,4023a5acd7ee458d048e2140855e60c913f362384bfd3fcdacd46ea2a1abbb30,d6b1e998274349ec,name:stage_2_31044,train,estagio_3,nao_classificavel,estagio_3,True,ultralytics_curascan/datasets/estagio-nivel-34n-20-05-26/train/estagio_3/stage_2_31044.jpg
stage_2_31300,stage_2_31300,stage_2_31300.jpg,405bf83ea344f4352e95d4389c5ae7e3bf2795834f8386b516fa9820dfa09b50,bc9ec3834e2e93c1,name:stage_2_31300,train,estagio_2,estagio_2,,False,ultralytics_curascan/datasets/estagio-nivel-12n-20-05-26/train/estagio_2/stage_2_31300.jpg
stage_2_31741,stage_2_31741,stage_2_31741.jpg,052d95650f52a3568a13947edf757ece6219c67c8b2ac6e83f1467d554415c71,be02d96f80ffd300,name:stage_2_31741,train,estagio_2,estagio_2,,False,ultralytics_curascan/datasets/estagio-nivel-12n-20-05-26/train/estagio_2/stage_2_31741.jpg
stage_2_32526,stage_2_32526,stage_2_32526.jpg,065f4fde15762efb3a03b0d966a9622018968f904eb5a597754a435336534f97,b167cab8a17cb129,name:stage_2_32526,train,estagio_2,estagio_2,,False,ultralytics_curascan/datasets/estagio-nivel-12n-20-05-26/test/estagio_2/stage_2_32526.jpg
stage_2_32846,stage_2_32846,stage_2_32846.jpg,bf1f858de199ebc84d1a5df466cd7ac9c111cc1eee9d82cb6074938095b00ee1,fa0b879696a6382e,name:stage_2_32846,train,estagio_2,estagio_2,,False,ultralytics_curascan/datasets/estagio-nivel-12n-20-05-26/train/estagio_2/stage_2_32846.jpg
stage_2_32872,stage_2_32872,stage_2_32872.jpg,ca3815e2edee3a331e4c8cd90233b617c95a00eb1567aa557cf0a2c4cbe81f2c,ea92216e36f4dc98,name:stage_2_32872,train,estagio_3,nao_classificavel,estagio_3,True,ultralytics_curascan/datasets/estagio-nivel-34n-20-05-26/test/estagio_3/stage_2_32872.jpg
stage_2_3329,stage_2_3329,stage_2_3329.jpg,8175c13433e667e8b9e537af54642caefd3730d473d9d970fb428a60d47b7c8f,eafac837c134c833,name:stage_2_3329,train,estagio_2,estagio_2,,False,ultralytics_curascan/datasets/estagio-nivel-12n-20-05-26/val/estagio_2/stage_2_3329.jpg
stage_2_33587,stage_2_33587,stage_2_33587.jpg,578d1ac603d199f1e8b1bec6eab7599402d037cf3342682138af949f9bffd121,ac74d19b9cf822a3,name:stage_2_33587,train,estagio_2,estagio_2,,False,ultralytics_curascan/datasets/estagio-nivel-12n-20-05-26/train/estagio_2/stage_2_33587.jpg
stage_2_33738,stage_2_33738,stage_2_33738.jpg,70c4992f0f4b243b97026ea376db725b0a8e46a9734411d3aacefe699fefb166,9a626a3aef988c93,name:stage_2_33738,train,estagio_2,estagio_2,,False,ultralytics_curascan/datasets/estagio-nivel-12n-20-05-26/train/estagio_2/stage_2_33738.jpg
stage_2_34845,stage_2_34845,stage_2_34845.jpg,a073c6573aac60a758afdeabff1fa53b38f0a4a4da4ae2a35665b8c248cfc405,acccf322cccc8f19,name:stage_2_34845,train,estagio_2,estagio_2,,False,ultralytics_curascan/datasets/estagio-nivel-12n-20-05-26/train/estagio_2/stage_2_34845.jpg
stage_2_35369,stage_2_35369,stage_2_35369.jpg,585a8f0a984ffddaede2e87b8409d183feb075485019a13dd6bd8d484a29d3b8,ff1fa2b0dcc89812,name:stage_2_35369,train,estagio_2,estagio_2,,False,ultralytics_curascan/datasets/estagio-nivel-12n-20-05-26/train/estagio_2/stage_2_35369.jpg
stage_2_3847,stage_2_3847,stage_2_3847.jpg,468d04ddddb2f533a2fe7fbb91561db3caf45f74c343696ed3c1e8cd59fb65de,f7ec84a1338f8c89,name:stage_2_3847,train,estagio_2,estagio_2,,False,ultralytics_curascan/datasets/estagio-nivel-12n-20-05-26/train/estagio_2/stage_2_3847.jpg
stage_2_38788,stage_2_38788,stage_2_38788.jpg,a6913661d38a9206ffd48e8d21b8f5e69c707e002f4c5831451ee6755cc772fa,da183d4fe427863a,name:stage_2_38788,train,estagio_2,estagio_2,,False,ultralytics_curascan/datasets/estagio-nivel-12n-20-05-26/train/estagio_2/stage_2_38788.jpg
stage_2_39291,stage_2_39291,stage_2_39291.jpg,6657bfb66bdada87ff8a5f41f2f8caac84037bd5fc9da846f059352f4f110b93,a03ea1a98ddc99f2,name:stage_2_39291,train,estagio_2,estagio_2,,False,ultralytics_curascan/datasets/estagio-nivel-12n-20-05-26/train/estagio_2/stage_2_39291.jpg
stage_2_39297,stage_2_39297,stage_2_39297.jpg,540759969355b99c9ab8a44f0ecff817bf4df6045f0d1429eed3d19beb1dc207,e588fc37d29d03c8,name:stage_2_39297,train,estagio_2,estagio_2,,False,ultralytics_curascan/datasets/estagio-nivel-12n-20-05-26/val/estagio_2/stage_2_39297.jpg
stage_2_39516,stage_2_39516,stage_2_39516.jpg,725e1e50985b09a43aee77d08df66758b05c6c88c9ee03e94b0c154514e7ea5a,a33c79c3c63499cc,name:stage_2_39516,train,estagio_2,estagio_2,,False,ultralytics_curascan/datasets/estagio-nivel-12n-20-05-26/train/estagio_2/stage_2_39516.jpg
stage_2_40394,stage_2_40394,stage_2_40394.jpg,59014999fcf5493a9b7cbed411fb9afd9e9b497278f594a27a920ede76ee0bc3,daeafc90e092a1f1,name:stage_2_40394,train,estagio_3,nao_classificavel,estagio_3,True,ultralytics_curascan/datasets/estagio-nivel-34n-20-05-26/train/estagio_3/stage_2_40394.jpg
stage_2_40951,stage_2_40951,stage_2_40951.jpg,9a0b69c1b5e1cf492ef8497a28b1d297e8bebdbf74e1db26cfe4d7206ec9ad2b,f4c86aeb82cecc1c,name:stage_2_40951,train,estagio_2,estagio_2,,False,ultralytics_curascan/datasets/estagio-nivel-12n-20-05-26/train/estagio_2/stage_2_40951.jpg
stage_2_41204,stage_2_41204,stage_2_41204.jpg,650debd395554086db1c780bf053ed40f69a2c21e5ad7f1fb3474c34f18763ce,e585a28293a79d9d,name:stage_2_41204,train,estagio_2,estagio_2,,False,ultralytics_curascan/datasets/estagio-nivel-12n-20-05-26/train/estagio_2/stage_2_41204.jpg
stage_2_42066,stage_2_42066,stage_2_42066.jpg,000f58b2061e88afc4fd060b2cf2ee6524e69e4b50a240d1b6a4ab71414738a8,dfe13896b11aa513,name:stage_2_42066,train,estagio_2,estagio_2,,False,ultralytics_curascan/datasets/estagio-nivel-12n-20-05-26/val/estagio_2/stage_2_42066.jpg
stage_2_42619,stage_2_42619,stage_2_42619.jpg,67b7e305de94bcb14eeaab4212c280120f4ffa22456927dda95f540f39d55bf7,ecbaf0cd8278c83c,name:stage_2_42619,train,estagio_2,estagio_2,,False,ultralytics_curascan/datasets/estagio-nivel-12n-20-05-26/train/estagio_2/stage_2_42619.jpg
stage_2_44519,stage_2_44519,stage_2_44519.jpg,097c15a300fed3c4ebdfbea64c4b3a9b2985b7b405949b3b9cfa2896327b0a5c,a66acaa86137e39c,name:stage_2_44519,train,estagio_3,nao_classificavel,estagio_3,True,ultralytics_curascan/datasets/estagio-nivel-34n-20-05-26/train/estagio_3/stage_2_44519.jpg
stage_2_45881,stage_2_45881,stage_2_45881.jpg,c07dc88d90f5e979a23da747f9d393c7e2de65afaf92108dbd17aabf4efa7496,e7e09ca4d2b3c998,name:stage_2_45881,train,estagio_2,estagio_2,,False,ultralytics_curascan/datasets/estagio-nivel-12n-20-05-26/train/estagio_2/stage_2_45881.jpg
stage_2_4719,stage_2_4719,stage_2_4719.jpg,00ab3115765e47114636bbb47e3a8709498154b2ce9fec6bc54eef0a3dd0286e,d5645ade114cb23d,name:stage_2_4719,train,estagio_2,estagio_2,,False,ultralytics_curascan/datasets/estagio-nivel-12n-20-05-26/train/estagio_2/stage_2_4719.jpg
stage_2_48005,stage_2_48005,stage_2_48005.jpg,1c26b32692d1c2781a912eb02f90206f0c460b18310e512bc5486add7324ae55,f889e71c9053b56c,name:stage_2_48005,train,estagio_2,estagio_2,,False,ultralytics_curascan/datasets/estagio-nivel-12n-20-05-26/train/estagio_2/stage_2_48005.jpg
stage_2_4805,stage_2_4805,stage_2_4805.jpg,325c451c45affe803fcabfc5d3a744b33346a8acf9852f9b289972ce1ee8efbe,ffa89898d072c693,name:stage_2_4805,train,estagio_2,estagio_2,,False,ultralytics_curascan/datasets/estagio-nivel-12n-20-05-26/val/estagio_2/stage_2_4805.jpg
stage_2_48226,stage_2_48226,stage_2_48226.jpg,87022084dfc2f16611380dbdaa15fa57992018bd8ec4ccef8a8e7b4d74d36e7d,8bb9a164e4dfc740,name:stage_2_48226,train,estagio_2,estagio_2,,False,ultralytics_curascan/datasets/estagio-nivel-12n-20-05-26/test/estagio_2/stage_2_48226.jpg
stage_2_48264,stage_2_48264,stage_2_48264.jpg,28dae4256c8a3faff6135487ed9b5ca0998cf11e016d69dbb49786b6ab923031,fa668971362e9b41,name:stage_2_48264,train,estagio_2,estagio_2,,False,ultralytics_curascan/datasets/estagio-nivel-12n-20-05-26/train/estagio_2/stage_2_48264.jpg
stage_2_48605,stage_2_48605,stage_2_48605.jpg,f88e2d871e591420d262e1732f50aab44b06ae0b1f90e880108e0b656c999978,aee89897b63da124,name:stage_2_48605,train,estagio_2,estagio_2,,False,ultralytics_curascan/datasets/estagio-nivel-12n-20-05-26/test/estagio_2/stage_2_48605.jpg
stage_2_48672,stage_2_48672,stage_2_48672.jpg,6812078fb1f85f4ffb02b942ed9d0ae7bc0c313d6fb0e352bd2cff49b9606eb5,f18d87acd8173634,name:stage_2_48672,train,estagio_2,estagio_2,,False,ultralytics_curascan/datasets/estagio-nivel-12n-20-05-26/train/estagio_2/stage_2_48672.jpg
stage_2_49156,stage_2_49156,stage_2_49156.jpg,1981bd8e8478a98dc7bd7275f64be40f8e3196c6abef4d4bc8645e4be99f5152,bb29c53ecad0258b,name:stage_2_49156,train,estagio_2,estagio_2,,False,ultralytics_curascan/datasets/estagio-nivel-12n-20-05-26/test/estagio_2/stage_2_49156.jpg
stage_2_4946,stage_2_4946,stage_2_4946.jpg,b06e8fd7ec7c00c9912bdf920bc1eef083b5bc35fdc822c0b869bd7f8a15cdff,abe2d0893bcec634,name:stage_2_4946,train,estagio_2,estagio_2,,False,ultralytics_curascan/datasets/estagio-nivel-12n-20-05-26/train/estagio_2/stage_2_4946.jpg
stage_2_49481,stage_2_49481,stage_2_49481.jpg,716a94161d0138c1950955ad488bc0d1301533cc3c17392386fcf27898828215,a38ace26d033937d,name:stage_2_49481,train,estagio_3,nao_classificavel,estagio_3,True,ultralytics_curascan/datasets/estagio-nivel-34n-20-05-26/train/estagio_3/stage_2_49481.jpg
stage_2_5028,stage_2_5028,stage_2_5028.jpg,2660c89a2f6de4fc3db6532519e31c01ba8522909925e8b2e3449332dca11650,a92efb88a59cc11b,name:stage_2_5028,train,estagio_2,estagio_2,,False,ultralytics_curascan/datasets/estagio-nivel-12n-20-05-26/train/estagio_2/stage_2_5028.jpg
stage_2_50394,stage_2_50394,stage_2_50394.jpg,844709500b5e59fd5cda9f7cf2183fd58e13523c8b056d72df23e127e83eaa5d,8db8b2c9cc3699d8,name:stage_2_50394,train,estagio_3,nao_classificavel,estagio_3,True,ultralytics_curascan/datasets/estagio-nivel-34n-20-05-26/train/estagio_3/stage_2_50394.jpg
stage_2_50779,stage_2_50779,stage_2_50779.jpg,5401eaeaa62478cae6e783fc1fe4ed3caab4d591dd95ecb14dbf14d163b723dd,e76d9d32309e9648,name:stage_2_50779,train,estagio_2,estagio_2,,False,ultralytics_curascan/datasets/estagio-nivel-12n-20-05-26/train/estagio_2/stage_2_50779.jpg
stage_2_50870,stage_2_50870,stage_2_50870.jpg,43991f13e51b3c2bc3caf5c3e4b528020706fa866671fb724bae14e59e0f3760,f6e09d462f5b3448,name:stage_2_50870,train,estagio_2,estagio_2,,False,ultralytics_curascan/datasets/estagio-nivel-12n-20-05-26/test/estagio_2/stage_2_50870.jpg
stage_2_50895,stage_2_50895,stage_2_50895.jpg,14eddbfad897559414424849779b71d9e01545502b733e5575d58a5b56636cbc,ae85d5d69c4d46c1,name:stage_2_50895,train,estagio_2,estagio_2,,False,ultralytics_curascan/datasets/estagio-nivel-12n-20-05-26/train/estagio_2/stage_2_50895.jpg
stage_2_53022,stage_2_53022,stage_2_53022.jpg,bb07bc27845096e5a366b832c9c480d3a0c44d9492d13a88a0ee1a1ad384381c,ffd0c00f3c70c38e,name:stage_2_53022,train,estagio_2,estagio_2,,False,ultralytics_curascan/datasets/estagio-nivel-12n-20-05-26/train/estagio_2/stage_2_53022.jpg
stage_2_5342,stage_2_5342,stage_2_5342.jpg,ff7a0685d3dad2be002bfa8fa12a09ded5e1258d9dd699d0ebe2751f3ea498c6,d890a50fe66e8d9a,name:stage_2_5342,train,estagio_2,estagio_2,,False,ultralytics_curascan/datasets/estagio-nivel-12n-20-05-26/train/estagio_2/stage_2_5342.jpg
stage_2_53904,stage_2_53904,stage_2_53904.jpg,a62a677140634e245afc8354fb342ae19c5e54eb4e7b271dd38a8f4aba6352dd,f1da9a6b493464a3,name:stage_2_53904,train,estagio_2,estagio_2,,False,ultralytics_curascan/datasets/estagio-nivel-12n-20-05-26/test/estagio_2/stage_2_53904.jpg
stage_2_54094,stage_2_54094,stage_2_54094.jpg,75c3ad4474a7d44b3458a02da2e0e3138a98d23d33008832affbfab78d823107,ed2f92cc8971a499,name:stage_2_54094,train,estagio_2,estagio_2,,False,ultralytics_curascan/datasets/estagio-nivel-12n-20-05-26/train/estagio_2/stage_2_54094.jpg
stage_2_54450,stage_2_54450,stage_2_54450.jpg,5318a861ad1bbfb5bb935d9055ce0f0b6bf11ea3e1579431303c2e6a7a90ed30,f24c9da336da9262,name:stage_2_54450,train,estagio_3,nao_classificavel,estagio_3,True,ultralytics_curascan/datasets/estagio-nivel-34n-20-05-26/train/estagio_3/stage_2_54450.jpg
stage_2_55537,stage_2_55537,stage_2_55537.jpg,f7822eb57325e36394fe766e1238ab182db207a378b7fab9e5d1979a6096c7cb,bdf8c0d7c5171438,name:stage_2_55537,train,estagio_2,estagio_2,,False,ultralytics_curascan/datasets/estagio-nivel-12n-20-05-26/train/estagio_2/stage_2_55537.jpg
stage_2_5591,stage_2_5591,stage_2_5591.jpg,276eaff613c04f9ae07c4ca1d6cf3eade7e84c6b04273662f840a594ba2bddde,f6c10d92197ef078,name:stage_2_5591,train,estagio_2,estagio_2,,False,ultralytics_curascan/datasets/estagio-nivel-12n-20-05-26/test/estagio_2/stage_2_5591.jpg
stage_2_56505,stage_2_56505,stage_2_56505.jpg,34b160bab6e56850b0e25ca2d6a50b8ede4d461492ac1f138275555c5463c749,faaa2aaa2e644d99,name:stage_2_56505,train,estagio_2,estagio_2,,False,ultralytics_curascan/datasets/estagio-nivel-12n-20-05-26/test/estagio_2/stage_2_56505.jpg
stage_2_56593,stage_2_56593,stage_2_56593.jpg,6b6e442f2dcdb2c4e49073d0ae723174bebb932f46d5df0a88fa258002dc2d70,fdf2860c2d333269,name:stage_2_56593,train,estagio_2,estagio_2,,False,ultralytics_curascan/datasets/estagio-nivel-12n-20-05-26/train/estagio_2/stage_2_56593.jpg
stage_2_56669,stage_2_56669,stage_2_56669.jpg,5756cdcba12f9ef81908f0b7461f57eaec3c5978f7ed87cd6b73577603bdf5e3,ad8b92ed6592092f,name:stage_2_56669,train,estagio_2,estagio_2,,False,ultralytics_curascan/datasets/estagio-nivel-12n-20-05-26/train/estagio_2/stage_2_56669.jpg
stage_2_57796,stage_2_57796,stage_2_57796.jpg,4865ad6fe04a51e5fde2df544e0a918aa6d41954f00255c7cd2f82effea53828,8bc33c3617e97c84,name:stage_2_57796,train,estagio_2,estagio_2,,False,ultralytics_curascan/datasets/estagio-nivel-12n-20-05-26/train/estagio_2/stage_2_57796.jpg
stage_2_57819,stage_2_57819,stage_2_57819.jpg,696e67de663a0304add57042027bb499d0bfce5b48bf8fbb1714fb5fb87301f2,abe1b4ca9364ce98,name:stage_2_57819,train,estagio_3,nao_classificavel,estagio_3,True,ultralytics_curascan/datasets/estagio-nivel-34n-20-05-26/train/estagio_3/stage_2_57819.jpg
stage_2_58275,stage_2_58275,stage_2_58275.jpg,9e576fe0af624d016775dc3bbed82b2d89c1bf8d43c47b89415cb2d09be9ef1e,828ced67969969c5,name:stage_2_58275,train,estagio_3,nao_classificavel,estagio_3,True,ultralytics_curascan/datasets/estagio-nivel-34n-20-05-26/train/estagio_3/stage_2_58275.jpg
stage_2_5835,stage_2_5835,stage_2_5835.jpg,45b05afdef37d6a6a404386bdfbcaf4c7aa10a79e1b8f80a78c6b39ccd1a955b,bfd6c02d899a324e,name:stage_2_5835,train,estagio_2,estagio_2,,False,ultralytics_curascan/datasets/estagio-nivel-12n-20-05-26/train/estagio_2/stage_2_5835.jpg
stage_2_58525,stage_2_58525,stage_2_58525.jpg,a17bad2bc4ca0a0ee563857de656f6a4585b59543f95ecc54f34ceb8e4af934f,a88067c63d9ab4cf,name:stage_2_58525,train,estagio_2,estagio_2,,False,ultralytics_curascan/datasets/estagio-nivel-12n-20-05-26/test/estagio_2/stage_2_58525.jpg
stage_2_58527,stage_2_58527,stage_2_58527.jpg,c88cdcad277003b548409eb9e2f32618024e0b88b1f988ff6baa7a1d5c0aa01d,bea2e1d2d2ccc932,name:stage_2_58527,train,estagio_3,nao_classificavel,estagio_3,True,ultralytics_curascan/datasets/estagio-nivel-34n-20-05-26/train/estagio_3/stage_2_58527.jpg
stage_2_59338,stage_2_59338,stage_2_59338.jpg,4eef9688e5242590c4b070c36f696af976a17378955b7e83bf6c1b3ca7367472,eee2c585b09cc29b,name:stage_2_59338,train,estagio_2,estagio_2,,False,ultralytics_curascan/datasets/estagio-nivel-12n-20-05-26/train/estagio_2/stage_2_59338.jpg
stage_2_59382,stage_2_59382,stage_2_59382.jpg,1dcc19f15c30dcbff48ae388d0767666ff66f7ce4f65e5f55a474474e87df550,d70f0c293d26717c,name:stage_2_59382,train,estagio_3,nao_classificavel,estagio_3,True,ultralytics_curascan/datasets/estagio-nivel-34n-20-05-26/train/estagio_3/stage_2_59382.jpg
stage_2_59422,stage_2_59422,stage_2_59422.jpg,dd1bf0e9e0f10264a30fb41ba3aac870a64dbc7f8737d1061328ab8b1a1db736,92eda794dae9e024,name:stage_2_59422,train,estagio_2,estagio_2,,False,ultralytics_curascan/datasets/estagio-nivel-12n-20-05-26/test/estagio_2/stage_2_59422.jpg
stage_2_60269,stage_2_60269,stage_2_60269.jpg,3e83dadc3b4387dc3c245646a739b1e25ffe6c4d9e987902f1647616e05d3dce,e09e9fc17c3cc312,name:stage_2_60269,train,estagio_2,estagio_2,,False,ultralytics_curascan/datasets/estagio-nivel-12n-20-05-26/train/estagio_2/stage_2_60269.jpg
stage_2_60339,stage_2_60339,stage_2_60339.jpg,6594e0b807f6f0680f12316c3df5dfec80f0371308a5408cc8dec447278579a8,fee039a3a68c8699,name:stage_2_60339,train,estagio_2,estagio_2,,False,ultralytics_curascan/datasets/estagio-nivel-12n-20-05-26/val/estagio_2/stage_2_60339.jpg
stage_2_6073,stage_2_6073,stage_2_6073.jpg,675abc28cf6b6e26011c61029ab3b816622827052329c04c3ad59422b2128b39,abf3e4cc9833134c,name:stage_2_6073,train,estagio_2,estagio_2,,False,ultralytics_curascan/datasets/estagio-nivel-12n-20-05-26/train/estagio_2/stage_2_6073.jpg
stage_2_61858,stage_2_61858,stage_2_61858.jpg,4046fdc36dfcbabd875dcadc5015495b776df437732147529734d0d9f539c5bf,ab06dc39db30a533,name:stage_2_61858,train,estagio_2,estagio_2,,False,ultralytics_curascan/datasets/estagio-nivel-12n-20-05-26/val/estagio_2/stage_2_61858.jpg
stage_2_62396,stage_2_62396,stage_2_62396.jpg,3b5744eb0bae686be2de9b4e0f67a38bbab56f0c70a3dafb5b2c8c5e08d65ff4,fe99d1668689714c,name:stage_2_62396,train,estagio_3,nao_classificavel,estagio_3,True,ultralytics_curascan/datasets/estagio-nivel-34n-20-05-26/train/estagio_3/stage_2_62396.jpg
stage_2_62524,stage_2_62524,stage_2_62524.jpg,0e91335c2fe4c4a1b06afa7176b34a7a119d4bc4854b2fa61afce8a2413ecfac,b0c7cf3030cb676c,name:stage_2_62524,train,estagio_2,estagio_2,,False,ultralytics_curascan/datasets/estagio-nivel-12n-20-05-26/train/estagio_2/stage_2_62524.jpg
stage_2_62700,stage_2_62700,stage_2_62700.jpg,732855fe613d1dd020cfbe65208ed0fc29d3a8951323663aa99c05bd58ad9bb3,e687c8798160bf63,name:stage_2_62700,train,estagio_2,estagio_2,,False,ultralytics_curascan/datasets/estagio-nivel-12n-20-05-26/test/estagio_2/stage_2_62700.jpg
stage_2_62883,stage_2_62883,stage_2_62883.jpg,11e26419ef178b811aa3dfa7345f6606719f4a156259524dfa5674125abe3521,d6d46bc2cc0db899,name:stage_2_62883,train,estagio_2,estagio_2,,False,ultralytics_curascan/datasets/estagio-nivel-12n-20-05-26/val/estagio_2/stage_2_62883.jpg
stage_2_6307,stage_2_6307,stage_2_6307.jpg,856f44af9dd3994f7fa945b26d413341b0e3b80cff763b6451d78346a6e16457,b33adc843334cd53,name:stage_2_6307,train,estagio_2,estagio_2,,False,ultralytics_curascan/datasets/estagio-nivel-12n-20-05-26/train/estagio_2/stage_2_6307.jpg
stage_2_63190,stage_2_63190,stage_2_63190.jpg,2d57b3394dd3e7c5b3d6832f138efec53e957b0d01de2886a7f7db1212978457,ae87b1d866e0d899,name:stage_2_63190,train,estagio_3,nao_classificavel,estagio_3,True,ultralytics_curascan/datasets/estagio-nivel-34n-20-05-26/test/estagio_3/stage_2_63190.jpg
stage_2_63592,stage_2_63592,stage_2_63592.jpg,c04a8007ca5733fcb0f273742e783123709804d041ee65a03f00ff5a677533d7,ab87ca7ec1e8c630,name:stage_2_63592,train,estagio_2,estagio_2,,False,ultralytics_curascan/datasets/estagio-nivel-12n-20-05-26/train/estagio_2/stage_2_63592.jpg
stage_2_63689,stage_2_63689,stage_2_63689.jpg,40ed419732b2a450c972c2257a4395a3e32696679946949dd18a4b3323d407ee,b848d1acca765db1,name:stage_2_63689,train,estagio_2,estagio_2,,False,ultralytics_curascan/datasets/estagio-nivel-12n-20-05-26/train/estagio_2/stage_2_63689.jpg
stage_2_63941,stage_2_63941,stage_2_63941.jpg,7d304b70976de6dd7f1573da2d96749930313631742cc8aaf8a23d48da64556c,ece0b31bc6249b99,name:stage_2_63941,train,estagio_2,estagio_2,,False,ultralytics_curascan/datasets/estagio-nivel-12n-20-05-26/train/estagio_2/stage_2_63941.jpg
stage_2_6588,stage_2_6588,stage_2_6588.jpg,e7907efe39695e73a92178a2f2931d9b48ae58718d5d08767992f07c5a7e7830,f5c2c439db466c94,name:stage_2_6588,train,estagio_3,nao_classificavel,estagio_3,True,ultralytics_curascan/datasets/estagio-nivel-34n-20-05-26/train/estagio_3/stage_2_6588.jpg
stage_2_66185,stage_2_66185,stage_2_66185.jpg,6459780654646930cf0a8c0f2a27009465f14c54cf7ab600fc9648f4616c269d,e7efedc0209c9941,name:stage_2_66185,train,estagio_3,nao_classificavel,estagio_3,True,ultralytics_curascan/datasets/estagio-nivel-34n-20-05-26/train/estagio_3/stage_2_66185.jpg
stage_2_66189,stage_2_66189,stage_2_66189.jpg,4455abe28e9ff82130a1208a409e8806179635144df1cff34e29a657a1ef9f47,ba91d04aeae9a94d,name:stage_2_66189,train,estagio_2,estagio_2,,False,ultralytics_curascan/datasets/estagio-nivel-12n-20-05-26/train/estagio_2/stage_2_66189.jpg
stage_2_66945,stage_2_66945,stage_2_66945.jpg,dd1e695a18a368d4292bd964cf1be3af744e85aef452e33bba8a257d1d5040f9,aeb3e18c21c1b4f3,name:stage_2_66945,train,estagio_3,nao_classificavel,estagio_3,True,ultralytics_curascan/datasets/estagio-nivel-34n-20-05-26/test/estagio_3/stage_2_66945.jpg
stage_2_6712,stage_2_6712,stage_2_6712.jpg,6901dc7fa59cfa05a1a5511e1286d1c9e29f5778059f9a7941750af5097e9afc,f889d03361fd01cf,name:stage_2_6712,train,estagio_2,estagio_2,,False,ultralytics_curascan/datasets/estagio-nivel-12n-20-05-26/train/estagio_2/stage_2_6712.jpg
stage_2_67618,stage_2_67618,stage_2_67618.jpg,6ea55c2ea2d4dd0a2799954f22b9c45d15d7a7bb63f5865e6a64f8b643822d26,fad9e066ccc7cc10,name:stage_2_67618,train,estagio_3,nao_classificavel,estagio_3,True,ultralytics_curascan/datasets/estagio-nivel-34n-20-05-26/train/estagio_3/stage_2_67618.jpg
stage_2_67639,stage_2_67639,stage_2_67639.jpg,83b9a9bdbe34f97bd9ab83fcb71f650f41a0646fcdeb316ec740f82ce289ea9b,f2809d76301a8efb,name:stage_2_67639,train,estagio_2,estagio_2,,False,ultralytics_curascan/datasets/estagio-nivel-12n-20-05-26/val/estagio_2/stage_2_67639.jpg
stage_2_67659,stage_2_67659,stage_2_67659.jpg,51e73af56aace95bacbc4e7a5266890909f1f7f40a5ad6ec3d3519b8b82d82cc,bb93c4dc90e18bc6,name:stage_2_67659,train,estagio_3,nao_classificavel,estagio_3,True,ultralytics_curascan/datasets/estagio-nivel-34n-20-05-26/train/estagio_3/stage_2_67659.jpg
stage_2_67867,stage_2_67867,stage_2_67867.jpg,497e7dbe673505a1e95befd06216ee93813adb962c7fe8e5a77f0ede34af3dc0,fa95a6fad92010e3,name:stage_2_67867,train,estagio_3,nao_classificavel,estagio_3,True,ultralytics_curascan/datasets/estagio-nivel-34n-20-05-26/test/estagio_3/stage_2_67867.jpg
stage_2_67942,stage_2_67942,stage_2_67942.jpg,de4be18d09958fb790adacd0a93f552c5f8a3d28df8c7238ff5f79960b4adeb5,f6300dd13e181ecf,name:stage_2_67942,train,estagio_2,estagio_2,,False,ultralytics_curascan/datasets/estagio-nivel-12n-20-05-26/train/estagio_2/stage_2_67942.jpg
stage_2_69202,stage_2_69202,stage_2_69202.jpg,307d676d9095fe939f028236e68a787b21f5b66c85eddf66278fa29d8f32f4ef,bf28a0bff48dc091,name:stage_2_69202,train,estagio_2,estagio_2,,False,ultralytics_curascan/datasets/estagio-nivel-12n-20-05-26/train/estagio_2/stage_2_69202.jpg
stage_2_69238,stage_2_69238,stage_2_69238.jpg,5d8d1dbded96b4f12d37f8f2798ddb1acc922ab65281a553dc20e7a61540c61f,ab84fc1b9264d3ca,name:stage_2_69238,train,estagio_2,estagio_2,,False,ultralytics_curascan/datasets/estagio-nivel-12n-20-05-26/train/estagio_2/stage_2_69238.jpg
stage_2_69463,stage_2_69463,stage_2_69463.jpg,57557b2ad13e447da2df356c0248ccc25478ec33edd4e1757ff27e2d1dc11b70,ae6499319bb2cc72,name:stage_2_69463,train,estagio_2,estagio_2,,False,ultralytics_curascan/datasets/estagio-nivel-12n-20-05-26/test/estagio_2/stage_2_69463.jpg
stage_2_70308,stage_2_70308,stage_2_70308.jpg,3baa485f0ae89fe997c1e370c3748e8b38b8ad26efd47c27dea88654780a6f1b,ff0188cb973cca62,name:stage_2_70308,train,estagio_2,estagio_2,,False,ultralytics_curascan/datasets/estagio-nivel-12n-20-05-26/train/estagio_2/stage_2_70308.jpg
stage_2_70380,stage_2_70380,stage_2_70380.jpg,f870b4f6d02769768fc4e0531e7e0ec4bbb6d61bf77bb52942b364ee18555fa0,a9fdc6d258696143,name:stage_2_70380,train,estagio_3,nao_classificavel,estagio_3,True,ultralytics_curascan/datasets/estagio-nivel-34n-20-05-26/val/estagio_3/stage_2_70380.jpg
stage_2_70870,stage_2_70870,stage_2_70870.jpg,ee7dcad31b6386f54ea547f6aba56cdc0b80e8000f64737f6f671c3d47235522,ede0879fd81a7016,name:stage_2_70870,train,estagio_2,estagio_2,,False,ultralytics_curascan/datasets/estagio-nivel-12n-20-05-26/train/estagio_2/stage_2_70870.jpg
stage_2_71038,stage_2_71038,stage_2_71038.jpg,e8cbc68131b5ea4b8c77d38589889637fe3774a1e34838c6ced7b269b88fadbe,aaa4b5d6760bfc02,name:stage_2_71038,train,estagio_2,estagio_2,,False,ultralytics_curascan/datasets/estagio-nivel-12n-20-05-26/train/estagio_2/stage_2_71038.jpg
stage_2_71079,stage_2_71079,stage_2_71079.jpg,b3cf1cb5125d6996fb3e50653fa83cb70f65d907e4de342a7fbb1c3074b867c2,fb90a461b06fe166,name:stage_2_71079,train,estagio_2,estagio_2,,False,ultralytics_curascan/datasets/estagio-nivel-12n-20-05-26/val/estagio_2/stage_2_71079.jpg
stage_2_71812,stage_2_71812,stage_2_71812.jpg,c81285ed5df32a4b214df41a24769edf35e2d064c5f4fac35c6cf4b6a2cea704,f607299a1d022f77,name:stage_2_71812,train,estagio_2,estagio_2,,False,ultralytics_curascan/datasets/estagio-nivel-12n-20-05-26/train/estagio_2/stage_2_71812.jpg
stage_2_7219,stage_2_7219,stage_2_7219.jpg,7cf5a984c518b6434f3ff77d6ad444c1cb32eb9ec2e0bacf43e3e4bfad96b859,f2e7899a6dc19864,name:stage_2_7219,train,estagio_2,estagio_2,,False,ultralytics_curascan/datasets/estagio-nivel-12n-20-05-26/train/estagio_2/stage_2_7219.jpg
stage_2_72213,stage_2_72213,stage_2_72213.jpg,c153c41324452dcca1079116d78d8d326c9a3b2ef48d4a5e90ea1695ccafc6ba,ffb690c9c52c8c34,name:stage_2_72213,train,estagio_3,nao_classificavel,estagio_3,True,ultralytics_curascan/datasets/estagio-nivel-34n-20-05-26/train/estagio_3/stage_2_72213.jpg
stage_2_7246,stage_2_7246,stage_2_7246.jpg,f8a33f24c9fc2d22ef7dbf076a0180012d8a76f61a9295e9b88c9e1fd27040ba,ed31b28bcbae9091,name:stage_2_7246,train,estagio_3,nao_classificavel,estagio_3,True,ultralytics_curascan/datasets/estagio-nivel-34n-20-05-26/test/estagio_3/stage_2_7246.jpg
stage_2_74085,stage_2_74085,stage_2_74085.jpg,78b3e276bd74cca7f39957dbc2dd6c0a5506ebdf54d75736348287a840abde5d,b9e4e3bb842489da,name:stage_2_74085,train,nao_classificavel,nao_classificavel,nao_classificavel,True,ultralytics_curascan/datasets/estagio-nivel-12n-20-05-26/train/nao_classificavel/stage_2_74085.jpg
stage_2_74112,stage_2_74112,stage_2_74112.jpg,6ed1e155a90a3ba30fb7b93c74f5b536ab05f8220c3376b1b346cfb59222526d,bfe8e40798c5c31c,name:stage_2_74112,train,estagio_3,nao_classificavel,estagio_3,True,ultralytics_curascan/datasets/estagio-nivel-34n-20-05-26/train/estagio_3/stage_2_74112.jpg
stage_2_74508,stage_2_74508,stage_2_74508.jpg,e9bde7d6837f83f6292d6586e6a6b7a0aa8580e816c7c4a9fdbb3cc7dc9ed2e9,ead7a15a2d2a84cb,name:stage_2_74508,train,estagio_2,estagio_2,,False,ultralytics_curascan/datasets/estagio-nivel-12n-20-05-26/test/estagio_2/stage_2_74508.jpg
stage_2_75238,stage_2_75238,stage_2_75238.jpg,1a5367436e3649afb0b3e397b15d3821463acb3b90721985941da09ca6e04654,fbf0e0c1030787be,name:stage_2_75238,train,estagio_3,nao_classificavel,estagio_3,True,ultralytics_curascan/datasets/estagio-nivel-34n-20-05-26/train/estagio_3/stage_2_75238.jpg
stage_2_7529,stage_2_7529,stage_2_7529.jpg,56c567461a436ed5ac5de72dd525667e773af78e59781f45439feb276c50b337,c798a84d9772a64b,name:stage_2_7529,train,estagio_2,estagio_2,,False,ultralytics_curascan/datasets/estagio-nivel-12n-20-05-26/train/estagio_2/stage_2_7529.jpg
stage_2_7550,stage_2_7550,stage_2_7550.jpg,732e3512fc39bc80b0f8aefa92a6bd6c6cbea370c069ea09e9ba919b5879d27a,abc5865d897a952a,name:stage_2_7550,train,estagio_2,estagio_2,,False,ultralytics_curascan/datasets/estagio-nivel-12n-20-05-26/test/estagio_2/stage_2_7550.jpg
stage_2_75630,stage_2_75630,stage_2_75630.jpg,7c17c428564e256e3522ad896f7ecdc45a4898c83f207f325796856eac80e26f,aa89e9d8b26398b3,name:stage_2_75630,train,estagio_3,nao_classificavel,estagio_3,True,ultralytics_curascan/datasets/estagio-nivel-34n-20-05-26/train/estagio_3/stage_2_75630.jpg
stage_2_7656,stage_2_7656,stage_2_7656.jpg,3fdc99108a205d244fadb7ef034f4ba8519bc52cf39fe41b5e84f108bb509cd0,ff97c6689860f109,name:stage_2_7656,train,estagio_3,nao_classificavel,estagio_3,True,ultralytics_curascan/datasets/estagio-nivel-34n-20-05-26/train/estagio_3/stage_2_7656.jpg
stage_2_76738,stage_2_76738,stage_2_76738.jpg,532d1d22dcacf7e01643b2ce0602a49c2a02adce00c92a227c43b32ddbff153e,f2ecd2249d62b362,name:stage_2_76738,train,estagio_3,nao_classificavel,estagio_3,True,ultralytics_curascan/datasets/estagio-nivel-34n-20-05-26/test/estagio_3/stage_2_76738.jpg
stage_2_7808,stage_2_7808,stage_2_7808.jpg,5629d8987e048ee29e4bd2c430180e2c47992f7b596fe99cbb3cde15e7972e41,ee7cd880c3b685c3,name:stage_2_7808,train,estagio_2,estagio_2,,False,ultralytics_curascan/datasets/estagio-nivel-12n-20-05-26/val/estagio_2/stage_2_7808.jpg
stage_2_78867,stage_2_78867,stage_2_78867.jpg,1fd86f692913aa664d9050798e653b56fc6d1a05603e334b1a59645f56c9fa7c,ea39bd4ec5c1c48c,name:stage_2_78867,train,estagio_2,estagio_2,,False,ultralytics_curascan/datasets/estagio-nivel-12n-20-05-26/train/estagio_2/stage_2_78867.jpg
stage_2_7919,stage_2_7919,stage_2_7919.jpg,ae82186fbfd63105d7dd1e46807909869eed8cc7919b1950bcea72a51c17568b,bfe0c3d68c1d0d34,name:stage_2_7919,train,estagio_2,estagio_2,,False,ultralytics_curascan/datasets/estagio-nivel-12n-20-05-26/train/estagio_2/stage_2_7919.jpg
stage_2_7987,stage_2_7987,stage_2_7987.jpg,bbe73a89d6e16111e51689b26007d9d311d83a15dad72cd7ff9c6e23c27775de,eb9fc6c0d068c4ce,name:stage_2_7987,train,estagio_3,nao_classificavel,estagio_3,True,ultralytics_curascan/datasets/estagio-nivel-34n-20-05-26/train/estagio_3/stage_2_7987.jpg
stage_2_8016,stage_2_8016,stage_2_8016.jpg,794d91e50defbfd41214bfed4bde57bf9f1b7774e55c9746d8ae48140cb5fb0d,ffc87805e61ae438,name:stage_2_8016,train,estagio_2,estagio_2,,False,ultralytics_curascan/datasets/estagio-nivel-12n-20-05-26/train/estagio_2/stage_2_8016.jpg
stage_2_81453,stage_2_81453,stage_2_81453.jpg,65433b0efebde9927eb894500e599aea14b372cfa4b2d8a2e0676a6949e6d428,a8ff87d06d8130cd,name:stage_2_81453,train,estagio_2,estagio_2,,False,ultralytics_curascan/datasets/estagio-nivel-12n-20-05-26/train/estagio_2/stage_2_81453.jpg
stage_2_81639,stage_2_81639,stage_2_81639.jpg,c6f250e99c725deb998f8567059ca4ad6dfa3477a67213eb669d48027eb49826,b1aacc95e3c26713,name:stage_2_81639,train,estagio_2,estagio_2,,False,ultralytics_curascan/datasets/estagio-nivel-12n-20-05-26/val/estagio_2/stage_2_81639.jpg
stage_2_82154,stage_2_82154,stage_2_82154.jpg,80b442fd7e2af24343b2cd6150ef61319592c8ce2ee9f03d55d23ce04b33a499,f880c38fd937d630,name:stage_2_82154,train,estagio_2,estagio_2,,False,ultralytics_curascan/datasets/estagio-nivel-12n-20-05-26/train/estagio_2/stage_2_82154.jpg
stage_2_83799,stage_2_83799,stage_2_83799.jpg,8eec9a659de2e944770dc4acbccaf2973896a88bf52c4e05f12b03559652b543,fee7c08080af83b7,name:stage_2_83799,train,estagio_2,estagio_2,,False,ultralytics_curascan/datasets/estagio-nivel-12n-20-05-26/train/estagio_2/stage_2_83799.jpg
stage_2_85081,stage_2_85081,stage_2_85081.jpg,51ff63ae0fb2656a6fef9fd42f2a40334bfcee66f40281009bc97793a2c26fc0,eb9fc5f29a882161,name:stage_2_85081,train,estagio_2,estagio_2,,False,ultralytics_curascan/datasets/estagio-nivel-12n-20-05-26/train/estagio_2/stage_2_85081.jpg
stage_2_85106,stage_2_85106,stage_2_85106.jpg,b7ca876331c9a11d3c6ca4e9797dda770f7001e87e9f0c6d1033276b739e1c6e,eadbe1e296c18a64,name:stage_2_85106,train,estagio_2,estagio_2,,False,ultralytics_curascan/datasets/estagio-nivel-12n-20-05-26/train/estagio_2/stage_2_85106.jpg
stage_2_85199,stage_2_85199,stage_2_85199.jpg,19b2db91d210d01d55e72fd23035463f53837dceac5f8f3e49914f75e25cbed7,b8189a83c727e3dc,name:stage_2_85199,train,estagio_2,estagio_2,,False,ultralytics_curascan/datasets/estagio-nivel-12n-20-05-26/train/estagio_2/stage_2_85199.jpg
stage_2_85334,stage_2_85334,stage_2_85334.jpg,42514eef2298e2b912499817af55ea4205d541801af726cd59fe06b339ecc696,ca5b373992e0c687,name:stage_2_85334,train,estagio_2,estagio_2,,False,ultralytics_curascan/datasets/estagio-nivel-12n-20-05-26/test/estagio_2/stage_2_85334.jpg
stage_2_8551,stage_2_8551,stage_2_8551.jpg,1a349ac07bc47e6de111f3ac29e7a09fecf54eaab160ab0d955bb8a14dba99ce,b5a0cf81de1f2835,name:stage_2_8551,train,estagio_2,estagio_2,,False,ultralytics_curascan/datasets/estagio-nivel-12n-20-05-26/train/estagio_2/stage_2_8551.jpg
stage_2_85709,stage_2_85709,stage_2_85709.jpg,ec0ed5b44c8e38f3c042a543f70ad130b247abf6276a02d9df46648f48fe6670,bf68d093c0878ed6,name:stage_2_85709,train,estagio_3,nao_classificavel,estagio_3,True,ultralytics_curascan/datasets/estagio-nivel-34n-20-05-26/val/estagio_3/stage_2_85709.jpg
stage_2_86148,stage_2_86148,stage_2_86148.jpg,42fc3e1592d3e18b37426cb43e8623df872ad17d261e528e079fed313b889c13,9cd0eae1a1a3ec3c,name:stage_2_86148,train,estagio_3,nao_classificavel,estagio_3,True,ultralytics_curascan/datasets/estagio-nivel-34n-20-05-26/train/estagio_3/stage_2_86148.jpg
stage_2_8705,stage_2_8705,stage_2_8705.jpg,c044c300f0e139df01a62869a0545a6675d6af87a98375b1827226d61ba4987b,f0e78f8c5c183365,name:stage_2_8705,train,estagio_2,estagio_2,,False,ultralytics_curascan/datasets/estagio-nivel-12n-20-05-26/train/estagio_2/stage_2_8705.jpg
stage_2_88035,stage_2_88035,stage_2_88035.jpg,6d3d4d513b1177e980548c0c05fd958556896bd7c95132d55a63d5138a468876,abd2b4ec2312d8e6,name:stage_2_88035,train,estagio_3,nao_classificavel,estagio_3,True,ultralytics_curascan/datasets/estagio-nivel-34n-20-05-26/train/estagio_3/stage_2_88035.jpg
stage_2_88088,stage_2_88088,stage_2_88088.jpg,beb9fe94db8b1141dd62b3fa79a39ad18f1716b1b42ee5d94491c4d68b2cee0d,ae85fa09f41ac897,name:stage_2_88088,train,estagio_3,nao_classificavel,estagio_3,True,ultralytics_curascan/datasets/estagio-nivel-34n-20-05-26/train/estagio_3/stage_2_88088.jpg
stage_2_88114,stage_2_88114,stage_2_88114.jpg,29bb9394edda99c691f585bb9ce0a658647acda2e957601486ddd6f27b905e3b,fae5aadcb5a04f00,name:stage_2_88114,train,estagio_3,nao_classificavel,estagio_3,True,ultralytics_curascan/datasets/estagio-nivel-34n-20-05-26/train/estagio_3/stage_2_88114.jpg
stage_2_8856,stage_2_8856,stage_2_8856.jpg,8fe5935ece9928fb9c2dbf59cd83b3d0088a912e40e87af20e2e1cf3b73d4043,a3817d96c34b709d,name:stage_2_8856,train,estagio_3,nao_classificavel,estagio_3,True,ultralytics_curascan/datasets/estagio-nivel-34n-20-05-26/test/estagio_3/stage_2_8856.jpg
stage_2_90110,stage_2_90110,stage_2_90110.jpg,264adbfd8c7b53b727304db4afd2e95612f92d690d1107134594e47f60861a13,ac63caa96526ce99,name:stage_2_90110,train,estagio_3,nao_classificavel,estagio_3,True,ultralytics_curascan/datasets/estagio-nivel-34n-20-05-26/val/estagio_3/stage_2_90110.jpg
stage_2_91117,stage_2_91117,stage_2_91117.jpg,3d1676545228f0daeea02d279814cd2292544426792cacf6d2eda3bddf3f0838,abd2b42dcb968c26,name:stage_2_91117,train,estagio_3,nao_classificavel,estagio_3,True,ultralytics_curascan/datasets/estagio-nivel-34n-20-05-26/train/estagio_3/stage_2_91117.jpg
stage_2_91778,stage_2_91778,stage_2_91778.jpg,4b5eca4a55354f77a87da1e965adc387a82e8028c00a312b374b1f9c45065571,fb99b4609360ccc7,name:stage_2_91778,train,estagio_3,nao_classificavel,estagio_3,True,ultralytics_curascan/datasets/estagio-nivel-34n-20-05-26/train/estagio_3/stage_2_91778.jpg
stage_2_91999,stage_2_91999,stage_2_91999.jpg,4e0ef30c403a15ad02903bcae6203fe38680bf07eddd38c20f4b485c575f48e0,b8f1917a861978e6,name:stage_2_91999,train,estagio_2,estagio_2,,False,ultralytics_curascan/datasets/estagio-nivel-12n-20-05-26/test/estagio_2/stage_2_91999.jpg
stage_2_92784,stage_2_92784,stage_2_92784.jpg,a120b2496a840f9e5fdd38a2b1ae27e9e1b740afc5a544c8db0edcbe55cfec33,d5cd2bd2b42c3067,name:stage_2_92784,train,estagio_3,nao_classificavel,estagio_3,True,ultralytics_curascan/datasets/estagio-nivel-34n-20-05-26/train/estagio_3/stage_2_92784.jpg
stage_2_93089,stage_2_93089,stage_2_93089.jpg,a23ee872183a0269ef0d4574536573c8069f7d80c93eb169a83147b38a0f3eee,adb692cc65339c8c,name:stage_2_93089,train,estagio_2,estagio_2,,False,ultralytics_curascan/datasets/estagio-nivel-12n-20-05-26/train/estagio_2/stage_2_93089.jpg
stage_2_9330,stage_2_9330,stage_2_9330.jpg,0184276089206d30fe7bc24dd2f44f526fbe357dc0c30a573e2c7d62a74297db,f364c0938f6c2c73,name:stage_2_9330,train,estagio_3,nao_classificavel,estagio_3,True,ultralytics_curascan/datasets/estagio-nivel-34n-20-05-26/val/estagio_3/stage_2_9330.jpg
stage_2_95558,stage_2_95558,stage_2_95558.jpg,c8c7cffa4d91d16ad635340bc25ce800e74fea5e8c23ed1cf2ce18e5d5fb73ff,8e71b1c6c5d99466,name:stage_2_95558,train,estagio_3,nao_classificavel,estagio_3,True,ultralytics_curascan/datasets/estagio-nivel-34n-20-05-26/train/estagio_3/stage_2_95558.jpg
stage_2_97178,stage_2_97178,stage_2_97178.jpg,cb90b1d4c6b3b87fd215bee1b67c61178f024b253a9bbfb7a553fd769ca58ff1,bac835f3d2a6889a,name:stage_2_97178,train,estagio_3,nao_classificavel,estagio_3,True,ultralytics_curascan/datasets/estagio-nivel-34n-20-05-26/train/estagio_3/stage_2_97178.jpg
stage_2_97606,stage_2_97606,stage_2_97606.jpg,4dc84fbaaa0f8688d3a20c87789fe72037da7d8c7cee672d58095bf05c1915d0,ac89d1966e6899b6,name:stage_2_97606,train,estagio_2,estagio_2,,False,ultralytics_curascan/datasets/estagio-nivel-12n-20-05-26/train/estagio_2/stage_2_97606.jpg
stage_2_97648,stage_2_97648,stage_2_97648.jpg,2e89e74f8030ab5538fc0bc9f5ffa28a1a8368ec6c7c31aa5a78b3318167ae22,d6d09a6a32ae5aa9,name:stage_2_97648,train,estagio_3,nao_classificavel,estagio_3,True,ultralytics_curascan/datasets/estagio-nivel-34n-20-05-26/train/estagio_3/stage_2_97648.jpg
stage_2_98410,stage_2_98410,stage_2_98410.jpg,9d56fe0e2bd1992318b9ece4b5f81f9b84e4738675fa1c90c97ad3a8d95e8871,8da2b6c7da24d992,name:stage_2_98410,train,estagio_3,nao_classificavel,estagio_3,True,ultralytics_curascan/datasets/estagio-nivel-34n-20-05-26/train/estagio_3/stage_2_98410.jpg
stage_2_98636,stage_2_98636,stage_2_98636.jpg,2040299694ac3906d1d81e2df4c8475b33d8f1fb466f9b77b5e96778012bfe99,fe7bc084666dc590,name:stage_2_98636,train,estagio_2,estagio_2,,False,ultralytics_curascan/datasets/estagio-nivel-12n-20-05-26/train/estagio_2/stage_2_98636.jpg
stage_2_9868,stage_2_9868,stage_2_9868.jpg,0f41bb0c2bf63ab2692e871dcee152a4b4fe2ae4e875957fdf00f091be315925,b9f2ee84b807c09e,name:stage_2_9868,train,estagio_2,estagio_2,,False,ultralytics_curascan/datasets/estagio-nivel-12n-20-05-26/train/estagio_2/stage_2_9868.jpg
stage_2_99009,stage_2_99009,stage_2_99009.jpg,4153df30fd97b93d66cef4692cbe6d3a78eaa049e57363c783cedf6a9d719f15,ef80b790bf00fe03,name:stage_2_99009,train,estagio_3,nao_classificavel,estagio_3,True,ultralytics_curascan/datasets/estagio-nivel-34n-20-05-26/train/estagio_3/stage_2_99009.jpg
stage_3_10102,stage_3_10102,stage_3_10102.jpg,1c98171d912c96ed5f0c122194f0955b87ba4d6968cb462d68d9b4d54832ed3c,cb39ecc6bc1e3218,name:stage_3_10102,train,estagio_3,nao_classificavel,estagio_3,True,ultralytics_curascan/datasets/estagio-nivel-34n-20-05-26/train/estagio_3/stage_3_10102.jpg
stage_3_10677,stage_3_10677,stage_3_10677.jpg,cf1a9b214405f20be2582688d8418c030138dc6fde90292242ffa2df05bb3367,b2c6f819e721e81e,name:stage_3_10677,train,estagio_3,nao_classificavel,estagio_3,True,ultralytics_curascan/datasets/estagio-nivel-34n-20-05-26/train/estagio_3/stage_3_10677.jpg
stage_3_11492,stage_3_11492,stage_3_11492.jpg,d6770dceae433775708280373f769a27d9a1a97c8d839c45b6cad55e61354313,facaa82585729e93,name:stage_3_11492,train,estagio_3,nao_classificavel,estagio_3,True,ultralytics_curascan/datasets/estagio-nivel-34n-20-05-26/test/estagio_3/stage_3_11492.jpg
stage_3_11737,stage_3_11737,stage_3_11737.jpg,7ca86d8d7af00bb9607d7a834a559bc0a4ba6be4be0e98e1db448f9bc8c7b292,b98dc6c6c1b9d834,name:stage_3_11737,train,nao_classificavel,nao_classificavel,nao_classificavel,True,ultralytics_curascan/datasets/estagio-nivel-12n-20-05-26/train/nao_classificavel/stage_3_11737.jpg
stage_3_1192,stage_3_1192,stage_3_1192.jpg,04c1b754f6fe44356daeec1ea1b6da49a75bde445ff8cdcc05883a980fe98716,ab96ae09f1a68639,name:stage_3_1192,train,estagio_3,nao_classificavel,estagio_3,True,ultralytics_curascan/datasets/estagio-nivel-34n-20-05-26/train/estagio_3/stage_3_1192.jpg
stage_3_12331,stage_3_12331,stage_3_12331.jpg,cca1f41e8d44a7014b87b72358055f1bc6e687b056e7fc90faf355c1d666e85b,eca6bbd8d8839330,name:stage_3_12331,train,estagio_3,nao_classificavel,estagio_3,True,ultralytics_curascan/datasets/estagio-nivel-34n-20-05-26/train/estagio_3/stage_3_12331.jpg
stage_3_13399,stage_3_13399,stage_3_13399.jpg,536ea144d6df9e77a65ebd995b1179b07eafca2678b828c0a59e9006d7ca0d42,97d67ba970196238,name:stage_3_13399,train,nao_classificavel,nao_classificavel,nao_classificavel,True,ultralytics_curascan/datasets/estagio-nivel-12n-20-05-26/train/nao_classificavel/stage_3_13399.jpg
stage_3_1403,stage_3_1403,stage_3_1403.jpg,280fd1f1deec2c0373454be913c94699e917ca9af1dcb2a9550944e2c8bbf37e,bf9cf4b0c2c2474a,name:stage_3_1403,train,nao_classificavel,nao_classificavel,nao_classificavel,True,ultralytics_curascan/datasets/estagio-nivel-12n-20-05-26/train/nao_classificavel/stage_3_1403.jpg
stage_3_14233,stage_3_14233,stage_3_14233.jpg,977a27342ff5d0845aca40f61d39f62bd9a143bd34163436494de4986f5f4047,b867a9f0959b624c,name:stage_3_14233,train,estagio_3,nao_classificavel,estagio_3,True,ultralytics_curascan/datasets/estagio-nivel-34n-20-05-26/train/estagio_3/stage_3_14233.jpg
stage_3_14801,stage_3_14801,stage_3_14801.jpg,92229d16f8c4bb75c28717c814f2dd20d96c968a0a6a31bf0673e55c7df957a7,e3d5b844a14fa64d,name:stage_3_14801,train,estagio_3,nao_classificavel,estagio_3,True,ultralytics_curascan/datasets/estagio-nivel-34n-20-05-26/train/estagio_3/stage_3_14801.jpg
stage_3_14820,stage_3_14820,stage_3_14820.jpg,36ae60a3ac0c3a206a9775ba490f5ebd2c3ae7c66fed257e3b93074d4fac2f07,ed62c269b4e29369,name:stage_3_14820,train,estagio_3,nao_classificavel,estagio_3,True,ultralytics_curascan/datasets/estagio-nivel-34n-20-05-26/train/estagio_3/stage_3_14820.jpg
stage_3_14993,stage_3_14993,stage_3_14993.jpg,cd1015375d828ad4ccc7413786fa39a619b04e64100941b1865be709861aba6c,cb8d2d90d0f3e07c,name:stage_3_14993,train,estagio_3,nao_classificavel,estagio_3,True,ultralytics_curascan/datasets/estagio-nivel-34n-20-05-26/train/estagio_3/stage_3_14993.jpg
stage_3_15932,stage_3_15932,stage_3_15932.jpg,ef0bec032478191b8f2c5f7b90b49af455ec484d5fffe5b0664e5f7d1b1a0a8a,ae8e00ba472775e3,name:stage_3_15932,train,estagio_3,nao_classificavel,estagio_3,True,ultralytics_curascan/datasets/estagio-nivel-34n-20-05-26/train/estagio_3/stage_3_15932.jpg
stage_3_17009,stage_3_17009,stage_3_17009.jpg,2b15b8f22f7da34dbf545056210319839d6dfc2dc1ba5b90f3a4afb73b7e5bc7,fe8c81f496d298ca,name:stage_3_17009,train,estagio_3,nao_classificavel,estagio_3,True,ultralytics_curascan/datasets/estagio-nivel-34n-20-05-26/train/estagio_3/stage_3_17009.jpg
stage_3_17064,stage_3_17064,stage_3_17064.jpg,1a40f975374c6504e5bf7f60aa57bc1368fa8740c142c4e166cbe70a1c7495ef,de91030e251f1f3e,name:stage_3_17064,train,estagio_3,nao_classificavel,estagio_3,True,ultralytics_curascan/datasets/estagio-nivel-34n-20-05-26/train/estagio_3/stage_3_17064.jpg
stage_3_17201,stage_3_17201,stage_3_17201.jpg,d241de0ed6187a5240cb82e4086f7d9118f4f31f19fd1eeffa23c127d04a9781,8639b9676bc86692,name:stage_3_17201,train,estagio_3,nao_classificavel,estagio_3,True,ultralytics_curascan/datasets/estagio-nivel-34n-20-05-26/train/estagio_3/stage_3_17201.jpg
stage_3_17208,stage_3_17208,stage_3_17208.jpg,1fd40d1bc22d8e814c279140345db016202f812ae838a23cfdd76184679c7915,cdac3af0e3c9058e,name:stage_3_17208,train,estagio_3,nao_classificavel,estagio_3,True,ultralytics_curascan/datasets/estagio-nivel-34n-20-05-26/train/estagio_3/stage_3_17208.jpg
stage_3_1760,stage_3_1760,stage_3_1760.jpg,8b0e79c548c795cd06c8b12689e5e66db61a4ef975e889962a737e8a4f1b3090,af92d8a1613e96d1,name:stage_3_1760,train,estagio_3,nao_classificavel,estagio_3,True,ultralytics_curascan/datasets/estagio-nivel-34n-20-05-26/train/estagio_3/stage_3_1760.jpg
stage_3_1778,stage_3_1778,stage_3_1778.jpg,2d8d82fb0417634af916670b86dd1234d1ed15aac8a0c9c1b8b85c5aba2cebe1,b991c4e6e7f0d244,name:stage_3_1778,train,estagio_3,nao_classificavel,estagio_3,True,ultralytics_curascan/datasets/estagio-nivel-34n-20-05-26/train/estagio_3/stage_3_1778.jpg
stage_3_19114,stage_3_19114,stage_3_19114.jpg,806e4b2c00d7ac79e21aba855c1aa6c9973460c40999331ab6469d95c9ce53b7,fa586f86b06ec161,name:stage_3_19114,train,estagio_3,nao_classificavel,estagio_3,True,ultralytics_curascan/datasets/estagio-nivel-34n-20-05-26/train/estagio_3/stage_3_19114.jpg
stage_3_19325,stage_3_19325,stage_3_19325.jpg,a5e166b5d615b909121feaf5eb448830dd3beba587e65b1dc1a204d36e47d0d2,eaf2a68530da07bc,name:stage_3_19325,train,estagio_3,nao_classificavel,estagio_3,True,ultralytics_curascan/datasets/estagio-nivel-34n-20-05-26/train/estagio_3/stage_3_19325.jpg
stage_3_19621,stage_3_19621,stage_3_19621.jpg,0680e368d807d31936e4850ffcbe6ab457d6b96e8f2272b57ceaf9e1b77ddc42,f6c4e96b668c30cc,name:stage_3_19621,train,estagio_3,nao_classificavel,estagio_3,True,ultralytics_curascan/datasets/estagio-nivel-34n-20-05-26/test/estagio_3/stage_3_19621.jpg
stage_3_20106,stage_3_20106,stage_3_20106.jpg,bc44d0b487c7cdef6c40f1606409619cd12c822135dc6949ba7a38b787baa6c7,8ad67150e52e66ab,name:stage_3_20106,train,estagio_3,nao_classificavel,estagio_3,True,ultralytics_curascan/datasets/estagio-nivel-34n-20-05-26/train/estagio_3/stage_3_20106.jpg
stage_3_20404,stage_3_20404,stage_3_20404.jpg,781e1dadc956252f73edd01da73415939db7bf5a112419ed5a653cbd13151903,aeb1e056870d99ce,name:stage_3_20404,train,estagio_3,nao_classificavel,estagio_3,True,ultralytics_curascan/datasets/estagio-nivel-34n-20-05-26/val/estagio_3/stage_3_20404.jpg
stage_3_21239,stage_3_21239,stage_3_21239.jpg,4ff8751cadd9e6ea73bd527014bca4742a5ba47e2daf313f4fd999ac6e65849b,ea948b6b6764e489,name:stage_3_21239,train,estagio_3,nao_classificavel,estagio_3,True,ultralytics_curascan/datasets/estagio-nivel-34n-20-05-26/train/estagio_3/stage_3_21239.jpg
stage_3_21459,stage_3_21459,stage_3_21459.jpg,38431b99b53afdad2ff1e803b1dea7afb51a3a498e9844486b39d57831dfdd3d,a5fcdad248616762,name:stage_3_21459,train,estagio_3,nao_classificavel,estagio_3,True,ultralytics_curascan/datasets/estagio-nivel-34n-20-05-26/train/estagio_3/stage_3_21459.jpg
stage_3_22808,stage_3_22808,stage_3_22808.jpg,5acf6cb361c97cbce054db774c280f76f99b338438a552c5362d35a64e9726cc,f963a354c58e4c5c,name:stage_3_22808,train,estagio_3,nao_classificavel,estagio_3,True,ultralytics_curascan/datasets/estagio-nivel-34n-20-05-26/train/estagio_3/stage_3_22808.jpg
stage_3_22910,stage_3_22910,stage_3_22910.jpg,f1e6c722c22d978d34fac6e98fef131d83416e9b3d984ec959032ee2689158f8,ab9a98b2b36a6991,name:stage_3_22910,train,nao_classificavel,nao_classificavel,nao_classificavel,True,ultralytics_curascan/datasets/estagio-nivel-12n-20-05-26/test/nao_classificavel/stage_3_22910.jpg
stage_3_23376,stage_3_23376,stage_3_23376.jpg,b4c1479bb713d444c70d9b7a6bf0463c45d69fae1a703f8a22e95ce6e852ae18,ec5eee21c923b982,name:stage_3_23376,train,estagio_3,nao_classificavel,estagio_3,True,ultralytics_curascan/datasets/estagio-nivel-34n-20-05-26/val/estagio_3/stage_3_23376.jpg
stage_3_23858,stage_3_23858,stage_3_23858.jpg,ef455769681fcd04701482a87c99052b4be8ecf92bb06f0f0b7f807fcd2f3b14,b27a7dc3608ccf11,name:stage_3_23858,train,estagio_3,nao_classificavel,estagio_3,True,ultralytics_curascan/datasets/estagio-nivel-34n-20-05-26/train/estagio_3/stage_3_23858.jpg
stage_3_26079,stage_3_26079,stage_3_26079.jpg,ec4bb53dce1ad1ee6a67d825b3f6c851fa2df28fddc7f1deef27a2d619f1deef,caace0911568fa9f,name:stage_3_26079,train,estagio_3,nao_classificavel,estagio_3,True,ultralytics_curascan/datasets/estagio-nivel-34n-20-05-26/train/estagio_3/stage_3_26079.jpg
stage_3_26165,stage_3_26165,stage_3_26165.jpg,9fc58dfcefbee656e9012367dc98359e7bb5de56be4e1a66416ee46b3d9375fe,b891c31ece6cc9f0,name:stage_3_26165,train,nao_classificavel,nao_classificavel,nao_classificavel,True,ultralytics_curascan/datasets/estagio-nivel-12n-20-05-26/train/nao_classificavel/stage_3_26165.jpg
stage_3_2652,stage_3_2652,stage_3_2652.jpg,abfbbbe5631b4f1abee79e3fccf35c5c8788192f77e7f288a0ec4092c34fd14a,f391d4a6d9a9468a,name:stage_3_2652,train,estagio_3,nao_classificavel,estagio_3,True,ultralytics_curascan/datasets/estagio-nivel-34n-20-05-26/val/estagio_3/stage_3_2652.jpg
stage_3_26877,stage_3_26877,stage_3_26877.jpg,9662b0e601f40dda9503b0d38c335afe00f9819d0c2957827fb32d35b3dc4814,d0c4cbd33e48712f,name:stage_3_26877,train,estagio_3,nao_classificavel,estagio_3,True,ultralytics_curascan/datasets/estagio-nivel-34n-20-05-26/train/estagio_3/stage_3_26877.jpg
stage_3_26912,stage_3_26912,stage_3_26912.jpg,4df0b3fa383ea2d2f08b5ce54195fa88e7fd17bb195bb148dae5c1a82501202e,e794fa46648f8e30,name:stage_3_26912,train,estagio_3,nao_classificavel,estagio_3,True,ultralytics_curascan/datasets/estagio-nivel-34n-20-05-26/train/estagio_3/stage_3_26912.jpg
stage_3_27711,stage_3_27711,stage_3_27711.jpg,01405f2e880ba140bd8ef4b77326f9e2ef35e79c4a67ef8d80d9154275bb810d,b9d8b6c7b125cc90,name:stage_3_27711,train,estagio_3,nao_classificavel,estagio_3,True,ultralytics_curascan/datasets/estagio-nivel-34n-20-05-26/train/estagio_3/stage_3_27711.jpg
stage_3_28356,stage_3_28356,stage_3_28356.jpg,766483c34790d5129bb764d393dd528bc7aa1706313b52f53a8b695a412349ef,9e85e9b691497495,name:stage_3_28356,train,estagio_3,nao_classificavel,estagio_3,True,ultralytics_curascan/datasets/estagio-nivel-34n-20-05-26/val/estagio_3/stage_3_28356.jpg
stage_3_28504,stage_3_28504,stage_3_28504.jpg,d1929089a5e3273f0d6000b21a50b67d9d4c1c711b5ce6dcadcb2218e18c2a7e,fba1c48c9236c9b9,name:stage_3_28504,train,estagio_3,nao_classificavel,estagio_3,True,ultralytics_curascan/datasets/estagio-nivel-34n-20-05-26/train/estagio_3/stage_3_28504.jpg
stage_3_28625,stage_3_28625,stage_3_28625.jpg,ca3607eb6d6afd6a3356dcee2d94baf7886426fa951f7fb15506a51f8d1e2594,c1a5eb0b95796730,name:stage_3_28625,train,estagio_3,nao_classificavel,estagio_3,True,ultralytics_curascan/datasets/estagio-nivel-34n-20-05-26/train/estagio_3/stage_3_28625.jpg
stage_3_28830,stage_3_28830,stage_3_28830.jpg,fc644715a94eff31318cbec4f9293b80f915ebaa4bda1455a972684e96d2053c,8dbcb6c3692466b2,name:stage_3_28830,train,nao_classificavel,nao_classificavel,nao_classificavel,True,ultralytics_curascan/datasets/estagio-nivel-12n-20-05-26/val/nao_classificavel/stage_3_28830.jpg
stage_3_28981,stage_3_28981,stage_3_28981.jpg,6672219c96257ed296c819bc6a6a539dc5a65e39bee8423aaa70925d40e27b8c,fee1a90e9798b032,name:stage_3_28981,train,estagio_3,nao_classificavel,estagio_3,True,ultralytics_curascan/datasets/estagio-nivel-34n-20-05-26/val/estagio_3/stage_3_28981.jpg
stage_3_2916,stage_3_2916,stage_3_2916.jpg,ac0ce782617e075944bfa0a2288ace497edf0a40b8ae7624d7cfbf198f2f67aa,e7c1b886dca3e219,name:stage_3_2916,train,estagio_3,nao_classificavel,estagio_3,True,ultralytics_curascan/datasets/estagio-nivel-34n-20-05-26/train/estagio_3/stage_3_2916.jpg
stage_3_29338,stage_3_29338,stage_3_29338.jpg,23e087077550d4f85818ae4db6fc80027ddf4d5c3a2e683777debfd986e81b65,a94e86d98e73648d,name:stage_3_29338,train,estagio_3,nao_classificavel,estagio_3,True,ultralytics_curascan/datasets/estagio-nivel-34n-20-05-26/train/estagio_3/stage_3_29338.jpg
stage_3_29358,stage_3_29358,stage_3_29358.jpg,c5723ceaff01e77c41361162b74ede2b6647010c0d5e0bf5c2dee12314229083,f6e1ca95a25489dc,name:stage_3_29358,train,estagio_3,nao_classificavel,estagio_3,True,ultralytics_curascan/datasets/estagio-nivel-34n-20-05-26/train/estagio_3/stage_3_29358.jpg
stage_3_29386,stage_3_29386,stage_3_29386.jpg,f57ba1e87e7f4d112ae18c08647d9a200205addb18f0d9794d466524ec8cf15c,bcd5f652505ad24c,name:stage_3_29386,train,estagio_3,nao_classificavel,estagio_3,True,ultralytics_curascan/datasets/estagio-nivel-34n-20-05-26/train/estagio_3/stage_3_29386.jpg
stage_3_29562,stage_3_29562,stage_3_29562.jpg,012227e8548955592a4d947fd9eb5859b5b34a4d332903e9f4c2cccd9034311b,eea5a5c49c9b1334,name:stage_3_29562,train,estagio_3,nao_classificavel,estagio_3,True,ultralytics_curascan/datasets/estagio-nivel-34n-20-05-26/train/estagio_3/stage_3_29562.jpg
stage_3_29601,stage_3_29601,stage_3_29601.jpg,f883c0e9ed21a1ece8bbecb6720f365cc5f60fd4542c91ac6daadc0aea8efd78,eb989464c3d3cc96,name:stage_3_29601,train,estagio_3,nao_classificavel,estagio_3,True,ultralytics_curascan/datasets/estagio-nivel-34n-20-05-26/train/estagio_3/stage_3_29601.jpg
stage_3_29635,stage_3_29635,stage_3_29635.jpg,7f5407e73a5574e59ae05f028523f7fcfbe774d9e7b63d75e2579137b50c7e71,faf53ac54820739a,name:stage_3_29635,train,estagio_3,nao_classificavel,estagio_3,True,ultralytics_curascan/datasets/estagio-nivel-34n-20-05-26/train/estagio_3/stage_3_29635.jpg
stage_3_30424,stage_3_30424,stage_3_30424.jpg,72ed4ed59339940fb50de0e72d89fd51acc2ab3e05f1146c2b990f093107a3ae,f9ca8891c733965c,name:stage_3_30424,train,estagio_3,nao_classificavel,estagio_3,True,ultralytics_curascan/datasets/estagio-nivel-34n-20-05-26/train/estagio_3/stage_3_30424.jpg
stage_3_30597,stage_3_30597,stage_3_30597.jpg,ac492f8be2b5fdeb04be8f6339863e0c2e694d8dac4c6de85af7dbb0e4140b9b,ecc38c99b8638c73,name:stage_3_30597,train,estagio_3,nao_classificavel,estagio_3,True,ultralytics_curascan/datasets/estagio-nivel-34n-20-05-26/train/estagio_3/stage_3_30597.jpg
stage_3_31033,stage_3_31033,stage_3_31033.jpg,c6f4f7bacf3913aca666439ee70e87bfbfad97b69be2181c7aa866efb527267d,ebb0bdcab40c53a2,name:stage_3_31033,train,nao_classificavel,nao_classificavel,nao_classificavel,True,ultralytics_curascan/datasets/estagio-nivel-12n-20-05-26/train/nao_classificavel/stage_3_31033.jpg
stage_3_31161,stage_3_31161,stage_3_31161.jpg,63ab92d26a72e1c390c8691e50adf0ed1424bcbd1f59e0901b21efc28e36cc71,efe8847087c398c7,name:stage_3_31161,train,estagio_3,nao_classificavel,estagio_3,True,ultralytics_curascan/datasets/estagio-nivel-34n-20-05-26/train/estagio_3/stage_3_31161.jpg
stage_3_3202,stage_3_3202,stage_3_3202.jpg,3abe02210fc69236417667eb81b34d17e018f847661f6ad94ded791605f1c722,bfba2894ca2b651c,name:stage_3_3202,train,estagio_3,nao_classificavel,estagio_3,True,ultralytics_curascan/datasets/estagio-nivel-34n-20-05-26/test/estagio_3/stage_3_3202.jpg
stage_3_32168,stage_3_32168,stage_3_32168.jpg,63f86f1c203de0535ab2cf783d03d51b295337d37b32e7d0b691be93393d1ff3,ae5ca950d30bd42f,name:stage_3_32168,train,estagio_3,nao_classificavel,estagio_3,True,ultralytics_curascan/datasets/estagio-nivel-34n-20-05-26/train/estagio_3/stage_3_32168.jpg
stage_3_32301,stage_3_32301,stage_3_32301.jpg,db4d7ee68937d77b8d2ad34e1f06cba848e70011f4f7bf61c0383ac8e3418b19,e361bc27c23a923b,name:stage_3_32301,train,estagio_3,nao_classificavel,estagio_3,True,ultralytics_curascan/datasets/estagio-nivel-34n-20-05-26/train/estagio_3/stage_3_32301.jpg
stage_3_32323,stage_3_32323,stage_3_32323.jpg,3dde4e776624a70461722e3932ae96c3856f2b782db122ad72cf2c4387a6c461,dddd2a6b8c249352,name:stage_3_32323,train,nao_classificavel,nao_classificavel,nao_classificavel,True,ultralytics_curascan/datasets/estagio-nivel-12n-20-05-26/train/nao_classificavel/stage_3_32323.jpg
stage_3_32361,stage_3_32361,stage_3_32361.jpg,19b115738cec4d8deacfa9b2c5f30e54ed0c2ecb353488f12989568fd39a9e8f,a298bde572a2c29e,name:stage_3_32361,train,estagio_3,nao_classificavel,estagio_3,True,ultralytics_curascan/datasets/estagio-nivel-34n-20-05-26/val/estagio_3/stage_3_32361.jpg
stage_3_32558,stage_3_32558,stage_3_32558.jpg,f1ee932c9d2e89a1ec68ac95f4afd35657afcf277e8c2aea6d4a2646ecf856fa,92e52bdf2990f1c8,name:stage_3_32558,train,estagio_3,nao_classificavel,estagio_3,True,ultralytics_curascan/datasets/estagio-nivel-34n-20-05-26/train/estagio_3/stage_3_32558.jpg
stage_3_33508,stage_3_33508,stage_3_33508.jpg,aca47968bc78d297078f8c349085e21c174417dbff045303a7e11bff385fa382,fea8e1d69680d98c,name:stage_3_33508,train,estagio_3,nao_classificavel,estagio_3,True,ultralytics_curascan/datasets/estagio-nivel-34n-20-05-26/train/estagio_3/stage_3_33508.jpg
stage_3_33817,stage_3_33817,stage_3_33817.jpg,231f66deae630ba3b972c1267c672450965e2d3b49d195eb117af396cb4bf756,aa0875369e9bc363,name:stage_3_33817,train,estagio_3,nao_classificavel,estagio_3,True,ultralytics_curascan/datasets/estagio-nivel-34n-20-05-26/train/estagio_3/stage_3_33817.jpg
stage_3_34168,stage_3_34168,stage_3_34168.jpg,05869b86256873f874b11f5d9b699d2d41962c7661e23f999ed181ef9deb481a,ebf085993ed25145,name:stage_3_34168,train,estagio_3,nao_classificavel,estagio_3,True,ultralytics_curascan/datasets/estagio-nivel-34n-20-05-26/train/estagio_3/stage_3_34168.jpg
stage_3_34359,stage_3_34359,stage_3_34359.jpg,c84df2b4be1aee3377ff1a99dc61f017464da6b937e49036a4a77ade0d28e7de,a9efb6c8c92224ce,name:stage_3_34359,train,estagio_3,nao_classificavel,estagio_3,True,ultralytics_curascan/datasets/estagio-nivel-34n-20-05-26/train/estagio_3/stage_3_34359.jpg
stage_3_34382,stage_3_34382,stage_3_34382.jpg,4bc31fcdf88e707c500e40132ebc45c5db8e65412f0afb18c4223368a3cdd45c,afd7d2c8c141ca36,name:stage_3_34382,train,estagio_3,nao_classificavel,estagio_3,True,ultralytics_curascan/datasets/estagio-nivel-34n-20-05-26/test/estagio_3/stage_3_34382.jpg
stage_3_34867,stage_3_34867,stage_3_34867.jpg,b1cbec7f42785001507764adab1aa8216ea947e7904817f2f986968107625f2f,a6a4b99be5468699,name:stage_3_34867,train,estagio_3,nao_classificavel,estagio_3,True,ultralytics_curascan/datasets/estagio-nivel-34n-20-05-26/train/estagio_3/stage_3_34867.jpg
stage_3_36110,stage_3_36110,stage_3_36110.jpg,4fbc88f695785acc9aa0c7cd3d68fef55a970208a3414d3615776ec487ee4f8e,b8a784c6c9c9633d,name:stage_3_36110,train,estagio_3,nao_classificavel,estagio_3,True,ultralytics_curascan/datasets/estagio-nivel-34n-20-05-26/test/estagio_3/stage_3_36110.jpg
stage_3_36345,stage_3_36345,stage_3_36345.jpg,3aae6a44706a33ba8a0bda5a4a474f11450451fc27fe18bf781e11163bd107c7,949c9d71706336ad,name:stage_3_36345,train,estagio_3,nao_classificavel,estagio_3,True,ultralytics_curascan/datasets/estagio-nivel-34n-20-05-26/train/estagio_3/stage_3_36345.jpg
stage_3_36453,stage_3_36453,stage_3_36453.jpg,367d8f53dec4c38aaa3c7c742a999cf822cd199d26568d713394c4823aadf2b3,acb68643932f4cb6,name:stage_3_36453,train,nao_classificavel,nao_classificavel,nao_classificavel,True,ultralytics_curascan/datasets/estagio-nivel-12n-20-05-26/train/nao_classificavel/stage_3_36453.jpg
stage_3_36997,stage_3_36997,stage_3_36997.jpg,7d67288498d243b01613e22131b4c255fe537999062981b3dc297b866321a9b4,def161c68d189aa5,name:stage_3_36997,train,estagio_3,nao_classificavel,estagio_3,True,ultralytics_curascan/datasets/estagio-nivel-34n-20-05-26/train/estagio_3/stage_3_36997.jpg
stage_3_3705,stage_3_3705,stage_3_3705.jpg,416975f0c1e74164f2e2460afbd16243a4f0df79d08ee94ee2f57dcb8e95ac2c,fa1ac4c39a38689f,name:stage_3_3705,train,estagio_3,nao_classificavel,estagio_3,True,ultralytics_curascan/datasets/estagio-nivel-34n-20-05-26/train/estagio_3/stage_3_3705.jpg
stage_3_3816,stage_3_3816,stage_3_3816.jpg,d6bc873f54c160c77907999a17a1464be6d95ca9e3c0353db7bc60e46640e087,b69bd8c3cc9890c7,name:stage_3_3816,train,nao_classificavel,nao_classificavel,nao_classificavel,True,ultralytics_curascan/datasets/estagio-nivel-12n-20-05-26/train/nao_classificavel/stage_3_3816.jpg
stage_3_38307,stage_3_38307,stage_3_38307.jpg,8535b97c89534a91ea55e689fbca6a2f53d205da16143aefa3d9a930f76bc7c6,bbace2d1956ac423,name:stage_3_38307,train,estagio_3,nao_classificavel,estagio_3,True,ultralytics_curascan/datasets/estagio-nivel-34n-20-05-26/val/estagio_3/stage_3_38307.jpg
stage_3_3867,stage_3_3867,stage_3_3867.jpg,ec70a4c48a9849c5eff5d0f97744ef23736bffc851ffc809e32c7a22a2321cc0,f690a9c9a63399c6,name:stage_3_3867,train,estagio_3,nao_classificavel,estagio_3,True,ultralytics_curascan/datasets/estagio-nivel-34n-20-05-26/train/estagio_3/stage_3_3867.jpg
stage_3_38684,stage_3_38684,stage_3_38684.jpg,4ee25075694ba7721444a485de0ed0be55287e876be2e0661625a5a181f3e3d9,bb8f8d30c09b8eb2,name:stage_3_38684,train,estagio_3,nao_classificavel,estagio_3,True,ultralytics_curascan/datasets/estagio-nivel-34n-20-05-26/train/estagio_3/stage_3_38684.jpg
stage_3_39204,stage_3_39204,stage_3_39204.jpg,1b23ec26d5ebf626ff88734b7a0b98428b94256019d7c423a055af77f3b2dabc,a34b772cb493d065,name:stage_3_39204,train,estagio_3,nao_classificavel,estagio_3,True,ultralytics_curascan/datasets/estagio-nivel-34n-20-05-26/train/estagio_3/stage_3_39204.jpg
stage_3_39590,stage_3_39590,stage_3_39590.jpg,d846e502c0b5d4c86c364dec8d598c63a8c6134cd048b00e678b669aa068eb93,be98a9c1e187b436,name:stage_3_39590,train,estagio_3,nao_classificavel,estagio_3,True,ultralytics_curascan/datasets/estagio-nivel-34n-20-05-26/train/estagio_3/stage_3_39590.jpg
stage_3_40230,stage_3_40230,stage_3_40230.jpg,f49c697b14081cd603b252fd1173f862ea7483e3e9bd5af1ad93652762e6953e,a0c8beb7d16dc498,name:stage_3_40230,train,estagio_3,nao_classificavel,estagio_3,True,ultralytics_curascan/datasets/estagio-nivel-34n-20-05-26/train/estagio_3/stage_3_40230.jpg
stage_3_41009,stage_3_41009,stage_3_41009.jpg,a50da21231539e60d53a45b855793b1de3d60dfe9cd40edae2936b9224cb7bf2,c9fae68732c96701,name:stage_3_41009,train,estagio_3,nao_classificavel,estagio_3,True,ultralytics_curascan/datasets/estagio-nivel-34n-20-05-26/train/estagio_3/stage_3_41009.jpg
stage_3_4161,stage_3_4161,stage_3_4161.jpg,c1ed395df1b660cd77690dc24cfbe0c0f3194c521d1a13628a2b64046eb60578,f6949bc9e5219326,name:stage_3_4161,train,estagio_3,nao_classificavel,estagio_3,True,ultralytics_curascan/datasets/estagio-nivel-34n-20-05-26/train/estagio_3/stage_3_4161.jpg
stage_3_41615,stage_3_41615,stage_3_41615.jpg,ceda24ae82985221c30fd708f3a1d22cff65d13319974acfc05507ad62f48c5d,fea0c1d68f998465,name:stage_3_41615,train,estagio_3,nao_classificavel,estagio_3,True,ultralytics_curascan/datasets/estagio-nivel-34n-20-05-26/train/estagio_3/stage_3_41615.jpg
stage_3_4172,stage_3_4172,stage_3_4172.jpg,fd0b3e348a896aba8f1f42c9713c5edb5363259393794e3b4c10bc0f38ab43d6,be97c948e6a45961,name:stage_3_4172,train,nao_classificavel,nao_classificavel,nao_classificavel,True,ultralytics_curascan/datasets/estagio-nivel-12n-20-05-26/val/nao_classificavel/stage_3_4172.jpg
stage_3_41780,stage_3_41780,stage_3_41780.jpg,e39af94ac2119b7fe4f973913eafa4889ec6dbda463ff8ef73e5740eb984931c,ede0d7988951b272,name:stage_3_41780,train,estagio_3,nao_classificavel,estagio_3,True,ultralytics_curascan/datasets/estagio-nivel-34n-20-05-26/train/estagio_3/stage_3_41780.jpg
stage_3_42257,stage_3_42257,stage_3_42257.jpg,636a964c8b9ac2014c8c0a53df531ff2bb1216a2a174ae5e7bd631c19c79cf4e,f3f6ba8899b12524,name:stage_3_42257,train,estagio_3,nao_classificavel,estagio_3,True,ultralytics_curascan/datasets/estagio-nivel-34n-20-05-26/train/estagio_3/stage_3_42257.jpg
stage_3_42880,stage_3_42880,stage_3_42880.jpg,e7da7aa3a02cc2e772a296b8b0c8271a6992ed674b98b5329c0968c8db53b632,fa8b4d8c92974e25,name:stage_3_42880,train,nao_classificavel,nao_classificavel,nao_classificavel,True,ultralytics_curascan/datasets/estagio-nivel-12n-20-05-26/test/nao_classificavel/stage_3_42880.jpg
stage_3_43611,stage_3_43611,stage_3_43611.jpg,7c16af2d5237529ce3b4e33c8e456e1c9529059e4d6c8916f911f04b879f0b62,84b9d9db66c8843b,name:stage_3_43611,train,estagio_3,nao_classificavel,estagio_3,True,ultralytics_curascan/datasets/estagio-nivel-34n-20-05-26/train/estagio_3/stage_3_43611.jpg
stage_3_4381,stage_3_4381,stage_3_4381.jpg,fb013507857912dc77743b3b4c6f4099c85ab68a8b978cb6380dc0f04a37826e,eab4f1c9c79b1c20,name:stage_3_4381,train,estagio_3,nao_classificavel,estagio_3,True,ultralytics_curascan/datasets/estagio-nivel-34n-20-05-26/train/estagio_3/stage_3_4381.jpg
stage_3_44200,stage_3_44200,stage_3_44200.jpg,7a374fb5625bcdb7f18493cc28d03372ae50e779850b96857d30b795d3b729ca,c3f8c1e09e60cfd2,name:stage_3_44200,train,estagio_3,nao_classificavel,estagio_3,True,ultralytics_curascan/datasets/estagio-nivel-34n-20-05-26/train/estagio_3/stage_3_44200.jpg
stage_3_44531,stage_3_44531,stage_3_44531.jpg,819c1a2ecb0fa615e0de34b8b82a50600d758cd8c969e77f3d239c9bf1dcf4c8,f7e8e1908b819dcc,name:stage_3_44531,train,estagio_3,nao_classificavel,estagio_3,True,ultralytics_curascan/datasets/estagio-nivel-34n-20-05-26/train/estagio_3/stage_3_44531.jpg
stage_3_44976,stage_3_44976,stage_3_44976.jpg,07d69712095b886f4da427e128698528479f219c31a7a1b6e3504ceff94fc037,9da17a9693ed0c51,name:stage_3_44976,train,estagio_3,nao_classificavel,estagio_3,True,ultralytics_curascan/datasets/estagio-nivel-34n-20-05-26/val/estagio_3/stage_3_44976.jpg
stage_3_45360,stage_3_45360,stage_3_45360.jpg,94f6392d4628db555f670cfc93bc299ca7f9d258a4a4912e97751b33273bf60f,9a9ea0b58b992d66,name:stage_3_45360,train,estagio_3,nao_classificavel,estagio_3,True,ultralytics_curascan/datasets/estagio-nivel-34n-20-05-26/train/estagio_3/stage_3_45360.jpg
stage_3_46135,stage_3_46135,stage_3_46135.jpg,1c52d1529c9fd7ce10f243c108973628434c43a6c1e3d2bc1256856d4d2c8a04,fe97d154445292ce,name:stage_3_46135,train,estagio_3,nao_classificavel,estagio_3,True,ultralytics_curascan/datasets/estagio-nivel-34n-20-05-26/val/estagio_3/stage_3_46135.jpg
stage_3_46773,stage_3_46773,stage_3_46773.jpg,b5e6947a824d6e40c373016c13f61fe7285b72ce7272f044134dd822423b3da3,b872c42985ff8e98,name:stage_3_46773,train,estagio_3,nao_classificavel,estagio_3,True,ultralytics_curascan/datasets/estagio-nivel-34n-20-05-26/train/estagio_3/stage_3_46773.jpg
stage_3_46904,stage_3_46904,stage_3_46904.jpg,a23060db25e26a260468677a283563b66b51d12fa648b97c0cba16ee11466d75,efcf90d9c0e6a421,name:stage_3_46904,train,estagio_3,nao_classificavel,estagio_3,True,ultralytics_curascan/datasets/estagio-nivel-34n-20-05-26/train/estagio_3/stage_3_46904.jpg
stage_3_49000,stage_3_49000,stage_3_49000.jpg,50502eb835d54cb3405d50a900d272fa17757bf39c009cbfdbfad2a149b986c6,e81987de90593567,name:stage_3_49000,train,estagio_3,nao_classificavel,estagio_3,True,ultralytics_curascan/datasets/estagio-nivel-34n-20-05-26/train/estagio_3/stage_3_49000.jpg
stage_3_4907,stage_3_4907,stage_3_4907.jpg,f0739475c169f162c9b03936c4f09faf60f08f360b334629627d554d913db217,f58dca3225a5cad8,name:stage_3_4907,train,estagio_3,nao_classificavel,estagio_3,True,ultralytics_curascan/datasets/estagio-nivel-34n-20-05-26/train/estagio_3/stage_3_4907.jpg
stage_3_49638,stage_3_49638,stage_3_49638.jpg,30ee694299456bd18a6431e80e9d03cf0f5d3014a6271200f3f1873ce8cb20a5,ba228d58f463b336,name:stage_3_49638,train,estagio_3,nao_classificavel,estagio_3,True,ultralytics_curascan/datasets/estagio-nivel-34n-20-05-26/val/estagio_3/stage_3_49638.jpg
stage_3_50149,stage_3_50149,stage_3_50149.jpg,1107f570d617edfb3e05c24cf448b891c94e24f8aeed41a0bb57d6e39401f879,df20d7479e607861,name:stage_3_50149,train,estagio_3,nao_classificavel,estagio_3,True,ultralytics_curascan/datasets/estagio-nivel-34n-20-05-26/train/estagio_3/stage_3_50149.jpg
stage_3_5130,stage_3_5130,stage_3_5130.jpg,0acd5b2602b4746f36738b157a0d85bd169762a7084fb2aa68d10c106df0cf13,ade4e68591e9690d,name:stage_3_5130,train,estagio_3,nao_classificavel,estagio_3,True,ultralytics_curascan/datasets/estagio-nivel-34n-20-05-26/train/estagio_3/stage_3_5130.jpg
stage_3_51649,stage_3_51649,stage_3_51649.jpg,e62c6fa87c4fab2ecde4cb218d8a9e44a70369689a0d141abf88b2f1def17e04,dfd6e0caa709cac0,name:stage_3_51649,train,estagio_3,nao_classificavel,estagio_3,True,ultralytics_curascan/datasets/estagio-nivel-34n-20-05-26/train/estagio_3/stage_3_51649.jpg
stage_3_52057,stage_3_52057,stage_3_52057.jpg,634b4209142ecd993e50054e1b1987a91261a1d35a211cdf3ba0bd6da940d051,becce333194ca649,name:stage_3_52057,train,estagio_3,nao_classificavel,estagio_3,True,ultralytics_curascan/datasets/estagio-nivel-34n-20-05-26/train/estagio_3/stage_3_52057.jpg
stage_3_52569,stage_3_52569,stage_3_52569.jpg,3d5170ae7450fc55d46a3459577e64741deb90edee0bfc67cf44126d392d95d2,9ee121fc86761ab8,name:stage_3_52569,train,estagio_3,nao_classificavel,estagio_3,True,ultralytics_curascan/datasets/estagio-nivel-34n-20-05-26/train/estagio_3/stage_3_52569.jpg
stage_3_5293,stage_3_5293,stage_3_5293.jpg,1cb94e69f1af6ff70c29672576f8555bd8a520aa28be8a67ca07cdd00cc1d1b7,ced5389ab0c9c3e4,name:stage_3_5293,train,nao_classificavel,nao_classificavel,nao_classificavel,True,ultralytics_curascan/datasets/estagio-nivel-12n-20-05-26/train/nao_classificavel/stage_3_5293.jpg
stage_3_53022,stage_3_53022,stage_3_53022.jpg,3e091e6d35c1be06727e44e90f0301976ab83518fdd6f875efac725eb92d683b,f3ceca7827932087,name:stage_3_53022,train,estagio_3,nao_classificavel,estagio_3,True,ultralytics_curascan/datasets/estagio-nivel-34n-20-05-26/test/estagio_3/stage_3_53022.jpg
stage_3_54010,stage_3_54010,stage_3_54010.jpg,15554df411a20c13195c9e758b23a26c4833b907d04e384db70311e5d5ab95a3,c126ea33b96c74b8,name:stage_3_54010,train,estagio_3,nao_classificavel,estagio_3,True,ultralytics_curascan/datasets/estagio-nivel-34n-20-05-26/val/estagio_3/stage_3_54010.jpg
stage_3_54111,stage_3_54111,stage_3_54111.jpg,4d82518120e7f058bc4bd122de78c8a12bc65daddc8a021a35a2bb011231f34d,e6f3f98d9089b301,name:stage_3_54111,train,estagio_3,nao_classificavel,estagio_3,True,ultralytics_curascan/datasets/estagio-nivel-34n-20-05-26/train/estagio_3/stage_3_54111.jpg
stage_3_54901,stage_3_54901,stage_3_54901.jpg,e780131b1cc46dd592d98317be862b52e5c32c7033e304f03ceed14b9733ad10,ff9be060d623c458,name:stage_3_54901,train,estagio_3,nao_classificavel,estagio_3,True,ultralytics_curascan/datasets/estagio-nivel-34n-20-05-26/train/estagio_3/stage_3_54901.jpg
stage_3_55779,stage_3_55779,stage_3_55779.jpg,a56b633a7fb8a435c7b5e3fa26dea59e2f38f9c82f86def373b019d086ea982b,af92c34d8d623e64,name:stage_3_55779,train,estagio_3,nao_classificavel,estagio_3,True,ultralytics_curascan/datasets/estagio-nivel-34n-20-05-26/train/estagio_3/stage_3_55779.jpg
stage_3_55919,stage_3_55919,stage_3_55919.jpg,48ffb86f1812bcb8772fc7082b8e853fd1a8d7912fee524228de4e1ab4eac40f,eb70ec6f008d7f04,name:stage_3_55919,train,estagio_3,nao_classificavel,estagio_3,True,ultralytics_curascan/datasets/estagio-nivel-34n-20-05-26/train/estagio_3/stage_3_55919.jpg
stage_3_57770,stage_3_57770,stage_3_57770.jpg,c47996703bab41ee38946395184b816ee300bbbd1eaf5a9860e64a47f460e4bb,eee8b8c1c5cc3629,name:stage_3_57770,train,estagio_3,nao_classificavel,estagio_3,True,ultralytics_curascan/datasets/estagio-nivel-34n-20-05-26/test/estagio_3/stage_3_57770.jpg
stage_3_58880,stage_3_58880,stage_3_58880.jpg,7764513b7673f86dc2d5cdfb6657dbbffcb798ecceb2703c441aa812a85aedfd,f3d1bcf183c8c8c4,name:stage_3_58880,train,estagio_3,nao_classificavel,estagio_3,True,ultralytics_curascan/datasets/estagio-nivel-34n-20-05-26/train/estagio_3/stage_3_58880.jpg
stage_3_60768,stage_3_60768,stage_3_60768.jpg,c7bd01d0394c434abfb75accda65c1163af2702f3770c05cb0d6888b350e53de,a0d9bd8298cbcc9d,name:stage_3_60768,train,estagio_3,nao_classificavel,estagio_3,True,ultralytics_curascan/datasets/estagio-nivel-34n-20-05-26/val/estagio_3/stage_3_60768.jpg
stage_3_61351,stage_3_61351,stage_3_61351.jpg,0ccbb9ef593c1c5a502e1c08eace5bcd01c308193187cb41e06c4a8c4e4d5f03,dbd82bc0653ea58a,name:stage_3_61351,train,nao_classificavel,nao_classificavel,nao_classificavel,True,ultralytics_curascan/datasets/estagio-nivel-12n-20-05-26/test/nao_classificavel/stage_3_61351.jpg
stage_3_61594,stage_3_61594,stage_3_61594.jpg,b9bbe26408664636e931b3f829fb8160dc4e7c9fbf720ec3388c42119c62fd72,f8fac1b8e1a1a2ac,name:stage_3_61594,train,estagio_3,nao_classificavel,estagio_3,True,ultralytics_curascan/datasets/estagio-nivel-34n-20-05-26/val/estagio_3/stage_3_61594.jpg
stage_3_63168,stage_3_63168,stage_3_63168.jpg,3db70568f3471c6fd3917274f0476d79f2b571d6a70df3f48cbef56c52abfa2f,ffc0f688d809d925,name:stage_3_63168,train,estagio_3,nao_classificavel,estagio_3,True,ultralytics_curascan/datasets/estagio-nivel-34n-20-05-26/train/estagio_3/stage_3_63168.jpg
stage_3_63187,stage_3_63187,stage_3_63187.jpg,5a1461ba10c2e3ff8028cdce59d883518e9f79333dadc5051a70eb600d3fa976,fc84f325e906c19e,name:stage_3_63187,train,estagio_3,nao_classificavel,estagio_3,True,ultralytics_curascan/datasets/estagio-nivel-34n-20-05-26/train/estagio_3/stage_3_63187.jpg
stage_3_64153,stage_3_64153,stage_3_64153.jpg,f1d0a199dbff7b786615e6434ddc6f2697f2c0d34f0bc41999ee243daaa52341,fa117a846b87588f,name:stage_3_64153,train,estagio_3,nao_classificavel,estagio_3,True,ultralytics_curascan/datasets/estagio-nivel-34n-20-05-26/train/estagio_3/stage_3_64153.jpg
stage_3_65716,stage_3_65716,stage_3_65716.jpg,f873987a0a07b8ee4826bf7284de823ce863e229ddeb07f568ab7e44db08cae6,d74a699790cbcc8c,name:stage_3_65716,train,estagio_3,nao_classificavel,estagio_3,True,ultralytics_curascan/datasets/estagio-nivel-34n-20-05-26/val/estagio_3/stage_3_65716.jpg
stage_3_6593,stage_3_6593,stage_3_6593.jpg,5ab7f2ebac34d9339767e67c5164638df9b4b9d30535515a84211ca8544ed723,b5366ec3d8407393,name:stage_3_6593,train,estagio_3,nao_classificavel,estagio_3,True,ultralytics_curascan/datasets/estagio-nivel-34n-20-05-26/train/estagio_3/stage_3_6593.jpg
stage_3_66056,stage_3_66056,stage_3_66056.jpg,eaec5f67f8fad99e90b619c411250db7bb3b61cbc4d0d19214836d5e44db4627,8c973a927489e787,name:stage_3_66056,train,estagio_3,nao_classificavel,estagio_3,True,ultralytics_curascan/datasets/estagio-nivel-34n-20-05-26/train/estagio_3/stage_3_66056.jpg
stage_3_66180,stage_3_66180,stage_3_66180.jpg,a3e5dd16962e78dc51b879d03d1c1a6b05166775ff303ece83092d6b29e79e23,fac9a70ddc18e039,name:stage_3_66180,train,estagio_3,nao_classificavel,estagio_3,True,ultralytics_curascan/datasets/estagio-nivel-34n-20-05-26/train/estagio_3/stage_3_66180.jpg
stage_3_66754,stage_3_66754,stage_3_66754.jpg,6ea4c559bfc15cb51d2d5d7caddefd37971a648cbe7235967c18b758ffd4ae35,d908e2f19c7e71c4,name:stage_3_66754,train,estagio_3,nao_classificavel,estagio_3,True,ultralytics_curascan/datasets/estagio-nivel-34n-20-05-26/val/estagio_3/stage_3_66754.jpg
stage_3_6790,stage_3_6790,stage_3_6790.jpg,a8614f2db223b6d1be8a8f78cad3fbda89475af1610a1f4d96c728ca2bc1b6ad,b3e8e856a18976b2,name:stage_3_6790,train,estagio_3,nao_classificavel,estagio_3,True,ultralytics_curascan/datasets/estagio-nivel-34n-20-05-26/train/estagio_3/stage_3_6790.jpg
stage_3_6836,stage_3_6836,stage_3_6836.jpg,f1a1acaeaf8b280caaca25c41c2183fa8b7e9bf9c1809166f705c8dc3adeaf77,b6fbeac0a1c6908e,name:stage_3_6836,train,estagio_3,nao_classificavel,estagio_3,True,ultralytics_curascan/datasets/estagio-nivel-34n-20-05-26/train/estagio_3/stage_3_6836.jpg
stage_3_68687,stage_3_68687,stage_3_68687.jpg,1faab55b74feee226dce5b72207eda6c8ff866a25e7da078a9ce67d87e5ed598,b6ccd821c3f6344e,name:stage_3_68687,train,nao_classificavel,nao_classificavel,nao_classificavel,True,ultralytics_curascan/datasets/estagio-nivel-12n-20-05-26/train/nao_classificavel/stage_3_68687.jpg
stage_3_70154,stage_3_70154,stage_3_70154.jpg,cf7604ad703885316210e3c922bb8eb09f4dcd48369c8eead394558945d8a6a7,cbe1e58cc633863a,name:stage_3_70154,train,estagio_3,nao_classificavel,estagio_3,True,ultralytics_curascan/datasets/estagio-nivel-34n-20-05-26/train/estagio_3/stage_3_70154.jpg
stage_3_70238,stage_3_70238,stage_3_70238.jpg,40cc3a7f9d49b0395e53dddc7c367d4ffe148ac7ef7fc8decd17e3e5b6ea921d,9a8cf41ee05983fc,name:stage_3_70238,train,estagio_3,nao_classificavel,estagio_3,True,ultralytics_curascan/datasets/estagio-nivel-34n-20-05-26/train/estagio_3/stage_3_70238.jpg
stage_3_70970,stage_3_70970,stage_3_70970.jpg,76b8e89cc2d27d0db103cb8b705ec39baf3bbc3ffaeea849c3bd4c7c02c39375,aa5bab62a59a94cc,name:stage_3_70970,train,estagio_3,nao_classificavel,estagio_3,True,ultralytics_curascan/datasets/estagio-nivel-34n-20-05-26/train/estagio_3/stage_3_70970.jpg
stage_3_71372,stage_3_71372,stage_3_71372.jpg,fbac1bb46af3733870af535144c94aabea5e88bcfa36fe312508cd3e8ebfdf03,fee3a94c43a18c96,name:stage_3_71372,train,estagio_3,nao_classificavel,estagio_3,True,ultralytics_curascan/datasets/estagio-nivel-34n-20-05-26/train/estagio_3/stage_3_71372.jpg
stage_3_71562,stage_3_71562,stage_3_71562.jpg,9616d99aa4786b30dd981c69132e018dc46c01d3771de296d4b644ccd2949cfc,8a7c77867883639c,name:stage_3_71562,train,estagio_3,nao_classificavel,estagio_3,True,ultralytics_curascan/datasets/estagio-nivel-34n-20-05-26/train/estagio_3/stage_3_71562.jpg
stage_3_71679,stage_3_71679,stage_3_71679.jpg,8e7be0d77ec805ce105cbde7f0cbdf56501e7dae0a93e9bce248f8d2988824c9,e0e6979293374e68,name:stage_3_71679,train,estagio_3,nao_classificavel,estagio_3,True,ultralytics_curascan/datasets/estagio-nivel-34n-20-05-26/val/estagio_3/stage_3_71679.jpg
stage_3_7213,stage_3_7213,stage_3_7213.jpg,eddb17fa5dd09f28cb97ef3cda23a80e6eaec465496a70ec792e48caf0b69eb4,f5b9c4664987c23a,name:stage_3_7213,train,estagio_3,nao_classificavel,estagio_3,True,ultralytics_curascan/datasets/estagio-nivel-34n-20-05-26/train/estagio_3/stage_3_7213.jpg
stage_3_73193,stage_3_73193,stage_3_73193.jpg,0c9dc05ee858f85b46ed88323d22648eeb8fe25ea16e862e53650a4d6386906d,aaf4e598a1b7c688,name:stage_3_73193,train,estagio_3,nao_classificavel,estagio_3,True,ultralytics_curascan/datasets/estagio-nivel-34n-20-05-26/val/estagio_3/stage_3_73193.jpg
stage_3_73841,stage_3_73841,stage_3_73841.jpg,7b415c15afd99d127735ad203e7a83a1d2e6aa48f66e65580d0e34282339d3a0,ebb0b1e1e68e9898,name:stage_3_73841,train,estagio_3,nao_classificavel,estagio_3,True,ultralytics_curascan/datasets/estagio-nivel-34n-20-05-26/val/estagio_3/stage_3_73841.jpg
stage_3_73918,stage_3_73918,stage_3_73918.jpg,a2d1e63ab1a514c67de4116aec56b4a6a5391a3fa19828168e546155ffa4d5fd,a7b6c889c4e5952e,name:stage_3_73918,train,nao_classificavel,nao_classificavel,nao_classificavel,True,ultralytics_curascan/datasets/estagio-nivel-12n-20-05-26/train/nao_classificavel/stage_3_73918.jpg
stage_3_74692,stage_3_74692,stage_3_74692.jpg,9e7a689eec2f7cbad012e32c23b7b072006458274a88a126a33c343f182b21d5,a7f8be8299656486,name:stage_3_74692,train,estagio_3,nao_classificavel,estagio_3,True,ultralytics_curascan/datasets/estagio-nivel-34n-20-05-26/test/estagio_3/stage_3_74692.jpg
stage_3_74839,stage_3_74839,stage_3_74839.jpg,ef6c61b442ea462591e1f0d86d09e7322bb66f185dd8f79fd87059e6ee89051d,bc86d2fedae148c0,name:stage_3_74839,train,estagio_3,nao_classificavel,estagio_3,True,ultralytics_curascan/datasets/estagio-nivel-34n-20-05-26/train/estagio_3/stage_3_74839.jpg
stage_3_75976,stage_3_75976,stage_3_75976.jpg,f6e74e959afc580613516ec939367c3f5171e341c7dec0c52bc752c671f5b552,a6f9b9a6e2994864,name:stage_3_75976,train,estagio_3,nao_classificavel,estagio_3,True,ultralytics_curascan/datasets/estagio-nivel-34n-20-05-26/test/estagio_3/stage_3_75976.jpg
stage_3_76472,stage_3_76472,stage_3_76472.jpg,ea1ac0750508fb88ad415902898565901bd6ed330b9a985d2c778eb9c979e917,a7c69922d6cc996a,name:stage_3_76472,train,estagio_3,nao_classificavel,estagio_3,True,ultralytics_curascan/datasets/estagio-nivel-34n-20-05-26/train/estagio_3/stage_3_76472.jpg
stage_3_76622,stage_3_76622,stage_3_76622.jpg,52b1d0125cf1cfc663528e591f84e7823c69ec0cbcd3662c37c238a3b3840ae6,e2b197cbd8ac84c6,name:stage_3_76622,train,estagio_3,nao_classificavel,estagio_3,True,ultralytics_curascan/datasets/estagio-nivel-34n-20-05-26/val/estagio_3/stage_3_76622.jpg
stage_3_78315,stage_3_78315,stage_3_78315.jpg,fbe2baf8416565c0d61a7cb37558d6b29720dcbbaecace94fb908f8f1053f372,cba2548bc1b574ae,name:stage_3_78315,train,estagio_3,nao_classificavel,estagio_3,True,ultralytics_curascan/datasets/estagio-nivel-34n-20-05-26/train/estagio_3/stage_3_78315.jpg
stage_3_78468,stage_3_78468,stage_3_78468.jpg,5854dd37466347d221f6538b3c9f7c12b509fa7c4ddfbba258ff59abb29ba9ff,ee4e9b7038a7c511,name:stage_3_78468,train,estagio_3,nao_classificavel,estagio_3,True,ultralytics_curascan/datasets/estagio-nivel-34n-20-05-26/train/estagio_3/stage_3_78468.jpg
stage_3_79173,stage_3_79173,stage_3_79173.jpg,323e2654148e750453089672aa02059f001f5608c394ab9513c7bc79a611e338,c888796ba3bc3c36,name:stage_3_79173,train,estagio_3,nao_classificavel,estagio_3,True,ultralytics_curascan/datasets/estagio-nivel-34n-20-05-26/train/estagio_3/stage_3_79173.jpg
stage_3_79198,stage_3_79198,stage_3_79198.jpg,831e4d42cf474be735dabbb7f86d65e2ca5ec07286198ed01edc2c38f4d53057,a6e6f94c829dd922,name:stage_3_79198,train,estagio_3,nao_classificavel,estagio_3,True,ultralytics_curascan/datasets/estagio-nivel-34n-20-05-26/train/estagio_3/stage_3_79198.jpg
stage_3_82676,stage_3_82676,stage_3_82676.jpg,655d6016bcaa3f6528db8d858526d01465f630ae0861fb9cab02e7dbe9d835c7,fac1e3648e38895b,name:stage_3_82676,train,estagio_3,nao_classificavel,estagio_3,True,ultralytics_curascan/datasets/estagio-nivel-34n-20-05-26/train/estagio_3/stage_3_82676.jpg
stage_3_83885,stage_3_83885,stage_3_83885.jpg,7bc9624dcea487eb15e9022a9b31cdcf6282c70b7a8da81247c54dcb14f22fdb,ffe1e846039eb230,name:stage_3_83885,train,estagio_3,nao_classificavel,estagio_3,True,ultralytics_curascan/datasets/estagio-nivel-34n-20-05-26/train/estagio_3/stage_3_83885.jpg
stage_3_85164,stage_3_85164,stage_3_85164.jpg,e49344e8f3f1f98d0d97ef2c32853d8e4ed5972fad59fdf7232f4a484812e34f,ff80ca67688f9194,name:stage_3_85164,train,estagio_3,nao_classificavel,estagio_3,True,ultralytics_curascan/datasets/estagio-nivel-34n-20-05-26/train/estagio_3/stage_3_85164.jpg
stage_3_85855,stage_3_85855,stage_3_85855.jpg,41654bfbd4e2d8e192eeef30eaf8fd5f364d17c009438279cad8d1c1326b60fa,ffd4e223a50a845b,name:stage_3_85855,train,estagio_3,nao_classificavel,estagio_3,True,ultralytics_curascan/datasets/estagio-nivel-34n-20-05-26/train/estagio_3/stage_3_85855.jpg
stage_3_8603,stage_3_8603,stage_3_8603.jpg,8a1662f8fecd797902b03a092bf889511cbf08012981ff522cc26719722223ac,a9b73f882cef8282,name:stage_3_8603,train,estagio_3,nao_classificavel,estagio_3,True,ultralytics_curascan/datasets/estagio-nivel-34n-20-05-26/train/estagio_3/stage_3_8603.jpg
stage_3_8618,stage_3_8618,stage_3_8618.jpg,e7cd18f5f045ac10c0995c1cee71a365bafc00850e63ba8a8c1ae0d93a5089ad,8db978426796714d,name:stage_3_8618,train,estagio_3,nao_classificavel,estagio_3,True,ultralytics_curascan/datasets/estagio-nivel-34n-20-05-26/test/estagio_3/stage_3_8618.jpg
stage_3_87647,stage_3_87647,stage_3_87647.jpg,192be06011c103bc2bef8b3f8e063d564e698bfdb3af44d329ad653c56c0d4f0,fed0a10ec3919787,name:stage_3_87647,train,estagio_3,nao_classificavel,estagio_3,True,ultralytics_curascan/datasets/estagio-nivel-34n-20-05-26/train/estagio_3/stage_3_87647.jpg
stage_3_87706,stage_3_87706,stage_3_87706.jpg,e22a8e74cbc8a03d1a12ec127122deaadbd3db478102071a67b8c128e98657e2,ce54b3b386647166,name:stage_3_87706,train,estagio_3,nao_classificavel,estagio_3,True,ultralytics_curascan/datasets/estagio-nivel-34n-20-05-26/train/estagio_3/stage_3_87706.jpg
stage_3_89382,stage_3_89382,stage_3_89382.jpg,ee1cdd125c0aee2446f35f84dd80e6b1101e8c2d8d195d6b78f011d7abd450cf,b2d0cf733846715c,name:stage_3_89382,train,estagio_3,nao_classificavel,estagio_3,True,ultralytics_curascan/datasets/estagio-nivel-34n-20-05-26/test/estagio_3/stage_3_89382.jpg
stage_3_90185,stage_3_90185,stage_3_90185.jpg,f6f19234971fb3fd4b74210796281df0d1840436311d8bbdcd56b93aef57f30e,da99b4b4c2868bce,name:stage_3_90185,train,estagio_3,nao_classificavel,estagio_3,True,ultralytics_curascan/datasets/estagio-nivel-34n-20-05-26/train/estagio_3/stage_3_90185.jpg
stage_3_93848,stage_3_93848,stage_3_93848.jpg,4638434d97e80c78ea3dc252fbace6d948af231926de4e7c5c26ff4a14413ba3,be2da2558b32cca9,name:stage_3_93848,train,estagio_3,nao_classificavel,estagio_3,True,ultralytics_curascan/datasets/estagio-nivel-34n-20-05-26/train/estagio_3/stage_3_93848.jpg
stage_3_95098,stage_3_95098,stage_3_95098.jpg,9732f047cd1619a378c1918aa222d28c0434c0412ad34deefe7f1f6818c47522,c370b8cf01fe34d8,name:stage_3_95098,train,estagio_3,nao_classificavel,estagio_3,True,ultralytics_curascan/datasets/estagio-nivel-34n-20-05-26/val/estagio_3/stage_3_95098.jpg
stage_3_95641,stage_3_95641,stage_3_95641.jpg,2d91c79da2585a23b5becf8868a84fe14d85af951d492dcab7fd5c76f57804c3,fbd4a4cb9218d361,name:stage_3_95641,train,estagio_3,nao_classificavel,estagio_3,True,ultralytics_curascan/datasets/estagio-nivel-34n-20-05-26/test/estagio_3/stage_3_95641.jpg
stage_3_97253,stage_3_97253,stage_3_97253.jpg,d075d6cd22ae0bc8645147c1d1a6dff94f91cce285533b3e6716aa5dffe8f5d8,b7319c4ec3e1a472,name:stage_3_97253,train,estagio_3,nao_classificavel,estagio_3,True,ultralytics_curascan/datasets/estagio-nivel-34n-20-05-26/train/estagio_3/stage_3_97253.jpg
stage_3_99214,stage_3_99214,stage_3_99214.jpg,21b7a43ecdc47e13738ea42f8180048e241673e51a3fe653adca56aaac61fdf6,be54e94e262cb172,name:stage_3_99214,train,estagio_3,nao_classificavel,estagio_3,True,ultralytics_curascan/datasets/estagio-nivel-34n-20-05-26/test/estagio_3/stage_3_99214.jpg
stage_4_10150,stage_4_10150,stage_4_10150.jpg,37447ff6d03a5e3739532c4605cae48a57d518ec16d2bd892a797be466821574,d2da6da47622f40d,name:stage_4_10150,train,estagio_3,nao_classificavel,estagio_3,True,ultralytics_curascan/datasets/estagio-nivel-34n-20-05-26/train/estagio_3/stage_4_10150.jpg
stage_4_10464,stage_4_10464,stage_4_10464.jpg,2f6601723c3fc5ac49c5d4c87952a8d516127c3eaa46558e1747e97a2cd94122,f483e883f706d28e,name:stage_4_10464,train,estagio_4,nao_classificavel,estagio_4,True,ultralytics_curascan/datasets/estagio-nivel-34n-20-05-26/val/estagio_4/stage_4_10464.jpg
stage_4_10573,stage_4_10573,stage_4_10573.jpg,5bd766870a5677c7c4ef3385fe3bdb870afb9b183052e724700361afef3e6a0e,e1c68ed03c2fe1e4,name:stage_4_10573,train,estagio_4,nao_classificavel,estagio_4,True,ultralytics_curascan/datasets/estagio-nivel-34n-20-05-26/train/estagio_4/stage_4_10573.jpg
stage_4_11221,stage_4_11221,stage_4_11221.jpg,42be6ecdb9de72b8b2ee57316378aa6539289c5b120a79870f787ac3046b904c,9a3d2de28ec9706c,name:stage_4_11221,train,estagio_4,nao_classificavel,estagio_4,True,ultralytics_curascan/datasets/estagio-nivel-34n-20-05-26/train/estagio_4/stage_4_11221.jpg
stage_4_1241,stage_4_1241,stage_4_1241.jpg,21f4694ec32dc28c549b05f3d4a944ad0bd10715c630f1326bcd4d12e09d0448,ff84f883c01ee40f,name:stage_4_1241,train,estagio_4,nao_classificavel,estagio_4,True,ultralytics_curascan/datasets/estagio-nivel-34n-20-05-26/train/estagio_4/stage_4_1241.jpg
stage_4_12443,stage_4_12443,stage_4_12443.jpg,3f8ec68881574d3843db3e4ebefaaf2275dd162d0a19bd240ec2454fc28e83bb,805c3b6afccb92b4,name:stage_4_12443,train,estagio_3,nao_classificavel,estagio_3,True,ultralytics_curascan/datasets/estagio-nivel-34n-20-05-26/train/estagio_3/stage_4_12443.jpg
stage_4_12553,stage_4_12553,stage_4_12553.jpg,603c174364ee1339ab325d6411f5fbf4a4ba7a3a37a8bc8d1c7da85d67abff87,eda63630c3c18dce,name:stage_4_12553,train,estagio_3,nao_classificavel,estagio_3,True,ultralytics_curascan/datasets/estagio-nivel-34n-20-05-26/train/estagio_3/stage_4_12553.jpg
stage_4_13918,stage_4_13918,stage_4_13918.jpg,87be343186d9851b975563c91d35a11190080a9490ddba8bdd1e17e3d8d383d5,f3c78a2526e427a6,name:stage_4_13918,train,estagio_4,nao_classificavel,estagio_4,True,ultralytics_curascan/datasets/estagio-nivel-34n-20-05-26/train/estagio_4/stage_4_13918.jpg
stage_4_14146,stage_4_14146,stage_4_14146.jpg,7f01992fa8408ec20ebfee9de8863571231ad6c97669fc456db20ba30f3d401a,b8f696c9952e5264,name:stage_4_14146,train,estagio_4,nao_classificavel,estagio_4,True,ultralytics_curascan/datasets/estagio-nivel-34n-20-05-26/train/estagio_4/stage_4_14146.jpg
stage_4_14278,stage_4_14278,stage_4_14278.jpg,a4c918e741253dae83ce9a332b29446dac14e3b513c7c545575531edfd36db06,f0a19bd64c6e6661,name:stage_4_14278,train,estagio_4,nao_classificavel,estagio_4,True,ultralytics_curascan/datasets/estagio-nivel-34n-20-05-26/train/estagio_4/stage_4_14278.jpg
stage_4_14808,stage_4_14808,stage_4_14808.jpg,488ac590c2d9a67bd6da57fb2c88a5130965236a251f0d194f9136e18bd272f9,fce3c59ce34c9111,name:stage_4_14808,train,estagio_4,nao_classificavel,estagio_4,True,ultralytics_curascan/datasets/estagio-nivel-34n-20-05-26/val/estagio_4/stage_4_14808.jpg
stage_4_17187,stage_4_17187,stage_4_17187.jpg,f344a57e1595dc052e281091bf9d8edc74eff45a1179b72dfe17ae88223db512,f19d8ef1a1083763,name:stage_4_17187,train,estagio_4,nao_classificavel,estagio_4,True,ultralytics_curascan/datasets/estagio-nivel-34n-20-05-26/train/estagio_4/stage_4_17187.jpg
stage_4_18106,stage_4_18106,stage_4_18106.jpg,c96296ce51b238c46c385d8407aafdfe9bdbb5ef8ddacc8d874a103d08ed8ee6,fec944a4999b28cd,name:stage_4_18106,train,estagio_4,nao_classificavel,estagio_4,True,ultralytics_curascan/datasets/estagio-nivel-34n-20-05-26/train/estagio_4/stage_4_18106.jpg
stage_4_18125,stage_4_18125,stage_4_18125.jpg,b53d3cf337e0ee002a74ebb8357bb89c52beb32835e6eb135a8f150d8f6f2356,faf0e1e1848ec49e,name:stage_4_18125,train,estagio_4,nao_classificavel,estagio_4,True,ultralytics_curascan/datasets/estagio-nivel-34n-20-05-26/train/estagio_4/stage_4_18125.jpg
stage_4_18902,stage_4_18902,stage_4_18902.jpg,0a3dc9c1664c59f7a89dd2a5d138e6d1ce36587eea9fbf889ffa9ac7c67a6473,ffe0f282db16c019,name:stage_4_18902,train,estagio_4,nao_classificavel,estagio_4,True,ultralytics_curascan/datasets/estagio-nivel-34n-20-05-26/train/estagio_4/stage_4_18902.jpg
stage_4_19798,stage_4_19798,stage_4_19798.jpg,f8fdf2b15d7ff013771253c97537626ea8552ef6b56d16818135bcc95a3f5df5,bed0c1cec534c879,name:stage_4_19798,train,estagio_4,nao_classificavel,estagio_4,True,ultralytics_curascan/datasets/estagio-nivel-34n-20-05-26/val/estagio_4/stage_4_19798.jpg
stage_4_19876,stage_4_19876,stage_4_19876.jpg,2084bf58d4ed820c563a2f376973075d68865476fde70e81eb31bbec1349d823,a4919d26b74a8dd9,name:stage_4_19876,train,estagio_4,nao_classificavel,estagio_4,True,ultralytics_curascan/datasets/estagio-nivel-34n-20-05-26/train/estagio_4/stage_4_19876.jpg
stage_4_20032,stage_4_20032,stage_4_20032.jpg,6ba9b420034c59d6c6425df83aa489a14d924b34c40b790825d4349c01ebfef7,e7b8f881c6223c9b,name:stage_4_20032,train,estagio_4,nao_classificavel,estagio_4,True,ultralytics_curascan/datasets/estagio-nivel-34n-20-05-26/train/estagio_4/stage_4_20032.jpg
stage_4_20072,stage_4_20072,stage_4_20072.jpg,9415b449ff74267cfcead8ebace312a8179e6453c155ae7a8c440f5f8dca8156,fa20c5ce9ec19987,name:stage_4_20072,train,estagio_4,nao_classificavel,estagio_4,True,ultralytics_curascan/datasets/estagio-nivel-34n-20-05-26/train/estagio_4/stage_4_20072.jpg
stage_4_21366,stage_4_21366,stage_4_21366.jpg,726f6f50c4a3125d6dcc70233c55e061b829071d0d9daca2333e3f04da3f2969,cfbcf8c0c5cf2284,name:stage_4_21366,train,estagio_3,nao_classificavel,estagio_3,True,ultralytics_curascan/datasets/estagio-nivel-34n-20-05-26/train/estagio_3/stage_4_21366.jpg
stage_4_21753,stage_4_21753,stage_4_21753.jpg,c2f956b3b096aa3664ccee6013537b592e8c6fe0142c186bd2419dd1c44fd354,adbed0c11bcf0d44,name:stage_4_21753,train,estagio_4,nao_classificavel,estagio_4,True,ultralytics_curascan/datasets/estagio-nivel-34n-20-05-26/train/estagio_4/stage_4_21753.jpg
stage_4_22426,stage_4_22426,stage_4_22426.jpg,3f900f5c7cb0d93c42df0b737d766155749325321d2e9d8acd22d6f8d05d417f,a229b9a7c4d4339b,name:stage_4_22426,train,estagio_3,nao_classificavel,estagio_3,True,ultralytics_curascan/datasets/estagio-nivel-34n-20-05-26/train/estagio_3/stage_4_22426.jpg
stage_4_23496,stage_4_23496,stage_4_23496.jpg,c192b0da7506cb7a9adc422ccf2b4a30f12e792e660ee6f9b55f857538786165,ff9db080c1cf8e30,name:stage_4_23496,train,estagio_3,nao_classificavel,estagio_3,True,ultralytics_curascan/datasets/estagio-nivel-34n-20-05-26/train/estagio_3/stage_4_23496.jpg
stage_4_24476,stage_4_24476,stage_4_24476.jpg,ec7f51fc83b549a203f487e4bc9030b314ed956ee91854563bbdb1fc3b356294,f22f8f00f91f2613,name:stage_4_24476,train,estagio_3,nao_classificavel,estagio_3,True,ultralytics_curascan/datasets/estagio-nivel-34n-20-05-26/val/estagio_3/stage_4_24476.jpg
stage_4_26184,stage_4_26184,stage_4_26184.jpg,3e680e427844f7103a92cc479cccf047048e2df25af1350d627046390b534c5b,973568ba225be1e4,name:stage_4_26184,train,estagio_3,nao_classificavel,estagio_3,True,ultralytics_curascan/datasets/estagio-nivel-34n-20-05-26/train/estagio_3/stage_4_26184.jpg
stage_4_26190,stage_4_26190,stage_4_26190.jpg,5e88b4143acb56fbc705aa0b43d8827a7fcdd0c5c45172f59ed55801ed57757a,fff3e084878c9c90,name:stage_4_26190,train,estagio_4,nao_classificavel,estagio_4,True,ultralytics_curascan/datasets/estagio-nivel-34n-20-05-26/train/estagio_4/stage_4_26190.jpg
stage_4_26515,stage_4_26515,stage_4_26515.jpg,b2a514367ad5446c0e36006a8364b549229856ad7b04b5b8359586b689b5fb91,f4acd2c0cb13cccd,name:stage_4_26515,train,estagio_3,nao_classificavel,estagio_3,True,ultralytics_curascan/datasets/estagio-nivel-34n-20-05-26/test/estagio_3/stage_4_26515.jpg
stage_4_26582,stage_4_26582,stage_4_26582.jpg,2cdd3e43875332725dea59018d01471951bb9b5ee47b235593b3248f49cb84bb,a84cdbed7423c247,name:stage_4_26582,train,estagio_3,nao_classificavel,estagio_3,True,ultralytics_curascan/datasets/estagio-nivel-34n-20-05-26/train/estagio_3/stage_4_26582.jpg
stage_4_27656,stage_4_27656,stage_4_27656.jpg,19f1efabbc29a1a46cd922f81987ffbbbf9699ef18855f18a20fe665b8b86c36,f8f0e7c4183a66a6,name:stage_4_27656,train,estagio_3,nao_classificavel,estagio_3,True,ultralytics_curascan/datasets/estagio-nivel-34n-20-05-26/train/estagio_3/stage_4_27656.jpg
stage_4_28271,stage_4_28271,stage_4_28271.jpg,46b05f63662851c51d49e2d2884cf4ef0e9a67ebf1442ef3ab3d519adeabbb71,f969a34e96b19832,name:stage_4_28271,train,estagio_3,nao_classificavel,estagio_3,True,ultralytics_curascan/datasets/estagio-nivel-34n-20-05-26/train/estagio_3/stage_4_28271.jpg
stage_4_29264,stage_4_29264,stage_4_29264.jpg,7d8afdc436d146439c3de6e72a975be67b50b97de04046e19c5af406d8066939,ff0be2748d8e6038,name:stage_4_29264,train,estagio_3,nao_classificavel,estagio_3,True,ultralytics_curascan/datasets/estagio-nivel-34n-20-05-26/val/estagio_3/stage_4_29264.jpg
stage_4_29401,stage_4_29401,stage_4_29401.jpg,18646f55ae0be5f554ed0f2702bfb47eca8f150c83a5936d9f19ba762377a40d,e9e3e72e989a1161,name:stage_4_29401,train,estagio_4,nao_classificavel,estagio_4,True,ultralytics_curascan/datasets/estagio-nivel-34n-20-05-26/train/estagio_4/stage_4_29401.jpg
stage_4_30582,stage_4_30582,stage_4_30582.jpg,d2daa98c21ddad564e71cbf67e110559005e9d50f144f9cea782b203c987668d,a9b0fb97ccd0a834,name:stage_4_30582,train,estagio_4,nao_classificavel,estagio_4,True,ultralytics_curascan/datasets/estagio-nivel-34n-20-05-26/train/estagio_4/stage_4_30582.jpg
stage_4_30583,stage_4_30583,stage_4_30583.jpg,f6dc1a9e317afe7b5e71ef18fd5fad654d60720a6806f027798bdb0e089af79a,e8f6849dd232cac9,name:stage_4_30583,train,estagio_4,nao_classificavel,estagio_4,True,ultralytics_curascan/datasets/estagio-nivel-34n-20-05-26/test/estagio_4/stage_4_30583.jpg
stage_4_31059,stage_4_31059,stage_4_31059.jpg,1eb01e6d4f1f2eda9c4ad827bafb2ed9732634bc035eef18432a4bbcdb193187,f82be3c89e1eb061,name:stage_4_31059,train,estagio_4,nao_classificavel,estagio_4,True,ultralytics_curascan/datasets/estagio-nivel-34n-20-05-26/val/estagio_4/stage_4_31059.jpg
stage_4_32682,stage_4_32682,stage_4_32682.jpg,bcd3a292fd88afc326b50b56e3196b7b2267ceb2d65537e885bb23dcaf170ea6,bfe6b89941356226,name:stage_4_32682,train,estagio_4,nao_classificavel,estagio_4,True,ultralytics_curascan/datasets/estagio-nivel-34n-20-05-26/train/estagio_4/stage_4_32682.jpg
stage_4_33546,stage_4_33546,stage_4_33546.jpg,3ae3b0caa56628b086abdb681ffc1c98c1be6ef25a1a0e64474502aa97fd6ac3,a2b59c9c0966e68f,name:stage_4_33546,train,estagio_4,nao_classificavel,estagio_4,True,ultralytics_curascan/datasets/estagio-nivel-34n-20-05-26/train/estagio_4/stage_4_33546.jpg
stage_4_34289,stage_4_34289,stage_4_34289.jpg,420c15aa14fca7cf2c18859bab91f58ca9a80a434e28252d626da9ae745d97e0,aaf0b5b4d8cab4c4,name:stage_4_34289,train,estagio_3,nao_classificavel,estagio_3,True,ultralytics_curascan/datasets/estagio-nivel-34n-20-05-26/val/estagio_3/stage_4_34289.jpg
stage_4_34293,stage_4_34293,stage_4_34293.jpg,1e494507dbcd545c8d92cac174a18bdfd1db6c545691576874d74cb2731fcce6,e804b37b2634b673,name:stage_4_34293,train,estagio_3,nao_classificavel,estagio_3,True,ultralytics_curascan/datasets/estagio-nivel-34n-20-05-26/val/estagio_3/stage_4_34293.jpg
stage_4_34511,stage_4_34511,stage_4_34511.jpg,a2c2fbbda623089089d80e01360d14480bbc4de73587815c6cd583cf2db8be23,eab495c2d2c9c9e1,name:stage_4_34511,train,estagio_3,nao_classificavel,estagio_3,True,ultralytics_curascan/datasets/estagio-nivel-34n-20-05-26/train/estagio_3/stage_4_34511.jpg
stage_4_34593,stage_4_34593,stage_4_34593.jpg,d051757aa86d4abb121cf049a8027d725950764d52e4c4798f31c17c53f839a8,afe9d282d90c6633,name:stage_4_34593,train,estagio_3,nao_classificavel,estagio_3,True,ultralytics_curascan/datasets/estagio-nivel-34n-20-05-26/train/estagio_3/stage_4_34593.jpg
stage_4_34693,stage_4_34693,stage_4_34693.jpg,5594cf7f1565975d07329ad7fca6d8248c8a7fdde5235a1aa7441c303de51fa1,a35abc1bb1ce8459,name:stage_4_34693,train,estagio_4,nao_classificavel,estagio_4,True,ultralytics_curascan/datasets/estagio-nivel-34n-20-05-26/val/estagio_4/stage_4_34693.jpg
stage_4_34726,stage_4_34726,stage_4_34726.jpg,543fcef0b3200971a4a0590b6fdf8837643c8974370188a51bcbfbdb8a97154a,ef9fb0f8a0a0c686,name:stage_4_34726,train,estagio_4,nao_classificavel,estagio_4,True,ultralytics_curascan/datasets/estagio-nivel-34n-20-05-26/test/estagio_4/stage_4_34726.jpg
stage_4_35640,stage_4_35640,stage_4_35640.jpg,194ad9fda9c0c22e82277e23f8e096c78708b7f408968065955a093ae9423d52,f8f08790d2c6cd1d,name:stage_4_35640,train,estagio_4,nao_classificavel,estagio_4,True,ultralytics_curascan/datasets/estagio-nivel-34n-20-05-26/test/estagio_4/stage_4_35640.jpg
stage_4_35650,stage_4_35650,stage_4_35650.jpg,46b851cb596c6036223c85dc516cbc94afd2c022322b1bab4d5f33fada6edb8c,bf94d0d1c0c7a56c,name:stage_4_35650,train,estagio_4,nao_classificavel,estagio_4,True,ultralytics_curascan/datasets/estagio-nivel-34n-20-05-26/train/estagio_4/stage_4_35650.jpg
stage_4_3571,stage_4_3571,stage_4_3571.jpg,9460ac68ca0c425befa4cd553003362739b922fa2801d6be48af87e13f83f819,9ff0e4c398d2d027,name:stage_4_3571,train,estagio_3,nao_classificavel,estagio_3,True,ultralytics_curascan/datasets/estagio-nivel-34n-20-05-26/train/estagio_3/stage_4_3571.jpg
stage_4_37136,stage_4_37136,stage_4_37136.jpg,cf788113e6635ce00f693c611e76077bef7d634076d203d5de1f7bb4c09099eb,fa6f81b42ad1269a,name:stage_4_37136,train,estagio_4,nao_classificavel,estagio_4,True,ultralytics_curascan/datasets/estagio-nivel-34n-20-05-26/train/estagio_4/stage_4_37136.jpg
stage_4_37744,stage_4_37744,stage_4_37744.jpg,a50e2bc9fec34a26edc492dcc8d8b2b158b2bbeaf8997012bb5bd4b36539aac6,bd8ae0cf82fa1b60,name:stage_4_37744,train,estagio_4,nao_classificavel,estagio_4,True,ultralytics_curascan/datasets/estagio-nivel-34n-20-05-26/test/estagio_4/stage_4_37744.jpg
stage_4_38325,stage_4_38325,stage_4_38325.jpg,8dcb763a08c9da970e8f353c8ed9d39b1e9120436df32f9ac6d17a203e0aa01b,87f07d816ecca346,name:stage_4_38325,train,estagio_4,nao_classificavel,estagio_4,True,ultralytics_curascan/datasets/estagio-nivel-34n-20-05-26/test/estagio_4/stage_4_38325.jpg
stage_4_38423,stage_4_38423,stage_4_38423.jpg,80d698e1f538c01026d35e40db89e8caec2519496c8528d95cc57428e728e88d,f894eb89f2076625,name:stage_4_38423,train,estagio_4,nao_classificavel,estagio_4,True,ultralytics_curascan/datasets/estagio-nivel-34n-20-05-26/train/estagio_4/stage_4_38423.jpg
stage_4_39601,stage_4_39601,stage_4_39601.jpg,0554a0d094ccfa4df6590ef9f779a084a2d4b698fbd7de71f22df2fb18af66c9,c6643bf78cd29189,name:stage_4_39601,train,estagio_4,nao_classificavel,estagio_4,True,ultralytics_curascan/datasets/estagio-nivel-34n-20-05-26/train/estagio_4/stage_4_39601.jpg
stage_4_39701,stage_4_39701,stage_4_39701.jpg,b8ec2f5e67db85ea0de650aa351bb989bd87891756dd813b063a0c9a90c6f2f4,af5da04a87e99439,name:stage_4_39701,train,estagio_4,nao_classificavel,estagio_4,True,ultralytics_curascan/datasets/estagio-nivel-34n-20-05-26/val/estagio_4/stage_4_39701.jpg
stage_4_3982,stage_4_3982,stage_4_3982.jpg,0e623cf07e511a6652ebeb249e76b0897ae36b00585e5877aa1a4ddddbf155b3,f5ebc8d89444c3b2,name:stage_4_3982,train,estagio_4,nao_classificavel,estagio_4,True,ultralytics_curascan/datasets/estagio-nivel-34n-20-05-26/train/estagio_4/stage_4_3982.jpg
stage_4_39833,stage_4_39833,stage_4_39833.jpg,5b119ebd9fdb035db9dc458b352dae31856cfbf4a8632bf8a09a5d35c70ff33d,ea1da4d0c35e0bd5,name:stage_4_39833,train,estagio_4,nao_classificavel,estagio_4,True,ultralytics_curascan/datasets/estagio-nivel-34n-20-05-26/train/estagio_4/stage_4_39833.jpg
stage_4_40030,stage_4_40030,stage_4_40030.jpg,f9af3d8c161f2e4808f10290e957bd9ec441d0c3edcf7c871bd318e34af73658,ede923c29cc91336,name:stage_4_40030,train,estagio_4,nao_classificavel,estagio_4,True,ultralytics_curascan/datasets/estagio-nivel-34n-20-05-26/train/estagio_4/stage_4_40030.jpg
stage_4_40302,stage_4_40302,stage_4_40302.jpg,83fcb48fa59c79abff2c45e1d299d3e279df25c4f701d8118cefb8e744a1eadb,f565c8da9244cbb2,name:stage_4_3982,train,estagio_4,nao_classificavel,estagio_4,True,ultralytics_curascan/datasets/estagio-nivel-34n-20-05-26/train/estagio_4/stage_4_40302.jpg
stage_4_40446,stage_4_40446,stage_4_40446.jpg,9b1b607ff3106effa74a2ca4837dee81105403327cb05623bc2a119900214ecc,e821c6d669f3266c,name:stage_4_40446,train,estagio_4,nao_classificavel,estagio_4,True,ultralytics_curascan/datasets/estagio-nivel-34n-20-05-26/train/estagio_4/stage_4_40446.jpg
stage_4_41011,stage_4_41011,stage_4_41011.jpg,3c5f567bff4f7579b558702bd4aaddb686e6a74b30b8ca22e9fc512d05fd91b5,ee0fc195793cc270,name:stage_4_41011,train,estagio_4,nao_classificavel,estagio_4,True,ultralytics_curascan/datasets/estagio-nivel-34n-20-05-26/train/estagio_4/stage_4_41011.jpg
stage_4_41079,stage_4_41079,stage_4_41079.jpg,b36187ce2d87e364865db08d9cb31a0f84ca4b9fe511b5ad58b7708da342030e,f81ec609e437c3b2,name:stage_4_41079,train,estagio_4,nao_classificavel,estagio_4,True,ultralytics_curascan/datasets/estagio-nivel-34n-20-05-26/val/estagio_4/stage_4_41079.jpg
stage_4_42074,stage_4_42074,stage_4_42074.jpg,74ca2c6cbc13885ab772bef8d54539f8072a3a7b06de4cd95fac2259e2289b7e,ee58f643a85ca153,name:stage_4_42074,train,estagio_4,nao_classificavel,estagio_4,True,ultralytics_curascan/datasets/estagio-nivel-34n-20-05-26/train/estagio_4/stage_4_42074.jpg
stage_4_42522,stage_4_42522,stage_4_42522.jpg,4d2389efbfc4ac5089e2e22fc06fc2fa5e26bf7ceb2d011327b07b88e5ed78e5,b8bcb041c731ce97,name:stage_4_42522,train,estagio_4,nao_classificavel,estagio_4,True,ultralytics_curascan/datasets/estagio-nivel-34n-20-05-26/train/estagio_4/stage_4_42522.jpg
stage_4_43306,stage_4_43306,stage_4_43306.jpg,26c42ab11ca6fe8db0162b396364e28e005d28f6daa29c10bb3c137bdfa78639,f9bcb09186c6c8dc,name:stage_4_43306,train,estagio_4,nao_classificavel,estagio_4,True,ultralytics_curascan/datasets/estagio-nivel-34n-20-05-26/test/estagio_4/stage_4_43306.jpg
stage_4_44522,stage_4_44522,stage_4_44522.jpg,6884d9322e59e87d660e028756affed439c9bc78a42a64c959150da79cc5d9a5,ac8e0795c8b876e3,name:stage_4_44522,train,estagio_3,nao_classificavel,estagio_3,True,ultralytics_curascan/datasets/estagio-nivel-34n-20-05-26/test/estagio_3/stage_4_44522.jpg
stage_4_45735,stage_4_45735,stage_4_45735.jpg,523ddc335534a097387f1b1dc1b05f9c430f72d1bc8a697bc58752155286a099,a3b13e0ec1cdcdc1,name:stage_4_45735,train,estagio_4,nao_classificavel,estagio_4,True,ultralytics_curascan/datasets/estagio-nivel-34n-20-05-26/test/estagio_4/stage_4_45735.jpg
stage_4_46429,stage_4_46429,stage_4_46429.jpg,c47449f86a313fba4bd9122a3901c07213156a1fcc772b6bf283a54ea2c4f266,ff8cf9c9cc80f101,name:stage_4_46429,train,estagio_4,nao_classificavel,estagio_4,True,ultralytics_curascan/datasets/estagio-nivel-34n-20-05-26/test/estagio_4/stage_4_46429.jpg
stage_4_46708,stage_4_46708,stage_4_46708.jpg,6cb119cc7479a5d4ec1e65f41d78fb4cd1e782506a3dec0c4fbe78ad496dc7ae,abb6c4cb1a6d6311,name:stage_4_46708,train,estagio_4,nao_classificavel,estagio_4,True,ultralytics_curascan/datasets/estagio-nivel-34n-20-05-26/train/estagio_4/stage_4_46708.jpg
stage_4_46785,stage_4_46785,stage_4_46785.jpg,0bce32858cfc31d8a09ec9f7607a1b2efc8174bcadf404ea7701a823bae73239,f766e89986649932,name:stage_4_46785,train,estagio_4,nao_classificavel,estagio_4,True,ultralytics_curascan/datasets/estagio-nivel-34n-20-05-26/train/estagio_4/stage_4_46785.jpg
stage_4_4687,stage_4_4687,stage_4_4687.jpg,55d95520ceba921c46c3a1203dd5dc08ba7c50ac2c34ae08fbb69520f98a52df,ab88a695cc6e499b,name:stage_4_4687,train,estagio_3,nao_classificavel,estagio_3,True,ultralytics_curascan/datasets/estagio-nivel-34n-20-05-26/test/estagio_3/stage_4_4687.jpg
stage_4_47813,stage_4_47813,stage_4_47813.jpg,2be53e1631e790c7078747676dc3d62207afcacfb044bcc2d16e930fbaf41339,eef1a1ca9b274c88,name:stage_4_47813,train,estagio_3,nao_classificavel,estagio_3,True,ultralytics_curascan/datasets/estagio-nivel-34n-20-05-26/train/estagio_3/stage_4_47813.jpg
stage_4_4819,stage_4_4819,stage_4_4819.jpg,64d65ae5bd93a201424b69244df24a8084f299e4ae33cad3528a27acc8154fcc,b8dbc1ee32618653,name:stage_4_4819,train,estagio_3,nao_classificavel,estagio_3,True,ultralytics_curascan/datasets/estagio-nivel-34n-20-05-26/train/estagio_3/stage_4_4819.jpg
stage_4_49051,stage_4_49051,stage_4_49051.jpg,ecb8bd1a03ad7c9a093c59429db955c76957db51e04f085ac1b20cb718789c56,a96cb7cacee9c120,name:stage_4_49051,train,estagio_3,nao_classificavel,estagio_3,True,ultralytics_curascan/datasets/estagio-nivel-34n-20-05-26/train/estagio_3/stage_4_49051.jpg
stage_4_49855,stage_4_49855,stage_4_49855.jpg,e852863e003dbd60d092f72039ce503ee64fd1b002a79544d188efb6ba9bc945,a99e9e68a9256566,name:stage_4_49855,train,estagio_4,nao_classificavel,estagio_4,True,ultralytics_curascan/datasets/estagio-nivel-34n-20-05-26/train/estagio_4/stage_4_49855.jpg
stage_4_50672,stage_4_50672,stage_4_50672.jpg,c213a5e0603377f83b5124b16795d65b078b780edbc1c0cc675c0cc31343f918,a5e6c29c5d7030e7,name:stage_4_50672,train,estagio_4,nao_classificavel,estagio_4,True,ultralytics_curascan/datasets/estagio-nivel-34n-20-05-26/train/estagio_4/stage_4_50672.jpg
stage_4_51031,stage_4_51031,stage_4_51031.jpg,b9b5ecc0f8ff2b82b3a050a6ed762f90a88bf40c3dede6829acc8ae29218bf06,f634c96787268c39,name:stage_4_51031,train,estagio_4,nao_classificavel,estagio_4,True,ultralytics_curascan/datasets/estagio-nivel-34n-20-05-26/test/estagio_4/stage_4_51031.jpg
stage_4_52887,stage_4_52887,stage_4_52887.jpg,8784e1be57346ffef062c854fce9fdce3b84c36a7760884559b91c0f4db792d2,bee8bf8a9097c089,name:stage_4_52887,train,estagio_3,nao_classificavel,estagio_3,True,ultralytics_curascan/datasets/estagio-nivel-34n-20-05-26/train/estagio_3/stage_4_52887.jpg
stage_4_52954,stage_4_52954,stage_4_52954.jpg,5dd6c72f6c8efb447a73b977e9f22267db070471ee15a758864a39d1d7f01677,fd89e5949293981e,name:stage_4_52954,train,estagio_3,nao_classificavel,estagio_3,True,ultralytics_curascan/datasets/estagio-nivel-34n-20-05-26/train/estagio_3/stage_4_52954.jpg
stage_4_55022,stage_4_55022,stage_4_55022.jpg,c789348eba3570a31955931ed2108c2155a283cbdb4280a44f58f106d5725e0c,eed2b1599c659192,name:stage_4_55022,train,estagio_4,nao_classificavel,estagio_4,True,ultralytics_curascan/datasets/estagio-nivel-34n-20-05-26/train/estagio_4/stage_4_55022.jpg
stage_4_57684,stage_4_57684,stage_4_57684.jpg,69e53c76033f5212a51fa208aef31bad3b542daa4a39016eb4f9162d4bfda563,ee84a70b9df9c248,name:stage_4_57684,train,estagio_4,nao_classificavel,estagio_4,True,ultralytics_curascan/datasets/estagio-nivel-34n-20-05-26/train/estagio_4/stage_4_57684.jpg
stage_4_58919,stage_4_58919,stage_4_58919.jpg,a6332dfc6e40e5eebe46a71d9eb48751093d7fe0191d3c6591ce43de361239d5,f7ecc89206cd392c,name:stage_4_58919,train,estagio_4,nao_classificavel,estagio_4,True,ultralytics_curascan/datasets/estagio-nivel-34n-20-05-26/train/estagio_4/stage_4_58919.jpg
stage_4_5900,stage_4_5900,stage_4_5900.jpg,7720ae2eb9e84e2433a11ed87e2257a93404274e8874fffaf0dca873de6d5128,fc02cf07d88ec81f,name:stage_4_5900,train,estagio_4,nao_classificavel,estagio_4,True,ultralytics_curascan/datasets/estagio-nivel-34n-20-05-26/test/estagio_4/stage_4_5900.jpg
stage_4_59973,stage_4_59973,stage_4_59973.jpg,fedb7467669ef60d0b882ee1516cf1d429aa8280ac952d6e3e2bcd488a9b66fa,aea0d908ee31ff84,name:stage_4_59973,train,estagio_4,nao_classificavel,estagio_4,True,ultralytics_curascan/datasets/estagio-nivel-34n-20-05-26/val/estagio_4/stage_4_59973.jpg
stage_4_60751,stage_4_60751,stage_4_60751.jpg,a4927272b2f2daf95ec96bba314305f860064f5579645746cdf674f5cd0a3c96,fbb0a587ca8b0987,name:stage_4_60751,train,estagio_4,nao_classificavel,estagio_4,True,ultralytics_curascan/datasets/estagio-nivel-34n-20-05-26/test/estagio_4/stage_4_60751.jpg
stage_4_64036,stage_4_64036,stage_4_64036.jpg,ef212a72ee8c1aac95c3a755af4a92196a70ab6415684fea070b6323b5e7523f,e10cdaa9cb25f896,name:stage_4_64036,train,estagio_4,nao_classificavel,estagio_4,True,ultralytics_curascan/datasets/estagio-nivel-34n-20-05-26/val/estagio_4/stage_4_64036.jpg
stage_4_64063,stage_4_64063,stage_4_64063.jpg,221ef818cb591c16b441a47b98a55e89c7910d266c8de4348af1d1fe36e1f346,f5bac88037f880cf,name:stage_4_64063,train,estagio_4,nao_classificavel,estagio_4,True,ultralytics_curascan/datasets/estagio-nivel-34n-20-05-26/train/estagio_4/stage_4_64063.jpg
stage_4_64086,stage_4_64086,stage_4_64086.jpg,f6b3067b45bf12d28ff36ee394a287c5db333637cff8c7e4b314e01eb0636c6f,ebb78dc09b08656c,name:stage_4_64086,train,estagio_4,nao_classificavel,estagio_4,True,ultralytics_curascan/datasets/estagio-nivel-34n-20-05-26/train/estagio_4/stage_4_64086.jpg
stage_4_64263,stage_4_64263,stage_4_64263.jpg,ea3df1b42cdccfaee2a7f7febf56414d027132a45dcbd0d784976f61a2ded9fe,a9c994e21ff36924,name:stage_4_64263,train,estagio_4,nao_classificavel,estagio_4,True,ultralytics_curascan/datasets/estagio-nivel-34n-20-05-26/test/estagio_4/stage_4_64263.jpg
stage_4_64358,stage_4_64358,stage_4_64358.jpg,244b8e04ca255728170a5cb1b26905a8723d959f1a63fa396afef05096538a11,bd90a3c7de30b831,name:stage_4_64358,train,estagio_4,nao_classificavel,estagio_4,True,ultralytics_curascan/datasets/estagio-nivel-34n-20-05-26/train/estagio_4/stage_4_64358.jpg
stage_4_64618,stage_4_64618,stage_4_64618.jpg,6d1c9d4c2ffb8a6704e2a0d426af3c3d760ef538c004ea3de341ac0ba8d4adb4,f8bcb1d282cf4e81,name:stage_4_64618,train,estagio_4,nao_classificavel,estagio_4,True,ultralytics_curascan/datasets/estagio-nivel-34n-20-05-26/train/estagio_4/stage_4_64618.jpg
stage_4_6539,stage_4_6539,stage_4_6539.jpg,acccb710dcde6d24a680f572dbde11d3a087efc84a63cc423e8d44365ff8587a,eeb4b3d0cec39092,name:stage_4_6539,train,estagio_4,nao_classificavel,estagio_4,True,ultralytics_curascan/datasets/estagio-nivel-34n-20-05-26/train/estagio_4/stage_4_6539.jpg
stage_4_6571,stage_4_6571,stage_4_6571.jpg,939f36292362b5beab37e784a8da3bfe6120eab59218000f4a4090d90101cc91,f4a58ec3a11c3673,name:stage_4_6571,train,estagio_3,nao_classificavel,estagio_3,True,ultralytics_curascan/datasets/estagio-nivel-34n-20-05-26/val/estagio_3/stage_4_6571.jpg
stage_4_6638,stage_4_6638,stage_4_6638.jpg,0a0d75c43dc5683545fb1b27e1d168ea8964d4befeefad9f1d373c117111a50b,e0d187d1a90f3d74,name:stage_4_6638,train,estagio_4,nao_classificavel,estagio_4,True,ultralytics_curascan/datasets/estagio-nivel-34n-20-05-26/train/estagio_4/stage_4_6638.jpg
stage_4_67726,stage_4_67726,stage_4_67726.jpg,59d0fb989a71514c46882a400de73f88d2b4af010b8622cb8bc30b29bb437f61,bc9f914bc8e4d24a,name:stage_4_67726,train,estagio_4,nao_classificavel,estagio_4,True,ultralytics_curascan/datasets/estagio-nivel-34n-20-05-26/test/estagio_4/stage_4_67726.jpg
stage_4_69969,stage_4_69969,stage_4_69969.jpg,6a5579b736239bd4ea29dade566e3b0852243f81a38df1bf1c75533952a19d6a,bb91d456c3c14d6c,name:stage_4_69969,train,estagio_4,nao_classificavel,estagio_4,True,ultralytics_curascan/datasets/estagio-nivel-34n-20-05-26/train/estagio_4/stage_4_69969.jpg
stage_4_70276,stage_4_70276,stage_4_70276.jpg,d2ad0e6e259e1ea924e74aaa0cec7ea136907973937652e0f2da58664ce7e6ff,bee1d02e7316cc4a,name:stage_4_70276,train,estagio_4,nao_classificavel,estagio_4,True,ultralytics_curascan/datasets/estagio-nivel-34n-20-05-26/train/estagio_4/stage_4_70276.jpg
stage_4_71718,stage_4_71718,stage_4_71718.jpg,19dee46864bde1beb6cc697a7934d4e697ca76d3402b1c0e39e0a37ca0d2b118,e0ca3fadccb038c3,name:stage_4_71718,train,estagio_4,nao_classificavel,estagio_4,True,ultralytics_curascan/datasets/estagio-nivel-34n-20-05-26/train/estagio_4/stage_4_71718.jpg
stage_4_7279,stage_4_7279,stage_4_7279.jpg,ad56ef392152d80d48e823444db860ddaf4eda4fd177b4f8a6ab090121e9c2af,ebf794188806b3f4,name:stage_4_7279,train,estagio_4,nao_classificavel,estagio_4,True,ultralytics_curascan/datasets/estagio-nivel-34n-20-05-26/train/estagio_4/stage_4_7279.jpg
stage_4_74124,stage_4_74124,stage_4_74124.jpg,bdced22d7bf83aba963a15e2bd076e046460d2e78f0ae44c6a6e3920056e8f50,f5e6c29e2dd82423,name:stage_4_74124,train,estagio_3,nao_classificavel,estagio_3,True,ultralytics_curascan/datasets/estagio-nivel-34n-20-05-26/train/estagio_3/stage_4_74124.jpg
stage_4_74592,stage_4_74592,stage_4_74592.jpg,264c2816695b5bcccfcf9ea89892a2ce67a889cbf98b57aa986617d0e548c5f3,b3b1ccce4859f231,name:stage_4_74592,train,estagio_3,nao_classificavel,estagio_3,True,ultralytics_curascan/datasets/estagio-nivel-34n-20-05-26/train/estagio_3/stage_4_74592.jpg
stage_4_76489,stage_4_76489,stage_4_76489.jpg,04b3b7e97cc144c99dfaa321279d1353c87436719819999433a8a5594c6ca742,ea94a53c96628e6b,name:stage_4_76489,train,estagio_3,nao_classificavel,estagio_3,True,ultralytics_curascan/datasets/estagio-nivel-34n-20-05-26/train/estagio_3/stage_4_76489.jpg
stage_4_77419,stage_4_77419,stage_4_77419.jpg,c805362c88064d9b52f5a22e7123ab25d9feef7143caa2c68714a3994b5adb2d,bfdc9e8ae1a0641a,name:stage_4_77419,train,estagio_3,nao_classificavel,estagio_3,True,ultralytics_curascan/datasets/estagio-nivel-34n-20-05-26/train/estagio_3/stage_4_77419.jpg
stage_4_77426,stage_4_77426,stage_4_77426.jpg,04bfc394a4b7ee61c9e3681a2e784e5bc33679662cf8eef98675bffe7f38a573,f9c3727666687182,name:stage_4_77426,train,estagio_3,nao_classificavel,estagio_3,True,ultralytics_curascan/datasets/estagio-nivel-34n-20-05-26/test/estagio_3/stage_4_77426.jpg
stage_4_77463,stage_4_77463,stage_4_77463.jpg,7d9f1329c1104910b6ea3c48adc0f183c77533a026eba5fccfaa4cd95a4e05f7,baffe0cc8b923844,name:stage_4_77463,train,estagio_3,nao_classificavel,estagio_3,True,ultralytics_curascan/datasets/estagio-nivel-34n-20-05-26/val/estagio_3/stage_4_77463.jpg
stage_4_77705,stage_4_77705,stage_4_77705.jpg,9687fa2fd917558f2ff620ac3f58687424cbe5d118fcd0183053b0d87cbc21d3,beb4e3cbcc982164,name:stage_4_77705,train,estagio_3,nao_classificavel,estagio_3,True,ultralytics_curascan/datasets/estagio-nivel-34n-20-05-26/test/estagio_3/stage_4_77705.jpg
stage_4_77994,stage_4_77994,stage_4_77994.jpg,9081d566f8bcaf06fedfc53453c76a495b51c7132226f2ba9f32c9cdb08fc4ed,b9e5c29b886869b5,name:stage_4_77994,train,estagio_4,nao_classificavel,estagio_4,True,ultralytics_curascan/datasets/estagio-nivel-34n-20-05-26/val/estagio_4/stage_4_77994.jpg
stage_4_78096,stage_4_78096,stage_4_78096.jpg,d6a663f9fa95fbd1865198afd5c3b9bda68eb948d6c74630478a045b8e438fb4,ea2ab5a590c6969e,name:stage_4_78096,train,estagio_4,nao_classificavel,estagio_4,True,ultralytics_curascan/datasets/estagio-nivel-34n-20-05-26/train/estagio_4/stage_4_78096.jpg
stage_4_79535,stage_4_79535,stage_4_79535.jpg,29faa788c72caff871fa2d62f2e33fbc01ec983cb7e28a33803e05ec822a03eb,fe25e953d2ac4047,name:stage_4_79535,train,estagio_4,nao_classificavel,estagio_4,True,ultralytics_curascan/datasets/estagio-nivel-34n-20-05-26/val/estagio_4/stage_4_79535.jpg
stage_4_79773,stage_4_79773,stage_4_79773.jpg,fc007afd14f5194eb92a8c490ad3e99656fe40258a584d8885d38a268835e56f,fc81c53e24f1cc66,name:stage_4_79773,train,estagio_4,nao_classificavel,estagio_4,True,ultralytics_curascan/datasets/estagio-nivel-34n-20-05-26/train/estagio_4/stage_4_79773.jpg
stage_4_80076,stage_4_80076,stage_4_80076.jpg,dcd339853520eb4114aa52a8fa4c9a0879d25a05f762e2f40fb65cd50d638618,fd2cc838bad0f8e0,name:stage_4_80076,train,estagio_3,nao_classificavel,estagio_3,True,ultralytics_curascan/datasets/estagio-nivel-34n-20-05-26/train/estagio_3/stage_4_80076.jpg
stage_4_80766,stage_4_80766,stage_4_80766.jpg,4b6c60e71d3017920bf68acce6ff8298351ec6a42b1cded6c9817988db41bd34,eac8978e8dc4cd89,name:stage_4_80766,train,estagio_3,nao_classificavel,estagio_3,True,ultralytics_curascan/datasets/estagio-nivel-34n-20-05-26/train/estagio_3/stage_4_80766.jpg
stage_4_80877,stage_4_80877,stage_4_80877.jpg,5e0af80866edc04df620ba749368ce4684a561b2d68afdd68c98b44f5a20a733,978bfcd536007a07,name:stage_4_80877,train,estagio_3,nao_classificavel,estagio_3,True,ultralytics_curascan/datasets/estagio-nivel-34n-20-05-26/val/estagio_3/stage_4_80877.jpg
stage_4_80895,stage_4_80895,stage_4_80895.jpg,4fe79c651862ecf0b2f588523375928f80c124b8a96a69867d174b9f2f31a095,aec5d0d651db52c2,name:stage_4_80895,train,estagio_3,nao_classificavel,estagio_3,True,ultralytics_curascan/datasets/estagio-nivel-34n-20-05-26/train/estagio_3/stage_4_80895.jpg
stage_4_81023,stage_4_81023,stage_4_81023.jpg,9c53ec9d06cbec1d25274a5ef03dbf407390fa2a7a011764bc7b39cc8bd07743,bfeaa0848f9438d3,name:stage_4_81023,train,estagio_3,nao_classificavel,estagio_3,True,ultralytics_curascan/datasets/estagio-nivel-34n-20-05-26/test/estagio_3/stage_4_81023.jpg
stage_4_81463,stage_4_81463,stage_4_81463.jpg,f4410ac43f30706934dddb1394d4e3a8d3c01ba2cdf26625099c4413735ed703,a7e6f8c9ce243126,name:stage_4_81463,train,estagio_3,nao_classificavel,estagio_3,True,ultralytics_curascan/datasets/estagio-nivel-34n-20-05-26/train/estagio_3/stage_4_81463.jpg
stage_4_81587,stage_4_81587,stage_4_81587.jpg,45a577749c6287b56e001a84588f7d6e863cfb772b2cd02aa104e16b98f018f8,92dde3c26c2ed134,name:stage_4_81587,train,estagio_3,nao_classificavel,estagio_3,True,ultralytics_curascan/datasets/estagio-nivel-34n-20-05-26/train/estagio_3/stage_4_81587.jpg
stage_4_82144,stage_4_82144,stage_4_82144.jpg,a4915e57b7a1b3376decc7196c3eae1d725dbf52fa6297cc4e938df6f35d7975,aa83c5bc486da5b6,name:stage_4_82144,train,estagio_3,nao_classificavel,estagio_3,True,ultralytics_curascan/datasets/estagio-nivel-34n-20-05-26/train/estagio_3/stage_4_82144.jpg
stage_4_82152,stage_4_82152,stage_4_82152.jpg,eb3c7bdb684097b6df3b96f4be6b8ed8fcdb1d31cccffd673643317676ee1c5b,fa51a55e87d2950a,name:stage_4_82152,train,estagio_4,nao_classificavel,estagio_4,True,ultralytics_curascan/datasets/estagio-nivel-34n-20-05-26/train/estagio_4/stage_4_82152.jpg
stage_4_82196,stage_4_82196,stage_4_82196.jpg,8e2c3356094a60acb334107f082b2a6242b64eff362d284a49ca63d8a69bf787,aface0c192b69ec1,name:stage_4_82196,train,estagio_4,nao_classificavel,estagio_4,True,ultralytics_curascan/datasets/estagio-nivel-34n-20-05-26/train/estagio_4/stage_4_82196.jpg
stage_4_83012,stage_4_83012,stage_4_83012.jpg,5560b40391693f879f1f561b50b222792ba6a0528d2dbb7d5049ee81d40ddccc,aa5ad8fa94cb82b4,name:stage_4_83012,train,estagio_4,nao_classificavel,estagio_4,True,ultralytics_curascan/datasets/estagio-nivel-34n-20-05-26/train/estagio_4/stage_4_83012.jpg
stage_4_8371,stage_4_8371,stage_4_8371.jpg,b0473f90d73b6480e86427edcbe80504b233da8594411960b23de6fb04487e35,eec387b0dc16d892,name:stage_4_8371,train,estagio_3,nao_classificavel,estagio_3,True,ultralytics_curascan/datasets/estagio-nivel-34n-20-05-26/train/estagio_3/stage_4_8371.jpg
stage_4_84013,stage_4_84013,stage_4_84013.jpg,4f1c63f0861686abdb05284cdafe0be130d518c34dd1cc30cda5dcf00c6578ab,abc0bcd5270ef1c8,name:stage_4_84013,train,estagio_4,nao_classificavel,estagio_4,True,ultralytics_curascan/datasets/estagio-nivel-34n-20-05-26/test/estagio_4/stage_4_84013.jpg
stage_4_85921,stage_4_85921,stage_4_85921.jpg,efd78d4a7f051e35a946fed9545d50dfeacbcef0fb0e8fec94908cd4ac3977f1,aad4f54b9c6013b9,name:stage_4_85921,train,estagio_4,nao_classificavel,estagio_4,True,ultralytics_curascan/datasets/estagio-nivel-34n-20-05-26/val/estagio_4/stage_4_85921.jpg
stage_4_86097,stage_4_86097,stage_4_86097.jpg,6942c2cb261873aa4c78060a6d721b3e012cbf7a98e7c0eafcb50c6e36839623,b6e9cb1549b2259a,name:stage_4_86097,train,estagio_3,nao_classificavel,estagio_3,True,ultralytics_curascan/datasets/estagio-nivel-34n-20-05-26/val/estagio_3/stage_4_86097.jpg
stage_4_8834,stage_4_8834,stage_4_8834.jpg,bda03b4508c77de07f11aa6417585ccc63b651ef5b85754bd53c6b216d962671,be949a9aa5619197,name:stage_4_8834,train,estagio_3,nao_classificavel,estagio_3,True,ultralytics_curascan/datasets/estagio-nivel-34n-20-05-26/train/estagio_3/stage_4_8834.jpg
stage_4_88571,stage_4_88571,stage_4_88571.jpg,aaed98b86588ba894554f35f72ec8ef36684a5fb1ad66248ca33f7e50c18217c,ab98974bc8e52336,name:stage_4_88571,train,estagio_4,nao_classificavel,estagio_4,True,ultralytics_curascan/datasets/estagio-nivel-34n-20-05-26/train/estagio_4/stage_4_88571.jpg
stage_4_88661,stage_4_88661,stage_4_88661.jpg,9c8c28ca6b55d4317c16eb9f953e691d4a8b61cbf8ab45492a47d39e03ef223c,bdc8eae22c8cb172,name:stage_4_88661,train,estagio_3,nao_classificavel,estagio_3,True,ultralytics_curascan/datasets/estagio-nivel-34n-20-05-26/test/estagio_3/stage_4_88661.jpg
stage_4_89644,stage_4_89644,stage_4_89644.jpg,eaa6cafc7f78f5e9cac73ee545da9140afe59174b3e77423b68f2b1efc7162f0,bdb190d3c9c386cc,name:stage_4_89644,train,estagio_4,nao_classificavel,estagio_4,True,ultralytics_curascan/datasets/estagio-nivel-34n-20-05-26/train/estagio_4/stage_4_89644.jpg
stage_4_89767,stage_4_89767,stage_4_89767.jpg,d955e5f65f40ae2423a410ba96d62ba1d5245714d31dbcf383250147e14089ce,b0e287cf5e5b6460,name:stage_4_89767,train,estagio_3,nao_classificavel,estagio_3,True,ultralytics_curascan/datasets/estagio-nivel-34n-20-05-26/train/estagio_3/stage_4_89767.jpg
stage_4_90404,stage_4_90404,stage_4_90404.jpg,a976df615fa797df09f911ea131c94a4073b8fb457e60928c4ae76d7fd6ffe06,ae9ce516d332ca0e,name:stage_4_90404,train,estagio_4,nao_classificavel,estagio_4,True,ultralytics_curascan/datasets/estagio-nivel-34n-20-05-26/val/estagio_4/stage_4_90404.jpg
stage_4_91559,stage_4_91559,stage_4_91559.jpg,c9474d396a1e23ceaf93c91246c3143722c353fa97f519856525ec72cbfd53f4,e3a8bec58238f865,name:stage_4_91559,train,estagio_4,nao_classificavel,estagio_4,True,ultralytics_curascan/datasets/estagio-nivel-34n-20-05-26/test/estagio_4/stage_4_91559.jpg
stage_4_91714,stage_4_91714,stage_4_91714.jpg,975d5dbf961b20412020892e5d689917b010dc74ffec6536816c2f8ec55b3621,b3e4e2c3cc198e71,name:stage_4_91714,train,estagio_4,nao_classificavel,estagio_4,True,ultralytics_curascan/datasets/estagio-nivel-34n-20-05-26/train/estagio_4/stage_4_91714.jpg
stage_4_91792,stage_4_91792,stage_4_91792.jpg,fccaed89303b9497e850be7eded3f0a1c5b6af0c1099f7ee10d3b7553682743c,8cca39a4e3d0769b,name:stage_4_91792,train,estagio_4,nao_classificavel,estagio_4,True,ultralytics_curascan/datasets/estagio-nivel-34n-20-05-26/train/estagio_4/stage_4_91792.jpg
stage_4_9304,stage_4_9304,stage_4_9304.jpg,2ec6556ad91520f466a2b0d970a8564f0f86b659213b3117d254a2a9e3510fa3,eacb96b1923ad90a,name:stage_4_9304,train,estagio_4,nao_classificavel,estagio_4,True,ultralytics_curascan/datasets/estagio-nivel-34n-20-05-26/train/estagio_4/stage_4_9304.jpg
stage_4_93390,stage_4_93390,stage_4_93390.jpg,675d07c80d6d9f458809161f93d35dbbbfc3358f44dbc3973e14a5c07f8d993e,ae939c2c61b646d9,name:stage_4_93390,train,estagio_3,nao_classificavel,estagio_3,True,ultralytics_curascan/datasets/estagio-nivel-34n-20-05-26/train/estagio_3/stage_4_93390.jpg
stage_4_93921,stage_4_93921,stage_4_93921.jpg,eecdd42cf7b00aec79971f6afaedf7447817eadf05eee57113f01f89c1874694,ea31959cda63916c,name:stage_4_93921,train,estagio_4,nao_classificavel,estagio_4,True,ultralytics_curascan/datasets/estagio-nivel-34n-20-05-26/train/estagio_4/stage_4_93921.jpg
stage_4_9450,stage_4_9450,stage_4_9450.jpg,3c42f8e7cb7e97cd8627f3e697488117e50e1be96b10c48e07fffc8b8e859331,f902c37dcc6231b3,name:stage_4_9450,train,estagio_3,nao_classificavel,estagio_3,True,ultralytics_curascan/datasets/estagio-nivel-34n-20-05-26/train/estagio_3/stage_4_9450.jpg
stage_4_94684,stage_4_94684,stage_4_94684.jpg,9bcebc19a52cb2bf4ecb33c81c8963d1c8122695c98a55b8f00d60da8ac441f7,86b66ea5315d2a36,name:stage_4_94684,train,estagio_4,nao_classificavel,estagio_4,True,ultralytics_curascan/datasets/estagio-nivel-34n-20-05-26/train/estagio_4/stage_4_94684.jpg
stage_4_94726,stage_4_94726,stage_4_94726.jpg,1adfc96b36b1e5c1098af44c911f64d61e2d653eb4542b0c7cc3c879be7a91ec,92dceda6464bbc84,name:stage_4_94726,train,estagio_4,nao_classificavel,estagio_4,True,ultralytics_curascan/datasets/estagio-nivel-34n-20-05-26/train/estagio_4/stage_4_94726.jpg
stage_4_95213,stage_4_95213,stage_4_95213.jpg,a32dda3beb4693bfe0178ae18d924e9c2d391e321d0d659037c7e59b06f775fd,f8a1b5e6d2908bc9,name:stage_4_95213,train,estagio_4,nao_classificavel,estagio_4,True,ultralytics_curascan/datasets/estagio-nivel-34n-20-05-26/test/estagio_4/stage_4_95213.jpg
stage_4_95470,stage_4_95470,stage_4_95470.jpg,8d06dc0546d0d567bb15e256592b6e17661ea765d48e15bef6429b47c5135019,d59dc252cc673076,name:stage_4_95470,train,estagio_4,nao_classificavel,estagio_4,True,ultralytics_curascan/datasets/estagio-nivel-34n-20-05-26/test/estagio_4/stage_4_95470.jpg
stage_4_96250,stage_4_96250,stage_4_96250.jpg,e71b77deacc0efab7db614dd19cc131050f8a520d247bea4ed3a77b5f2fd513a,aaa194d4d32c5d9b,name:stage_4_96250,train,estagio_4,nao_classificavel,estagio_4,True,ultralytics_curascan/datasets/estagio-nivel-34n-20-05-26/train/estagio_4/stage_4_96250.jpg
stage_4_96599,stage_4_96599,stage_4_96599.jpg,f57be1caf8624bab1c37d0484a4f6b7898f8f78ab230c19caf14c8309b0b91f9,face85bc91476cc0,name:stage_4_96599,train,estagio_4,nao_classificavel,estagio_4,True,ultralytics_curascan/datasets/estagio-nivel-34n-20-05-26/test/estagio_4/stage_4_96599.jpg
stage_4_96654,stage_4_96654,stage_4_96654.jpg,42977e339da865e738fbbb19319d5392035695f811c28c0d2ed9a4c7a35b1153,e0b28ec1ec3672d9,name:stage_4_96654,train,estagio_4,nao_classificavel,estagio_4,True,ultralytics_curascan/datasets/estagio-nivel-34n-20-05-26/train/estagio_4/stage_4_96654.jpg
stage_4_96917,stage_4_96917,stage_4_96917.jpg,b535c096c94d16e8f758e283bb33c5f21224204df70f6564c08171ed1fb34830,f6e4e9c3d22ca14a,name:stage_4_96917,train,estagio_4,nao_classificavel,estagio_4,True,ultralytics_curascan/datasets/estagio-nivel-34n-20-05-26/train/estagio_4/stage_4_96917.jpg
stage_4_96922,stage_4_96922,stage_4_96922.jpg,1266bfc9da236b47bf06f8e75b0098fd917f95f6734285f43f3b47d26db3b2ec,e299956a9c655387,name:stage_4_96922,train,estagio_4,nao_classificavel,estagio_4,True,ultralytics_curascan/datasets/estagio-nivel-34n-20-05-26/train/estagio_4/stage_4_96922.jpg
stage_4_9759,stage_4_9759,stage_4_9759.jpg,442fa42f089c4fe30783746d47a09a4b82a1ba7c68be38aa80435eef5587048d,b0bbc3e1d3d0d0ca,name:stage_4_9759,train,estagio_3,nao_classificavel,estagio_3,True,ultralytics_curascan/datasets/estagio-nivel-34n-20-05-26/train/estagio_3/stage_4_9759.jpg
stage_4_98636,stage_4_98636,stage_4_98636.jpg,d512e2ce18e01bf90094f8aea4bd36f0776afaf4d4403850abd6be01b4590086,bda0629fc49bcc64,name:stage_4_98636,train,estagio_3,nao_classificavel,estagio_3,True,ultralytics_curascan/datasets/estagio-nivel-34n-20-05-26/train/estagio_3/stage_4_98636.jpg
stage_4_98897,stage_4_98897,stage_4_98897.jpg,74ab4aa022c91b5d7381db7103a61019784d05bf06e4abac6f9ca14b4d105afc,ef94fc4c92b0a075,name:stage_4_98897,train,estagio_3,nao_classificavel,estagio_3,True,ultralytics_curascan/datasets/estagio-nivel-34n-20-05-26/test/estagio_3/stage_4_98897.jpg
stage_4_99815,stage_4_99815,stage_4_99815.jpg,b93f45fded4a0486155e3b5edf22c63253d45a28f9edd33d092d0f28065c8236,f764e8da1247a98c,name:stage_4_99815,train,estagio_4,nao_classificavel,estagio_4,True,ultralytics_curascan/datasets/estagio-nivel-34n-20-05-26/train/estagio_4/stage_4_99815.jpg
stage_4_99964,stage_4_99964,stage_4_99964.jpg,cda8fc5d0ef02566521934a8ef22ab3310777f06da03d9ab6bc9e40bf58bc6d2,bc9a9235dc5a236c,name:stage_4_99964,train,estagio_4,nao_classificavel,estagio_4,True,ultralytics_curascan/datasets/estagio-nivel-34n-20-05-26/val/estagio_4/stage_4_99964.jpg
stage_i_001,stage_i_001,Stage_I_001.jpg,c2139660299dff813542f0e730570d55197b8ae5fb783937955bc161ac1ba226,95cade06f01de83a,name:stage_i_001,train,estagio_1,estagio_1,,False,ultralytics_curascan/datasets/estagio-nivel-12n-20-05-26/train/estagio_1/Stage_I_001.jpg
stage_i_002,stage_i_002,Stage_I_002.jpg,6e3366b75b532fcbf844e7f57ab4d7a0ff850e629371d9554ef2aa77ffdd4d03,f5c0c143d5ab5695,name:stage_i_002,train,estagio_1,estagio_1,,False,ultralytics_curascan/datasets/estagio-nivel-12n-20-05-26/train/estagio_1/Stage_I_002.jpg
stage_i_003,stage_i_003,Stage_I_003.jpg,86e13547d6dbd3ff9f30874c9ba83a03bee77ee7283f066d4c2e1b0f3c35be78,f1b139399839b439,name:stage_i_003,train,estagio_1,estagio_1,,False,ultralytics_curascan/datasets/estagio-nivel-12n-20-05-26/val/estagio_1/Stage_I_003.jpg
stage_i_004,stage_i_004,Stage_I_004.jpg,aa8297428334c9d4fa3e6c37b26596e9a2a642f969fbbf9a5b630c1eb9ae2704,eaf9c658d310d652,name:stage_i_004,train,estagio_1,estagio_1,,False,ultralytics_curascan/datasets/estagio-nivel-12n-20-05-26/train/estagio_1/Stage_I_004.jpg
stage_i_005,stage_i_005,Stage_I_005.jpg,8a8f858127354d0ab8e1ae4f4f00f0254d0967d55a1ae6a3e3e4aa5bc80dc66e,bebde00df2098533,name:stage_i_005,train,estagio_1,estagio_1,,False,ultralytics_curascan/datasets/estagio-nivel-12n-20-05-26/train/estagio_1/Stage_I_005.jpg
stage_i_006,stage_i_006,Stage_I_006.jpg,ee5ba329add32262698e188072c6ef37f5ac6efb40f349146b187b014c502da1,f508c07ae8788f76,name:stage_i_006,train,estagio_1,estagio_1,,False,ultralytics_curascan/datasets/estagio-nivel-12n-20-05-26/val/estagio_1/Stage_I_006.jpg
stage_i_010,stage_i_010,Stage_I_010.jpg,6f77e0f8fa260457dde6293862f45134194264b3a37237adc7253ef8348c802d,d5d52a12f12ad669,name:stage_i_010,train,estagio_1,estagio_1,,False,ultralytics_curascan/datasets/estagio-nivel-12n-20-05-26/val/estagio_1/Stage_I_010.jpg
stage_i_013,stage_i_013,Stage_I_013.jpg,77cc69dddb998d281051197b9198a81761e7ad2854d6f7e7f45ec1fdb701a65a,ad87d0ff3fb80220,name:stage_i_013,train,estagio_1,estagio_1,,False,ultralytics_curascan/datasets/estagio-nivel-12n-20-05-26/train/estagio_1/Stage_I_013.jpg
stage_i_014,stage_i_014,Stage_I_014.jpg,72ffb781d29b88123945a5967fa68aebb44322a6494ff040dd6e7890822263e4,a699de3971642e94,name:stage_i_014,train,estagio_1,estagio_1,,False,ultralytics_curascan/datasets/estagio-nivel-12n-20-05-26/train/estagio_1/Stage_I_014.jpg
stage_i_015,stage_i_015,Stage_I_015.jpg,9f4250d617b1a8056c331bf74054cc21584ba4a2a18003ef591dca3cd1748238,8080ff81ff86ff80,name:stage_i_015,train,estagio_1,estagio_1,,False,ultralytics_curascan/datasets/estagio-nivel-12n-20-05-26/test/estagio_1/Stage_I_015.jpg
stage_i_016,stage_i_016,Stage_I_016.jpg,d9da123232787116de2234f9f25d4b19c3b3b84e180d98f1886020f11372a213,d0d24aed25653bc3,name:stage_i_016,train,estagio_1,estagio_1,,False,ultralytics_curascan/datasets/estagio-nivel-12n-20-05-26/train/estagio_1/Stage_I_016.jpg
stage_i_017,stage_i_017,Stage_I_017.jpg,a4578814b2d0c7d4f84da78ed2a26bd1efec8e97f4c0865d8562498ae8fcbbdd,dd0f92623a25cb95,name:stage_i_017,train,estagio_2,estagio_2,,False,ultralytics_curascan/datasets/estagio-nivel-12n-20-05-26/val/estagio_2/Stage_I_017.jpg
stage_i_018,stage_i_018,Stage_I_018.jpg,4fe3a66e0650b34e8c938d88b0baad9beabf70226747a07c743f5b0f5dd7c6e2,d5f10a0ef823976c,name:stage_i_018,train,estagio_1,estagio_1,,False,ultralytics_curascan/datasets/estagio-nivel-12n-20-05-26/train/estagio_1/Stage_I_018.jpg
stage_i_019,stage_i_019,Stage_I_019.jpg,cded34439a16571cb88c85ff55ed67f297cd557304f8d445cd4c6a40862dde5a,bbeaca3a4a4a6a68,name:stage_i_019,train,estagio_1,estagio_1,,False,ultralytics_curascan/datasets/estagio-nivel-12n-20-05-26/val/estagio_1/Stage_I_019.jpg
stage_i_020,stage_i_020,Stage_I_020.jpg,0ad051a8b6f4e0e990df0ed42a357157f8eff8fc7c2ad897c73378df30905cf5,876430d2e3dd45d6,name:stage_i_020,train,estagio_1,estagio_1,,False,ultralytics_curascan/datasets/estagio-nivel-12n-20-05-26/train/estagio_1/Stage_I_020.jpg
stage_i_021,stage_i_021,Stage_I_021.jpg,248b84951ace6018215115eb462d1b62a351f4bc502a584bf9c01ce6fbccf9f3,84c33b846d93ca7e,name:stage_i_021,train,estagio_1,estagio_1,,False,ultralytics_curascan/datasets/estagio-nivel-12n-20-05-26/train/estagio_1/Stage_I_021.jpg
stage_i_023,stage_i_023,Stage_I_023.jpg,98bc2f9b29d557a4da9fc7fe4a537627fe3f555de1760eaab8e0ffa780261ec0,85bb9966a658ac93,name:stage_i_023,train,estagio_1,estagio_1,,False,ultralytics_curascan/datasets/estagio-nivel-12n-20-05-26/train/estagio_1/Stage_I_023.jpg
stage_i_025,stage_i_025,Stage_I_025.jpg,4185b36a5ddb4f4f661f6118b7807b6bb09681423c73e5eb79e6cb313b30b926,ff16826c1d897217,name:stage_i_025,train,estagio_1,estagio_1,,False,ultralytics_curascan/datasets/estagio-nivel-12n-20-05-26/train/estagio_1/Stage_I_025.jpg
stage_i_028,stage_i_028,Stage_I_028.jpg,a487dc4e8cd89b2c30dbd8d56d6f428f597ce21972ec72afe084812273a53bce,f0c30b3a3a393b3a,name:stage_i_028,train,estagio_2,estagio_2,,False,ultralytics_curascan/datasets/estagio-nivel-12n-20-05-26/train/estagio_2/Stage_I_028.jpg
stage_ii_001,stage_ii_001,Stage_II_001.jpg,f538f42db2f8d7557172d01787e27858c8b4228247fa3a08704aefc5963ed0bc,ef409637e01fc334,name:stage_ii_001,train,estagio_2,estagio_2,,False,ultralytics_curascan/datasets/estagio-nivel-12n-20-05-26/train/estagio_2/Stage_II_001.jpg
stage_ii_002,stage_ii_002,Stage_II_002.jpg,d14b99b9039d6fa6b6807cc194a8308d2fcce2a2097099982915031f17a5d5eb,f983d636d11a65d0,name:stage_ii_002,train,estagio_2,estagio_2,,False,ultralytics_curascan/datasets/estagio-nivel-12n-20-05-26/train/estagio_2/Stage_II_002.jpg
stage_ii_003,stage_ii_003,Stage_II_003.jpg,14765d435c676e5b38c3e3da51a66c7585fe5474dd32dfc1df775de9491ebb35,94b9e4c2cba4d9e1,name:stage_ii_003,train,nao_classificavel,nao_classificavel,nao_classificavel,True,ultralytics_curascan/datasets/estagio-nivel-12n-20-05-26/train/nao_classificavel/Stage_II_003.jpg
stage_ii_004,stage_ii_004,Stage_II_004.jpg,8a4cdfedf6ea9aaecf9ff86240fbc611e798cae13535dd46360f78755d4a51ce,bde4d09797183e84,name:stage_ii_004,train,estagio_2,estagio_2,,False,ultralytics_curascan/datasets/estagio-nivel-12n-20-05-26/train/estagio_2/Stage_II_004.jpg
stage_ii_005,stage_ii_005,Stage_II_005.jpg,eeb910f4b97c2ff7db35baf9256648b6c7d1ac74442b8f7cf969808081482337,e7c0924e94eb12fc,name:stage_ii_005,train,estagio_2,estagio_2,,False,ultralytics_curascan/datasets/estagio-nivel-12n-20-05-26/train/estagio_2/Stage_II_005.jpg
stage_ii_007,stage_ii_007,Stage_II_007.jpg,77dbf32784dbc8a29dbbacb3e398feb24cf167b32ad42798c0de63b19f7d87c1,b5b11bcc67a05f81,name:stage_ii_007,train,estagio_2,estagio_2,,False,ultralytics_curascan/datasets/estagio-nivel-12n-20-05-26/train/estagio_2/Stage_II_007.jpg
stage_ii_009,stage_ii_009,Stage_II_009.jpg,4478c8f3224f20a8598971bc10d276774fac0ab752e63ab639d89622af2b49c5,f745535a4c43568e,name:stage_ii_009,train,estagio_2,estagio_2,,False,ultralytics_curascan/datasets/estagio-nivel-12n-20-05-26/train/estagio_2/Stage_II_009.jpg
stage_ii_010,stage_ii_010,Stage_II_010.jpg,9c76159608e03ab028f5dc107e9b43bd9946eb358bd9648737755264d0129c3b,ea8dc27fb38845a2,name:stage_ii_010,train,estagio_2,estagio_2,,False,ultralytics_curascan/datasets/estagio-nivel-12n-20-05-26/train/estagio_2/Stage_II_010.jpg
stage_ii_011,stage_ii_011,Stage_II_011.jpg,b591aeb6d07be8eb13caab5b0dc2a085270f5b7d167f0fdb357b0d010c31cc3a,9180ce1ccbbd2fd2,name:stage_ii_011,train,estagio_2,estagio_2,,False,ultralytics_curascan/datasets/estagio-nivel-12n-20-05-26/val/estagio_2/Stage_II_011.jpg
stage_ii_015,stage_ii_015,Stage_II_015.jpg,70b1b6aef5c8df08abd2c3ee83c4708ffeb8de191d152889c7fc4e92698a7dd4,eac68a7640f6c9b4,name:stage_ii_015,train,estagio_2,estagio_2,,False,ultralytics_curascan/datasets/estagio-nivel-12n-20-05-26/train/estagio_2/Stage_II_015.jpg
stage_ii_019,stage_ii_019,Stage_II_019.jpg,c94812ad09e0cf2d0d2a75ad4e515f476cb5ea6b58e420933a5826c3c027e523,bac064b7b794a169,name:stage_ii_019,train,estagio_2,estagio_2,,False,ultralytics_curascan/datasets/estagio-nivel-12n-20-05-26/train/estagio_2/Stage_II_019.jpg
stage_ii_025,stage_ii_025,Stage_II_025.jpg,152b15fc1af3382fd6d07e34170f0977f8504558109cba57879eafaf9bf67187,e09dcae418e29d67,name:stage_ii_025,train,estagio_2,estagio_2,,False,ultralytics_curascan/datasets/estagio-nivel-12n-20-05-26/val/estagio_2/Stage_II_025.jpg
stage_ii_028,stage_ii_028,Stage_II_028.jpg,8fc2a2803a481b584554e996c1551d9835d20d7a23c9a27dc6998328f98b66dd,b5c8da9a35639583,name:stage_ii_028,train,estagio_2,estagio_2,,False,ultralytics_curascan/datasets/estagio-nivel-12n-20-05-26/val/estagio_2/Stage_II_028.jpg
stage_ii_029,stage_ii_029,Stage_II_029.jpg,dac4ac1b6d7e645e2779debe5f494d11ee28916ef61aaed40725ee6183996b82,e2289f6a904ab7d9,name:stage_ii_029,train,estagio_3,nao_classificavel,estagio_3,True,ultralytics_curascan/datasets/estagio-nivel-34n-20-05-26/train/estagio_3/Stage_II_029.jpg
stage_ii_032,stage_ii_032,Stage_II_032.jpg,138f35285f3b4359cf8b47e7c5a172978b916dcaa80f165c1c00788ef2927e76,b18d7a843ad3b8d1,name:stage_ii_032,train,estagio_2,estagio_2,,False,ultralytics_curascan/datasets/estagio-nivel-12n-20-05-26/train/estagio_2/Stage_II_032.jpg
stage_ii_033,stage_ii_033,Stage_II_033.jpg,4530c2f0abd56d14ddaeda725802f2b74d76cc753e0c3b181303e75bdab81514,b286fba59a918ad1,name:stage_ii_033,train,estagio_2,estagio_2,,False,ultralytics_curascan/datasets/estagio-nivel-12n-20-05-26/test/estagio_2/Stage_II_033.jpg
stage_ii_037,stage_ii_037,Stage_II_037.jpg,8288c914abf4ad5b55e97bcf8004db883048cd45b1d1e0b932893447f7872f1a,df3f885d4a806b91,name:stage_ii_037,train,estagio_2,estagio_2,,False,ultralytics_curascan/datasets/estagio-nivel-12n-20-05-26/train/estagio_2/Stage_II_037.jpg
stage_ii_042,stage_ii_042,Stage_II_042.jpg,9670b32f73ac8ce6bd7e900f9c152dd51e7a453117516294e784812c897dd2b5,f41a4b632e2f2939,name:stage_ii_042,train,estagio_2,estagio_2,,False,ultralytics_curascan/datasets/estagio-nivel-12n-20-05-26/train/estagio_2/Stage_II_042.jpg
stage_ii_049,stage_ii_049,Stage_II_049.jpg,78d15e6917bd887a473cc2b7dc26cd087bc9b416825b69988ed1ae4485d31529,be8ed1b94ad88ca1,name:stage_ii_049,train,estagio_2,estagio_2,,False,ultralytics_curascan/datasets/estagio-nivel-12n-20-05-26/train/estagio_2/Stage_II_049.jpg
stage_ii_051,stage_ii_051,Stage_II_051.jpg,e7724cb18f2a34c371b858fb2cdab39acca4abe40b0b9c6c22c9db96294d341c,d1fc8d86567828a7,name:stage_ii_051,train,estagio_2,estagio_2,,False,ultralytics_curascan/datasets/estagio-nivel-12n-20-05-26/train/estagio_2/Stage_II_051.jpg
stage_ii_053,stage_ii_053,Stage_II_053.jpg,e931bcfa1c6414b33ab50067d9d26a0858be6d11121b51b3b58812148eb7cf49,83ac2d33649b9e74,name:stage_ii_053,train,estagio_2,estagio_2,,False,ultralytics_curascan/datasets/estagio-nivel-12n-20-05-26/train/estagio_2/Stage_II_053.jpg
stage_iii_001,stage_iii_001,Stage_III_001.jpg,0da1b7972ddc7cd89b7686370e2feaa5fa887c80276e82f7cb223d2f16f322bb,d311ce3f807f8b44,name:stage_iii_001,train,estagio_3,nao_classificavel,estagio_3,True,ultralytics_curascan/datasets/estagio-nivel-34n-20-05-26/val/estagio_3/Stage_III_001.jpg
stage_iii_005,stage_iii_005,Stage_III_005.jpg,73e5b75395e9e0932ac1f38bcbc18bd43d1bec7f8796ade7bec28cc21cc30d93,812fd2d54a91ec6e,name:stage_iii_005,train,estagio_3,nao_classificavel,estagio_3,True,ultralytics_curascan/datasets/estagio-nivel-34n-20-05-26/train/estagio_3/Stage_III_005.jpg
stage_iii_007,stage_iii_007,Stage_III_007.jpg,9f9688b2e4240ddbbe36b901b2fa4018a0df951fbe519562ae8b8da9aeef0f9d,f788c8267119e673,name:stage_iii_007,train,estagio_3,nao_classificavel,estagio_3,True,ultralytics_curascan/datasets/estagio-nivel-34n-20-05-26/train/estagio_3/Stage_III_007.jpg
stage_iii_008,stage_iii_008,Stage_III_008.jpg,64b3821cfd4c16f8811dc1089c992bd85e40f32b020c43823e59a3f3da957fb7,fff9869689873808,name:stage_iii_008,train,estagio_3,nao_classificavel,estagio_3,True,ultralytics_curascan/datasets/estagio-nivel-34n-20-05-26/test/estagio_3/Stage_III_008.jpg
stage_iii_009,stage_iii_009,Stage_III_009.jpg,5f403380fa6dc1cac64ec968356d64b034490493389bc75f3136818bd0d2e5fe,fafceba3249aa024,name:stage_iii_009,train,nao_classificavel,nao_classificavel,nao_classificavel,True,ultralytics_curascan/datasets/estagio-nivel-12n-20-05-26/test/nao_classificavel/Stage_III_009.jpg
stage_iii_015,stage_iii_015,Stage_III_015.jpg,6b747d85d3aa50031eeafe7d86bff0e176e6898d3fb44d051921858abedc2062,fd2d154514463bab,name:stage_iii_015,train,estagio_3,nao_classificavel,estagio_3,True,ultralytics_curascan/datasets/estagio-nivel-34n-20-05-26/val/estagio_3/Stage_III_015.jpg
stage_iii_019,stage_iii_019,Stage_III_019.jpg,37e67b39e53cbcd56110f82cc78863d278f0fc86296de2b3ff869111849ab1bc,aa76a9f01590aabe,name:stage_iii_019,train,estagio_3,nao_classificavel,estagio_3,True,ultralytics_curascan/datasets/estagio-nivel-34n-20-05-26/test/estagio_3/Stage_III_019.jpg
stage_iii_021,stage_iii_021,Stage_III_021.jpg,df19f0d0da2a83996481a01e6e3bffcef5cf09de06b412355b3f9d991ccafcc3,dec9c1320fc73199,name:stage_iii_021,train,estagio_3,nao_classificavel,estagio_3,True,ultralytics_curascan/datasets/estagio-nivel-34n-20-05-26/val/estagio_3/Stage_III_021.jpg
stage_iii_026,stage_iii_026,Stage_III_026.jpg,4502cd088c6f0d707c3cd1843df5a4b593db043a3b30cb9f7d087ee5c1c69bfb,e6eb999449e6b421,name:stage_iii_026,train,estagio_3,nao_classificavel,estagio_3,True,ultralytics_curascan/datasets/estagio-nivel-34n-20-05-26/train/estagio_3/Stage_III_026.jpg
stage_iii_027,stage_iii_027,Stage_III_027.jpg,e118f75a0f04fc6c790e50eda28bd4cea0ce8b95c441a991162f25ffeb3f93f4,c0992e1e3a786d6d,name:stage_iii_027,train,estagio_3,nao_classificavel,estagio_3,True,ultralytics_curascan/datasets/estagio-nivel-34n-20-05-26/train/estagio_3/Stage_III_027.jpg
stage_iii_028,stage_iii_028,Stage_III_028.jpg,79dd9386ba424f1b6657ec7ca8fe790aae2e88d97878b20f98f0bdf867ddb476,e8020356f53fdd31,name:stage_iii_028,train,estagio_4,nao_classificavel,estagio_4,True,ultralytics_curascan/datasets/estagio-nivel-34n-20-05-26/train/estagio_4/Stage_III_028.jpg
stage_iii_031,stage_iii_031,Stage_III_031.jpg,9e5cf74b86cf6671023b383d8b39308833f68f84cbb42b75aafff86a3c7cfc51,96c5ae4b69153553,name:stage_iii_031,train,estagio_3,nao_classificavel,estagio_3,True,ultralytics_curascan/datasets/estagio-nivel-34n-20-05-26/train/estagio_3/Stage_III_031.jpg
stage_iii_032,stage_iii_032,Stage_III_032.jpg,e85a6d8555459b82cfe07bc9e7ed8e73ac804b1bf68c24ea2e34cb9b678406ef,8f0bad2c3cb6252d,name:stage_iii_032,train,estagio_3,nao_classificavel,estagio_3,True,ultralytics_curascan/datasets/estagio-nivel-34n-20-05-26/train/estagio_3/Stage_III_032.jpg
stage_iii_037,stage_iii_037,Stage_III_037.jpg,22d5a1ba4804b3ad4f07a91050356db332a3481b776c595c802684e591c7a89b,eada992dc6369249,name:stage_iii_037,train,estagio_3,nao_classificavel,estagio_3,True,ultralytics_curascan/datasets/estagio-nivel-34n-20-05-26/train/estagio_3/Stage_III_037.jpg
stage_iii_038,stage_iii_038,Stage_III_038.jpg,54398404f2173599adf23688c6c03db30996a16f84a3e4b144aa65ad12ea68ba,b02a0e307b6ef473,name:stage_iii_038,train,estagio_3,nao_classificavel,estagio_3,True,ultralytics_curascan/datasets/estagio-nivel-34n-20-05-26/test/estagio_3/Stage_III_038.jpg
stage_iii_040,stage_iii_040,Stage_III_040.jpg,7d46d927c85bc5f8c93503efd43866cc2cc9674b95dd3cdbe9b35e503d7c574b,fad5c58a16a928dc,name:stage_iii_040,train,estagio_3,nao_classificavel,estagio_3,True,ultralytics_curascan/datasets/estagio-nivel-34n-20-05-26/train/estagio_3/Stage_III_040.jpg
stage_iii_042,stage_iii_042,Stage_III_042.jpg,119fb08175a7c8d7ca0ff223c74ace7b2650a3f594ef85340dc386a0b32180e1,94dd7bc0c930927d,name:stage_iii_042,train,estagio_3,nao_classificavel,estagio_3,True,ultralytics_curascan/datasets/estagio-nivel-34n-20-05-26/train/estagio_3/Stage_III_042.jpg
stage_iii_043,stage_iii_043,Stage_III_043.jpg,bfcbee61b71c56fd5a8d17df9c00c7b46a9b37d4a649c331097dc1a071a776ff,849b7b6f1d0e9660,name:stage_iii_043,train,estagio_3,nao_classificavel,estagio_3,True,ultralytics_curascan/datasets/estagio-nivel-34n-20-05-26/train/estagio_3/Stage_III_043.jpg
stage_iii_045,stage_iii_045,Stage_III_045.jpg,702898d7bf2f34ed5a0f939549ff339eb6b21af19f1516290a778c3b85cce9be,d5d29acbdc2ca131,name:stage_iii_045,train,estagio_3,nao_classificavel,estagio_3,True,ultralytics_curascan/datasets/estagio-nivel-34n-20-05-26/train/estagio_3/Stage_III_045.jpg
stage_iii_046,stage_iii_046,Stage_III_046.jpg,bf28d373df5a157350f564ab4364297ca75633eefd2323f8d6408d6ebb501f6e,b42aca6e4b792bc1,name:stage_iii_046,train,estagio_3,nao_classificavel,estagio_3,True,ultralytics_curascan/datasets/estagio-nivel-34n-20-05-26/val/estagio_3/Stage_III_046.jpg
stage_iv_002,stage_iv_002,Stage_IV_002.jpg,4f216bd98e8cc09583f1f209bb902230e4903e0c233bb108f34852300cec0ddb,af70a07ec837c03e,name:stage_iv_002,train,estagio_3,nao_classificavel,estagio_3,True,ultralytics_curascan/datasets/estagio-nivel-34n-20-05-26/train/estagio_3/Stage_IV_002.jpg
stage_iv_003,stage_iv_003,Stage_IV_003.jpg,7b36e39b7a855214dd01e3f1c48210f067e8b70b7703f334b2873eff200b0e97,fd80b8807dffd600,name:stage_iv_003,train,estagio_4,nao_classificavel,estagio_4,True,ultralytics_curascan/datasets/estagio-nivel-34n-20-05-26/train/estagio_4/Stage_IV_003.jpg
stage_iv_004,stage_iv_004,Stage_IV_004.jpg,6688e1223a986289e7f731a93bcc4c5f71b5a68152a08c52eb59f95b0c388674,9d8ce24d9d708c3b,name:stage_iv_004,train,estagio_4,nao_classificavel,estagio_4,True,ultralytics_curascan/datasets/estagio-nivel-34n-20-05-26/train/estagio_4/Stage_IV_004.jpg
stage_iv_006,stage_iv_006,Stage_IV_006.jpg,4d69150188efb1cc62b7e94b51df7019274434a058658c8fadd05cc0203c29a3,92ad89dcc7f1c381,name:stage_iv_006,train,estagio_4,nao_classificavel,estagio_4,True,ultralytics_curascan/datasets/estagio-nivel-34n-20-05-26/train/estagio_4/Stage_IV_006.jpg
stage_iv_008,stage_iv_008,Stage_IV_008.jpg,1c52104a28b72bd6ae9cf283ac018becc6468e7f5bedc2f458579f1ccc5eda3e,ac2ea357cd3bc0a1,name:stage_iv_008,train,estagio_4,nao_classificavel,estagio_4,True,ultralytics_curascan/datasets/estagio-nivel-34n-20-05-26/test/estagio_4/Stage_IV_008.jpg
stage_iv_011,stage_iv_011,Stage_IV_011.jpg,30e1c9c4f5c90232c5244ecfd1ca43635157020f895140026d8ff54e25c10f59,df88909f9fe058c1,name:stage_iv_011,train,estagio_4,nao_classificavel,estagio_4,True,ultralytics_curascan/datasets/estagio-nivel-34n-20-05-26/train/estagio_4/Stage_IV_011.jpg
stage_iv_012,stage_iv_012,Stage_IV_012.jpg,7f4956c8a893d1f9eebb95912450f5cb72c58295247229fe4eba1233c066c92c,bba0c6936f95b188,name:stage_iv_012,train,estagio_4,nao_classificavel,estagio_4,True,ultralytics_curascan/datasets/estagio-nivel-34n-20-05-26/train/estagio_4/Stage_IV_012.jpg
stage_iv_013,stage_iv_013,Stage_IV_013.jpg,50043458f65ab7aacafa536d502c5effba428e20f708abd0c565bf1e20064ebc,f7c6d21a893ac98c,name:stage_iv_013,train,estagio_4,nao_classificavel,estagio_4,True,ultralytics_curascan/datasets/estagio-nivel-34n-20-05-26/train/estagio_4/Stage_IV_013.jpg
stage_iv_015,stage_iv_015,Stage_IV_015.jpg,6fa628abe641792a365b140a2927bb25cba50fb444099fbe2db2384bddc1b1aa,aa21aa9515af7955,name:stage_iv_015,train,estagio_4,nao_classificavel,estagio_4,True,ultralytics_curascan/datasets/estagio-nivel-34n-20-05-26/train/estagio_4/Stage_IV_015.jpg
stage_iv_020,stage_iv_020,Stage_IV_020.jpg,6ae87a65ca38dc4423568dcdcdd29730c56946f7c5bbfb55c200c291ef7a2605,95e52ce6d2c283cb,name:stage_iv_020,train,estagio_4,nao_classificavel,estagio_4,True,ultralytics_curascan/datasets/estagio-nivel-34n-20-05-26/train/estagio_4/Stage_IV_020.jpg
stage_iv_024,stage_iv_024,Stage_IV_024.jpg,b2cb40068a2d0b68dc779ec0e1bd79599cafb61e3a2c05c6b92e9a532557ce8e,fb9303fa350b194c,name:stage_iv_024,train,estagio_4,nao_classificavel,estagio_4,True,ultralytics_curascan/datasets/estagio-nivel-34n-20-05-26/train/estagio_4/Stage_IV_024.jpg
stage_iv_029,stage_iv_029,Stage_IV_029.jpg,7be2cdb18a60e3f3d33569667fb0985899990a5f551a5d66fd93c465f5c32904,d0d52f4ab22d19ba,name:stage_iv_029,train,estagio_3,nao_classificavel,estagio_3,True,ultralytics_curascan/datasets/estagio-nivel-34n-20-05-26/train/estagio_3/Stage_IV_029.jpg
stage_iv_030,stage_iv_030,Stage_IV_030.jpg,505254441942242c5a4d0e104518d93e549c94074ed26ff927fffd4c9d9d0a20,d9c7359e06c88667,name:stage_iv_030,train,estagio_3,nao_classificavel,estagio_3,True,ultralytics_curascan/datasets/estagio-nivel-34n-20-05-26/train/estagio_3/Stage_IV_030.jpg
stage_iv_031,stage_iv_031,Stage_IV_031.jpg,e02645e863fa6def7cc9e7efbc8a32a406fd273eebf105a32434f57288c73cc9,ea1199b6b4c59297,name:stage_iv_031,train,estagio_3,nao_classificavel,estagio_3,True,ultralytics_curascan/datasets/estagio-nivel-34n-20-05-26/train/estagio_3/Stage_IV_031.jpg
superficial-pressure-ulcer0002__dup2,superficial-pressure-ulcer0002__dup2,superficial-pressure-ulcer0002__dup2.jpg,3211d2d3f8bba5d004f81568074feaa29410591033bdf776239f97eb0a9083d7,c2ce1cf0b30ff08d,name:superficial-pressure-ulcer0002,train,estagio_2,estagio_2,,False,ultralytics_curascan/datasets/estagio-nivel-12n-20-05-26/val/estagio_2/superficial-pressure-ulcer0002__dup2.jpg
superficial-pressure-ulcer0003,superficial-pressure-ulcer0003,superficial-pressure-ulcer0003.jpg,ffcee81fbbe5fcf0ec0f2c400326e35e42c3f9dc0ceb82bed5b6a75b13a266cd,c8db05ca717523ec,name:superficial-pressure-ulcer0003,train,estagio_2,estagio_2,,False,ultralytics_curascan/datasets/estagio-nivel-12n-20-05-26/train/estagio_2/superficial-pressure-ulcer0003.jpg
superficial-pressure-ulcer0004,superficial-pressure-ulcer0004,superficial-pressure-ulcer0004.jpg,bcba00a56e3baff4347dec7ee88e16988543e307e491e5d5226f0946e15091d4,dadb8c8d69663630,name:superficial-pressure-ulcer0004,train,estagio_2,estagio_2,,False,ultralytics_curascan/datasets/estagio-nivel-12n-20-05-26/train/estagio_2/superficial-pressure-ulcer0004.jpg
superficial-pressure-ulcer0005,superficial-pressure-ulcer0005,superficial-pressure-ulcer0005.jpg,f11dce54d6e0545c2ba9b7c0bdfc5d25f5a88a0be3df6fe4601688fda9436757,d4c08ec7703999d7,name:superficial-pressure-ulcer0005,train,estagio_3,nao_classificavel,estagio_3,True,ultralytics_curascan/datasets/estagio-nivel-34n-20-05-26/train/estagio_3/superficial-pressure-ulcer0005.jpg
superficial-pressure-ulcer0007,superficial-pressure-ulcer0007,superficial-pressure-ulcer0007.jpg,522e0254d007189f1d37b41a31c142d3bbf6c9ce191c5b964b52b90780bda013,a4b65aa91da5b652,name:superficial-pressure-ulcer0007,train,estagio_2,estagio_2,,False,ultralytics_curascan/datasets/estagio-nivel-12n-20-05-26/val/estagio_2/superficial-pressure-ulcer0007.jpg
superficial-pressure-ulcer0009,superficial-pressure-ulcer0009,superficial-pressure-ulcer0009.jpg,6556a2d31d66b6c88ff23972a2bbd4aa2cc6754e6367a833a854a814d5337bd7,caae0dc48eec9c9a,name:superficial-pressure-ulcer0009,train,estagio_3,nao_classificavel,estagio_3,True,ultralytics_curascan/datasets/estagio-nivel-34n-20-05-26/val/estagio_3/superficial-pressure-ulcer0009.jpg
superficial-pressure-ulcer0010__dup2,superficial-pressure-ulcer0010__dup2,superficial-pressure-ulcer0010__dup2.jpg,ab9cad3008386a8b9f2bfbde2fd165633c854ad77079e40675848a5f1d1f5d66,df3061d1ad8f3189,name:superficial-pressure-ulcer0010,train,estagio_1,estagio_1,,False,ultralytics_curascan/datasets/estagio-nivel-12n-20-05-26/train/estagio_1/superficial-pressure-ulcer0010__dup2.jpg
superficial-pressure-ulcer0012,superficial-pressure-ulcer0012,superficial-pressure-ulcer0012.jpg,b34b4346bf6d6fc23585fb3382e6820f0d0604a266dfb04bfbf39feea86e8926,d562186262df6ad6,name:superficial-pressure-ulcer0012,train,estagio_2,estagio_2,,False,ultralytics_curascan/datasets/estagio-nivel-12n-20-05-26/train/estagio_2/superficial-pressure-ulcer0012.jpg
superficial-pressure-ulcer0013,superficial-pressure-ulcer0013,superficial-pressure-ulcer0013.jpg,93d870a23fe8a6c784f3705fb4a64948fd15d141f5e359312223e0b41e05a06a,8a9835d8988ec7de,name:superficial-pressure-ulcer0013,train,estagio_3,nao_classificavel,estagio_3,True,ultralytics_curascan/datasets/estagio-nivel-34n-20-05-26/test/estagio_3/superficial-pressure-ulcer0013.jpg
superficial-pressure-ulcer0015,superficial-pressure-ulcer0015,superficial-pressure-ulcer0015.jpg,51af11f37d4b9af4c6f25e73fdc5323240f51ce527797fe41d1378dbb5b2866d,996d4730591f60cf,name:superficial-pressure-ulcer0015,train,estagio_2,estagio_2,,False,ultralytics_curascan/datasets/estagio-nivel-12n-20-05-26/train/estagio_2/superficial-pressure-ulcer0015.jpg
superficial-pressure-ulcer0017,superficial-pressure-ulcer0017,superficial-pressure-ulcer0017.jpg,d385f76897eb81168aaeda066b79106b1b5e54e1dac3265addef9f1bc1c5c893,f1d80ed33c4b9364,name:superficial-pressure-ulcer0017,train,estagio_3,nao_classificavel,estagio_3,True,ultralytics_curascan/datasets/estagio-nivel-34n-20-05-26/val/estagio_3/superficial-pressure-ulcer0017.jpg
superficial-pressure-ulcer0018,superficial-pressure-ulcer0018,superficial-pressure-ulcer0018.jpg,ae7fe74090667706a079dabae6dbf21496160780951cf21164752bb5e275fdc2,83998c19f616fe38,name:superficial-pressure-ulcer0018,train,estagio_1,estagio_1,,False,ultralytics_curascan/datasets/estagio-nivel-12n-20-05-26/test/estagio_1/superficial-pressure-ulcer0018.jpg
superficial-pressure-ulcer0019,superficial-pressure-ulcer0019,superficial-pressure-ulcer0019.jpg,bbf4b0f526a25c7d4c7cfb4162bbfc65a950f94f13421fdc9a514f27e5eca72d,dad4eb10eb15e912,name:superficial-pressure-ulcer0019,train,estagio_1,estagio_1,,False,ultralytics_curascan/datasets/estagio-nivel-12n-20-05-26/test/estagio_1/superficial-pressure-ulcer0019.jpg
superficial-pressure-ulcer0020,superficial-pressure-ulcer0020,superficial-pressure-ulcer0020.jpg,27d6ef74513b27264fede47a7aec1fab19ca09e68981c0d0afd24caffeefd6c1,e1ca3d32e1562f54,name:superficial-pressure-ulcer0020,train,estagio_2,estagio_2,,False,ultralytics_curascan/datasets/estagio-nivel-12n-20-05-26/val/estagio_2/superficial-pressure-ulcer0020.jpg
superficial-pressure-ulcer0021,superficial-pressure-ulcer0021,superficial-pressure-ulcer0021.jpg,a7a50d990f929e766afa636ff26b47b273e2555c0439dacd2997f9e81912cd0a,e8c38f73213d3338,name:superficial-pressure-ulcer0021,train,estagio_3,nao_classificavel,estagio_3,True,ultralytics_curascan/datasets/estagio-nivel-34n-20-05-26/val/estagio_3/superficial-pressure-ulcer0021.jpg
superficial-pressure-ulcer0023,superficial-pressure-ulcer0023,superficial-pressure-ulcer0023.jpg,f1f7b95e9ad59bd04f9ce7140d821aa318b7ccd6c27e3424060c4754b44d6dce,d5b1ca0ed229d33c,name:superficial-pressure-ulcer0023,train,estagio_1,estagio_1,,False,ultralytics_curascan/datasets/estagio-nivel-12n-20-05-26/train/estagio_1/superficial-pressure-ulcer0023.jpg
toes-0021,toes-0021,toes-0021.jpg,a31be78c68f51da27c49608c7122c282b5a5fda6f15e6953ac3a56d915c889f7,c1c86f61a52f8f54,name:toes-0021,train,nao_classificavel,nao_classificavel,nao_classificavel,True,ultralytics_curascan/datasets/estagio-nivel-12n-20-05-26/test/nao_classificavel/toes-0021.jpg
undermining0001,undermining0001,undermining0001.jpg,616d8a15b981cc03b230620183ba2c72f40408aa1548c8d84dd492a613b7e6cd,fcc1c1f020e3e16f,name:undermining0001,train,estagio_4,nao_classificavel,estagio_4,True,ultralytics_curascan/datasets/estagio-nivel-34n-20-05-26/train/estagio_4/undermining0001.jpg
undermining0003,undermining0003,undermining0003.jpg,990a01ddb5dbfcd5647cc43808764493ab8f2f5e3720d93f6c059bc4f18910e5,a1ca55b5bba2246d,name:undermining0003,train,estagio_3,nao_classificavel,estagio_3,True,ultralytics_curascan/datasets/estagio-nivel-34n-20-05-26/train/estagio_3/undermining0003.jpg
undermining0004,undermining0004,undermining0004.jpg,fcd4aba1b893ae22d003fed1c67e80f13d5a4994ed2b3ec52ca2a67efe02530c,be94e81fe0167934,name:undermining0004,train,nao_classificavel,nao_classificavel,nao_classificavel,True,ultralytics_curascan/datasets/estagio-nivel-12n-20-05-26/test/nao_classificavel/undermining0004.jpg
undermining0005,undermining0005,undermining0005.jpg,dd20c296aeb97b74dc7ce574b0be426012e5d5520a9c531db8fc7fcd63efd97b,d5cecea131d9846c,name:undermining0005,train,estagio_3,nao_classificavel,estagio_3,True,ultralytics_curascan/datasets/estagio-nivel-34n-20-05-26/train/estagio_3/undermining0005.jpg
undermining0007,undermining0007,undermining0007.jpg,8065bd2116c4a7222ff99343dc54fbdf4f258d456248cd1fa76a68b4b29e6a2f,d78f99de2221326c,name:undermining0007,train,estagio_4,nao_classificavel,estagio_4,True,ultralytics_curascan/datasets/estagio-nivel-34n-20-05-26/train/estagio_4/undermining0007.jpg
undermining0009,undermining0009,undermining0009.jpg,fc5724f40392b743b4294090026a32111f56cc6b21db800cf0f9f2921e99dd92,9985e781b3b6668c,name:undermining0009,train,estagio_3,nao_classificavel,estagio_3,True,ultralytics_curascan/datasets/estagio-nivel-34n-20-05-26/val/estagio_3/undermining0009.jpg
undermining0010,undermining0010,undermining0010.jpg,e1165d11f8abed26fc83609b18b3551dad58dfd776a74a291a15b03c07578c8e,8186cf3a7e893a59,name:undermining0010,train,estagio_3,nao_classificavel,estagio_3,True,ultralytics_curascan/datasets/estagio-nivel-34n-20-05-26/train/estagio_3/undermining0010.jpg
undermining0013,undermining0013,undermining0013.jpg,9c4dde03ed906084c16ce5d76369420c1705747e46cd244a841d47f136666f50,c60787361cd93c97,name:undermining0013,train,estagio_3,nao_classificavel,estagio_3,True,ultralytics_curascan/datasets/estagio-nivel-34n-20-05-26/test/estagio_3/undermining0013.jpg
undermining0016,undermining0016,undermining0016.jpg,3a2ed3b50ffeaf4d19f36c5f2c98de08c5426857431e91ebb720ec01bcf30f4b,9395bae50c934d1e,name:undermining0016,train,estagio_3,nao_classificavel,estagio_3,True,ultralytics_curascan/datasets/estagio-nivel-34n-20-05-26/train/estagio_3/undermining0016.jpg
undermining0018,undermining0018,undermining0018.jpg,3858c8c0e936916e61c7b8ed88f0eb7e2c46e0052787cb57adba242ae7812a7b,8ad9a95ca5daa523,name:undermining0018,train,estagio_3,nao_classificavel,estagio_3,True,ultralytics_curascan/datasets/estagio-nivel-34n-20-05-26/train/estagio_3/undermining0018.jpg
undermining0020,undermining0020,undermining0020.jpg,334521b6565e7782071b9f1dc4c7df77e00f9f6387d00ea8e4c0f35bad287ac6,93cc0cea74336375,name:undermining0020,train,estagio_2,estagio_2,,False,ultralytics_curascan/datasets/estagio-nivel-12n-20-05-26/train/estagio_2/undermining0020.jpg
unstageable_001,unstageable_001,Unstageable_001.jpg,4fb38f56bf6ae5a4ca0ea0f99a1a6da54bc768c813931b396027e4daee2e3e05,d19f8f23982d3946,name:unstageable_001,train,nao_classificavel,nao_classificavel,nao_classificavel,True,ultralytics_curascan/datasets/estagio-nivel-12n-20-05-26/train/nao_classificavel/Unstageable_001.jpg
unstageable_002,unstageable_002,Unstageable_002.jpg,8920f4557de95352f045025e99274a7142354d39c9a4b0f61ca62c891ea636ee,e88687b75c4aa9d4,name:unstageable_002,train,nao_classificavel,nao_classificavel,nao_classificavel,True,ultralytics_curascan/datasets/estagio-nivel-12n-20-05-26/train/nao_classificavel/Unstageable_002.jpg
unstageable_004,unstageable_004,Unstageable_004.jpg,3605f2f4c3a49b985f52f28b014ae3e0b68d0fdaca0a362a3c29d6754652ac52,b59b8e6ccea61813,name:unstageable_004,train,nao_classificavel,nao_classificavel,nao_classificavel,True,ultralytics_curascan/datasets/estagio-nivel-12n-20-05-26/train/nao_classificavel/Unstageable_004.jpg
unstageable_007,unstageable_007,Unstageable_007.jpg,a0657ad322d56fc2d74304ed869cae3b347027754a4d90715aa9f75a9ec5e271,ebcd949a33256c68,name:unstageable_007,train,nao_classificavel,nao_classificavel,nao_classificavel,True,ultralytics_curascan/datasets/estagio-nivel-12n-20-05-26/train/nao_classificavel/Unstageable_007.jpg
unstageable_008,unstageable_008,Unstageable_008.jpg,b7f49863cb830336d4d0423d7f89f058031bce4373ec3b50ef411d51ae753951,f83e87239c66509e,name:unstageable_008,train,nao_classificavel,nao_classificavel,nao_classificavel,True,ultralytics_curascan/datasets/estagio-nivel-12n-20-05-26/train/nao_classificavel/Unstageable_008.jpg
unstageable_016,unstageable_016,Unstageable_016.jpg,a4d1cfac231833b95c5452cbc098173802fb7f646eba01e5b93f79221777c7c3,f3908d4b23c66733,name:unstageable_016,train,nao_classificavel,nao_classificavel,nao_classificavel,True,ultralytics_curascan/datasets/estagio-nivel-12n-20-05-26/test/nao_classificavel/Unstageable_016.jpg
unstageable_017,unstageable_017,Unstageable_017.jpg,0217c2017d28adf021bfb89f623cc21297f7ffb8c89d66b3a4b854c086ce1f20,c1c83eb6d17067c3,name:unstageable_017,train,nao_classificavel,nao_classificavel,nao_classificavel,True,ultralytics_curascan/datasets/estagio-nivel-12n-20-05-26/test/nao_classificavel/Unstageable_017.jpg
unstageable_018,unstageable_018,Unstageable_018.jpg,185a984a4eba8fddea9046a67f75f00ec8e67b22d192bcb7108a19d027dff7e2,dd76e1f5e4409e40,name:unstageable_018,train,nao_classificavel,nao_classificavel,nao_classificavel,True,ultralytics_curascan/datasets/estagio-nivel-12n-20-05-26/train/nao_classificavel/Unstageable_018.jpg
unstageable_019,unstageable_019,Unstageable_019.jpg,155a2394af88c517b94288d3e45a9af4dafe954a6f9926757df0a2bcb6f3d2e7,bd7eb2c8dc307904,name:unstageable_019,train,nao_classificavel,nao_classificavel,nao_classificavel,True,ultralytics_curascan/datasets/estagio-nivel-12n-20-05-26/val/nao_classificavel/Unstageable_019.jpg
unstageable_022,unstageable_022,Unstageable_022.jpg,113c80381dec72a655cc71954e7400fb8ed92422708d09d5d4ca2bc2cd1f74b1,e72cc8bc2770b643,name:unstageable_022,train,nao_classificavel,nao_classificavel,nao_classificavel,True,ultralytics_curascan/datasets/estagio-nivel-12n-20-05-26/train/nao_classificavel/Unstageable_022.jpg
unstageable_023,unstageable_023,Unstageable_023.jpg,23edb10d809085c3b4bad65e3524a90695d704c2b5fd67df82709c9d0ff6f4f5,ad4bd01b032f6bac,name:unstageable_023,train,nao_classificavel,nao_classificavel,nao_classificavel,True,ultralytics_curascan/datasets/estagio-nivel-12n-20-05-26/test/nao_classificavel/Unstageable_023.jpg
unstageable_024,unstageable_024,Unstageable_024.jpg,ae885c30d2594140a403fa298d65e3d347b95738ab694bd1e15c441a9c2044d3,ea8bd71c34c0f40f,name:unstageable_024,train,nao_classificavel,nao_classificavel,nao_classificavel,True,ultralytics_curascan/datasets/estagio-nivel-12n-20-05-26/val/nao_classificavel/Unstageable_024.jpg
unstageable_025,unstageable_025,Unstageable_025.jpg,8cc6a75da42aec1aeb383eae1187a8fb814a5d962aae3e99584427a1a28be9cc,cac20530d974ef79,name:unstageable_025,train,nao_classificavel,nao_classificavel,nao_classificavel,True,ultralytics_curascan/datasets/estagio-nivel-12n-20-05-26/train/nao_classificavel/Unstageable_025.jpg
unstageable_026,unstageable_026,Unstageable_026.jpg,d51bafd1fe06d3df0674ef005ee5683683df2d12c3a92f2f9d66a9dc45b49aee,b60b9946b06ed8b5,name:unstageable_026,train,nao_classificavel,nao_classificavel,nao_classificavel,True,ultralytics_curascan/datasets/estagio-nivel-12n-20-05-26/train/nao_classificavel/Unstageable_026.jpg
unstageable_028,unstageable_028,Unstageable_028.jpg,b8a328a08f2a356432fe94d02a95cd6a2e039db79a9b453d5d86afa54d056d06,bbfec034ef5024a1,name:unstageable_028,train,nao_classificavel,nao_classificavel,nao_classificavel,True,ultralytics_curascan/datasets/estagio-nivel-12n-20-05-26/train/nao_classificavel/Unstageable_028.jpg
109_0,109_0,109_0.jpg,45f7aca1d3f1ae5f0249b2aba0a5f37fa139ef063b1046b9789b89991b9dcf85,91d2652b8facdd88,clinical:109,val,estagio_3,nao_classificavel,estagio_3,True,ultralytics_curascan/datasets/estagio-nivel-34n-20-05-26/train/estagio_3/109_0.jpg
109_0 (2),109_0 (2),109_0 (2).jpg,e6d3532179a24c9200e28de816b7130974259efc03574cd839e6a0333f6ff493,9a58e92b2c2d9b17,clinical:109,val,estagio_4,nao_classificavel,estagio_4,True,ultralytics_curascan/datasets/estagio-nivel-34n-20-05-26/train/estagio_4/109_0 (2).jpg
109_0 (3),109_0 (3),109_0 (3).jpg,fe0ff1617616628751d56f05e180fd699f960fc139973ab4f3a5901b5a07c040,f8d1648a372619f3,clinical:109,val,estagio_3,nao_classificavel,estagio_3,True,ultralytics_curascan/datasets/estagio-nivel-34n-20-05-26/test/estagio_3/109_0 (3).jpg
125_0 (2),125_0 (2),125_0 (2).jpg,bfdededd94f2d50d585542359f5f5a8ea48a7aecbf783e6f5262c9bb40923c13,a299dbcdcccc8ca4,clinical:125,val,estagio_4,nao_classificavel,estagio_4,True,ultralytics_curascan/datasets/estagio-nivel-34n-20-05-26/train/estagio_4/125_0 (2).jpg
125_0 (3),125_0 (3),125_0 (3).jpg,053b27730636f4d9a94ca1fb019debf8619a50d287fde7e102e200de8072ce28,f81c4b353d662699,clinical:125,val,estagio_4,nao_classificavel,estagio_4,True,ultralytics_curascan/datasets/estagio-nivel-34n-20-05-26/train/estagio_4/125_0 (3).jpg
134_0,134_0,134_0.jpg,406a161b5dbbd3566d46dd564e5e842fb158a32ee4a152e70eebeda9263b9a52,fd8fc180c6ee91b0,clinical:134,val,estagio_1,estagio_1,,False,ultralytics_curascan/datasets/estagio-nivel-12n-20-05-26/train/estagio_1/134_0.jpg
134_1,134_1,134_1.jpg,6b3760f8db1aaff125e77c11ae1df424bb7d14c459e2fc39c0381dc6944c3d1f,b0fc0fd907f022b9,clinical:134,val,estagio_3,nao_classificavel,estagio_3,True,ultralytics_curascan/datasets/estagio-nivel-34n-20-05-26/train/estagio_3/134_1.jpg
139_0 (2),139_0 (2),139_0 (2).jpg,710ba4b054aca35dbb29bb06b5724907440ba3ee44f107a2f52f4e5c8d63a760,a1345aa916eb07f9,clinical:139,val,estagio_2,estagio_2,,False,ultralytics_curascan/datasets/estagio-nivel-12n-20-05-26/train/estagio_2/139_0 (2).jpg
145_0,145_0,145_0.jpg,ae2e3c52e5ceaadc1d36335d07462a5fbbc67c7c28dd5d4dd57263ec13304df8,a85ec7597370c466,clinical:145,val,estagio_2,estagio_2,,False,ultralytics_curascan/datasets/estagio-nivel-12n-20-05-26/train/estagio_2/145_0.jpg
153_0,153_0,153_0.jpg,455da4837ca33b6ff2287421675a0721134d1cc147915e094772a3cb0b6741bf,f1f80f7370707261,clinical:153,val,estagio_3,nao_classificavel,estagio_3,True,ultralytics_curascan/datasets/estagio-nivel-34n-20-05-26/train/estagio_3/153_0.jpg
153_0 (2),153_0 (2),153_0 (2).jpg,2dedfe48f80b6372bb313e1b65c3c1579b271cec16fb41a96fe64a6181dd7975,ab52c5c53573760c,clinical:153,val,estagio_2,estagio_2,,False,ultralytics_curascan/datasets/estagio-nivel-12n-20-05-26/train/estagio_2/153_0 (2).jpg
26_0 (2),26_0 (2),26_0 (2).jpg,6b691cf2b6f24526051e5ac0921d34343da4d837f146cc893579c4fb9f87d2a2,95eb4ad26393943c,clinical:26,val,estagio_3,nao_classificavel,estagio_3,True,ultralytics_curascan/datasets/estagio-nivel-34n-20-05-26/val/estagio_3/26_0 (2).jpg
26_0 (3),26_0 (3),26_0 (3).jpg,3a0a29d856ea37c72352d0f7a55161362d28e68e14899d08300f9f4847208410,a8d0527c33dc396b,clinical:26,val,estagio_3,nao_classificavel,estagio_3,True,ultralytics_curascan/datasets/estagio-nivel-34n-20-05-26/test/estagio_3/26_0 (3).jpg
26_0 (4),26_0 (4),26_0 (4).jpg,9e3849ba46f0e7829c25da6ade54c4abc1d8decf1eed737ac7ea03df2e684d89,e91c575554555467,clinical:26,val,estagio_3,nao_classificavel,estagio_3,True,ultralytics_curascan/datasets/estagio-nivel-34n-20-05-26/train/estagio_3/26_0 (4).jpg
26_1 (2),26_1 (2),26_1 (2).jpg,ac563dffcb2ce0511e54a3ac285d47a8a2f1df62b297e2631cf23cfb02387e0d,d47403c59b277d4a,clinical:26,val,estagio_3,nao_classificavel,estagio_3,True,ultralytics_curascan/datasets/estagio-nivel-34n-20-05-26/test/estagio_3/26_1 (2).jpg
32_0,32_0,32_0.jpg,d03efeb080e949c02c7d551c8cd5d565e06dfa467817840cc614d53c33596a11,a69903c40ff30df6,clinical:32,val,estagio_3,nao_classificavel,estagio_3,True,ultralytics_curascan/datasets/estagio-nivel-34n-20-05-26/train/estagio_3/32_0.jpg
32_0 (2),32_0 (2),32_0 (2).jpg,4096b17c9191e03ee140e43bde8e07a0a63a970b59abc5ffa84bbf9622917890,c450a1e8d2f4ffc2,clinical:32,val,estagio_3,nao_classificavel,estagio_3,True,ultralytics_curascan/datasets/estagio-nivel-34n-20-05-26/train/estagio_3/32_0 (2).jpg
32_0 (3),32_0 (3),32_0 (3).jpg,9c97b472ac6b6b8c79dd0e5a24058c75d759e81fe77b7e711eeaebc5ce9a4d1f,a39e4c9d623f407c,clinical:32,val,estagio_3,nao_classificavel,estagio_3,True,ultralytics_curascan/datasets/estagio-nivel-34n-20-05-26/train/estagio_3/32_0 (3).jpg
32_0 (4),32_0 (4),32_0 (4).jpg,e4f025d677d25712fbb9f91a56ed35c297c17361e1b5740d74a6b1c708220f61,b193cc643399cc4f,clinical:32,val,estagio_3,nao_classificavel,estagio_3,True,ultralytics_curascan/datasets/estagio-nivel-34n-20-05-26/test/estagio_3/32_0 (4).jpg
32_1,32_1,32_1.jpg,b06b41a46dd59075d8247c6afb8cb1a51bf6c06b197383b3246ce49f60dfc1de,b7833b9c6439ca86,clinical:32,val,estagio_3,nao_classificavel,estagio_3,True,ultralytics_curascan/datasets/estagio-nivel-34n-20-05-26/val/estagio_3/32_1.jpg
43_0 (2),43_0 (2),43_0 (2).jpg,704147ec962e53d41c965b6dbee942c36f5f5bdee75e2fd1264d074c40c15fa6,8f45582aa7a9acb6,clinical:43,val,estagio_3,nao_classificavel,estagio_3,True,ultralytics_curascan/datasets/estagio-nivel-34n-20-05-26/val/estagio_3/43_0 (2).jpg
43_0 (3),43_0 (3),43_0 (3).jpg,2b144c9b2f673bd37ed1f21683f2fd5b800126bca7992d80e64c4a405ace58e6,e6c90ef932cd9229,clinical:43,val,estagio_2,estagio_2,,False,ultralytics_curascan/datasets/estagio-nivel-12n-20-05-26/train/estagio_2/43_0 (3).jpg
43_0 (4),43_0 (4),43_0 (4).jpg,8aadb7aa6802ecd5bdfa1f0a56675852ddb36233b90bf5601c9f4a3d32c9b259,a952e42fbace9489,clinical:43,val,estagio_2,estagio_2,,False,ultralytics_curascan/datasets/estagio-nivel-12n-20-05-26/train/estagio_2/43_0 (4).jpg
48_0,48_0,48_0.jpg,8699943c8342ca2e1506132125c5333bc3ffdbfc4bb60d1ad5b0dacc0194da79,a9a89764729f609d,clinical:48,val,estagio_3,nao_classificavel,estagio_3,True,ultralytics_curascan/datasets/estagio-nivel-34n-20-05-26/train/estagio_3/48_0.jpg
48_0 (2),48_0 (2),48_0 (2).jpg,26b2381390907ef5b5f338476db6e45de107bc807ae606b574d54597c9b17cb4,ff0fe0b6438dc482,clinical:48,val,estagio_3,nao_classificavel,estagio_3,True,ultralytics_curascan/datasets/estagio-nivel-34n-20-05-26/train/estagio_3/48_0 (2).jpg
48_0 (3),48_0 (3),48_0 (3).jpg,a1da797096a32b0796be423cfd2dadbcf187687e384440d3b722a3212f285e9e,e87a93614d36319b,clinical:48,val,estagio_3,nao_classificavel,estagio_3,True,ultralytics_curascan/datasets/estagio-nivel-34n-20-05-26/train/estagio_3/48_0 (3).jpg
48_0 (4),48_0 (4),48_0 (4).jpg,18c7bdff012631cdd51a5a218795d465235b9247cb5dbcc7ba8283dcf56336ed,8bd68b8c47666559,clinical:48,val,estagio_3,nao_classificavel,estagio_3,True,ultralytics_curascan/datasets/estagio-nivel-34n-20-05-26/train/estagio_3/48_0 (4).jpg
48_1,48_1,48_1.jpg,4f50fa0ce679572afe692685c3c9d99741f870e020843d94355b2821ee83b2ec,ff747fc88401c847,clinical:48,val,estagio_4,nao_classificavel,estagio_4,True,ultralytics_curascan/datasets/estagio-nivel-34n-20-05-26/train/estagio_4/48_1.jpg
48_2,48_2,48_2.jpg,ecc6131ad8bab6598a85fcd72a21a8d13dc8d60a9cbf6da45dbbecca3e051d12,e4d4c3153cc2b74d,clinical:48,val,estagio_3,nao_classificavel,estagio_3,True,ultralytics_curascan/datasets/estagio-nivel-34n-20-05-26/train/estagio_3/48_2.jpg
48_3,48_3,48_3.jpg,44e3e80e8afcd2bb6a20a9225486e6e085061ad28ed16007c3ee3aae52dcb04b,fd1f0723a1e0c8bc,clinical:48,val,estagio_2,estagio_2,,False,ultralytics_curascan/datasets/estagio-nivel-12n-20-05-26/test/estagio_2/48_3.jpg
53_0 (2),53_0 (2),53_0 (2).jpg,d281b084af54b29c8546b6d6fb6ac90832bba46afec127698e23c692f754feec,a2ca972d39e4c91b,clinical:53,val,estagio_3,nao_classificavel,estagio_3,True,ultralytics_curascan/datasets/estagio-nivel-34n-20-05-26/val/estagio_3/53_0 (2).jpg
53_0 (3),53_0 (3),53_0 (3).jpg,9253e6faf104a608b90f7bbb0675c64bb8ce5214d9a73efbdf5baaa75cb60cef,ac0cd4c89fe95a65,clinical:53,val,estagio_3,nao_classificavel,estagio_3,True,ultralytics_curascan/datasets/estagio-nivel-34n-20-05-26/train/estagio_3/53_0 (3).jpg
53_1,53_1,53_1.jpg,0d0ae3d0bffd23c1eee3ad4a50883e320a1c3e9c1a3fc7d3fcdb2d58908e62dc,b88ffc1372f10ec0,clinical:53,val,estagio_3,nao_classificavel,estagio_3,True,ultralytics_curascan/datasets/estagio-nivel-34n-20-05-26/train/estagio_3/53_1.jpg
53_2,53_2,53_2.jpg,08425e273bb1f496bb7be639a03d700ca44bd706072779b188fe77b33944d4cb,aa15c54d6754787a,clinical:53,val,estagio_2,estagio_2,,False,ultralytics_curascan/datasets/estagio-nivel-12n-20-05-26/train/estagio_2/53_2.jpg
53_4,53_4,53_4.jpg,d909d70361a72569a604bb071108556e8de34be24f1389039b2d5222c4da2567,ada6541cf6509997,clinical:53,val,estagio_3,nao_classificavel,estagio_3,True,ultralytics_curascan/datasets/estagio-nivel-34n-20-05-26/train/estagio_3/53_4.jpg
56_0 (2),56_0 (2),56_0 (2).jpg,c981fb2462295cfa7029721c677275a43ac0b7e33e62645d45a145d7d360ce89,a96f76409d9b3924,clinical:56,val,estagio_3,nao_classificavel,estagio_3,True,ultralytics_curascan/datasets/estagio-nivel-34n-20-05-26/train/estagio_3/56_0 (2).jpg
56_0 (3),56_0 (3),56_0 (3).jpg,c572c2e8a093c2147b65c2826e850afc395e3ddcde6f2a60d9120d3c33a8df7f,f84f00605acee9eb,clinical:56,val,estagio_3,nao_classificavel,estagio_3,True,ultralytics_curascan/datasets/estagio-nivel-34n-20-05-26/test/estagio_3/56_0 (3).jpg
56_0 (4),56_0 (4),56_0 (4).jpg,0c9a5e4d9a6e8f982306291452cd83f0c5ed18de1629a155d14b42825bdf851b,bc0d0cde69b8355a,clinical:56,val,estagio_2,estagio_2,,False,ultralytics_curascan/datasets/estagio-nivel-12n-20-05-26/test/estagio_2/56_0 (4).jpg
56_1,56_1,56_1.jpg,20c8bed2a8c6c8ed3c2624c030150d1fe4dbaeef5a641c3044cead6e7814fad6,b40bf07a2556d9cc,clinical:56,val,estagio_2,estagio_2,,False,ultralytics_curascan/datasets/estagio-nivel-12n-20-05-26/test/estagio_2/56_1.jpg
56_1 (2),56_1 (2),56_1 (2).jpg,6d64342567f5140bca154eecffe9147686e25c504b206e30e954515770660362,d58f08552372cdce,clinical:56,val,estagio_3,nao_classificavel,estagio_3,True,ultralytics_curascan/datasets/estagio-nivel-34n-20-05-26/val/estagio_3/56_1 (2).jpg
56_2,56_2,56_2.jpg,f5f355bcfa95173953a61d6a772032350a3c916baf2054dca7473a350d49ae26,991c66f1111eece6,clinical:56,val,estagio_3,nao_classificavel,estagio_3,True,ultralytics_curascan/datasets/estagio-nivel-34n-20-05-26/train/estagio_3/56_2.jpg
67_0 (2),67_0 (2),67_0 (2).jpg,c15f2946fdb11b366caa5ff5b141a2fe379858a23f4607270ff480c14b397f6a,a151fe4266782b6d,clinical:67,val,estagio_4,nao_classificavel,estagio_4,True,ultralytics_curascan/datasets/estagio-nivel-34n-20-05-26/val/estagio_4/67_0 (2).jpg
67_0 (3),67_0 (3),67_0 (3).jpg,e370b1ebf1ce705f27f4b58f5ff6f2de896648f334001bd8a83a1e04876e07cc,ad4b32ad67509a6a,clinical:67,val,estagio_3,nao_classificavel,estagio_3,True,ultralytics_curascan/datasets/estagio-nivel-34n-20-05-26/train/estagio_3/67_0 (3).jpg
67_1,67_1,67_1.jpg,a4322c02824046d9e9ac9c7e5f564766e7f359c34602f87b72281c7a66ae7306,ab5a5cd92321ccce,clinical:67,val,estagio_3,nao_classificavel,estagio_3,True,ultralytics_curascan/datasets/estagio-nivel-34n-20-05-26/train/estagio_3/67_1.jpg
67_1 (2),67_1 (2),67_1 (2).jpg,52dd823f89533cee16f6c341103780ea0b5955755771cbdd0195b87791de3f78,f3c197c738c625c1,clinical:67,val,estagio_2,estagio_2,,False,ultralytics_curascan/datasets/estagio-nivel-12n-20-05-26/train/estagio_2/67_1 (2).jpg
79_0,79_0,79_0.jpg,907dc9c0b52d93b1b851009a4a5c9cf47223a69fdbb8c51e77367bd67700013a,e4598f6651a72ad1,clinical:79,val,estagio_3,nao_classificavel,estagio_3,True,ultralytics_curascan/datasets/estagio-nivel-34n-20-05-26/train/estagio_3/79_0.jpg
79_0 (2),79_0 (2),79_0 (2).jpg,0d8c3e5e48beb2ea5042b6e56313729592605fbed7fdf398914d48b7bc3c15d7,dac9346997e9944a,clinical:79,val,estagio_3,nao_classificavel,estagio_3,True,ultralytics_curascan/datasets/estagio-nivel-34n-20-05-26/test/estagio_3/79_0 (2).jpg
79_0 (3),79_0 (3),79_0 (3).jpg,fcfef525c8c026167de4f7a6c19653333e4737f303be5d403e0dde50480683c1,a3b0fcceccc67700,clinical:79,val,estagio_3,nao_classificavel,estagio_3,True,ultralytics_curascan/datasets/estagio-nivel-34n-20-05-26/train/estagio_3/79_0 (3).jpg
79_0 (4),79_0 (4),79_0 (4).jpg,118bb3fe0f3a21c0605ce4990c80dc743c7c6820f42a4c4a057c3957f9d2dc6b,c9d3a54ab57b02a9,clinical:79,val,estagio_3,nao_classificavel,estagio_3,True,ultralytics_curascan/datasets/estagio-nivel-34n-20-05-26/val/estagio_3/79_0 (4).jpg
88_0,88_0,88_0.jpg,cf825a76511c4166c028d29b5dfa05f5501d7ac30b8fa34776fa31f5f279307f,fbd28aac728ad544,clinical:88,val,estagio_3,nao_classificavel,estagio_3,True,ultralytics_curascan/datasets/estagio-nivel-34n-20-05-26/train/estagio_3/88_0.jpg
88_0 (2),88_0 (2),88_0 (2).jpg,b186b8c259f9c86507ccd194b164685a393e39ba6f5045c5d84481a7dd1b51ad,84613f327399cc67,clinical:88,val,estagio_3,nao_classificavel,estagio_3,True,ultralytics_curascan/datasets/estagio-nivel-34n-20-05-26/test/estagio_3/88_0 (2).jpg
88_0 (3),88_0 (3),88_0 (3).jpg,d278f85a5eaafcfb74e90670ddc5dba0f488fae3bb86f86398712865efb09d08,af29807d892ac7b9,clinical:88,val,estagio_2,estagio_2,,False,ultralytics_curascan/datasets/estagio-nivel-12n-20-05-26/train/estagio_2/88_0 (3).jpg
89_0,89_0,89_0.jpg,155fa2c3b8ee50728db5ceebc264abd44ea959baa837c2e7236eda62d8ea60a9,8d52af8558efa550,clinical:89,val,estagio_2,estagio_2,,False,ultralytics_curascan/datasets/estagio-nivel-12n-20-05-26/train/estagio_2/89_0.jpg
89_0 (2),89_0 (2),89_0 (2).jpg,e79fd3b80f1e52f9960b66deab253c43667e64f31e1b051288e358b7d68e7066,cb48f54c64f2da1a,clinical:89,val,estagio_2,estagio_2,,False,ultralytics_curascan/datasets/estagio-nivel-12n-20-05-26/train/estagio_2/89_0 (2).jpg
89_0 (4),89_0 (4),89_0 (4).jpg,c1500373b935543a70722e562c333e788d69bf2d622df13121c80bca2c0f8e85,80159ada77cc6277,clinical:89,val,estagio_2,estagio_2,,False,ultralytics_curascan/datasets/estagio-nivel-12n-20-05-26/train/estagio_2/89_0 (4).jpg
98_0 (2),98_0 (2),98_0 (2).jpg,c7eeb563b0ee0c1c0db86374dca904741ed753d6dac0cc4076e6cf413652d15b,876b496364c6936d,clinical:98,val,estagio_3,nao_classificavel,estagio_3,True,ultralytics_curascan/datasets/estagio-nivel-34n-20-05-26/train/estagio_3/98_0 (2).jpg
98_1,98_1,98_1.jpg,dcc6d0a8df943e78a1188b7a299f350038bdf590f737457e944ab1c06fdd991e,b6c9a44db67949a2,clinical:98,val,estagio_2,estagio_2,,False,ultralytics_curascan/datasets/estagio-nivel-12n-20-05-26/train/estagio_2/98_1.jpg
ev1_3,ev1_3,Ev1_3.jpg,3f8e178e009245762e70af0958e19d71c6ed2b4d4275fe908f46717b5a3d419d,9f4d31d28c79b04e,name:ev1_3,val,estagio_3,nao_classificavel,estagio_3,True,ultralytics_curascan/datasets/estagio-nivel-34n-20-05-26/train/estagio_3/Ev1_3.jpg
healing-pressure-ulcer-0005,healing-pressure-ulcer-0005,healing-pressure-ulcer-0005.jpg,682729a86c120d7ae039f3b950042c33e879d3bf79bac72a6fc78fe2f8a5ede3,d290dbfc23620cf9,name:healing-pressure-ulcer-0005,val,estagio_4,nao_classificavel,estagio_4,True,ultralytics_curascan/datasets/estagio-nivel-34n-20-05-26/train/estagio_4/healing-pressure-ulcer-0005.jpg
healing-pressure-ulcer-0006,healing-pressure-ulcer-0006,healing-pressure-ulcer-0006.jpg,013b74e9c0ea28d5a24259c9e89c637a358dced28bef154b0cedcce69b2432de,d4b384c366f0e9c5,name:healing-pressure-ulcer-0006,val,estagio_3,nao_classificavel,estagio_3,True,ultralytics_curascan/datasets/estagio-nivel-34n-20-05-26/train/estagio_3/healing-pressure-ulcer-0006.jpg
healing-pressure-ulcer-0025,healing-pressure-ulcer-0025,healing-pressure-ulcer-0025.jpg,e8b2958bd8191f913a3b4471a59d416e2c8a76ec5603e126d0c46a1f85da1a58,e0c6e4fda72198b4,name:healing-pressure-ulcer-0025,val,estagio_4,nao_classificavel,estagio_4,True,ultralytics_curascan/datasets/estagio-nivel-34n-20-05-26/train/estagio_4/healing-pressure-ulcer-0025.jpg
healing-presure-ulcer-0008,healing-presure-ulcer-0008,healing-presure-ulcer-0008.jpg,0c6204b44d88fe03884dea432403d52dcc1ac85fd083d20945e5c858320c2163,80e35c967ad9219f,name:healing-presure-ulcer-0008,val,estagio_3,nao_classificavel,estagio_3,True,ultralytics_curascan/datasets/estagio-nivel-34n-20-05-26/test/estagio_3/healing-presure-ulcer-0008.jpg
healing0037,healing0037,healing0037.jpg,903e33b0343c7dd74ee03fd1e241fa688fb160408e18fe5959a4ed8ec9632a8a,953a60e30fbc7133,name:healing0037,val,estagio_3,nao_classificavel,estagio_3,True,ultralytics_curascan/datasets/estagio-nivel-34n-20-05-26/train/estagio_3/healing0037.jpg
lp3_2,lp3_2,LP3_2.jpg,7117d03a65a11405cf7c741d0f6039b846540a4f91c14c2c9e3b92117a0cc3f8,910ffa25b3d3098e,name:lp3_2,val,estagio_3,nao_classificavel,estagio_3,True,ultralytics_curascan/datasets/estagio-nivel-34n-20-05-26/train/estagio_3/LP3_2.jpg
lp_epibole_1,lp_epibole_1,LP_epibole_1.jpg,6115cb3741c8e838489bc405a3dffdd94e3860a9280920aa106a95d758fd4caf,c5749b856a956a96,name:lp_epibole_1,val,estagio_3,nao_classificavel,estagio_3,True,ultralytics_curascan/datasets/estagio-nivel-34n-20-05-26/test/estagio_3/LP_epibole_1.jpg
lp_escara_1,lp_escara_1,LP_escara_1.jpg,64e1738b45347b9e68847aebb30e127407f73103216a5fa10c2c65cbea96279c,ea689831768f6d83,name:lp_escara_1,val,nao_classificavel,nao_classificavel,nao_classificavel,True,ultralytics_curascan/datasets/estagio-nivel-12n-20-05-26/train/nao_classificavel/LP_escara_1.jpg
lp_granulacao_1 (1),lp_granulacao_1 (1),LP_granulacao_1 (1).jpg,770c5b4fc1798371ee3167718ac55045da8838fc5550bcf022309ce2cb07e017,f17296a55992a599,name:lp_granulacao_1,val,estagio_3,nao_classificavel,estagio_3,True,ultralytics_curascan/datasets/estagio-nivel-34n-20-05-26/test/estagio_3/LP_granulacao_1 (1).jpg
lp_granulacao_2,lp_granulacao_2,LP_granulacao_2.jpg,fbbdcf10e8bfdd1c9f974e774252f4fd26e3e2b5bda1bc8fad968bef52956edb,d56a1cc33b9462b5,name:lp_granulacao_2,val,estagio_2,estagio_2,,False,ultralytics_curascan/datasets/estagio-nivel-12n-20-05-26/train/estagio_2/LP_granulacao_2.jpg
lp_necrose_1,lp_necrose_1,LP_necrose_1.jpg,d719edfdf9975489083548dfe138e32326b4d1d0ce681217ac706c5e5dbcef5b,a565f2833864933f,name:lp_necrose_1,val,estagio_3,nao_classificavel,estagio_3,True,ultralytics_curascan/datasets/estagio-nivel-34n-20-05-26/test/estagio_3/LP_necrose_1.jpg
pressure-ulcer-on-foot-0003,pressure-ulcer-on-foot-0003,pressure-ulcer-on-foot-0003.jpg,590377db33b1ea9d9c690d7aab0722202a9d4be58aa72021110ee6c61cbf3501,cae90d2d6336cd1a,name:pressure-ulcer-on-foot-0003,val,estagio_3,nao_classificavel,estagio_3,True,ultralytics_curascan/datasets/estagio-nivel-34n-20-05-26/train/estagio_3/pressure-ulcer-on-foot-0003.jpg
pressure-ulcer-on-foot-0024,pressure-ulcer-on-foot-0024,pressure-ulcer-on-foot-0024.jpg,0b5e7f0ce890995526168303c62456ab4d00243ad97c11152f8a8a83a8784e7d,f18f41d8f7699620,name:pressure-ulcer-on-foot-0024,val,estagio_3,nao_classificavel,estagio_3,True,ultralytics_curascan/datasets/estagio-nivel-34n-20-05-26/train/estagio_3/pressure-ulcer-on-foot-0024.jpg
pressure-ulcer-on-foot-0033,pressure-ulcer-on-foot-0033,pressure-ulcer-on-foot-0033.jpg,c42aee17f7f06dfbc9309607d62f0255f8e5f69bbb2b312813c97934c0a2205e,df87827c81e64e31,name:pressure-ulcer-on-foot-0033,val,nao_classificavel,nao_classificavel,nao_classificavel,True,ultralytics_curascan/datasets/estagio-nivel-12n-20-05-26/train/nao_classificavel/pressure-ulcer-on-foot-0033.jpg
pressure-ulcer-on-foot-0042,pressure-ulcer-on-foot-0042,pressure-ulcer-on-foot-0042.jpg,a1ccef3339499c04395a4a91ff8838c8438c7bc787e810eae0f4166f77314df5,df0aa02dc6b56ad2,name:pressure-ulcer-on-foot-0042,val,nao_classificavel,nao_classificavel,nao_classificavel,True,ultralytics_curascan/datasets/estagio-nivel-12n-20-05-26/train/nao_classificavel/pressure-ulcer-on-foot-0042.jpg
pressure-ulcer-on-foot-0046,pressure-ulcer-on-foot-0046,pressure-ulcer-on-foot-0046.jpg,d0e514c891e7fe5e8d79f8f82dcbc786ff67539cb75798a60e5e04ef5d380894,cfc3b22c5b342d62,name:pressure-ulcer-on-foot-0046,val,estagio_2,estagio_2,,False,ultralytics_curascan/datasets/estagio-nivel-12n-20-05-26/train/estagio_2/pressure-ulcer-on-foot-0046.jpg
pressure-ulcer-on-foot-0052,pressure-ulcer-on-foot-0052,pressure-ulcer-on-foot-0052.jpg,738b926eb65e458580023ee576a2186782cee8979201310c1c128532b0b1abc7,9d68d4c3a1546b97,name:pressure-ulcer-on-foot-0052,val,nao_classificavel,nao_classificavel,nao_classificavel,True,ultralytics_curascan/datasets/estagio-nivel-12n-20-05-26/val/nao_classificavel/pressure-ulcer-on-foot-0052.jpg
sdti_002,sdti_002,SDTI_002.jpg,6a4721f6fff22cf1b17715b1d4eaefffdaab157c49cf929eadaeaa574cd029e7,c6387122fcae98cd,name:sdti_002,val,estagio_2,estagio_2,,False,ultralytics_curascan/datasets/estagio-nivel-12n-20-05-26/train/estagio_2/SDTI_002.jpg
sdti_008,sdti_008,SDTI_008.jpg,e2253d02b6a357d392953a7efb8ed9c58754351c2c86c8cfe3c4cf40eda0166e,f3c9910f9525da25,name:sdti_008,val,estagio_1,estagio_1,,False,ultralytics_curascan/datasets/estagio-nivel-12n-20-05-26/train/estagio_1/SDTI_008.jpg
sdti_017,sdti_017,SDTI_017.jpg,ecc445d6218e67018ec82454fff8a6126f8d5886fdb65140367842c922122712,9fc17c47707f600a,name:sdti_017,val,estagio_2,estagio_2,,False,ultralytics_curascan/datasets/estagio-nivel-12n-20-05-26/train/estagio_2/SDTI_017.jpg
sloughy-pressure-ulcer-0018,sloughy-pressure-ulcer-0018,sloughy-pressure-ulcer-0018.jpg,be100f3e061548e9d03ac49a2ab5e1257dd5e7124a1a057ce551587ef260e043,952e4cc78ecc3633,name:sloughy-pressure-ulcer-0018,val,estagio_3,nao_classificavel,estagio_3,True,ultralytics_curascan/datasets/estagio-nivel-34n-20-05-26/train/estagio_3/sloughy-pressure-ulcer-0018.jpg
sloughy-pressure-ulcer-0023,sloughy-pressure-ulcer-0023,sloughy-pressure-ulcer-0023.jpg,c753ae141ebb247171a86b96a80ef7ac63023de01385b6353ce51656bc8152b8,aed37149cca63398,name:sloughy-pressure-ulcer-0023,val,nao_classificavel,nao_classificavel,nao_classificavel,True,ultralytics_curascan/datasets/estagio-nivel-12n-20-05-26/train/nao_classificavel/sloughy-pressure-ulcer-0023.jpg
sloughy-pressure-ulcer-0028,sloughy-pressure-ulcer-0028,sloughy-pressure-ulcer-0028.jpg,4aa5f6e58404112566cfa220f802d1a9a23a4e8917bc2a5ae83a84e45245f721,fa55c438dd60d38c,name:sloughy-pressure-ulcer-0028,val,nao_classificavel,nao_classificavel,nao_classificavel,True,ultralytics_curascan/datasets/estagio-nivel-12n-20-05-26/train/nao_classificavel/sloughy-pressure-ulcer-0028.jpg
sloughy-presure-ulcer-0036,sloughy-presure-ulcer-0036,sloughy-presure-ulcer-0036.jpg,3b9483cc948c665679933ac9f62aefa258fdf4386dac01f4817958a9683a0f59,a4d1cb0dcce45f92,name:sloughy-presure-ulcer-0036,val,estagio_4,nao_classificavel,estagio_4,True,ultralytics_curascan/datasets/estagio-nivel-34n-20-05-26/train/estagio_4/sloughy-presure-ulcer-0036.jpg
stage_1_14215,stage_1_14215,stage_1_14215.jpg,90e3a5cc0b7d54cf967eaeb4087222a5c1bb87f08c024802d9119cb272dccb0d,bf409725e922de15,name:stage_1_14215,val,estagio_1,estagio_1,,False,ultralytics_curascan/datasets/estagio-nivel-12n-20-05-26/train/estagio_1/stage_1_14215.jpg
stage_1_14325,stage_1_14325,stage_1_14325.jpg,670854d0f71b0e1cca76750e178c45982b97516e8af2cbddcbc0bee5e586b781,f29d7289f608f708,name:stage_1_14325,val,estagio_1,estagio_1,,False,ultralytics_curascan/datasets/estagio-nivel-12n-20-05-26/val/estagio_1/stage_1_14325.jpg
stage_1_15380,stage_1_15380,stage_1_15380.jpg,0ae4b070f41d72f067c45a5bb8fd9a0ccf9737595605e41feee0fee89d22ba3e,e4c39279c215e52f,name:stage_1_15380,val,estagio_1,estagio_1,,False,ultralytics_curascan/datasets/estagio-nivel-12n-20-05-26/train/estagio_1/stage_1_15380.jpg
stage_1_25731,stage_1_25731,stage_1_25731.jpg,10fd2ab7a464088eeea9c5787f686e471a9b938d08acd44308e5adefdbaaebd6,f6e987379cc2d300,name:stage_1_25731,val,estagio_1,estagio_1,,False,ultralytics_curascan/datasets/estagio-nivel-12n-20-05-26/train/estagio_1/stage_1_25731.jpg
stage_1_27512,stage_1_27512,stage_1_27512.jpg,bcbe1447d07224399343f942cca94729053b973257c765c80b250c9f228f10ca,ea1a6539c7b8cc32,name:stage_1_27512,val,estagio_1,estagio_1,,False,ultralytics_curascan/datasets/estagio-nivel-12n-20-05-26/test/estagio_1/stage_1_27512.jpg
stage_1_28983,stage_1_28983,stage_1_28983.jpg,c18bfa06d5f9acda033b7f43b3d5c6f85a2f4857b26f37afb674a934db24ac82,afbed0e1c9852652,name:stage_1_28983,val,estagio_1,estagio_1,,False,ultralytics_curascan/datasets/estagio-nivel-12n-20-05-26/train/estagio_1/stage_1_28983.jpg
stage_1_3082,stage_1_3082,stage_1_3082.jpg,9c35e76aa131973601b086f88fc8035e5c182478570cf0a7bfd77fb7eef5ebca,b8fbc0dc0ceb49c4,name:stage_1_3082,val,estagio_1,estagio_1,,False,ultralytics_curascan/datasets/estagio-nivel-12n-20-05-26/train/estagio_1/stage_1_3082.jpg
stage_1_31880,stage_1_31880,stage_1_31880.jpg,0f14e9d6d999c379aae5102eb99aa86dbd9cb286ba9e936d8b3446d7c3a6167e,c794d652d618cb3a,name:stage_1_31880,val,estagio_2,estagio_2,,False,ultralytics_curascan/datasets/estagio-nivel-12n-20-05-26/train/estagio_2/stage_1_31880.jpg
stage_1_31949,stage_1_31949,stage_1_31949.jpg,8e7967a8fc6eb53a5a6ce506d9068b29ba107a38e9830edd4c50197c21f9504c,ba6a4ad13c35c56c,name:stage_1_31949,val,estagio_1,estagio_1,,False,ultralytics_curascan/datasets/estagio-nivel-12n-20-05-26/test/estagio_1/stage_1_31949.jpg
stage_1_32009,stage_1_32009,stage_1_32009.jpg,650f006c9aa0e5f1772c58d576aa895119acda9f36ae1a50f642ee9abbfdc212,ba85fa15e09f209e,name:stage_1_32009,val,estagio_1,estagio_1,,False,ultralytics_curascan/datasets/estagio-nivel-12n-20-05-26/train/estagio_1/stage_1_32009.jpg
stage_1_32029,stage_1_32029,stage_1_32029.jpg,2046cab8e036b2c4739ce74e3cec90adbbccc312ef520682b61b1765bfd621ef,a98ac3659d652cba,name:stage_1_32029,val,estagio_1,estagio_1,,False,ultralytics_curascan/datasets/estagio-nivel-12n-20-05-26/train/estagio_1/stage_1_32029.jpg
stage_1_33351,stage_1_33351,stage_1_33351.jpg,1c39b5b3b67c823647c3ea845d1b8f216706739eb91f4fc502fe2c598b3e9659,e7666521b89e2729,name:stage_1_33351,val,estagio_1,estagio_1,,False,ultralytics_curascan/datasets/estagio-nivel-12n-20-05-26/val/estagio_1/stage_1_33351.jpg
stage_1_35367,stage_1_35367,stage_1_35367.jpg,b3202e4e57466a67b96f1f13db9a682656312bf0a2bc50fda297b56638dec802,f5514b666a5a4aca,name:stage_1_35367,val,estagio_1,estagio_1,,False,ultralytics_curascan/datasets/estagio-nivel-12n-20-05-26/train/estagio_1/stage_1_35367.jpg
stage_1_3538,stage_1_3538,stage_1_3538.jpg,d2824780fcaf48e799ec4c851f61cb10300f49a69de66376b542a90a482b9903,a0f1b61edf89d980,name:stage_1_3538,val,estagio_1,estagio_1,,False,ultralytics_curascan/datasets/estagio-nivel-12n-20-05-26/train/estagio_1/stage_1_3538.jpg
stage_1_39709,stage_1_39709,stage_1_39709.jpg,425e003e850ca58e3790a7d9fb0b50d8e8e1098b613c89ac83ecaf73c2a09323,b395909e66b18d93,name:stage_1_39709,val,estagio_1,estagio_1,,False,ultralytics_curascan/datasets/estagio-nivel-12n-20-05-26/train/estagio_1/stage_1_39709.jpg
stage_1_44595,stage_1_44595,stage_1_44595.jpg,835923dd258677a8495cdd80734e7e5e732516bb948ffcaa6126c5d8a943f78f,b7a80b36434d6e39,name:stage_1_44595,val,estagio_1,estagio_1,,False,ultralytics_curascan/datasets/estagio-nivel-12n-20-05-26/train/estagio_1/stage_1_44595.jpg
stage_1_47137,stage_1_47137,stage_1_47137.jpg,8ccf84d551457607da29b3bae979bb8e58d1f22c5c00d4172ffe018c8a167da6,fc6dd124611974e3,name:stage_1_47137,val,estagio_1,estagio_1,,False,ultralytics_curascan/datasets/estagio-nivel-12n-20-05-26/train/estagio_1/stage_1_47137.jpg
stage_1_50884,stage_1_50884,stage_1_50884.jpg,e9ba99a99fd6e6b10db4ce726236f74213848647d1a861e34c627cd9b2c6e8ca,eacacaeac31c3cc8,name:stage_1_50884,val,estagio_1,estagio_1,,False,ultralytics_curascan/datasets/estagio-nivel-12n-20-05-26/train/estagio_1/stage_1_50884.jpg
stage_1_56254,stage_1_56254,stage_1_56254.jpg,e7dba68b0259e5fd5da27fb1dd8b342042b01de3bc2164a5aaad7d9e950c1cb1,f7ba29c2ce869606,name:stage_1_56254,val,estagio_1,estagio_1,,False,ultralytics_curascan/datasets/estagio-nivel-12n-20-05-26/train/estagio_1/stage_1_56254.jpg
stage_1_57860,stage_1_57860,stage_1_57860.jpg,be31c5c2fd16c20653ff34a6f47d4bb16599827661061a5af0c207a0d5f0a98c,b39144ce8d267b99,name:stage_1_57860,val,estagio_1,estagio_1,,False,ultralytics_curascan/datasets/estagio-nivel-12n-20-05-26/train/estagio_1/stage_1_57860.jpg
stage_1_58048,stage_1_58048,stage_1_58048.jpg,1ca84de6fad5bb0ed904b2ad29be63257ae3384ee0aaeb264ccfcc2f42221541,ee94b4b19b856d88,name:stage_1_58048,val,estagio_1,estagio_1,,False,ultralytics_curascan/datasets/estagio-nivel-12n-20-05-26/test/estagio_1/stage_1_58048.jpg
stage_1_58672,stage_1_58672,stage_1_58672.jpg,4c86c4290fc5ab6823aa14d8361a890b3028d8942b807efb775a2ab82ecfb08f,88f895e7cb98d838,name:stage_1_58672,val,estagio_1,estagio_1,,False,ultralytics_curascan/datasets/estagio-nivel-12n-20-05-26/train/estagio_1/stage_1_58672.jpg
stage_1_61844,stage_1_61844,stage_1_61844.jpg,be1f569c15a6e96c1056d8b64541e6085e09f5d72849c541131343363846359c,d7830f806fc1fd81,name:stage_1_61844,val,estagio_1,estagio_1,,False,ultralytics_curascan/datasets/estagio-nivel-12n-20-05-26/train/estagio_1/stage_1_61844.jpg
stage_1_66861,stage_1_66861,stage_1_66861.jpg,0777b0c5fb77bd95ceec526184b9acff174ed7cf2b538c41a78316cf3020d8cc,9181f03fcfe09c4e,name:stage_1_66861,val,estagio_1,estagio_1,,False,ultralytics_curascan/datasets/estagio-nivel-12n-20-05-26/train/estagio_1/stage_1_66861.jpg
stage_1_70472,stage_1_70472,stage_1_70472.jpg,4ef0f615f8699be7318b8332e1e4a6e291b8a135352877597cfb7bbd7a52d315,bc96c33b986c5664,name:stage_1_70472,val,estagio_1,estagio_1,,False,ultralytics_curascan/datasets/estagio-nivel-12n-20-05-26/train/estagio_1/stage_1_70472.jpg
stage_1_7278,stage_1_7278,stage_1_7278.jpg,ba60d0a4231d24dc2d79cda2bbb3386345bbf65bd85bb531416c14bf8873fd24,dd69dd5040bc705e,name:stage_1_7278,val,estagio_1,estagio_1,,False,ultralytics_curascan/datasets/estagio-nivel-12n-20-05-26/train/estagio_1/stage_1_7278.jpg
stage_1_84914,stage_1_84914,stage_1_84914.jpg,0dd3d0c2eec4e53e73605bc58dd6a5df350a4db5e2a3ebcbc66a6714334444f0,ae539142cb4cb6ad,name:stage_1_84914,val,estagio_1,estagio_1,,False,ultralytics_curascan/datasets/estagio-nivel-12n-20-05-26/train/estagio_1/stage_1_84914.jpg
stage_1_87061,stage_1_87061,stage_1_87061.jpg,d148cde0e87b71e176195a075639e2a1dce0c671c896fb03b49840a2b9d56de7,e5cca44656bada58,name:stage_1_87061,val,estagio_1,estagio_1,,False,ultralytics_curascan/datasets/estagio-nivel-12n-20-05-26/train/estagio_1/stage_1_87061.jpg
stage_1_9332,stage_1_9332,stage_1_9332.jpg,17033d46e3e80b3d0d46ef6f275eb3a74264d6ed615c04db40289d65fa35e417,f70f7038e42e2789,name:stage_1_9332,val,estagio_1,estagio_1,,False,ultralytics_curascan/datasets/estagio-nivel-12n-20-05-26/train/estagio_1/stage_1_9332.jpg
stage_1_94637,stage_1_94637,stage_1_94637.jpg,170fdd31ef286702d18d54e5b47afdd55e2b52a9995458fdae54e5e93fcc2dbb,fac59b9a131b9c42,name:stage_1_94637,val,estagio_1,estagio_1,,False,ultralytics_curascan/datasets/estagio-nivel-12n-20-05-26/train/estagio_1/stage_1_94637.jpg
stage_1_95425,stage_1_95425,stage_1_95425.jpg,9bbfe3ea63a0afa9f1d655d259cf6183a8a8b47a1c3cdc6dc05445f6b9f93a31,b3c495bda52ac853,name:stage_1_95425,val,estagio_1,estagio_1,,False,ultralytics_curascan/datasets/estagio-nivel-12n-20-05-26/val/estagio_1/stage_1_95425.jpg
stage_1_96025,stage_1_96025,stage_1_96025.jpg,fb281c9c0cc1acef28371ba465454b6f1fd120032fb75b1ca3e651d9e419e3f3,edc38435e7871661,name:stage_1_96025,val,estagio_1,estagio_1,,False,ultralytics_curascan/datasets/estagio-nivel-12n-20-05-26/test/estagio_1/stage_1_96025.jpg
stage_1_96268,stage_1_96268,stage_1_96268.jpg,67ebf93094a5be16d85750016e8f1237519d25e45198118f896edb092d32f894,eadab5819c9c9172,name:stage_1_96268,val,estagio_1,estagio_1,,False,ultralytics_curascan/datasets/estagio-nivel-12n-20-05-26/test/estagio_1/stage_1_96268.jpg
stage_1_98533,stage_1_98533,stage_1_98533.jpg,35f4f11f9cd081468b91ac6f106368c998e1044e9dcb006b1943b5e70b1b77ec,bea9b699a0d304d3,name:stage_1_98533,val,estagio_1,estagio_1,,False,ultralytics_curascan/datasets/estagio-nivel-12n-20-05-26/train/estagio_1/stage_1_98533.jpg
stage_2_10392,stage_2_10392,stage_2_10392.jpg,c718a1fd7c4306ad13ce23f1d56de795be3d36d9b46d4bb8ed3e8eef89ba0778,eda8f29392d49c8a,name:stage_2_10392,val,estagio_2,estagio_2,,False,ultralytics_curascan/datasets/estagio-nivel-12n-20-05-26/train/estagio_2/stage_2_10392.jpg
stage_2_11692,stage_2_11692,stage_2_11692.jpg,a91a59062db4981ab1d82a136b442e0c09a3476769c60702da0ecaafa5d4830f,ff988567b1e1848c,name:stage_2_11692,val,estagio_2,estagio_2,,False,ultralytics_curascan/datasets/estagio-nivel-12n-20-05-26/test/estagio_2/stage_2_11692.jpg
stage_2_1196,stage_2_1196,stage_2_1196.jpg,e5ec3563897bc01049bcebed70ffec02deb7c942056baa722dd674b03b016e0a,e670908985eb8de7,name:stage_2_1196,val,estagio_2,estagio_2,,False,ultralytics_curascan/datasets/estagio-nivel-12n-20-05-26/test/estagio_2/stage_2_1196.jpg
stage_2_12416,stage_2_12416,stage_2_12416.jpg,183cef97607b812e159adb0c05085a091dc53cb04f03346abbcc96027ff6d03d,a8a1e5dab2c7329c,name:stage_2_12416,val,estagio_2,estagio_2,,False,ultralytics_curascan/datasets/estagio-nivel-12n-20-05-26/test/estagio_2/stage_2_12416.jpg
stage_2_13424,stage_2_13424,stage_2_13424.jpg,4674b30313c96ba62cf0d06643b2c2c729fa23a74e2f8502f44b4a58fbc6cce3,870178fcc43319ef,name:stage_2_13424,val,estagio_2,estagio_2,,False,ultralytics_curascan/datasets/estagio-nivel-12n-20-05-26/train/estagio_2/stage_2_13424.jpg
stage_2_17852,stage_2_17852,stage_2_17852.jpg,f73b7817e24dd72056f23f505ccd5d43c83cd321b288c0de279c40ae5b2fc291,abc5869d8b32ae61,name:stage_2_17852,val,estagio_2,estagio_2,,False,ultralytics_curascan/datasets/estagio-nivel-12n-20-05-26/train/estagio_2/stage_2_17852.jpg
stage_2_19161,stage_2_19161,stage_2_19161.jpg,fdd68ba46aa078ab1a319fa98870475405e369e3f937479baaf7ea0d53531907,eed9b9648c93d260,name:stage_2_19161,val,estagio_2,estagio_2,,False,ultralytics_curascan/datasets/estagio-nivel-12n-20-05-26/train/estagio_2/stage_2_19161.jpg
stage_2_19369,stage_2_19369,stage_2_19369.jpg,4c25f70b8d08f624d2bf46fd1fb6b3a143d224383a0798779ed1bdde54c885c2,d4c76b9acd29c065,name:stage_2_19369,val,estagio_2,estagio_2,,False,ultralytics_curascan/datasets/estagio-nivel-12n-20-05-26/train/estagio_2/stage_2_19369.jpg
stage_2_19961,stage_2_19961,stage_2_19961.jpg,a6a191f36eb20f0917a4d6f02e63aa135ac7f163299cae0d99f2fd5835d64775,c8f9f1d2d83947c0,name:stage_2_19961,val,estagio_2,estagio_2,,False,ultralytics_curascan/datasets/estagio-nivel-12n-20-05-26/train/estagio_2/stage_2_19961.jpg
stage_2_20346,stage_2_20346,stage_2_20346.jpg,a89ce2aa34d3da251746680a590a62f68b84f3c88c302c711d6364f27ed0cc11,ef9fc0e0c4e36330,name:stage_2_20346,val,estagio_2,estagio_2,,False,ultralytics_curascan/datasets/estagio-nivel-12n-20-05-26/val/estagio_2/stage_2_20346.jpg
stage_2_24453,stage_2_24453,stage_2_24453.jpg,b738a9b9000fd93710aabfe8f34d195bccbc4863bcdfba9c740b64c1441ba7c0,ee6cd01b8fe11c0e,name:stage_2_24453,val,estagio_2,estagio_2,,False,ultralytics_curascan/datasets/estagio-nivel-12n-20-05-26/train/estagio_2/stage_2_24453.jpg
stage_2_28271,stage_2_28271,stage_2_28271.jpg,88d831b2057ff138ef29bd8490498fe9821378081e09df1fdc7e04bbcfcb51a7,a54d563479b66493,name:stage_2_28271,val,estagio_2,estagio_2,,False,ultralytics_curascan/datasets/estagio-nivel-12n-20-05-26/train/estagio_2/stage_2_28271.jpg
stage_2_31799,stage_2_31799,stage_2_31799.jpg,885f3f5cf6306d83918da0b01c97eb97562b35357fb4fe1a05961c59ca7f9a50,a86ad795dc38c30b,name:stage_2_31799,val,estagio_2,estagio_2,,False,ultralytics_curascan/datasets/estagio-nivel-12n-20-05-26/train/estagio_2/stage_2_31799.jpg
stage_2_33073,stage_2_33073,stage_2_33073.jpg,84557bafc16ba84d4b6baed77a84f9963705dc1dccf60aaa7305f8f358f65562,e994aea160dcad63,name:stage_2_33073,val,estagio_3,nao_classificavel,estagio_3,True,ultralytics_curascan/datasets/estagio-nivel-34n-20-05-26/train/estagio_3/stage_2_33073.jpg
stage_2_35189,stage_2_35189,stage_2_35189.jpg,76914484231d564ad76ee5b689a56136427ad2fec24aed76b3d712910eeebda7,ff84d9c8f246c198,name:stage_2_35189,val,estagio_2,estagio_2,,False,ultralytics_curascan/datasets/estagio-nivel-12n-20-05-26/train/estagio_2/stage_2_35189.jpg
stage_2_3767,stage_2_3767,stage_2_3767.jpg,43d8475092de6aa32fb2b20e0e9e98917aac87d8a28964693156c324227c1e5c,e7f03991cf381d60,name:stage_2_3767,val,estagio_2,estagio_2,,False,ultralytics_curascan/datasets/estagio-nivel-12n-20-05-26/train/estagio_2/stage_2_3767.jpg
stage_2_41405,stage_2_41405,stage_2_41405.jpg,2014b0ace42e8bfebacb87f6b6f69a5ba6e24a62fecb8951048042faf3d01cf3,afec9398c394861d,name:stage_2_41405,val,estagio_2,estagio_2,,False,ultralytics_curascan/datasets/estagio-nivel-12n-20-05-26/train/estagio_2/stage_2_41405.jpg
stage_2_45221,stage_2_45221,stage_2_45221.jpg,ad43c0b555e9239c4e8121226dfac389b47aaa518fc50ab8db5e5377e736dc40,a238bc8dc5c6e13d,name:stage_2_45221,val,estagio_2,estagio_2,,False,ultralytics_curascan/datasets/estagio-nivel-12n-20-05-26/train/estagio_2/stage_2_45221.jpg
stage_2_45629,stage_2_45629,stage_2_45629.jpg,06c62ad9bfcd5fa7e66041cf1013df680738e3c745e4f40d8f2287dd843363cf,e1e4985ad95d5272,name:stage_2_45629,val,estagio_3,nao_classificavel,estagio_3,True,ultralytics_curascan/datasets/estagio-nivel-34n-20-05-26/test/estagio_3/stage_2_45629.jpg
stage_2_49231,stage_2_49231,stage_2_49231.jpg,59398f084b702e119d26bab17b67fb2e2f1ad9bfac2e5a43e91bb77034e14a18,c3d5a8cda456a17a,name:stage_2_49231,val,estagio_2,estagio_2,,False,ultralytics_curascan/datasets/estagio-nivel-12n-20-05-26/train/estagio_2/stage_2_49231.jpg
stage_2_54923,stage_2_54923,stage_2_54923.jpg,edc496164472041dc80e17ef65da03e992f1fb6aed98970e1b25ec724681b698,8bd86c6db2e60d32,name:stage_2_54923,val,estagio_2,estagio_2,,False,ultralytics_curascan/datasets/estagio-nivel-12n-20-05-26/train/estagio_2/stage_2_54923.jpg
stage_2_55070,stage_2_55070,stage_2_55070.jpg,1021f93963d930e386ad9ff3984cf4063f3d3dfba0e5695e0c19a2dbf70a4098,e61c9be7e0b19066,name:stage_2_55070,val,estagio_2,estagio_2,,False,ultralytics_curascan/datasets/estagio-nivel-12n-20-05-26/train/estagio_2/stage_2_55070.jpg
stage_2_56439,stage_2_56439,stage_2_56439.jpg,71010d36ef5ac00e05adc3086764fcf0520f68c473c59b92e11aeabc02466618,8a1bcd686b85f15a,name:stage_2_56439,val,estagio_2,estagio_2,,False,ultralytics_curascan/datasets/estagio-nivel-12n-20-05-26/train/estagio_2/stage_2_56439.jpg
stage_2_56925,stage_2_56925,stage_2_56925.jpg,a6ab52d32e6e2f5987f3004dac831e4b57bf00a721869b644a020593ce74280a,9330e44bdebe9813,name:stage_2_56925,val,estagio_2,estagio_2,,False,ultralytics_curascan/datasets/estagio-nivel-12n-20-05-26/val/estagio_2/stage_2_56925.jpg
stage_2_57100,stage_2_57100,stage_2_57100.jpg,5fecdb8667535d61ded2daf2a06091dad3141b504a5afbaf2373e96c29586dc1,d5594a6a2b2d25b5,name:stage_2_57100,val,estagio_2,estagio_2,,False,ultralytics_curascan/datasets/estagio-nivel-12n-20-05-26/train/estagio_2/stage_2_57100.jpg
stage_2_57387,stage_2_57387,stage_2_57387.jpg,ae079084deb5e7588a65f536ca60432c70d7068a73194989e43ebb1210a801f2,c480743f8bf0cccf,name:stage_2_57387,val,estagio_2,estagio_2,,False,ultralytics_curascan/datasets/estagio-nivel-12n-20-05-26/train/estagio_2/stage_2_57387.jpg
stage_2_57806,stage_2_57806,stage_2_57806.jpg,507d1d9fd5ec7373123b7e82e271d4905744e480d272640fe4b56a9960565aa7,eee0f968f3198c12,name:stage_2_57806,val,estagio_2,estagio_2,,False,ultralytics_curascan/datasets/estagio-nivel-12n-20-05-26/test/estagio_2/stage_2_57806.jpg
stage_2_57909,stage_2_57909,stage_2_57909.jpg,39e546d1d699ffae3fa60beb72212757bcb8008e030832a97281db7f0b325643,b618c7669ccd3295,name:stage_2_57909,val,estagio_2,estagio_2,,False,ultralytics_curascan/datasets/estagio-nivel-12n-20-05-26/train/estagio_2/stage_2_57909.jpg
stage_2_58040,stage_2_58040,stage_2_58040.jpg,274cfd3e7eb271706d432877fbcb08bc407e7957b6f72072de4061d94801cc10,b6e6db9cc8198664,name:stage_2_58040,val,estagio_3,nao_classificavel,estagio_3,True,ultralytics_curascan/datasets/estagio-nivel-34n-20-05-26/train/estagio_3/stage_2_58040.jpg
stage_2_58817,stage_2_58817,stage_2_58817.jpg,f77ba11c6fc290e5d370b6ea4354c1853bfd4e0acc1cf83c91d850be46d5ebd9,b4ecd2b0c89339ce,name:stage_2_58817,val,estagio_2,estagio_2,,False,ultralytics_curascan/datasets/estagio-nivel-12n-20-05-26/train/estagio_2/stage_2_58817.jpg
stage_2_62041,stage_2_62041,stage_2_62041.jpg,549bab4d39429c91995caa5404c1ca211fe2a387a1844a6214c37be117ae90a7,acbcc2f9cc66209e,name:stage_2_62041,val,estagio_3,nao_classificavel,estagio_3,True,ultralytics_curascan/datasets/estagio-nivel-34n-20-05-26/train/estagio_3/stage_2_62041.jpg
stage_2_64787,stage_2_64787,stage_2_64787.jpg,e3aeb9c5a39a12977e898fb563fea851028b6e7eef6207a68d109c5c1ea38962,c23b29e8e98396e6,name:stage_2_64787,val,estagio_2,estagio_2,,False,ultralytics_curascan/datasets/estagio-nivel-12n-20-05-26/train/estagio_2/stage_2_64787.jpg
stage_2_6873,stage_2_6873,stage_2_6873.jpg,d84b78ccea9bc5c9474beb733693609bb4ef8d607644f702702721062e30fbcd,b64d946bd9a4ca92,name:stage_2_6873,val,estagio_2,estagio_2,,False,ultralytics_curascan/datasets/estagio-nivel-12n-20-05-26/train/estagio_2/stage_2_6873.jpg
stage_2_69124,stage_2_69124,stage_2_69124.jpg,7e3bd520a3c75a6f47a87b7db7afc18eed0247ba03943141c7881fdfb284e590,ebca9496243ef6c0,name:stage_2_69124,val,estagio_2,estagio_2,,False,ultralytics_curascan/datasets/estagio-nivel-12n-20-05-26/val/estagio_2/stage_2_69124.jpg
stage_2_72016,stage_2_72016,stage_2_72016.jpg,b31a7a8a14542c9eed9a33d604c1464884b97485751d0af1720a1246b8c8e99a,ed4a9291666e983e,name:stage_2_72016,val,estagio_2,estagio_2,,False,ultralytics_curascan/datasets/estagio-nivel-12n-20-05-26/val/estagio_2/stage_2_72016.jpg
stage_2_74412,stage_2_74412,stage_2_74412.jpg,5fc5ccb6683646a1e71bf93d776fe92b62895300f3809f37ec56ea2e575620f8,8285d7cadb626993,name:stage_2_74412,val,estagio_2,estagio_2,,False,ultralytics_curascan/datasets/estagio-nivel-12n-20-05-26/train/estagio_2/stage_2_74412.jpg
stage_2_75501,stage_2_75501,stage_2_75501.jpg,ba89b26cc649e118e10f6b684224240d46836cb0ab2af8af8558f6cf24fce16f,eb3db5c43c923223,name:stage_2_75501,val,estagio_2,estagio_2,,False,ultralytics_curascan/datasets/estagio-nivel-12n-20-05-26/val/estagio_2/stage_2_75501.jpg
stage_2_75998,stage_2_75998,stage_2_75998.jpg,1fada8d5a4a419f02ce61364a67eb6893392e2a816bd0c82cbf671f22dc3ba00,aad1a3dc9b14a873,name:stage_2_75998,val,estagio_3,nao_classificavel,estagio_3,True,ultralytics_curascan/datasets/estagio-nivel-34n-20-05-26/train/estagio_3/stage_2_75998.jpg
stage_2_80055,stage_2_80055,stage_2_80055.jpg,d3b3693a0a2e505f176c0532b72ab06f821456b5f00b2955eb10a2d41284c760,fe7e94c8c1c854a9,name:stage_2_80055,val,estagio_2,estagio_2,,False,ultralytics_curascan/datasets/estagio-nivel-12n-20-05-26/test/estagio_2/stage_2_80055.jpg
stage_2_83220,stage_2_83220,stage_2_83220.jpg,5a4b039ab1834a3ae0b4db49de78f38f06016b96b0ba997e220579b7be174330,a3ebbce432332598,name:stage_2_83220,val,estagio_2,estagio_2,,False,ultralytics_curascan/datasets/estagio-nivel-12n-20-05-26/train/estagio_2/stage_2_83220.jpg
stage_2_89205,stage_2_89205,stage_2_89205.jpg,084199806420f0055c3972b4711bd8de29d636787e3ac9e23144303c2467d5bd,e1a3971c9933a6cc,name:stage_2_89205,val,estagio_3,nao_classificavel,estagio_3,True,ultralytics_curascan/datasets/estagio-nivel-34n-20-05-26/test/estagio_3/stage_2_89205.jpg
stage_2_89899,stage_2_89899,stage_2_89899.jpg,8583a150559d4e49c83402741f27a0336888849f25cb6e57d2a934ff8ae7d522,fcccc3689e3321cc,name:stage_2_89899,val,estagio_3,nao_classificavel,estagio_3,True,ultralytics_curascan/datasets/estagio-nivel-34n-20-05-26/test/estagio_3/stage_2_89899.jpg
stage_2_94121,stage_2_94121,stage_2_94121.jpg,7aef82446794e098637a93d698028566d88bb7f0e641471c4609b362675c9c75,dcf6e3c8920c98b3,name:stage_2_94121,val,estagio_3,nao_classificavel,estagio_3,True,ultralytics_curascan/datasets/estagio-nivel-34n-20-05-26/train/estagio_3/stage_2_94121.jpg
stage_3_10062,stage_3_10062,stage_3_10062.jpg,93ec4946c6f6db1b5138416019584b1444247b1139efa03e8109c66300f4a274,fd3e83d09c273134,name:stage_3_10062,val,estagio_3,nao_classificavel,estagio_3,True,ultralytics_curascan/datasets/estagio-nivel-34n-20-05-26/train/estagio_3/stage_3_10062.jpg
stage_3_14428,stage_3_14428,stage_3_14428.jpg,e535001ac1c281acb71f7ba62151e4bd0f858382a28009fba49f8632cd6ee157,a916ce69b2cd9932,name:stage_3_14428,val,estagio_3,nao_classificavel,estagio_3,True,ultralytics_curascan/datasets/estagio-nivel-34n-20-05-26/train/estagio_3/stage_3_14428.jpg
stage_3_15091,stage_3_15091,stage_3_15091.jpg,f77dae7925c1be830625c6e0f2f9617e0dad544c5f250ce9b41c68b805db7052,9e92e1ad857a7229,name:stage_3_15091,val,estagio_3,nao_classificavel,estagio_3,True,ultralytics_curascan/datasets/estagio-nivel-34n-20-05-26/val/estagio_3/stage_3_15091.jpg
stage_3_15144,stage_3_15144,stage_3_15144.jpg,614a170b0d4dbbb991a6abbed8b1afccfcf3fc0cb71a09d8eda20df5570cfd5e,d1aaf8856633c9d4,name:stage_3_15144,val,estagio_3,nao_classificavel,estagio_3,True,ultralytics_curascan/datasets/estagio-nivel-34n-20-05-26/train/estagio_3/stage_3_15144.jpg
stage_3_18798,stage_3_18798,stage_3_18798.jpg,b6be631fad7c55d97d44df24d315a82c917fa0900fc443ba1899ec38a8f630a2,a9ae369d9a9960b4,name:stage_3_18798,val,estagio_3,nao_classificavel,estagio_3,True,ultralytics_curascan/datasets/estagio-nivel-34n-20-05-26/train/estagio_3/stage_3_18798.jpg
stage_3_20010,stage_3_20010,stage_3_20010.jpg,29951ea12a9f85455bf2bde3a364ac23eb54390169ac50753bb50b6186baf496,d0f2878d4cb626b3,name:stage_3_20010,val,estagio_3,nao_classificavel,estagio_3,True,ultralytics_curascan/datasets/estagio-nivel-34n-20-05-26/train/estagio_3/stage_3_20010.jpg
stage_3_20237,stage_3_20237,stage_3_20237.jpg,a70552835ff1c8773e3a22fa62cbb1ee1fa9f34d5cae0fa63a4115539bf8f404,85a31b96662d995b,name:stage_3_20237,val,estagio_3,nao_classificavel,estagio_3,True,ultralytics_curascan/datasets/estagio-nivel-34n-20-05-26/test/estagio_3/stage_3_20237.jpg
stage_3_22359,stage_3_22359,stage_3_22359.jpg,85af7953c7aff980dc15c5a43077f2d1b5ba7eeba63392dd932d7e3c79e261b6,f7ccfc21b1964c09,name:stage_3_22359,val,estagio_3,nao_classificavel,estagio_3,True,ultralytics_curascan/datasets/estagio-nivel-34n-20-05-26/train/estagio_3/stage_3_22359.jpg
stage_3_33116,stage_3_33116,stage_3_33116.jpg,df7eff72beeb893c66ae3eaf7a3015dd7c91241a0137a30c3bb11e620f382d56,feadf1d0ce806d04,name:stage_3_33116,val,estagio_3,nao_classificavel,estagio_3,True,ultralytics_curascan/datasets/estagio-nivel-34n-20-05-26/test/estagio_3/stage_3_33116.jpg
stage_3_35212,stage_3_35212,stage_3_35212.jpg,2571437a0df2edbb60fcdd5150308950fa10bae9f208379492b20d3610755542,fd91f4b8c083c9c6,name:stage_3_35212,val,estagio_3,nao_classificavel,estagio_3,True,ultralytics_curascan/datasets/estagio-nivel-34n-20-05-26/train/estagio_3/stage_3_35212.jpg
stage_3_37134,stage_3_37134,stage_3_37134.jpg,644da7de1e3536ff0863d44d1ec1de2c7fc1a6bd51a31a376487d59d41d6fc42,b2f0cdc63238d9c6,name:stage_3_37134,val,estagio_3,nao_classificavel,estagio_3,True,ultralytics_curascan/datasets/estagio-nivel-34n-20-05-26/train/estagio_3/stage_3_37134.jpg
stage_3_40188,stage_3_40188,stage_3_40188.jpg,976f28a6edae398f053dc1d142f2a2eae2c6d2dcd31c649bbf35fe2e7e0d8161,e695e518c2398fb1,name:stage_3_40188,val,estagio_3,nao_classificavel,estagio_3,True,ultralytics_curascan/datasets/estagio-nivel-34n-20-05-26/val/estagio_3/stage_3_40188.jpg
stage_3_43954,stage_3_43954,stage_3_43954.jpg,bfcede0d37cee588c203874173b78a1533f47e5ced5aa8af1f17f9bc7b005b30,fbe2960973074cb2,name:stage_3_43954,val,estagio_3,nao_classificavel,estagio_3,True,ultralytics_curascan/datasets/estagio-nivel-34n-20-05-26/train/estagio_3/stage_3_43954.jpg
stage_3_45504,stage_3_45504,stage_3_45504.jpg,e92e7e85f300b1f927711cc85d08bd43f39d776be6937c3099dfaa6690c2fab3,fe8cb831a3328667,name:stage_3_45504,val,estagio_3,nao_classificavel,estagio_3,True,ultralytics_curascan/datasets/estagio-nivel-34n-20-05-26/train/estagio_3/stage_3_45504.jpg
stage_3_49822,stage_3_49822,stage_3_49822.jpg,c096a292755dfab7e65c58d9c46b7afd3dccb8dad5f58f1d81e78e62797f85b5,bdb495d5c2544d54,name:stage_3_49822,val,nao_classificavel,nao_classificavel,nao_classificavel,True,ultralytics_curascan/datasets/estagio-nivel-12n-20-05-26/val/nao_classificavel/stage_3_49822.jpg
stage_3_57592,stage_3_57592,stage_3_57592.jpg,66afeb392d57714c052ed2774cdcb13264149c8ba335b2144a8b9a15f286aed3,af9a86e1984f3958,name:stage_3_57592,val,nao_classificavel,nao_classificavel,nao_classificavel,True,ultralytics_curascan/datasets/estagio-nivel-12n-20-05-26/val/nao_classificavel/stage_3_57592.jpg
stage_3_58111,stage_3_58111,stage_3_58111.jpg,d556762f6a3d8040e0865845d14f716079f43a7bf1bbea0bc873db3bd7fb85b9,e6d6c9cbcb242564,name:stage_3_58111,val,nao_classificavel,nao_classificavel,nao_classificavel,True,ultralytics_curascan/datasets/estagio-nivel-12n-20-05-26/train/nao_classificavel/stage_3_58111.jpg
stage_3_61012,stage_3_61012,stage_3_61012.jpg,beeee240e597857b3e536f3298acd2bf1bea2c1e837e3ab8dc82c4b1b4eb581a,e7b4d62318e5cb14,name:stage_3_61012,val,estagio_3,nao_classificavel,estagio_3,True,ultralytics_curascan/datasets/estagio-nivel-34n-20-05-26/train/estagio_3/stage_3_61012.jpg
stage_3_64651,stage_3_64651,stage_3_64651.jpg,aad993fc6645caaf58b44766f3c31cc3f75d05a52c1dea80e4204841ff80c0cd,ef71b1cc8c21d34c,name:stage_3_64651,val,estagio_3,nao_classificavel,estagio_3,True,ultralytics_curascan/datasets/estagio-nivel-34n-20-05-26/train/estagio_3/stage_3_64651.jpg
stage_3_66114,stage_3_66114,stage_3_66114.jpg,3087433addb7265b8d3fd90a2b1077c90e917d73d8f1e351f5aa3e38b08f1a15,ee47c11e02e97617,name:stage_3_66114,val,estagio_3,nao_classificavel,estagio_3,True,ultralytics_curascan/datasets/estagio-nivel-34n-20-05-26/val/estagio_3/stage_3_66114.jpg
stage_3_69803,stage_3_69803,stage_3_69803.jpg,bdf1ee025664e496ea862175501e698c10128f2cb1a2197b91bd7e524a2c3ce6,fed7d4989a61cd00,name:stage_3_69803,val,estagio_3,nao_classificavel,estagio_3,True,ultralytics_curascan/datasets/estagio-nivel-34n-20-05-26/train/estagio_3/stage_3_69803.jpg
stage_3_71577,stage_3_71577,stage_3_71577.jpg,91bbf5a8116d5aaa00683caf6d8a29fc828f1b97502c1c945b49a5235d799f4b,a7b5bc52b18c4663,name:stage_3_71577,val,estagio_3,nao_classificavel,estagio_3,True,ultralytics_curascan/datasets/estagio-nivel-34n-20-05-26/val/estagio_3/stage_3_71577.jpg
stage_3_76597,stage_3_76597,stage_3_76597.jpg,dc0dc13ceb3b2431aaded757dc1407e9341c1131c8e76e734f3a2b5c743b096d,aeadd161ccc6b2b0,name:stage_3_76597,val,estagio_3,nao_classificavel,estagio_3,True,ultralytics_curascan/datasets/estagio-nivel-34n-20-05-26/val/estagio_3/stage_3_76597.jpg
stage_3_80922,stage_3_80922,stage_3_80922.jpg,a704d739670892c771e30c889c7e0c000b416350e3662bf495fcadbcc94a0f49,df1f642c91308fc3,name:stage_3_80922,val,estagio_3,nao_classificavel,estagio_3,True,ultralytics_curascan/datasets/estagio-nivel-34n-20-05-26/train/estagio_3/stage_3_80922.jpg
stage_3_81655,stage_3_81655,stage_3_81655.jpg,35e28e1120c09aa6b82a1f18dafffb3397322036ea7af22124216fc6602cf61f,ebc8b19e94b089d3,name:stage_3_81655,val,estagio_3,nao_classificavel,estagio_3,True,ultralytics_curascan/datasets/estagio-nivel-34n-20-05-26/test/estagio_3/stage_3_81655.jpg
stage_3_85458,stage_3_85458,stage_3_85458.jpg,7860da25b24b6ecad3cb132417bc734caaaa36423a6cf46e1070681afee7af23,bd9992c4c1c74d0f,name:stage_3_85458,val,estagio_3,nao_classificavel,estagio_3,True,ultralytics_curascan/datasets/estagio-nivel-34n-20-05-26/val/estagio_3/stage_3_85458.jpg
stage_3_87205,stage_3_87205,stage_3_87205.jpg,371882d0000b3cf83e7aaf39e89b54ee62dbe137f281c2fd30c46778f3969cbc,fea9c70d1c31d942,name:stage_3_87205,val,estagio_3,nao_classificavel,estagio_3,True,ultralytics_curascan/datasets/estagio-nivel-34n-20-05-26/train/estagio_3/stage_3_87205.jpg
stage_3_96134,stage_3_96134,stage_3_96134.jpg,240bca4dd7196a3d62c98263cae10fb4ab10a83981c66d6cac1aeeaa7f3b6e85,aad1ed35655271c8,name:stage_3_96134,val,estagio_3,nao_classificavel,estagio_3,True,ultralytics_curascan/datasets/estagio-nivel-34n-20-05-26/train/estagio_3/stage_3_96134.jpg
stage_3_96150,stage_3_96150,stage_3_96150.jpg,c9c4413e9ab5474dace8b5da91399041228968310ccb0aaa59e948daede5f0b8,90ff80f21dc23cc7,name:stage_3_96150,val,estagio_3,nao_classificavel,estagio_3,True,ultralytics_curascan/datasets/estagio-nivel-34n-20-05-26/train/estagio_3/stage_3_96150.jpg
stage_3_97550,stage_3_97550,stage_3_97550.jpg,18d287b53d133db841c4bbfbaac6b84d0a0853d866d2fdd5e44e832ad607d351,dfbaf0e0c1c28786,name:stage_3_97550,val,estagio_3,nao_classificavel,estagio_3,True,ultralytics_curascan/datasets/estagio-nivel-34n-20-05-26/train/estagio_3/stage_3_97550.jpg
stage_4_10625,stage_4_10625,stage_4_10625.jpg,a7bb55fa714269556ccfcffd44a8faaf59e9c196f15f328bb43244978b6d1103,a0a50ff778cc6255,name:stage_4_10625,val,estagio_4,nao_classificavel,estagio_4,True,ultralytics_curascan/datasets/estagio-nivel-34n-20-05-26/val/estagio_4/stage_4_10625.jpg
stage_4_16108,stage_4_16108,stage_4_16108.jpg,c2f0cee42d8a16a15482612c5781bcd56ff328e23edf4cb47cf9ec40d40b90d5,eebcb8a181c3e1d8,name:stage_4_16108,val,estagio_4,nao_classificavel,estagio_4,True,ultralytics_curascan/datasets/estagio-nivel-34n-20-05-26/train/estagio_4/stage_4_16108.jpg
stage_4_19720,stage_4_19720,stage_4_19720.jpg,a55fcbcc66d66969eaedb277df99c72f2a637faca4683b9141522a5491ecdb50,e6f2f5c1901c9b89,name:stage_4_19720,val,estagio_4,nao_classificavel,estagio_4,True,ultralytics_curascan/datasets/estagio-nivel-34n-20-05-26/val/estagio_4/stage_4_19720.jpg
stage_4_21358,stage_4_21358,stage_4_21358.jpg,44fe3d71a264157b51a77f2678ac19d8dac437f8aee61c71b3cf9999081b147a,fa82b5e592849ada,name:stage_4_21358,val,estagio_4,nao_classificavel,estagio_4,True,ultralytics_curascan/datasets/estagio-nivel-34n-20-05-26/val/estagio_4/stage_4_21358.jpg
stage_4_2274,stage_4_2274,stage_4_2274.jpg,d176de22ed93e74937acbe546d60ad75393cd73eb045cd9270668b0534bfe49b,eae89491b6cc31cd,name:stage_4_2274,val,estagio_4,nao_classificavel,estagio_4,True,ultralytics_curascan/datasets/estagio-nivel-34n-20-05-26/test/estagio_4/stage_4_2274.jpg
stage_4_23028,stage_4_23028,stage_4_23028.jpg,a2b1e982ee29b0a747bd217c836becdcc33d673d7e4538960ae5f0833e553c5d,aea9b09d93cacf08,name:stage_4_23028,val,estagio_3,nao_classificavel,estagio_3,True,ultralytics_curascan/datasets/estagio-nivel-34n-20-05-26/val/estagio_3/stage_4_23028.jpg
stage_4_2436,stage_4_2436,stage_4_2436.jpg,7dc036704fa3e40fb12b169ce170be22419bdeb80397cdfc1db61e8f275d9f18,f8cde384847b18da,name:stage_4_2436,val,estagio_4,nao_classificavel,estagio_4,True,ultralytics_curascan/datasets/estagio-nivel-34n-20-05-26/val/estagio_4/stage_4_2436.jpg
stage_4_24780,stage_4_24780,stage_4_24780.jpg,fbc5c69e08526b6987451bf12bfd1291f61e3d56dbf813c2bbb583afcd45181d,ea9f85c0d2658b95,name:stage_4_24780,val,estagio_4,nao_classificavel,estagio_4,True,ultralytics_curascan/datasets/estagio-nivel-34n-20-05-26/val/estagio_4/stage_4_24780.jpg
stage_4_2903,stage_4_2903,stage_4_2903.jpg,237b565c97e86dbed5b755fb3599b017529df8649d6babdb59fa588e6c641a89,fc18c364b092cf8f,name:stage_4_2903,val,estagio_4,nao_classificavel,estagio_4,True,ultralytics_curascan/datasets/estagio-nivel-34n-20-05-26/train/estagio_4/stage_4_2903.jpg
stage_4_31384,stage_4_31384,stage_4_31384.jpg,ac66c36825127f74b45e69871f5e7e59183af5d006f64d5b9b8929d32ca592b6,8ef1b9cca4323399,name:stage_4_31384,val,estagio_3,nao_classificavel,estagio_3,True,ultralytics_curascan/datasets/estagio-nivel-34n-20-05-26/train/estagio_3/stage_4_31384.jpg
stage_4_36200,stage_4_36200,stage_4_36200.jpg,5c3f77fc99172355e1d5a77f2f235e20f16bce52b5a070d48677a0284d2440b0,fde090cce29f4c92,name:stage_4_36200,val,estagio_4,nao_classificavel,estagio_4,True,ultralytics_curascan/datasets/estagio-nivel-34n-20-05-26/val/estagio_4/stage_4_36200.jpg
stage_4_37833,stage_4_37833,stage_4_37833.jpg,c892ba19900d57eb3a0308f8f59e1024c3161dcc09f8b55568172f67270b873c,e884d7f80a3b64e6,name:stage_4_37833,val,estagio_4,nao_classificavel,estagio_4,True,ultralytics_curascan/datasets/estagio-nivel-34n-20-05-26/train/estagio_4/stage_4_37833.jpg
stage_4_40397,stage_4_40397,stage_4_40397.jpg,5b15778345611cebe4dbcba4a8184a15974796725f1276322ec1028f3997f8cd,fea5c19d9834c471,name:stage_4_40397,val,estagio_3,nao_classificavel,estagio_3,True,ultralytics_curascan/datasets/estagio-nivel-34n-20-05-26/train/estagio_3/stage_4_40397.jpg
stage_4_46236,stage_4_46236,stage_4_46236.jpg,a9c0a02bf25c0790ef5102b3a71176f42608288a7b4033df68b50ac460204907,aab595dac2e90c66,name:stage_4_46236,val,estagio_4,nao_classificavel,estagio_4,True,ultralytics_curascan/datasets/estagio-nivel-34n-20-05-26/test/estagio_4/stage_4_46236.jpg
stage_4_50652,stage_4_50652,stage_4_50652.jpg,d5697aa56adc7c1ac9b000e753906ff9a623e44b53c4bf68def1bb0e6101f81e,9e60203dbd3571b6,name:stage_4_50652,val,estagio_4,nao_classificavel,estagio_4,True,ultralytics_curascan/datasets/estagio-nivel-34n-20-05-26/val/estagio_4/stage_4_50652.jpg
stage_4_64781,stage_4_64781,stage_4_64781.jpg,75fa6fb740beea1ad96cfb2047e45c52cfbd9b89305ed256486f36f08db8e152,fad4a71a889593d2,name:stage_4_64781,val,estagio_4,nao_classificavel,estagio_4,True,ultralytics_curascan/datasets/estagio-nivel-34n-20-05-26/val/estagio_4/stage_4_64781.jpg
stage_4_79270,stage_4_79270,stage_4_79270.jpg,d0d33d57fdd55404df7f59f11363a312054ed5a97e89769721c76d879bf0cdf1,f0dc8f63219e3661,name:stage_4_79270,val,estagio_4,nao_classificavel,estagio_4,True,ultralytics_curascan/datasets/estagio-nivel-34n-20-05-26/train/estagio_4/stage_4_79270.jpg
stage_4_80257,stage_4_80257,stage_4_80257.jpg,1b45d512fe7e93a9fb7da58ee801cf588b68e6a5509ff777abf5067b2c6c4495,a8a39d5aba583399,name:stage_4_80257,val,estagio_4,nao_classificavel,estagio_4,True,ultralytics_curascan/datasets/estagio-nivel-34n-20-05-26/train/estagio_4/stage_4_80257.jpg
stage_4_81550,stage_4_81550,stage_4_81550.jpg,35ab8b37044e8dc7154aafdfcd067ee10bab4941a59ebe1caf97cfa28221430b,ebfb30fa913001cb,name:stage_4_81550,val,estagio_3,nao_classificavel,estagio_3,True,ultralytics_curascan/datasets/estagio-nivel-34n-20-05-26/train/estagio_3/stage_4_81550.jpg
stage_4_85588,stage_4_85588,stage_4_85588.jpg,b85a3050033f8e2a355b3cb2e7f2cff9605d4f56d705b6cf309f427476a969ae,dcd1a789396486d6,name:stage_4_85588,val,estagio_3,nao_classificavel,estagio_3,True,ultralytics_curascan/datasets/estagio-nivel-34n-20-05-26/train/estagio_3/stage_4_85588.jpg
stage_4_8941,stage_4_8941,stage_4_8941.jpg,34c87e1f9fb03e838a5d9369b91bee6b56971971a11a91a97dcb753c34fcc518,8bb2e84ce7b498d2,name:stage_4_8941,val,estagio_3,nao_classificavel,estagio_3,True,ultralytics_curascan/datasets/estagio-nivel-34n-20-05-26/val/estagio_3/stage_4_8941.jpg
stage_4_93177,stage_4_93177,stage_4_93177.jpg,1788a1b74d284ab59b31a54c50130b337121fc861c0fa11e64ceec0e786914f2,ab6ba5f624c89cc8,name:stage_4_93177,val,estagio_3,nao_classificavel,estagio_3,True,ultralytics_curascan/datasets/estagio-nivel-34n-20-05-26/train/estagio_3/stage_4_93177.jpg
stage_4_97184,stage_4_97184,stage_4_97184.jpg,ceb55981d7944bcc14e27daedb7b094815a971f3029c449091ff62c22234757a,feaae1b4c498ca29,name:stage_4_97184,val,estagio_3,nao_classificavel,estagio_3,True,ultralytics_curascan/datasets/estagio-nivel-34n-20-05-26/val/estagio_3/stage_4_97184.jpg
stage_4_97507,stage_4_97507,stage_4_97507.jpg,56aa75af6a9da9a971f7746a6ed3114a6f61844acfe5585448ca8f9a30fde04c,aad597327807d91a,name:stage_4_97507,val,estagio_3,nao_classificavel,estagio_3,True,ultralytics_curascan/datasets/estagio-nivel-34n-20-05-26/train/estagio_3/stage_4_97507.jpg
stage_i_007,stage_i_007,Stage_I_007.jpg,190d5947e352cc60fa26a479d41cfebe8dae60e86793e2da11a3a9ce0d85988a,c46a35f45ad5c2a9,name:stage_i_007,val,estagio_1,estagio_1,,False,ultralytics_curascan/datasets/estagio-nivel-12n-20-05-26/val/estagio_1/Stage_I_007.jpg
stage_i_008,stage_i_008,Stage_I_008.jpg,5f8ce755238e72c54813c484f963c68b3550c4de5a97412a7dc58a2383efcef2,d24789b52e5b7894,name:stage_i_008,val,estagio_1,estagio_1,,False,ultralytics_curascan/datasets/estagio-nivel-12n-20-05-26/train/estagio_1/Stage_I_008.jpg
stage_i_009,stage_i_009,Stage_I_009.jpg,d6480fb4ec9f0c0fe56ed9af90d33af876649ad82d4312898024dfa377959964,9f3fe82c85703585,name:stage_i_009,val,estagio_1,estagio_1,,False,ultralytics_curascan/datasets/estagio-nivel-12n-20-05-26/train/estagio_1/Stage_I_009.jpg
stage_ii_038,stage_ii_038,Stage_II_038.jpg,e31265c7449103e2d8c089d4e5f6db7477c67773bff1a03bf37720effa0374d5,e2ec9936cc638e43,name:stage_ii_038,val,estagio_2,estagio_2,,False,ultralytics_curascan/datasets/estagio-nivel-12n-20-05-26/val/estagio_2/Stage_II_038.jpg
stage_ii_039,stage_ii_039,Stage_II_039.jpg,57a36bf5fd30eff7f30d7d953fc51467a5bafd69dafd0cffb1e800d286e64410,d1a1a69e9a5926e6,name:stage_ii_039,val,estagio_2,estagio_2,,False,ultralytics_curascan/datasets/estagio-nivel-12n-20-05-26/test/estagio_2/Stage_II_039.jpg
stage_ii_050,stage_ii_050,Stage_II_050.jpg,0ea71ba4a4464a88a59487fa9677d99c38f26eabb4a2553fe85512262adbad29,f784cb3c2359a649,name:stage_ii_050,val,estagio_2,estagio_2,,False,ultralytics_curascan/datasets/estagio-nivel-12n-20-05-26/train/estagio_2/Stage_II_050.jpg
stage_iii_033,stage_iii_033,Stage_III_033.jpg,4110e85395c9b17a0fbb80d5db054d5fae6870f94418073090d400c8f9f2df9b,be81d18e4f309cd3,name:stage_iii_033,val,estagio_3,nao_classificavel,estagio_3,True,ultralytics_curascan/datasets/estagio-nivel-34n-20-05-26/train/estagio_3/Stage_III_033.jpg
stage_iv_021,stage_iv_021,Stage_IV_021.jpg,7783bd6aff598c5f15bea4c6624e9c1a6bd123f9e1b4b868f17f79188301852c,a93dc41d997126dc,name:stage_iv_021,val,estagio_4,nao_classificavel,estagio_4,True,ultralytics_curascan/datasets/estagio-nivel-34n-20-05-26/test/estagio_4/Stage_IV_021.jpg
stage_iv_025,stage_iv_025,Stage_IV_025.jpg,79e4a1e71700636f08446b4b6298e6507b8f95cf500ed35361dec045a4665ab5,bed5d2b4a95a242a,name:stage_iv_025,val,estagio_4,nao_classificavel,estagio_4,True,ultralytics_curascan/datasets/estagio-nivel-34n-20-05-26/train/estagio_4/Stage_IV_025.jpg
superficial-pressure-ulcer0001,superficial-pressure-ulcer0001,superficial-pressure-ulcer0001.jpg,b3624575c10ce9068157d267c1dec2ddef5f9d1ee62f0e8ec7a4793146cd607e,8ad20bd6cd13cf32,name:superficial-pressure-ulcer0001,val,estagio_2,estagio_2,,False,ultralytics_curascan/datasets/estagio-nivel-12n-20-05-26/test/estagio_2/superficial-pressure-ulcer0001.jpg
superficial-pressure-ulcer0022,superficial-pressure-ulcer0022,superficial-pressure-ulcer0022.jpg,4e356b9faece3b0498b7cbda0b978f33861ee8414967b02abac6ddf92418a1aa,cce29c62968fe03d,name:superficial-pressure-ulcer0022,val,estagio_2,estagio_2,,False,ultralytics_curascan/datasets/estagio-nivel-12n-20-05-26/test/estagio_2/superficial-pressure-ulcer0022.jpg
treating--pressure-ulcers008,treating--pressure-ulcers008,treating--pressure-ulcers008.jpg,fc984cb80a99c374f7cd9c44b36e670e1536db5e00b96acde89b03a92a48a2fc,bcdf8fc0cc08dc83,name:treating--pressure-ulcers008,val,estagio_3,nao_classificavel,estagio_3,True,ultralytics_curascan/datasets/estagio-nivel-34n-20-05-26/test/estagio_3/treating--pressure-ulcers008.jpg
undermining0012,undermining0012,undermining0012.jpg,256133d968e3d8f4324d0dbb8f5b9cc9ebde051dfbdf9cebd030c8796c07c57b,ca1a13e927b4b86d,name:undermining0012,val,estagio_3,nao_classificavel,estagio_3,True,ultralytics_curascan/datasets/estagio-nivel-34n-20-05-26/train/estagio_3/undermining0012.jpg
unstageable_009,unstageable_009,Unstageable_009.jpg,6a7b4876a346ded80dc9caf96d7ce7676d6ed17c7281aaca4b73a28cba19da25,a192d52dca3689fa,name:unstageable_009,val,nao_classificavel,nao_classificavel,nao_classificavel,True,ultralytics_curascan/datasets/estagio-nivel-12n-20-05-26/train/nao_classificavel/Unstageable_009.jpg
unstageable_021,unstageable_021,Unstageable_021.jpg,df02d2a101e9927ae299aa41277b0218863ba5362d0e59009c92fc86dea3cb70,b49e4ff070c31c63,name:unstageable_021,val,nao_classificavel,nao_classificavel,nao_classificavel,True,ultralytics_curascan/datasets/estagio-nivel-12n-20-05-26/train/nao_classificavel/Unstageable_021.jpg
unstageable_027,unstageable_027,Unstageable_027.jpg,1d2d23294eee4e35e863aeaea6c655a293a7beb1e83c38df0beeae489ff0b340,bf3cc0990f7064d3,name:unstageable_027,val,nao_classificavel,nao_classificavel,nao_classificavel,True,ultralytics_curascan/datasets/estagio-nivel-12n-20-05-26/val/nao_classificavel/Unstageable_027.jpg
