id,identity,file_name,content_sha256,perceptual_hash,group_id,split,hiperemia,granulacao,esfacelo,necrose_seca,nao_classificavel,m1,m2,sl6,source_relative_path
117_0,117_0,117_0.jpg,4d0e3f2fc1d6810ecf2e9d1f3cf8956cabd2beb945e8a42caca7888e7babd563,c86db61c387e2237,clinical:117,test,0,0,0,0,0,NÃO CLASSIFICÁVEL,NÃO CLASSIFICÁVEL,NÃO CLASSIFICÁVEL,ablation/tissue_classic_1229/images/117_0.jpg
117_0 (2),117_0 (2),117_0 (2).jpg,2354ec32180ae00e98d17e1b669907919d174d83c69be56f7472dfa4f498a590,9ac8717d4497693a,clinical:117,test,0,1,0,0,0,GRANULAÇÃO,NÃO CLASSIFICÁVEL,GRANULAÇÃO,ablation/tissue_classic_1229/images/117_0 (2).jpg
117_0 (3),117_0 (3),117_0 (3).jpg,12ced2b5d3efe7ea8f171b5055996a28e50ab04161d61edd106b2fe701eba516,df87806949378f0e,clinical:117,test,0,0,0,0,0,NÃO CLASSIFICÁVEL,NÃO CLASSIFICÁVEL,NÃO CLASSIFICÁVEL,ablation/tissue_classic_1229/images/117_0 (3).jpg
117_1,117_1,117_1.jpg,37fa4e0dff5a782013c942c790cd1b1a1ce4579e20b6f291c03b79135dd1516a,95500a35359f6f3c,clinical:117,test,1,0,0,0,0,HIPEREMIA,NÃO CLASSIFICÁVEL,HIPEREMIA,ablation/tissue_classic_1229/images/117_1.jpg
124_0,124_0,124_0.jpg,9adac0223fd91f19914d999504d9f6718ffc7c464bf3e9c8800671954fa5aaa6,e23c8c33993b1d72,clinical:124,test,0,1,0,0,0,GRANULAÇÃO,NÃO CLASSIFICÁVEL,GRANULAÇÃO,ablation/tissue_classic_1229/images/124_0.jpg
124_0 (2),124_0 (2),124_0 (2).jpg,0e7d72a75b2522977feb11bd089ef2cd483ede41c484c8f6646bba7ee04c1707,8a7c7d612285d6d6,clinical:124,test,0,0,0,0,0,NÃO CLASSIFICÁVEL,NÃO CLASSIFICÁVEL,NÃO CLASSIFICÁVEL,ablation/tissue_classic_1229/images/124_0 (2).jpg
124_0 (3),124_0 (3),124_0 (3).jpg,4579ac17b4989b21174c28d6d08bf0c3482a0cfbcb9938954e27ee784cde6994,c0ded6545d517171,clinical:124,test,0,1,0,0,0,GRANULAÇÃO,NÃO CLASSIFICÁVEL,GRANULAÇÃO,ablation/tissue_classic_1229/images/124_0 (3).jpg
19_0,19_0,19_0.jpg,29c29daaa1d6446276ac2f26c81a0454eeb7073aab58ad1284141f30ad07e6e4,f37e0f8140e0b8de,clinical:19,test,0,0,0,0,0,NÃO CLASSIFICÁVEL,NÃO CLASSIFICÁVEL,NÃO CLASSIFICÁVEL,ablation/tissue_classic_1229/images/19_0.jpg
19_0 (2),19_0 (2),19_0 (2).jpg,8a97fd8034c1a504971113e8e1ad352d9e09e32f71c731d68e4eeccf3c3b5064,955aca859348fbd1,clinical:19,test,0,0,0,1,1,NÃO CLASSIFICÁVEL,NECROSE SECA,NECROSE SECA,ablation/tissue_classic_1229/images/19_0 (2).jpg
19_0 (3),19_0 (3),19_0 (3).jpg,05ca12750a7ae9be1d014b7308dd84cd7fc504b1a55c75a9856e5331f85088bf,f625db924b42ccac,clinical:19,test,0,1,1,0,0,GRANULAÇÃO,ESFACELO,MULTI,ablation/tissue_classic_1229/images/19_0 (3).jpg
19_0 (4),19_0 (4),19_0 (4).jpg,ce4872b0c75b270931496e9318381c8048f2dc892ff60cd2dcceedf04080c89a,969fe5e0c9193293,clinical:19,test,0,0,0,0,0,NÃO CLASSIFICÁVEL,NÃO CLASSIFICÁVEL,NÃO CLASSIFICÁVEL,ablation/tissue_classic_1229/images/19_0 (4).jpg
19_1,19_1,19_1.jpg,bbdfadd5339c17ea0199bd2415040a18622da5e651a08f06c38e129a00282514,a64758ac29b99dd4,clinical:19,test,0,0,0,0,0,NÃO CLASSIFICÁVEL,NÃO CLASSIFICÁVEL,NÃO CLASSIFICÁVEL,ablation/tissue_classic_1229/images/19_1.jpg
54_0,54_0,54_0.jpg,72b66bb9417170c58f8e41dc1c986afabcc418cbf19b084d34c5e8129dd26179,f4e4cb993466d234,clinical:54,test,0,0,0,0,0,NÃO CLASSIFICÁVEL,NÃO CLASSIFICÁVEL,NÃO CLASSIFICÁVEL,ablation/tissue_classic_1229/images/54_0.jpg
54_0 (2),54_0 (2),54_0 (2).jpg,547c0cd71cc48e5f6ff9e16198ebcfce40264674663527fe02acf85042afdc09,e496c7316c9066eb,clinical:54,test,0,0,0,0,0,NÃO CLASSIFICÁVEL,NÃO CLASSIFICÁVEL,NÃO CLASSIFICÁVEL,ablation/tissue_classic_1229/images/54_0 (2).jpg
54_0 (3),54_0 (3),54_0 (3).jpg,c5bdad1391372fd87b817a2f5e0cdd89ffe5c708887f82ff40e30b2c50e9a27a,fcd4c98b243127ce,clinical:54,test,0,1,0,0,0,GRANULAÇÃO,NÃO CLASSIFICÁVEL,GRANULAÇÃO,ablation/tissue_classic_1229/images/54_0 (3).jpg
54_0 (4),54_0 (4),54_0 (4).jpg,5ef8ac7998fb8d8497e222da88a45335acd3270cb8d5c4805630b247db0643d0,ff82a02f9575246c,clinical:54,test,0,0,0,0,0,NÃO CLASSIFICÁVEL,NÃO CLASSIFICÁVEL,NÃO CLASSIFICÁVEL,ablation/tissue_classic_1229/images/54_0 (4).jpg
54_1 (2),54_1 (2),54_1 (2).jpg,bed95a10d15d494c18fa7f4aa69dcef6d298dcbf4972428c7a842b552eadc3c8,c857f20772892fcc,clinical:54,test,0,0,0,0,0,NÃO CLASSIFICÁVEL,NÃO CLASSIFICÁVEL,NÃO CLASSIFICÁVEL,ablation/tissue_classic_1229/images/54_1 (2).jpg
62_0,62_0,62_0.jpg,d1275539a5b35a2423be20c1ec2fe851d7b7ca3fdab3a147114be8398977dc8a,941b6b7e602365c7,clinical:62,test,0,1,0,0,0,GRANULAÇÃO,NÃO CLASSIFICÁVEL,GRANULAÇÃO,ablation/tissue_classic_1229/images/62_0.jpg
62_0 (2),62_0 (2),62_0 (2).jpg,af17d9d6a7d5f66176d8cea876e81bd062c843980bf369220b279f5a7c5de074,a1b09a8fcc9c6cf8,clinical:62,test,0,1,0,0,0,GRANULAÇÃO,NÃO CLASSIFICÁVEL,GRANULAÇÃO,ablation/tissue_classic_1229/images/62_0 (2).jpg
62_0 (3),62_0 (3),62_0 (3).jpg,b6939cd9a6d3683ea5cb9cf78d9a4251a00bb1e49df1b7c85a94132acae11e4a,e35a8d4996654ab6,clinical:62,test,0,1,1,1,0,GRANULAÇÃO,AMBAS,MULTI,ablation/tissue_classic_1229/images/62_0 (3).jpg
62_0 (4),62_0 (4),62_0 (4).jpg,764a8436e4fcf9b6eced2265da84cdc262a18f84ff5549e3dc98b7a0b4a70698,ffe0c0139f972149,clinical:62,test,0,1,0,0,0,GRANULAÇÃO,NÃO CLASSIFICÁVEL,GRANULAÇÃO,ablation/tissue_classic_1229/images/62_0 (4).jpg
72_0,72_0,72_0.jpg,250f1a46104632860136010ef164481fe1ba502b5555423a3051515d9ebf4346,9b8ba33cc988ce39,clinical:72,test,0,0,0,0,0,NÃO CLASSIFICÁVEL,NÃO CLASSIFICÁVEL,NÃO CLASSIFICÁVEL,ablation/tissue_classic_1229/images/72_0.jpg
72_0 (2),72_0 (2),72_0 (2).jpg,b4ef10bc652062bc6d8138d4a1da1967f4b6d32ee0cff8f35ab919cfccb6ac1e,a1755a9a38a5d0f3,clinical:72,test,0,0,1,0,0,NÃO CLASSIFICÁVEL,ESFACELO,ESFACELO,ablation/tissue_classic_1229/images/72_0 (2).jpg
72_0 (3),72_0 (3),72_0 (3).jpg,e5dc57d730b4baaa6f2d1ad745f3a6f35e431028a89621ecf6925118461c7105,c1c699972e612f1d,clinical:72,test,0,0,1,0,0,NÃO CLASSIFICÁVEL,ESFACELO,ESFACELO,ablation/tissue_classic_1229/images/72_0 (3).jpg
72_0 (4),72_0 (4),72_0 (4).jpg,710a6cf3c7c022f684bda0ccc55120efd0770ddbd0b45e1411e785e11015d017,ab5a96c938646736,clinical:72,test,0,0,0,0,0,NÃO CLASSIFICÁVEL,NÃO CLASSIFICÁVEL,NÃO CLASSIFICÁVEL,ablation/tissue_classic_1229/images/72_0 (4).jpg
72_1,72_1,72_1.jpg,4d629208d5d8fb8e458cf87b5d19bdccb1d120d69c37606d1a3b0a41d946b553,fad255a5b4293178,clinical:72,test,0,0,1,0,0,NÃO CLASSIFICÁVEL,ESFACELO,ESFACELO,ablation/tissue_classic_1229/images/72_1.jpg
74_0,74_0,74_0.jpg,409c07b555e29387f587e85574224a9b6d27526abccfc009837977c1e40c6489,9ec19662ea8d1d36,clinical:74,test,0,0,0,0,0,NÃO CLASSIFICÁVEL,NÃO CLASSIFICÁVEL,NÃO CLASSIFICÁVEL,ablation/tissue_classic_1229/images/74_0.jpg
74_0 (2),74_0 (2),74_0 (2).jpg,c988aa5aa2b46a7f40b33ce4bc75d2e0384f85775b5e1f964b4541b8165094cd,bc95874a5c1525ed,clinical:74,test,0,0,1,0,0,NÃO CLASSIFICÁVEL,ESFACELO,ESFACELO,ablation/tissue_classic_1229/images/74_0 (2).jpg
74_0 (3),74_0 (3),74_0 (3).jpg,938d847fb075bb62f8d1d33dcd2257673ec7238dd69e35d613a731e3d007aa47,a5da86613e8571d3,clinical:74,test,0,0,0,1,0,NÃO CLASSIFICÁVEL,NECROSE SECA,NECROSE SECA,ablation/tissue_classic_1229/images/74_0 (3).jpg
74_0 (4),74_0 (4),74_0 (4).jpg,ca5d819110f55305f0a28752d917e59b1fc18864fa5345f8889cdc82f0a1d8eb,ea056d9ab629f225,clinical:74,test,0,0,1,0,0,NÃO CLASSIFICÁVEL,ESFACELO,ESFACELO,ablation/tissue_classic_1229/images/74_0 (4).jpg
93_0,93_0,93_0.jpg,540365b714b284957815e9399cf02cb7ea13477694093d9fff25c6e650e81800,d5575a4a0b0b2a3f,clinical:93,test,0,0,0,0,1,NÃO CLASSIFICÁVEL,NÃO CLASSIFICÁVEL,NÃO CLASSIFICÁVEL,ablation/tissue_classic_1229/images/93_0.jpg
93_0 (2),93_0 (2),93_0 (2).jpg,b5c189b716c2392e0e7eef1bb082e417abb787db09335758a7eaefd0179a02ad,a88733d2b99c4d99,clinical:93,test,0,1,1,0,0,GRANULAÇÃO,ESFACELO,MULTI,ablation/tissue_classic_1229/images/93_0 (2).jpg
93_0 (3),93_0 (3),93_0 (3).jpg,5346b6ec2302b1727c68ff71c1c2918ba8774c17fbfa2917b4791189e98ed0cc,edc9d312b66724c8,clinical:93,test,0,1,0,0,0,GRANULAÇÃO,NÃO CLASSIFICÁVEL,GRANULAÇÃO,ablation/tissue_classic_1229/images/93_0 (3).jpg
93_0 (4),93_0 (4),93_0 (4).jpg,3fbd1d21037c5ac124c43e7dbcce984a05ee2066b4f8df9cb965b833b98f4400,e5d696cb1994f121,clinical:93,test,0,1,0,0,0,GRANULAÇÃO,NÃO CLASSIFICÁVEL,GRANULAÇÃO,ablation/tissue_classic_1229/images/93_0 (4).jpg
95_0,95_0,95_0.jpg,f368a3758e1e97a49332780ad9abd4ba0ed6fa7c64b75463106c95d6abe193d2,eed4c01e5c58575c,clinical:95,test,0,1,0,0,0,GRANULAÇÃO,NÃO CLASSIFICÁVEL,GRANULAÇÃO,ablation/tissue_classic_1229/images/95_0.jpg
95_0 (2),95_0 (2),95_0 (2).jpg,771e91fde234da35197481e89f7c5c160025e2e516481c6a3cf1f7aa71b31baf,f800dfffc160624e,clinical:95,test,1,0,0,0,0,HIPEREMIA,NÃO CLASSIFICÁVEL,HIPEREMIA,ablation/tissue_classic_1229/images/95_0 (2).jpg
95_0 (3),95_0 (3),95_0 (3).jpg,2799e30d79208c387833951e74463f6226a42a65b48be6b0d7e44f7551cce29d,b4399b0e0f673323,clinical:95,test,0,0,0,0,0,NÃO CLASSIFICÁVEL,NÃO CLASSIFICÁVEL,NÃO CLASSIFICÁVEL,ablation/tissue_classic_1229/images/95_0 (3).jpg
95_0 (4),95_0 (4),95_0 (4).jpg,98656d02c5c73a3a8abbe1f5c950db6e48fff2c620340f56ba2da7e71b0d1aab,ea9895df95864166,clinical:95,test,1,0,0,0,0,HIPEREMIA,NÃO CLASSIFICÁVEL,HIPEREMIA,ablation/tissue_classic_1229/images/95_0 (4).jpg
9_0 (3),9_0 (3),9_0 (3).jpg,89c25cc331be82681b43c1a92955c8338fba0db66d42fab2a82ec9fb392e6d00,88e3374ca961676d,clinical:9,test,0,1,1,0,0,GRANULAÇÃO,ESFACELO,MULTI,ablation/tissue_classic_1229/images/9_0 (3).jpg
9_0 (4),9_0 (4),9_0 (4).jpg,b40b0f41936229d2b253c9d57a007630471f41b1c4c77cefc08d75b888a27562,f75482d29582b375,clinical:9,test,1,1,0,0,0,AMBAS,NÃO CLASSIFICÁVEL,MULTI,ablation/tissue_classic_1229/images/9_0 (4).jpg
9_1,9_1,9_1.jpg,8bfd963f6f41457d0dfbb4d873bb6c6bb0b2c0fef27db6d2049dee03f44a47a6,80321e795dcf62e6,clinical:9,test,0,1,0,0,0,GRANULAÇÃO,NÃO CLASSIFICÁVEL,GRANULAÇÃO,ablation/tissue_classic_1229/images/9_1.jpg
stage_1_16682,stage_1_16682,stage_1_16682.jpg,297a8007e4900aae639fa25be477110b9075f73726d77857f1e849749f382c70,f1a3479438e7a529,name:stage_1_16682,test,1,0,0,0,0,HIPEREMIA,NÃO CLASSIFICÁVEL,HIPEREMIA,ablation/tissue_classic_1229/images/stage_1_16682.jpg
stage_1_30082,stage_1_30082,stage_1_30082.jpg,d0f5fb502566a0aa5b76e92d8a242be15a6d0be4eecca049e1632921687bff0c,aadd2a15e81ee11e,name:stage_1_30082,test,1,0,0,0,0,HIPEREMIA,NÃO CLASSIFICÁVEL,HIPEREMIA,ablation/tissue_classic_1229/images/stage_1_30082.jpg
stage_1_30388,stage_1_30388,stage_1_30388.jpg,c1d4301b2cc4f5dda5c5dc6c1023cdf6e5b37501a2e9b93e626b7403c8428a50,b61bc1e7e7d01261,name:stage_1_30388,test,1,0,0,0,0,HIPEREMIA,NÃO CLASSIFICÁVEL,HIPEREMIA,ablation/tissue_classic_1229/images/stage_1_30388.jpg
stage_1_35909,stage_1_35909,stage_1_35909.jpg,521b6702c6ba51dabab280449674f523d4ce8bda3c234a6f160e011b7b7945b7,aa6cb16c81f20ee7,name:stage_1_35909,test,0,0,0,0,0,NÃO CLASSIFICÁVEL,NÃO CLASSIFICÁVEL,NÃO CLASSIFICÁVEL,ablation/tissue_classic_1229/images/stage_1_35909.jpg
stage_1_36983,stage_1_36983,stage_1_36983.jpg,d6dbbc9abee53f4d5541bcc3704a67c39160c9b6afdc1882c5efcb58e61d09cf,e8f8b866e145cd92,name:stage_1_36983,test,0,0,0,0,0,NÃO CLASSIFICÁVEL,NÃO CLASSIFICÁVEL,NÃO CLASSIFICÁVEL,ablation/tissue_classic_1229/images/stage_1_36983.jpg
stage_1_37503,stage_1_37503,stage_1_37503.jpg,d20d829551cdc9f33e64fe3a1e7553b769af221ee2415b2a90fbdd5e83a262fa,aa688709cc67db9a,name:stage_1_37503,test,1,0,0,0,0,HIPEREMIA,NÃO CLASSIFICÁVEL,HIPEREMIA,ablation/tissue_classic_1229/images/stage_1_37503.jpg
stage_1_41810,stage_1_41810,stage_1_41810.jpg,f060a5a7e9ef27daa7d6b3e73acd193e5fbf7ec098b8ec522029f6986b28b8f9,b2a79ab5ca94849d,name:stage_1_41810,test,1,0,0,0,0,HIPEREMIA,NÃO CLASSIFICÁVEL,HIPEREMIA,ablation/tissue_classic_1229/images/stage_1_41810.jpg
stage_1_45803,stage_1_45803,stage_1_45803.jpg,dd6ba97b58267c5f72cc8c3cd5acc092b30caef262650964fc21c1b594d5f49d,baf8c596d2624b92,name:stage_1_45803,test,1,0,0,0,0,HIPEREMIA,NÃO CLASSIFICÁVEL,HIPEREMIA,ablation/tissue_classic_1229/images/stage_1_45803.jpg
stage_1_74220,stage_1_74220,stage_1_74220.jpg,7033ab724c693f18bd17308f80a7af586f96df4eb290cd06a9647dcb4dd7980a,eac0872deec6a8d2,name:stage_1_74220,test,1,0,0,0,0,HIPEREMIA,NÃO CLASSIFICÁVEL,HIPEREMIA,ablation/tissue_classic_1229/images/stage_1_74220.jpg
stage_1_90701,stage_1_90701,stage_1_90701.jpg,5eb0a9945c808b9be1bd58913daa37fb6026d532a9ac174f12c66186b83ddf16,ec349b8b658c9ab2,name:stage_1_90701,test,1,0,0,0,0,HIPEREMIA,NÃO CLASSIFICÁVEL,HIPEREMIA,ablation/tissue_classic_1229/images/stage_1_90701.jpg
stage_1_94342,stage_1_94342,stage_1_94342.jpg,92a10af5b86d1905c44ee127341291368996b969cd870d534ac6ab09a5d68189,8002c61d0d9e5fff,name:stage_1_94342,test,1,0,0,0,0,HIPEREMIA,NÃO CLASSIFICÁVEL,HIPEREMIA,ablation/tissue_classic_1229/images/stage_1_94342.jpg
stage_1_9504,stage_1_9504,stage_1_9504.jpg,72164cb51d62ba53eee991a7a746b03d3d97f1913ce9054a67e518203ff00649,aeca9119fee3001f,name:stage_1_9504,test,1,0,0,0,0,HIPEREMIA,NÃO CLASSIFICÁVEL,HIPEREMIA,ablation/tissue_classic_1229/images/stage_1_9504.jpg
stage_1_9606,stage_1_9606,stage_1_9606.jpg,d946731ff92ba2b8eada25b196a0acbcd35088eb8d02252319b85f97042f9aa7,8180ef23f713d8ab,name:stage_1_9606,test,0,0,0,0,0,NÃO CLASSIFICÁVEL,NÃO CLASSIFICÁVEL,NÃO CLASSIFICÁVEL,ablation/tissue_classic_1229/images/stage_1_9606.jpg
stage_2_35875,stage_2_35875,stage_2_35875.jpg,a97a36e1f3e1c89b6961c316d7c091f7927e3e6995a0fec3fbbfb7abbb78e0d8,b991a68fcb708665,name:stage_2_35875,test,0,0,0,0,0,NÃO CLASSIFICÁVEL,NÃO CLASSIFICÁVEL,NÃO CLASSIFICÁVEL,ablation/tissue_classic_1229/images/stage_2_35875.jpg
stage_2_50576,stage_2_50576,stage_2_50576.jpg,ade2849b030635afb162ccf3aa2ae60c46412b9df35192db6bcff872d5bfb49d,ba9d427c43b18cc7,name:stage_2_50576,test,0,0,0,0,0,NÃO CLASSIFICÁVEL,NÃO CLASSIFICÁVEL,NÃO CLASSIFICÁVEL,ablation/tissue_classic_1229/images/stage_2_50576.jpg
stage_2_64165,stage_2_64165,stage_2_64165.jpg,b148e048908e22556838041a4d5cdff6f490223d33e9764acc369f451ea44adb,af93f0dac82dc1c8,name:stage_2_64165,test,0,0,0,0,0,NÃO CLASSIFICÁVEL,NÃO CLASSIFICÁVEL,NÃO CLASSIFICÁVEL,ablation/tissue_classic_1229/images/stage_2_64165.jpg
stage_2_72015,stage_2_72015,stage_2_72015.jpg,219a83e30f6fa5285ee553a99020afe6d8108667eb069f426643e3400c2c7642,bdb0d0cb8b93c8e8,name:stage_2_72015,test,0,0,0,0,0,NÃO CLASSIFICÁVEL,NÃO CLASSIFICÁVEL,NÃO CLASSIFICÁVEL,ablation/tissue_classic_1229/images/stage_2_72015.jpg
stage_2_73822,stage_2_73822,stage_2_73822.jpg,8d04da6751079dc3f11e6e468f1a5a061adcac97ff98d514845af9eac5a6e8b7,e1bf80fe24f199c0,name:stage_2_73822,test,0,0,0,0,0,NÃO CLASSIFICÁVEL,NÃO CLASSIFICÁVEL,NÃO CLASSIFICÁVEL,ablation/tissue_classic_1229/images/stage_2_73822.jpg
stage_2_78148,stage_2_78148,stage_2_78148.jpg,f552ae17eca778259cdd48f1285eb81e4bcca7200bad7b613a9ecb19968f8166,becf80c1b0f33694,name:stage_2_78148,test,0,0,0,0,0,NÃO CLASSIFICÁVEL,NÃO CLASSIFICÁVEL,NÃO CLASSIFICÁVEL,ablation/tissue_classic_1229/images/stage_2_78148.jpg
100,100,100.jpg,ce53a6908ccd7e00b633b15d14ba2596547092216fa231295abe4b3295a13b90,c07c0fee18f07555,name:100,train,0,0,0,0,0,NÃO CLASSIFICÁVEL,NÃO CLASSIFICÁVEL,NÃO CLASSIFICÁVEL,ablation/tissue_classic_1229/images/100.jpg
100_0,100_0,100_0.jpg,a1c3cd4836a2cf76a278e558d5c0fb952686baf0f9b8bafcd8472580cf83db3f,b46d93134d6c62d3,clinical:100,train,0,0,0,0,0,NÃO CLASSIFICÁVEL,NÃO CLASSIFICÁVEL,NÃO CLASSIFICÁVEL,ablation/tissue_classic_1229/images/100_0.jpg
100_0 (2),100_0 (2),100_0 (2).jpg,eada98bf8f586ff089e023c81d5dcfa6826f740874a4ae2da67de0e509fe5a44,be9fcf30c9c03289,clinical:100,train,0,0,1,0,1,NÃO CLASSIFICÁVEL,ESFACELO,ESFACELO,ablation/tissue_classic_1229/images/100_0 (2).jpg
100_0 (3),100_0 (3),100_0 (3).jpg,04e6c3e57637046b356dca48cd461ae8b53bdff2ae4fba494b944c17da9ae0a7,8b37c4c999d2ab64,clinical:100,train,0,0,1,0,1,NÃO CLASSIFICÁVEL,ESFACELO,ESFACELO,ablation/tissue_classic_1229/images/100_0 (3).jpg
100_0 (4),100_0 (4),100_0 (4).jpg,8fb7e291171636cf0816606feecc04ff540442570cd1660d8320dfb3fe89203c,a3dc8170ce03d87f,clinical:100,train,1,0,0,0,0,HIPEREMIA,NÃO CLASSIFICÁVEL,HIPEREMIA,ablation/tissue_classic_1229/images/100_0 (4).jpg
101_0,101_0,101_0.jpg,7a146b8ac31fc2afd7fc503ebadfbc363483f17573ec5f168ce339eb41a17d2c,e3d58c66339b6720,clinical:101,train,0,1,0,0,0,GRANULAÇÃO,NÃO CLASSIFICÁVEL,GRANULAÇÃO,ablation/tissue_classic_1229/images/101_0.jpg
101_0 (2),101_0 (2),101_0 (2).jpg,62e156e7c848d3fc56b69aae862809f333f41eca0ea6541da0e99421568fee7d,e2a68ccddb92319c,clinical:101,train,0,1,0,0,0,GRANULAÇÃO,NÃO CLASSIFICÁVEL,GRANULAÇÃO,ablation/tissue_classic_1229/images/101_0 (2).jpg
101_0 (3),101_0 (3),101_0 (3).jpg,b6111ebeee5da7e6c0fe7b44b96699889f96d6334495bd774761dd6425983f90,c5916837dc3fe026,clinical:101,train,0,1,0,0,0,GRANULAÇÃO,NÃO CLASSIFICÁVEL,GRANULAÇÃO,ablation/tissue_classic_1229/images/101_0 (3).jpg
101_1,101_1,101_1.jpg,0c0f059d5837624bcc40c69be240e8b046fe6535a7441552d384e5ce2d207353,ce839a5d4364c877,clinical:101,train,0,1,1,0,0,GRANULAÇÃO,ESFACELO,MULTI,ablation/tissue_classic_1229/images/101_1.jpg
102_0,102_0,102_0.jpg,bfcbb53dc2de5a00175a714809f95fc609552f353dbef5c4698038a68358ec9c,87df2e6c31138c8d,clinical:102,train,0,0,0,0,0,NÃO CLASSIFICÁVEL,NÃO CLASSIFICÁVEL,NÃO CLASSIFICÁVEL,ablation/tissue_classic_1229/images/102_0.jpg
102_0 (2),102_0 (2),102_0 (2).jpg,81648d0e8d77b30e4ce6249e14f6a3a0558f7855a2551ef4bffff6b9ac84a32b,b16f8cd2436ccc66,clinical:102,train,0,0,1,1,1,NÃO CLASSIFICÁVEL,AMBAS,MULTI,ablation/tissue_classic_1229/images/102_0 (2).jpg
102_0 (3),102_0 (3),102_0 (3).jpg,2db66ba08b16b9a0e97cf160b300197dca14b028fe7a04539c0f463df50a7825,c1f5d2a9e642aa59,clinical:102,train,0,1,1,0,0,GRANULAÇÃO,ESFACELO,MULTI,ablation/tissue_classic_1229/images/102_0 (3).jpg
103_0,103_0,103_0.jpg,b61c1f2f6ce37cb78a5accc70fb7f50b2334a2f4f0aa718dd5487490d277a6ed,f4a8d2c3cc8c986f,clinical:103,train,0,1,1,0,0,GRANULAÇÃO,ESFACELO,MULTI,ablation/tissue_classic_1229/images/103_0.jpg
103_0 (2),103_0 (2),103_0 (2).jpg,685456a2bd049d631e96e58036bd6fbf9600cccdd82ee3bfd857c4123f87cc20,ba95b1dacc491467,clinical:103,train,0,0,0,0,0,NÃO CLASSIFICÁVEL,NÃO CLASSIFICÁVEL,NÃO CLASSIFICÁVEL,ablation/tissue_classic_1229/images/103_0 (2).jpg
103_0 (3),103_0 (3),103_0 (3).jpg,c39d57c44e2a213afe56e8019deb0700f2322314e96a94eaf6013b2a77502f57,dd9006ffd922e451,clinical:103,train,0,0,0,0,0,NÃO CLASSIFICÁVEL,NÃO CLASSIFICÁVEL,NÃO CLASSIFICÁVEL,ablation/tissue_classic_1229/images/103_0 (3).jpg
103_1,103_1,103_1.jpg,3c0963f71eb9f29619c50e36064c851a33ddbeaad0741e044505b1b6925ba823,c597318dd5a8465b,clinical:103,train,0,0,0,0,0,NÃO CLASSIFICÁVEL,NÃO CLASSIFICÁVEL,NÃO CLASSIFICÁVEL,ablation/tissue_classic_1229/images/103_1.jpg
104_0,104_0,104_0.jpg,211d9dd9aec1e61e2e32d249ae174175f15627729458bbdb4b381b4252f1fa39,d7f313466a920b2e,clinical:104,train,0,0,0,0,0,NÃO CLASSIFICÁVEL,NÃO CLASSIFICÁVEL,NÃO CLASSIFICÁVEL,ablation/tissue_classic_1229/images/104_0.jpg
104_0 (2),104_0 (2),104_0 (2).jpg,298704bea227f1d34cd5978006544da902e414a3d383ae24fa9d2280ee604734,b3b6d86c0e73038d,clinical:104,train,0,1,1,0,0,GRANULAÇÃO,ESFACELO,MULTI,ablation/tissue_classic_1229/images/104_0 (2).jpg
104_0 (3),104_0 (3),104_0 (3).jpg,6e3ae03c62f543eb98d5fd13a5ec1845c2ef54cc2d65ab54bfdd7fff33a586c0,fb786081cc9f9a98,clinical:104,train,0,0,0,0,0,NÃO CLASSIFICÁVEL,NÃO CLASSIFICÁVEL,NÃO CLASSIFICÁVEL,ablation/tissue_classic_1229/images/104_0 (3).jpg
105_0,105_0,105_0.jpg,fc166af17713490166d0edb81416623095e1e919b18481501a6a9bca27c85ed1,d0855a776add8932,clinical:105,train,0,1,0,0,0,GRANULAÇÃO,NÃO CLASSIFICÁVEL,GRANULAÇÃO,ablation/tissue_classic_1229/images/105_0.jpg
105_0 (2),105_0 (2),105_0 (2).jpg,9d192c987fd41b4e015e0d7045578e889a5da351ed044b22721674cd4a2e37d5,a45986e19e37cc96,clinical:105,train,0,0,1,0,0,NÃO CLASSIFICÁVEL,ESFACELO,ESFACELO,ablation/tissue_classic_1229/images/105_0 (2).jpg
105_0 (3),105_0 (3),105_0 (3).jpg,7129df59abeb54ec0ef74cfd51fee37da12611a35ab7f0723508d39a4bc97fc8,d072dd6462b3cec4,clinical:105,train,0,0,0,0,0,NÃO CLASSIFICÁVEL,NÃO CLASSIFICÁVEL,NÃO CLASSIFICÁVEL,ablation/tissue_classic_1229/images/105_0 (3).jpg
106_0,106_0,106_0.jpg,0cbe7242be866ff5500df6abf21efe3370221ebc22b72b4eabad37e43bf7d776,f1b99e8e61f33081,clinical:106,train,0,0,0,0,0,NÃO CLASSIFICÁVEL,NÃO CLASSIFICÁVEL,NÃO CLASSIFICÁVEL,ablation/tissue_classic_1229/images/106_0.jpg
106_0 (2),106_0 (2),106_0 (2).jpg,a0510ef61018f7ac3dfc0d8deaeb599472e8688e0d71712a4c2699f1da0ed1a6,b3a6cc39438e731c,clinical:106,train,0,0,1,1,1,NÃO CLASSIFICÁVEL,AMBAS,MULTI,ablation/tissue_classic_1229/images/106_0 (2).jpg
106_0 (3),106_0 (3),106_0 (3).jpg,f670e3f36897688f78990661992cfb976caf3e2bf53518e6961993dd29f09fdb,ca5574d631ab29d4,clinical:106,train,1,0,0,0,0,HIPEREMIA,NÃO CLASSIFICÁVEL,HIPEREMIA,ablation/tissue_classic_1229/images/106_0 (3).jpg
106_1,106_1,106_1.jpg,57dfd138df2fe53838bf795c112f8af5da381ba20071b82a4598a17804f66a72,bf5ad48f94918b48,clinical:106,train,0,0,0,0,0,NÃO CLASSIFICÁVEL,NÃO CLASSIFICÁVEL,NÃO CLASSIFICÁVEL,ablation/tissue_classic_1229/images/106_1.jpg
107_0,107_0,107_0.jpg,c42363f253074957273267dff46f0297efb11b921e2599ff66e7e15c1020d450,d5d509d3264cc937,clinical:107,train,0,0,1,0,1,NÃO CLASSIFICÁVEL,ESFACELO,ESFACELO,ablation/tissue_classic_1229/images/107_0.jpg
107_0 (2),107_0 (2),107_0 (2).jpg,39c6ca492ab8b3bef267fb4ef65cd025d52031ef23681d4a445a1818ab0dc38d,97763ad98d2170cc,clinical:107,train,0,1,0,0,0,GRANULAÇÃO,NÃO CLASSIFICÁVEL,GRANULAÇÃO,ablation/tissue_classic_1229/images/107_0 (2).jpg
107_0 (3),107_0 (3),107_0 (3).jpg,f9f4553e895779ad1fa7ee0f3014107e4b3f8985fa256d7e95d517119b93b57d,ea7057cfcd1146d0,clinical:107,train,0,0,0,0,0,NÃO CLASSIFICÁVEL,NÃO CLASSIFICÁVEL,NÃO CLASSIFICÁVEL,ablation/tissue_classic_1229/images/107_0 (3).jpg
107_1,107_1,107_1.jpg,3e4c9e808eced003418bae30418ac3fb839824fc082124fe3dbad8120065c848,e5734366274d8cc5,clinical:107,train,0,0,0,0,0,NÃO CLASSIFICÁVEL,NÃO CLASSIFICÁVEL,NÃO CLASSIFICÁVEL,ablation/tissue_classic_1229/images/107_1.jpg
108_0,108_0,108_0.jpg,0cbc9187f398da515a3f205dce7c239151ab7fc801bda82b06c7c137ac42d7be,81cfbcd8b4326666,clinical:108,train,0,0,0,0,0,NÃO CLASSIFICÁVEL,NÃO CLASSIFICÁVEL,NÃO CLASSIFICÁVEL,ablation/tissue_classic_1229/images/108_0.jpg
108_0 (2),108_0 (2),108_0 (2).jpg,a5834ff98164c143fad6459a91ad7c3033122d427d990a50827e58df7d48b83a,8a552ecd2bae64b8,clinical:108,train,0,0,1,0,1,NÃO CLASSIFICÁVEL,ESFACELO,ESFACELO,ablation/tissue_classic_1229/images/108_0 (2).jpg
108_0 (3),108_0 (3),108_0 (3).jpg,3c31d2667cb3635932ce7d71c45526a3230994c937d72d8307637c6fd73a5191,f0b5ce948e3c1971,clinical:108,train,0,1,1,0,0,GRANULAÇÃO,ESFACELO,MULTI,ablation/tissue_classic_1229/images/108_0 (3).jpg
108_1,108_1,108_1.jpg,c758b72ca5b0790746675f90fa1ebf16fd23274b9af5fe32f7f6f4d593a7f07b,fe9cc103c32f8366,clinical:108,train,0,0,0,0,0,NÃO CLASSIFICÁVEL,NÃO CLASSIFICÁVEL,NÃO CLASSIFICÁVEL,ablation/tissue_classic_1229/images/108_1.jpg
10_0,10_0,10_0.jpg,f2ce5110f6b8639e4b65a9a9882e5873d81a7869222939478a816a142a17d50d,bba9057820d56b9b,clinical:10,train,0,1,0,0,0,GRANULAÇÃO,NÃO CLASSIFICÁVEL,GRANULAÇÃO,ablation/tissue_classic_1229/images/10_0.jpg
10_0 (2),10_0 (2),10_0 (2).jpg,78206f896a17c12d7aada068e1e38e6f827f7d075dcd45d0abaa0818ad12ae43,d4b9c766249c3363,clinical:10,train,0,0,0,0,0,NÃO CLASSIFICÁVEL,NÃO CLASSIFICÁVEL,NÃO CLASSIFICÁVEL,ablation/tissue_classic_1229/images/10_0 (2).jpg
10_0 (3),10_0 (3),10_0 (3).jpg,857f0d1fea6cc439e50654bf6b326e193ce83ead120adf71d94baf36199d58e4,aec3398364c07f99,clinical:10,train,0,0,1,0,0,NÃO CLASSIFICÁVEL,ESFACELO,ESFACELO,ablation/tissue_classic_1229/images/10_0 (3).jpg
10_0 (4),10_0 (4),10_0 (4).jpg,1625060385e623fe0e5af3bed03f909abfe1b58c392713b0aabdd99597840626,d229e5b5fa999818,clinical:10,train,0,0,0,0,0,NÃO CLASSIFICÁVEL,NÃO CLASSIFICÁVEL,NÃO CLASSIFICÁVEL,ablation/tissue_classic_1229/images/10_0 (4).jpg
10_1,10_1,10_1.jpg,3bd512ea0b5fd821adc368e2afc1d108bb2a082cfe75c6d2af7dabffbf1d3eac,9c4c62394e35f395,clinical:10,train,0,1,1,0,0,GRANULAÇÃO,ESFACELO,MULTI,ablation/tissue_classic_1229/images/10_1.jpg
10_2,10_2,10_2.jpg,af9d4460bf2d9f50b18278d6350a7943e6a390be2872cac4cdb032abbc7d4522,87751c9ad233f905,clinical:10,train,0,1,1,0,0,GRANULAÇÃO,ESFACELO,MULTI,ablation/tissue_classic_1229/images/10_2.jpg
10_3,10_3,10_3.jpg,8028d677b947a5325c948722e54c7310395db32559a8cd5b1fec6d46c2ac4d2e,869769936c94c5b3,clinical:10,train,0,1,1,0,0,GRANULAÇÃO,ESFACELO,MULTI,ablation/tissue_classic_1229/images/10_3.jpg
110_0,110_0,110_0.jpg,1030f460e774883b2ccac3165529a48823cc4c62ca939c3f9c5a0514cf390243,d5aad68d68343599,clinical:110,train,0,0,1,0,1,NÃO CLASSIFICÁVEL,ESFACELO,ESFACELO,ablation/tissue_classic_1229/images/110_0.jpg
110_0 (2),110_0 (2),110_0 (2).jpg,363a25bb9be84052a23ba5d688e497ef8c4c917a5a77678714db4adf420f0d89,de48d976e688cc23,clinical:110,train,0,0,0,0,1,NÃO CLASSIFICÁVEL,NÃO CLASSIFICÁVEL,NÃO CLASSIFICÁVEL,ablation/tissue_classic_1229/images/110_0 (2).jpg
110_0 (3),110_0 (3),110_0 (3).jpg,885c2fc6274c35cc87d91c4c1fdaeda0cd2fd1525189a725e89ad9d7e378a6b1,8a2f78372846f4cb,clinical:110,train,0,1,0,0,0,GRANULAÇÃO,NÃO CLASSIFICÁVEL,GRANULAÇÃO,ablation/tissue_classic_1229/images/110_0 (3).jpg
110_1,110_1,110_1.jpg,898cd6a55c77605934185238dad9f43ef16d820ae6ba83e5eef512d6b7e75d1e,8a52b96be437249b,clinical:110,train,0,0,1,0,1,NÃO CLASSIFICÁVEL,ESFACELO,ESFACELO,ablation/tissue_classic_1229/images/110_1.jpg
110_1 (2),110_1 (2),110_1 (2).jpg,90863aeebaf99f01db42bc84d3268ea64658dece16dfff00cb3f351c67142fd0,a30c20939f79f25b,clinical:110,train,0,0,0,0,0,NÃO CLASSIFICÁVEL,NÃO CLASSIFICÁVEL,NÃO CLASSIFICÁVEL,ablation/tissue_classic_1229/images/110_1 (2).jpg
110_2,110_2,110_2.jpg,c9b877ac4e47e6bf01900de9c8dff1fcdbb7798d419cff2cec0444bffdeb2218,be18c67f10537c46,clinical:110,train,0,1,0,0,0,GRANULAÇÃO,NÃO CLASSIFICÁVEL,GRANULAÇÃO,ablation/tissue_classic_1229/images/110_2.jpg
110_3,110_3,110_3.jpg,7494ed1e272876d4777d609ad34da35bdeb1bc86e5148e255d04b7e6f8ae17a1,eca4466add837325,clinical:110,train,0,0,0,0,0,NÃO CLASSIFICÁVEL,NÃO CLASSIFICÁVEL,NÃO CLASSIFICÁVEL,ablation/tissue_classic_1229/images/110_3.jpg
111_0,111_0,111_0.jpg,5592d78573d941b17662eade6119827660d6897707c7cedec33aebd5e7dc1bdf,b3c5cd58c61bccc8,clinical:111,train,0,1,0,0,0,GRANULAÇÃO,NÃO CLASSIFICÁVEL,GRANULAÇÃO,ablation/tissue_classic_1229/images/111_0.jpg
111_0 (2),111_0 (2),111_0 (2).jpg,5470f1e879dd3a8dae874e3ad14d92b543e22d16b0984ddd09423ba9371712c7,ad36da71d10c26d3,clinical:111,train,0,0,0,1,1,NÃO CLASSIFICÁVEL,NECROSE SECA,NECROSE SECA,ablation/tissue_classic_1229/images/111_0 (2).jpg
111_0 (3),111_0 (3),111_0 (3).jpg,72f78cb8a1cba702b439fe8c1b181cf83311e6be5451699ad50f1ea1578f52cf,9595969a9a6ab92c,clinical:111,train,0,1,0,0,0,GRANULAÇÃO,NÃO CLASSIFICÁVEL,GRANULAÇÃO,ablation/tissue_classic_1229/images/111_0 (3).jpg
111_1,111_1,111_1.jpg,d12c5cdf8a69dfd51f989425949b7d33fae49638c6fa4c057f93518fea69ef4c,f9e39684692934b6,clinical:111,train,0,0,0,0,0,NÃO CLASSIFICÁVEL,NÃO CLASSIFICÁVEL,NÃO CLASSIFICÁVEL,ablation/tissue_classic_1229/images/111_1.jpg
112_0,112_0,112_0.jpg,21a3d1c42c0ac143f0adc4ca0af23dbcbdf50c0c60fd487181012b89a2cfbcc4,c39c8c6a27999bcc,clinical:112,train,0,1,1,0,0,GRANULAÇÃO,ESFACELO,MULTI,ablation/tissue_classic_1229/images/112_0.jpg
112_0 (2),112_0 (2),112_0 (2).jpg,d9c4636cc5e55ea06b3ae4c59550036bd375ebdfc871a0523ab9aa56952cfb25,80001b376efc77d6,clinical:112,train,0,0,1,0,1,NÃO CLASSIFICÁVEL,ESFACELO,ESFACELO,ablation/tissue_classic_1229/images/112_0 (2).jpg
112_0 (3),112_0 (3),112_0 (3).jpg,83aba9182db6ffc80795da4395854190cf3e1ae8884749bfc994e036afdd782d,de0720de39ce6594,clinical:112,train,0,1,0,0,0,GRANULAÇÃO,NÃO CLASSIFICÁVEL,GRANULAÇÃO,ablation/tissue_classic_1229/images/112_0 (3).jpg
113_0,113_0,113_0.jpg,82d7a6e3a86b3c9820a251cefccd804c80fe73875d206115ad024c569fec669e,f745991a32696e86,clinical:113,train,0,1,0,0,0,GRANULAÇÃO,NÃO CLASSIFICÁVEL,GRANULAÇÃO,ablation/tissue_classic_1229/images/113_0.jpg
113_0 (2),113_0 (2),113_0 (2).jpg,f4141cc0be2b2ff193660bd4db8063fe1182f81d123532d905b82ea90b7873a2,916e3a6965d1a716,clinical:113,train,0,1,1,0,0,GRANULAÇÃO,ESFACELO,MULTI,ablation/tissue_classic_1229/images/113_0 (2).jpg
113_0 (3),113_0 (3),113_0 (3).jpg,f503fc291d68f3e03fdbc1743bf67480c9d8e2c825ae06ce4f2a8d413cb220a1,ff61096f289a216d,clinical:113,train,0,1,1,0,0,GRANULAÇÃO,ESFACELO,MULTI,ablation/tissue_classic_1229/images/113_0 (3).jpg
114_0,114_0,114_0.jpg,23f204a06e40ab67acd4e4491529d1dc2886e037d63aad8b1de625be53ca0158,86ec7d9260b3668d,clinical:114,train,0,0,0,0,0,NÃO CLASSIFICÁVEL,NÃO CLASSIFICÁVEL,NÃO CLASSIFICÁVEL,ablation/tissue_classic_1229/images/114_0.jpg
114_0 (2),114_0 (2),114_0 (2).jpg,acc08e52cffc75fce5f66706f05c2f43165abda45accac247830c9252809b00e,9233333b1d1d1c5e,clinical:114,train,0,0,1,0,0,NÃO CLASSIFICÁVEL,ESFACELO,ESFACELO,ablation/tissue_classic_1229/images/114_0 (2).jpg
114_0 (3),114_0 (3),114_0 (3).jpg,97b3e783227642deede5a7ae6191b6315da4b311259f0fa861a7bdde1e8aa4af,9d74c02bf11cbe29,clinical:114,train,0,1,1,0,0,GRANULAÇÃO,ESFACELO,MULTI,ablation/tissue_classic_1229/images/114_0 (3).jpg
114_1,114_1,114_1.jpg,8ac795bf595f14a3e4092be659f16bd924e04ae9ba5bc28ac1d0f776bbba3eec,a766d949769109f8,clinical:114,train,0,0,0,0,0,NÃO CLASSIFICÁVEL,NÃO CLASSIFICÁVEL,NÃO CLASSIFICÁVEL,ablation/tissue_classic_1229/images/114_1.jpg
115_0,115_0,115_0.jpg,97e8cffa619b5af55693a464f66caf1ee6fc1d6557125d9fff5fa3cc4ab467d3,8ed5108a7378ef45,clinical:115,train,0,0,1,0,1,NÃO CLASSIFICÁVEL,ESFACELO,ESFACELO,ablation/tissue_classic_1229/images/115_0.jpg
115_0 (2),115_0 (2),115_0 (2).jpg,15da5ba156160685ec313c263a36809dcfea6560bb78dcf850e02b9fe9bd3c58,bac8e7029e371c66,clinical:115,train,0,1,0,0,0,GRANULAÇÃO,NÃO CLASSIFICÁVEL,GRANULAÇÃO,ablation/tissue_classic_1229/images/115_0 (2).jpg
115_0 (3),115_0 (3),115_0 (3).jpg,fc170bd4641988780789d560309af95e86455403cd6f0a8474f301b4f0530342,96bcd9b3618ca631,clinical:115,train,0,0,0,0,0,NÃO CLASSIFICÁVEL,NÃO CLASSIFICÁVEL,NÃO CLASSIFICÁVEL,ablation/tissue_classic_1229/images/115_0 (3).jpg
115_1,115_1,115_1.jpg,480e8b0a5a72f6724a942f1f2662529dd00f71d2ea362c59aa2ee1bfa1981a07,bfa48998646723b3,clinical:115,train,0,1,0,0,0,GRANULAÇÃO,NÃO CLASSIFICÁVEL,GRANULAÇÃO,ablation/tissue_classic_1229/images/115_1.jpg
116_0,116_0,116_0.jpg,1ee89cf1bbb6ab85094053a8b77aaf8ded798f9f70007cc9dd09bddda76361f8,ac78f8f8f8e0e0e0,clinical:116,train,0,0,1,0,1,NÃO CLASSIFICÁVEL,ESFACELO,ESFACELO,ablation/tissue_classic_1229/images/116_0.jpg
116_0 (2),116_0 (2),116_0 (2).jpg,0a903440626233246951b960de36febefbba603374b738606111102cf6122e33,910408198fbbff37,clinical:116,train,0,0,1,0,1,NÃO CLASSIFICÁVEL,ESFACELO,ESFACELO,ablation/tissue_classic_1229/images/116_0 (2).jpg
116_0 (3),116_0 (3),116_0 (3).jpg,8074334835746edb82103ee9051d7c655669909971c415706d44a85c4352e7d0,95c99c0e9cb4cc79,clinical:116,train,0,1,0,0,0,GRANULAÇÃO,NÃO CLASSIFICÁVEL,GRANULAÇÃO,ablation/tissue_classic_1229/images/116_0 (3).jpg
118_0,118_0,118_0.jpg,f3c0d49a882c49085f90ae20b0ba05edbcb04783e5f66b4fb77c4ffbee2b271e,abc84483df3f03a3,clinical:118,train,0,1,0,0,0,GRANULAÇÃO,NÃO CLASSIFICÁVEL,GRANULAÇÃO,ablation/tissue_classic_1229/images/118_0.jpg
118_0 (2),118_0 (2),118_0 (2).jpg,d0cd01f86a4a1b58ba4325268ec12e2524f366784d360954d1c6da783cb5292f,8e18f82118ff61f3,clinical:118,train,0,0,0,0,0,NÃO CLASSIFICÁVEL,NÃO CLASSIFICÁVEL,NÃO CLASSIFICÁVEL,ablation/tissue_classic_1229/images/118_0 (2).jpg
118_0 (3),118_0 (3),118_0 (3).jpg,db09034adcf0febcac6bcdd51d3bd70f0da687a2985b1d5905bf6ec72d93a64b,9517558a32aa795d,clinical:118,train,0,0,0,0,0,NÃO CLASSIFICÁVEL,NÃO CLASSIFICÁVEL,NÃO CLASSIFICÁVEL,ablation/tissue_classic_1229/images/118_0 (3).jpg
118_1,118_1,118_1.jpg,69a6042ad4ff4c2634d92c115c848a6ab3e71a38641dd8879630f6f95baaa2a6,95892ec63334ceb6,clinical:118,train,0,0,0,0,0,NÃO CLASSIFICÁVEL,NÃO CLASSIFICÁVEL,NÃO CLASSIFICÁVEL,ablation/tissue_classic_1229/images/118_1.jpg
118_2,118_2,118_2.jpg,ae415b23b071a5810686f8a5afabb293a11df25d62eb85e8447f14a422dff935,f501455f5c71c2f2,clinical:118,train,0,0,0,0,0,NÃO CLASSIFICÁVEL,NÃO CLASSIFICÁVEL,NÃO CLASSIFICÁVEL,ablation/tissue_classic_1229/images/118_2.jpg
118_3,118_3,118_3.jpg,50a2ed9a9b4af5a970f3e959681de0626adcfdbbc924fc4d91241fb92afd3a19,8e231bd706e44dcb,clinical:118,train,0,0,0,0,0,NÃO CLASSIFICÁVEL,NÃO CLASSIFICÁVEL,NÃO CLASSIFICÁVEL,ablation/tissue_classic_1229/images/118_3.jpg
119_0,119_0,119_0.jpg,f9453de11f3add741c61164e634c9c68f3f9a2b3e795c3d9653ffec4403f720c,d502f25f816dd724,clinical:119,train,0,0,0,0,0,NÃO CLASSIFICÁVEL,NÃO CLASSIFICÁVEL,NÃO CLASSIFICÁVEL,ablation/tissue_classic_1229/images/119_0.jpg
119_0 (2),119_0 (2),119_0 (2).jpg,9e80026c9864200bbc93c6eb13b00bb87a49d91ffbeec723b55c2a3255e38a0c,db4c24b23a9e6f06,clinical:119,train,0,0,0,0,0,NÃO CLASSIFICÁVEL,NÃO CLASSIFICÁVEL,NÃO CLASSIFICÁVEL,ablation/tissue_classic_1229/images/119_0 (2).jpg
119_0 (3),119_0 (3),119_0 (3).jpg,0929acc14391876edc23022331def92c0509d2e38c414dbc8e4323e742048eb1,84398fb33c8e3297,clinical:119,train,0,1,0,0,0,GRANULAÇÃO,NÃO CLASSIFICÁVEL,GRANULAÇÃO,ablation/tissue_classic_1229/images/119_0 (3).jpg
11_0,11_0,11_0.jpg,0d5bc4b26c9069b96dede91caf318c7ce9200aeaebb315f36cc5e999fa69c0e7,fb854fe106e9819c,clinical:11,train,0,0,1,0,1,NÃO CLASSIFICÁVEL,ESFACELO,ESFACELO,ablation/tissue_classic_1229/images/11_0.jpg
11_0 (2),11_0 (2),11_0 (2).jpg,ca3824903d95c5c75007d3dd673cd9b42f9cf0df049f849c940d69fba7f20a34,da6a68866b07f09e,clinical:11,train,0,0,1,0,0,NÃO CLASSIFICÁVEL,ESFACELO,ESFACELO,ablation/tissue_classic_1229/images/11_0 (2).jpg
11_0 (3),11_0 (3),11_0 (3).jpg,b7b7a640e71b6d2007dfab7899f458881d03046f331b2020ddfeee98243b51ab,c4d71bc41ddf1704,clinical:11,train,0,1,1,0,0,GRANULAÇÃO,ESFACELO,MULTI,ablation/tissue_classic_1229/images/11_0 (3).jpg
11_0 (4),11_0 (4),11_0 (4).jpg,2593e43d8c2d88f75f7bbf9a800a093ac56c289b7f045c6120ce15258112f94e,abffdebe53800003,clinical:11,train,0,0,0,1,1,NÃO CLASSIFICÁVEL,NECROSE SECA,NECROSE SECA,ablation/tissue_classic_1229/images/11_0 (4).jpg
11_1,11_1,11_1.jpg,8959f836c3869c5ae9079492359ab2abe47a0c058f520c5af2746d370cb521f2,fe801fe6337230b8,clinical:11,train,0,0,1,0,1,NÃO CLASSIFICÁVEL,ESFACELO,ESFACELO,ablation/tissue_classic_1229/images/11_1.jpg
11_1 (2),11_1 (2),11_1 (2).jpg,e25c63a3b6e2011acf28779ada3ac838a3c3c91851ce110c942181f7bbc0e78e,d7765a8b321dcc21,clinical:11,train,0,1,1,0,0,GRANULAÇÃO,ESFACELO,MULTI,ablation/tissue_classic_1229/images/11_1 (2).jpg
11_1 (3),11_1 (3),11_1 (3).jpg,0fdf6f0e97a713935e85917ee7fb2e6ccbb33ea2c780c80cb7b64708f19e53da,ada6922d976f8c41,clinical:11,train,0,0,0,0,0,NÃO CLASSIFICÁVEL,NÃO CLASSIFICÁVEL,NÃO CLASSIFICÁVEL,ablation/tissue_classic_1229/images/11_1 (3).jpg
11_2,11_2,11_2.jpg,0c28486d70cccaf57c08bbe724147386fc79e15aa55fde66535564c5e975a086,afafefcfc3c00040,clinical:11,train,0,0,1,0,1,NÃO CLASSIFICÁVEL,ESFACELO,ESFACELO,ablation/tissue_classic_1229/images/11_2.jpg
11_2 (2),11_2 (2),11_2 (2).jpg,9375985af2001f079bf26e2a6aed4ed7d1c96a09649e7f864e5e3ca9e4f93d51,bcee6ab34ad016b0,clinical:11,train,0,1,0,0,0,GRANULAÇÃO,NÃO CLASSIFICÁVEL,GRANULAÇÃO,ablation/tissue_classic_1229/images/11_2 (2).jpg
11_2 (3),11_2 (3),11_2 (3).jpg,de8f93a5c6a0e990b23d47072d159cfa923dd2f347dad42abd91e826ff82d0ee,8db25ab46ad5496a,clinical:11,train,0,0,0,0,0,NÃO CLASSIFICÁVEL,NÃO CLASSIFICÁVEL,NÃO CLASSIFICÁVEL,ablation/tissue_classic_1229/images/11_2 (3).jpg
11_3,11_3,11_3.jpg,972b9ee8666bf77bbbcc4fa510e1cf7127aa92cebc721422d7adf9937758ee87,dc2733cc8c5323c7,clinical:11,train,0,0,0,0,0,NÃO CLASSIFICÁVEL,NÃO CLASSIFICÁVEL,NÃO CLASSIFICÁVEL,ablation/tissue_classic_1229/images/11_3.jpg
11_4,11_4,11_4.jpg,7bb044eac165f82b501993d84b85058f7e059e6a48e5f19873044a3e7c09ba63,cace30f83f809ba3,clinical:11,train,0,0,1,0,1,NÃO CLASSIFICÁVEL,ESFACELO,ESFACELO,ablation/tissue_classic_1229/images/11_4.jpg
11_5,11_5,11_5.jpg,109f1d004b856bae05ec1f1a94e654cbcb0c3929b7e4b8931e23b15020aff491,dfdf32a48c46b290,clinical:11,train,0,0,1,0,1,NÃO CLASSIFICÁVEL,ESFACELO,ESFACELO,ablation/tissue_classic_1229/images/11_5.jpg
120_0,120_0,120_0.jpg,28b774aad7419fca374fb54f35b8d15d4a7402f91466df21592e1bf09404b7fb,e1e69f189465cd32,clinical:120,train,0,0,1,0,1,NÃO CLASSIFICÁVEL,ESFACELO,ESFACELO,ablation/tissue_classic_1229/images/120_0.jpg
120_0 (2),120_0 (2),120_0 (2).jpg,bb14e437ce0f71174e6edb31a9790e3957269189de809d7a12d609c0b7041a43,dcaed4422eb5da09,clinical:120,train,0,1,0,0,0,GRANULAÇÃO,NÃO CLASSIFICÁVEL,GRANULAÇÃO,ablation/tissue_classic_1229/images/120_0 (2).jpg
120_0 (3),120_0 (3),120_0 (3).jpg,b06c9cfaeb636eb31b9901b91ebc9d4a3e576351aea7f5530ae3c421af85c386,956c9a316bf2a698,clinical:120,train,0,1,0,0,0,GRANULAÇÃO,NÃO CLASSIFICÁVEL,GRANULAÇÃO,ablation/tissue_classic_1229/images/120_0 (3).jpg
121_0,121_0,121_0.jpg,810ebe8d2db64ec9a76899996d9d361babf8845c846b37794b610b6ebe185081,df9003f506f700bb,clinical:121,train,0,1,0,0,0,GRANULAÇÃO,NÃO CLASSIFICÁVEL,GRANULAÇÃO,ablation/tissue_classic_1229/images/121_0.jpg
121_0 (2),121_0 (2),121_0 (2).jpg,ed104d8d377397031b341ef3fb0b1deef9326dc12eba4b88f86d32e47587a72e,bfdde42029d5d070,clinical:121,train,0,0,0,0,0,NÃO CLASSIFICÁVEL,NÃO CLASSIFICÁVEL,NÃO CLASSIFICÁVEL,ablation/tissue_classic_1229/images/121_0 (2).jpg
121_0 (3),121_0 (3),121_0 (3).jpg,d9f5c8ad71cec132c136fdb5d9edd427023bf6df408d13ffab375a7d1ba5ee5a,80ff8d643399cce4,clinical:121,train,0,1,0,0,0,GRANULAÇÃO,NÃO CLASSIFICÁVEL,GRANULAÇÃO,ablation/tissue_classic_1229/images/121_0 (3).jpg
122_0,122_0,122_0.jpg,b28fe480f35ed55eb319f3ccd622344279926eaafcb21dbe2fe22f36aaa87394,f8e88dc6e30e8e31,clinical:122,train,0,0,0,0,0,NÃO CLASSIFICÁVEL,NÃO CLASSIFICÁVEL,NÃO CLASSIFICÁVEL,ablation/tissue_classic_1229/images/122_0.jpg
122_0 (2),122_0 (2),122_0 (2).jpg,d077bdb22f85aead176d7d646ef2e2292767f482d8f2f533a9c89498609a58bf,a88393ad8eb6b48b,clinical:122,train,0,0,0,0,0,NÃO CLASSIFICÁVEL,NÃO CLASSIFICÁVEL,NÃO CLASSIFICÁVEL,ablation/tissue_classic_1229/images/122_0 (2).jpg
122_0 (3),122_0 (3),122_0 (3).jpg,e6a2d9143383b1654df419218b6486f7ade480a4d52975ef56296e42d99ec2fd,ac490bda7b62c3cc,clinical:122,train,0,0,0,0,0,NÃO CLASSIFICÁVEL,NÃO CLASSIFICÁVEL,NÃO CLASSIFICÁVEL,ablation/tissue_classic_1229/images/122_0 (3).jpg
122_1 (2),122_1 (2),122_1 (2).jpg,2f475fcfd177d435e5909cb277f893f112c28f1f88736853da99b89c0bb9deb2,e95af4c34f711470,clinical:122,train,0,1,0,0,0,GRANULAÇÃO,NÃO CLASSIFICÁVEL,GRANULAÇÃO,ablation/tissue_classic_1229/images/122_1 (2).jpg
122_2,122_2,122_2.jpg,742108b6752d6445446fe8cd2e6a5fdb9c1974b0f9e46ebf7a50b64f974bcc55,d69dc8702633d9d4,clinical:122,train,0,0,0,0,0,NÃO CLASSIFICÁVEL,NÃO CLASSIFICÁVEL,NÃO CLASSIFICÁVEL,ablation/tissue_classic_1229/images/122_2.jpg
122_3,122_3,122_3.jpg,33cdfc5af1f92d19e0b7d755c56d34fb0feae4e8769b6698c01122166a609a5c,d1b49aa65469796c,clinical:122,train,0,0,0,0,0,NÃO CLASSIFICÁVEL,NÃO CLASSIFICÁVEL,NÃO CLASSIFICÁVEL,ablation/tissue_classic_1229/images/122_3.jpg
123_0,123_0,123_0.jpg,90c98fa68e16499bd3d4dbf440558361e255ea372f7ea1e8a83264276968f205,ded265898bc67183,clinical:123,train,0,0,0,0,0,NÃO CLASSIFICÁVEL,NÃO CLASSIFICÁVEL,NÃO CLASSIFICÁVEL,ablation/tissue_classic_1229/images/123_0.jpg
123_0 (2),123_0 (2),123_0 (2).jpg,c1c63b421b75e7073c0d78f18dbf1df8bb494793b7e9fb2bdf14562fabed6087,bf1f85b0e052646b,clinical:123,train,0,1,1,0,0,GRANULAÇÃO,ESFACELO,MULTI,ablation/tissue_classic_1229/images/123_0 (2).jpg
123_0 (3),123_0 (3),123_0 (3).jpg,7367d70b95e4adc276eaf80b3849a4b6058996d30e11e1d0ba28a74b4ddb00de,efa1b0cc336a8639,clinical:123,train,0,0,0,0,0,NÃO CLASSIFICÁVEL,NÃO CLASSIFICÁVEL,NÃO CLASSIFICÁVEL,ablation/tissue_classic_1229/images/123_0 (3).jpg
126_0,126_0,126_0.jpg,c1b1fd5cdcbf631986574b840f508b8824037e8076f820a795d21bdfbb4db23c,fb84c85ca142c7fa,clinical:126,train,0,1,0,0,0,GRANULAÇÃO,NÃO CLASSIFICÁVEL,GRANULAÇÃO,ablation/tissue_classic_1229/images/126_0.jpg
126_0 (2),126_0 (2),126_0 (2).jpg,82d7b64e565388f62cd5193bde0665c37408de4539a883e78fad0f76c7858aed,fe50c06e9f6838b1,clinical:126,train,0,0,0,0,0,NÃO CLASSIFICÁVEL,NÃO CLASSIFICÁVEL,NÃO CLASSIFICÁVEL,ablation/tissue_classic_1229/images/126_0 (2).jpg
126_0 (3),126_0 (3),126_0 (3).jpg,0604dfbe03f448551b6f9cbd4f4684c30534efa76aa5df0179050a7df99ab9a0,be6093948fd2c6ca,clinical:126,train,0,1,0,0,0,GRANULAÇÃO,NÃO CLASSIFICÁVEL,GRANULAÇÃO,ablation/tissue_classic_1229/images/126_0 (3).jpg
127_0,127_0,127_0.jpg,cd6b249c9aefe19697ceea12d35afea91e27fa7d713a498a65b84f1f3bc4d5e2,871f9f2f0e11c938,clinical:127,train,0,0,0,0,0,NÃO CLASSIFICÁVEL,NÃO CLASSIFICÁVEL,NÃO CLASSIFICÁVEL,ablation/tissue_classic_1229/images/127_0.jpg
127_0 (2),127_0 (2),127_0 (2).jpg,5a6a30c3ccfe9e2669d1aea568ff71e9f3b3a63138d434e849f43d124cc29ca6,d12b86b009c36f7e,clinical:127,train,0,0,1,0,0,NÃO CLASSIFICÁVEL,ESFACELO,ESFACELO,ablation/tissue_classic_1229/images/127_0 (2).jpg
127_0 (3),127_0 (3),127_0 (3).jpg,2cefb966c04eb1fc0e786aeeb4bc3049fa83e426254a522d37f966f07d2854d7,f0de8ecd3ae48c18,clinical:127,train,0,1,0,0,0,GRANULAÇÃO,NÃO CLASSIFICÁVEL,GRANULAÇÃO,ablation/tissue_classic_1229/images/127_0 (3).jpg
128_0,128_0,128_0.jpg,91156744976cc37532c47e1f24c68e8baaddb2daf769f3bbae39462cd1cb6cc3,b0984c6c1c7ede1e,clinical:128,train,0,1,0,0,0,GRANULAÇÃO,NÃO CLASSIFICÁVEL,GRANULAÇÃO,ablation/tissue_classic_1229/images/128_0.jpg
128_0 (2),128_0 (2),128_0 (2).jpg,bbc9b018ec286bf2ee9db714f6bc0fdf83b2060967dc1018d7c2040bcf539657,f5804f3635719c4b,clinical:128,train,0,1,0,0,0,GRANULAÇÃO,NÃO CLASSIFICÁVEL,GRANULAÇÃO,ablation/tissue_classic_1229/images/128_0 (2).jpg
128_0 (3),128_0 (3),128_0 (3).jpg,f3a13f948bc6d3e8ec5a8257e8164dab437effc2eba1cf688d03cffb83d0329e,e0d5fa604c8f22cf,clinical:128,train,0,1,0,0,0,GRANULAÇÃO,NÃO CLASSIFICÁVEL,GRANULAÇÃO,ablation/tissue_classic_1229/images/128_0 (3).jpg
129_0,129_0,129_0.jpg,53453d598efa3493ef1f73dba1b76a2f00167c11aa658f1e28cf50df610991e8,8c07b03531e7b78d,clinical:129,train,0,0,0,0,0,NÃO CLASSIFICÁVEL,NÃO CLASSIFICÁVEL,NÃO CLASSIFICÁVEL,ablation/tissue_classic_1229/images/129_0.jpg
129_0 (2),129_0 (2),129_0 (2).jpg,4e8d1fd799408bb7b56c5dc604e21d478f39d1c14abf81a4fa71c1120830626c,e5b6c34f98921993,clinical:129,train,0,1,0,0,0,GRANULAÇÃO,NÃO CLASSIFICÁVEL,GRANULAÇÃO,ablation/tissue_classic_1229/images/129_0 (2).jpg
129_1,129_1,129_1.jpg,819d74557d5141d9bfb6668533de9aa62b557ff2be31695f76c9d0daa6496452,8b29bd24e625667c,clinical:129,train,0,0,0,0,0,NÃO CLASSIFICÁVEL,NÃO CLASSIFICÁVEL,NÃO CLASSIFICÁVEL,ablation/tissue_classic_1229/images/129_1.jpg
129_2,129_2,129_2.jpg,9f90b4ebd35e975bb18d260305e0e78dd3d2ad7233f8d01077e875f166e7b45d,a595923dbb3a3063,clinical:129,train,0,0,0,0,0,NÃO CLASSIFICÁVEL,NÃO CLASSIFICÁVEL,NÃO CLASSIFICÁVEL,ablation/tissue_classic_1229/images/129_2.jpg
129_3,129_3,129_3.jpg,c1204c635f0ae992fa9d1aac6faf3a6b124c72557b95b9611c8747e4f367bbaa,d5d49a1a9664669b,clinical:129,train,0,0,0,0,0,NÃO CLASSIFICÁVEL,NÃO CLASSIFICÁVEL,NÃO CLASSIFICÁVEL,ablation/tissue_classic_1229/images/129_3.jpg
12_0,12_0,12_0.jpg,9c70179fcad5e8a7f7b1a548ecb36cda3794d02513976c2ac3b7e3e24be3c645,dc95c13f4e2872a5,clinical:12,train,0,0,0,1,1,NÃO CLASSIFICÁVEL,NECROSE SECA,NECROSE SECA,ablation/tissue_classic_1229/images/12_0.jpg
12_0 (2),12_0 (2),12_0 (2).jpg,f8ea7a4dba55e829e42bcbbd566a3aae1ff92b039a935178a7c2f50137e60006,b6d2d6684c246773,clinical:12,train,0,0,1,0,0,NÃO CLASSIFICÁVEL,ESFACELO,ESFACELO,ablation/tissue_classic_1229/images/12_0 (2).jpg
12_0 (3),12_0 (3),12_0 (3).jpg,0a8e80a264b34836ec69217a221b297190a8b3a43f385b9fbbcbfd351562ddf4,a24fcd58a7d92471,clinical:12,train,0,1,1,0,0,GRANULAÇÃO,ESFACELO,MULTI,ablation/tissue_classic_1229/images/12_0 (3).jpg
130_0,130_0,130_0.jpg,feb4e82794ad94804d174847c406972bb8d9efa75281fce047e2a80ea7f44151,9e017c95349237bb,clinical:130,train,0,0,1,0,1,NÃO CLASSIFICÁVEL,ESFACELO,ESFACELO,ablation/tissue_classic_1229/images/130_0.jpg
130_0 (2),130_0 (2),130_0 (2).jpg,66b8a6c54db4f7d7cf1f4068742343a270726b2b0025fae92f64666df665a5b5,851fd6a42cb15f70,clinical:130,train,0,1,0,0,0,GRANULAÇÃO,NÃO CLASSIFICÁVEL,GRANULAÇÃO,ablation/tissue_classic_1229/images/130_0 (2).jpg
131_0,131_0,131_0.jpg,c4197bc297c84626b20978f5c0b3e65a00761eb9d4b3556dbf8a3ceb098900c8,9316bc63ce9b22c6,clinical:131,train,0,0,0,0,0,NÃO CLASSIFICÁVEL,NÃO CLASSIFICÁVEL,NÃO CLASSIFICÁVEL,ablation/tissue_classic_1229/images/131_0.jpg
131_0 (2),131_0 (2),131_0 (2).jpg,33b805d787904b8fd03c7116960dbbcafb885f42149b529efda0497cc80490cf,dffe960099d72d00,clinical:131,train,0,1,0,0,0,GRANULAÇÃO,NÃO CLASSIFICÁVEL,GRANULAÇÃO,ablation/tissue_classic_1229/images/131_0 (2).jpg
131_1,131_1,131_1.jpg,0054838ceae4ad86174969866970fc9ef797b364b64c921937be6e7d01734aa3,f0e7c7d46a983066,clinical:131,train,0,1,0,0,0,GRANULAÇÃO,NÃO CLASSIFICÁVEL,GRANULAÇÃO,ablation/tissue_classic_1229/images/131_1.jpg
132_0,132_0,132_0.jpg,579028561ada3ccb87000304e6ce9d1a49a659e0a8491479db6ff4bc9e049e5a,f748d86761723269,clinical:132,train,0,0,0,0,0,NÃO CLASSIFICÁVEL,NÃO CLASSIFICÁVEL,NÃO CLASSIFICÁVEL,ablation/tissue_classic_1229/images/132_0.jpg
132_0 (2),132_0 (2),132_0 (2).jpg,21fff134a558987331084168693d59832b9c94ed7919625883495c92a5ee3f19,9d00cac76734b3b3,clinical:132,train,0,0,0,0,0,NÃO CLASSIFICÁVEL,NÃO CLASSIFICÁVEL,NÃO CLASSIFICÁVEL,ablation/tissue_classic_1229/images/132_0 (2).jpg
132_1,132_1,132_1.jpg,91c260def35e473b099d63e6525953f3062baee2c2b40cb3ff5d598d46e9ed0f,95709bc7216c3673,clinical:132,train,0,0,0,0,0,NÃO CLASSIFICÁVEL,NÃO CLASSIFICÁVEL,NÃO CLASSIFICÁVEL,ablation/tissue_classic_1229/images/132_1.jpg
133_0,133_0,133_0.jpg,df6bbd1c9185778c6f13f25d402fb3ac00abcf858cb0aed281853f4f0e484b3c,d1d84ec725e4329b,clinical:133,train,0,0,1,0,1,NÃO CLASSIFICÁVEL,ESFACELO,ESFACELO,ablation/tissue_classic_1229/images/133_0.jpg
133_0 (2),133_0 (2),133_0 (2).jpg,7fd2f5107112468cb1b80e38b8e9f26f1f2cc6ac408b7bfe9ef0a99cef3190d8,bfa983b488383975,clinical:133,train,0,0,0,0,0,NÃO CLASSIFICÁVEL,NÃO CLASSIFICÁVEL,NÃO CLASSIFICÁVEL,ablation/tissue_classic_1229/images/133_0 (2).jpg
135_0,135_0,135_0.jpg,80cbd50bc919fab422ce84db8a0050f4e266a7c12d93b8abb6514e3d1acab3c1,833e7073664fcc68,clinical:135,train,0,0,1,0,1,NÃO CLASSIFICÁVEL,ESFACELO,ESFACELO,ablation/tissue_classic_1229/images/135_0.jpg
136_0,136_0,136_0.jpg,0b0f34f2244980101a4570fbcd884d1732d3f396c3a425568bc11a33d5739b52,de0f6328cc222ecf,clinical:136,train,0,0,0,0,0,NÃO CLASSIFICÁVEL,NÃO CLASSIFICÁVEL,NÃO CLASSIFICÁVEL,ablation/tissue_classic_1229/images/136_0.jpg
136_0 (2),136_0 (2),136_0 (2).jpg,342fe1575d7c3329ba525dbdafcb90a4e932cbc625d8f998b635b5cf2a95a34d,dd17a01e0b2d3e5c,clinical:136,train,0,0,0,0,0,NÃO CLASSIFICÁVEL,NÃO CLASSIFICÁVEL,NÃO CLASSIFICÁVEL,ablation/tissue_classic_1229/images/136_0 (2).jpg
137_0,137_0,137_0.jpg,2738a91ef1ecaeb43a96cb92233af22d45fefa9636df5a34e5f46d7a39175ebe,f48a93b03dc2724f,clinical:137,train,0,1,0,0,0,GRANULAÇÃO,NÃO CLASSIFICÁVEL,GRANULAÇÃO,ablation/tissue_classic_1229/images/137_0.jpg
137_0 (2),137_0 (2),137_0 (2).jpg,b95d5edf4b338a280ce50acd5727a1791aad25be2414f619e01333fe5a9f3e6a,ea9ecbc520dc9c61,clinical:137,train,0,1,0,0,0,GRANULAÇÃO,NÃO CLASSIFICÁVEL,GRANULAÇÃO,ablation/tissue_classic_1229/images/137_0 (2).jpg
137_1,137_1,137_1.jpg,7a68d1f17ae4e04ce5521147498780f115ddf87e5f07dac0a9409e2920eda36d,ff28a5976a1b9248,clinical:137,train,0,0,0,0,0,NÃO CLASSIFICÁVEL,NÃO CLASSIFICÁVEL,NÃO CLASSIFICÁVEL,ablation/tissue_classic_1229/images/137_1.jpg
138_0,138_0,138_0.jpg,5cf57a07f2eabd4f72f39752bdde60acf3b7762c2ee309447ef102ede72010c6,cad169d635d6244b,clinical:138,train,0,0,0,0,0,NÃO CLASSIFICÁVEL,NÃO CLASSIFICÁVEL,NÃO CLASSIFICÁVEL,ablation/tissue_classic_1229/images/138_0.jpg
138_0 (2),138_0 (2),138_0 (2).jpg,a0308094401e0c16d094d510e7727aab9c7729fccf9d704191f3901de7eb6891,d12352456e58cb7b,clinical:138,train,0,0,1,0,1,NÃO CLASSIFICÁVEL,ESFACELO,ESFACELO,ablation/tissue_classic_1229/images/138_0 (2).jpg
138_1,138_1,138_1.jpg,6357fa11e64f8713861086619b3065ccb5bb1d03ec9e83bdbd5d65d1a69a1089,90706c2f571f387c,clinical:138,train,0,1,0,0,0,GRANULAÇÃO,NÃO CLASSIFICÁVEL,GRANULAÇÃO,ablation/tissue_classic_1229/images/138_1.jpg
138_1 (2),138_1 (2),138_1 (2).jpg,32a5d15b89b90f751c4f8147ae43ade2da4e8e7284e3b8287c679135fcafa90b,f1614e4ab2a5e43b,clinical:138,train,0,0,0,1,1,NÃO CLASSIFICÁVEL,NECROSE SECA,NECROSE SECA,ablation/tissue_classic_1229/images/138_1 (2).jpg
13_0,13_0,13_0.jpg,4a23fb96413b9a6d4dcd58a7b515ec419b5b08d64ae15706ab14473d4eaf62b2,80eccbd36d1d3436,clinical:13,train,0,1,1,0,0,GRANULAÇÃO,ESFACELO,MULTI,ablation/tissue_classic_1229/images/13_0.jpg
13_0 (2),13_0 (2),13_0 (2).jpg,3a3799e2afa3671aa1e743dae16790f48087b7536a71a991deec127adb14e205,f2f10dce06c133cb,clinical:13,train,0,0,0,0,0,NÃO CLASSIFICÁVEL,NÃO CLASSIFICÁVEL,NÃO CLASSIFICÁVEL,ablation/tissue_classic_1229/images/13_0 (2).jpg
13_0 (3),13_0 (3),13_0 (3).jpg,9e9bb2902d9e9a0a3960a0b8298b8f80c7ff07dc7f0506ddf5503adce2909c35,fa4e8547da186d34,clinical:13,train,0,0,0,0,0,NÃO CLASSIFICÁVEL,NÃO CLASSIFICÁVEL,NÃO CLASSIFICÁVEL,ablation/tissue_classic_1229/images/13_0 (3).jpg
13_0 (4),13_0 (4),13_0 (4).jpg,8fe216ec624bf7b1759d85c5f2d744bfa82ad679e1d919934515ac53713423eb,91aad6d2895866b7,clinical:13,train,1,0,0,0,0,HIPEREMIA,NÃO CLASSIFICÁVEL,HIPEREMIA,ablation/tissue_classic_1229/images/13_0 (4).jpg
13_1,13_1,13_1.jpg,ca10323260f8366bc0213ed16e084e93afac055ce221b274537aa2d6a6d3c163,ad9018e97de75886,clinical:13,train,0,0,0,0,0,NÃO CLASSIFICÁVEL,NÃO CLASSIFICÁVEL,NÃO CLASSIFICÁVEL,ablation/tissue_classic_1229/images/13_1.jpg
13_1 (2),13_1 (2),13_1 (2).jpg,9cc26895a320bee7f42594c5f9973ce48e7088fbc2f36bc568564d51ea1348ed,e8268779389ec19b,clinical:13,train,0,1,0,0,0,GRANULAÇÃO,NÃO CLASSIFICÁVEL,GRANULAÇÃO,ablation/tissue_classic_1229/images/13_1 (2).jpg
13_2,13_2,13_2.jpg,0c4f1552d192c1d5928217d269ccae8db315f25fe12b8f969da8a7627107ded6,f455d5705aaa2c69,clinical:13,train,0,1,1,0,0,GRANULAÇÃO,ESFACELO,MULTI,ablation/tissue_classic_1229/images/13_2.jpg
140_0,140_0,140_0.jpg,89504cc7b7ef863c0b9efe285714e637f6fb24123a5456077e2e2c149670d00a,851fbb6ec614c88d,clinical:140,train,0,0,0,0,0,NÃO CLASSIFICÁVEL,NÃO CLASSIFICÁVEL,NÃO CLASSIFICÁVEL,ablation/tissue_classic_1229/images/140_0.jpg
140_0 (2),140_0 (2),140_0 (2).jpg,c1922d55a1edcf4931fff6d16713cdf7ecf5b7d7663c13e462bec93e46629efa,fafe6420972540bb,clinical:140,train,0,1,0,0,0,GRANULAÇÃO,NÃO CLASSIFICÁVEL,GRANULAÇÃO,ablation/tissue_classic_1229/images/140_0 (2).jpg
140_1,140_1,140_1.jpg,b81190cd01067152e3d82de668a9ffb6b350dfb506c8d11e8cfb6487f942f542,adacdf4622d0bc43,clinical:140,train,0,1,0,0,0,GRANULAÇÃO,NÃO CLASSIFICÁVEL,GRANULAÇÃO,ablation/tissue_classic_1229/images/140_1.jpg
141_0,141_0,141_0.jpg,da3467dc36d1b67382ee634772b50553e18ee030f4f9b55b710655a5e015265c,a4a58f9e3a633296,clinical:141,train,0,0,1,0,0,NÃO CLASSIFICÁVEL,ESFACELO,ESFACELO,ablation/tissue_classic_1229/images/141_0.jpg
141_0 (2),141_0 (2),141_0 (2).jpg,98774c5f71e1d5eeb044c3d8d92e6c4f16534faed8b7257d0b9c4ac238b712dd,ea8640e09eff9392,clinical:141,train,1,0,0,0,0,HIPEREMIA,NÃO CLASSIFICÁVEL,HIPEREMIA,ablation/tissue_classic_1229/images/141_0 (2).jpg
141_1,141_1,141_1.jpg,096ef73a024d465f492d9335e266782d2bf9db603d8ff48188f41f7b96c3902c,e0c89b1d5c426bdb,clinical:141,train,0,0,0,0,0,NÃO CLASSIFICÁVEL,NÃO CLASSIFICÁVEL,NÃO CLASSIFICÁVEL,ablation/tissue_classic_1229/images/141_1.jpg
142_0,142_0,142_0.jpg,e396d8928ab0cb71148245cf6078594e484c7b3db8dee0168675a0039d01b4aa,bf01918b449ef78a,clinical:142,train,0,1,0,0,0,GRANULAÇÃO,NÃO CLASSIFICÁVEL,GRANULAÇÃO,ablation/tissue_classic_1229/images/142_0.jpg
142_0 (2),142_0 (2),142_0 (2).jpg,4939e41f0b4cd57e95c6bc85247549c988d0a096a1bb61919feb572e879157ab,c092850b697bd7ec,clinical:142,train,0,1,0,0,0,GRANULAÇÃO,NÃO CLASSIFICÁVEL,GRANULAÇÃO,ablation/tissue_classic_1229/images/142_0 (2).jpg
143_0,143_0,143_0.jpg,9edaf8efa2f6b5d6026832f6abd88ac68ea1ba1ce2a21f0d177248c51efdc830,97845c9d73396362,clinical:143,train,0,0,0,0,0,NÃO CLASSIFICÁVEL,NÃO CLASSIFICÁVEL,NÃO CLASSIFICÁVEL,ablation/tissue_classic_1229/images/143_0.jpg
143_0 (2),143_0 (2),143_0 (2).jpg,38c017d1a789437e158f78d087f7c0ea49a3fb630812d167b39b3ebd35de6cb1,c3cab45ea597ca05,clinical:143,train,0,0,0,0,0,NÃO CLASSIFICÁVEL,NÃO CLASSIFICÁVEL,NÃO CLASSIFICÁVEL,ablation/tissue_classic_1229/images/143_0 (2).jpg
144_0,144_0,144_0.jpg,99cc10fbe00716e18ac4f404c5b11aaa1fea024278d1dc27bf993e5fa15270f2,cf13b8ac56ead142,clinical:144,train,0,0,0,1,1,NÃO CLASSIFICÁVEL,NECROSE SECA,NECROSE SECA,ablation/tissue_classic_1229/images/144_0.jpg
144_0 (2),144_0 (2),144_0 (2).jpg,d3d8ea3eb93af7f348c9ec047c7ecd0953be2807b3a10324114209292019a5eb,c9b89593db905c9c,clinical:144,train,0,1,0,0,0,GRANULAÇÃO,NÃO CLASSIFICÁVEL,GRANULAÇÃO,ablation/tissue_classic_1229/images/144_0 (2).jpg
144_1,144_1,144_1.jpg,db122307a93b0114ec7744bef864afe7dcbc27d38ae143c3921d5ea99abed1c3,edf8383fc00f0ec8,clinical:144,train,1,1,0,0,0,AMBAS,NÃO CLASSIFICÁVEL,MULTI,ablation/tissue_classic_1229/images/144_1.jpg
144_2,144_2,144_2.jpg,c35b4ad7f00e02951dad00169d86f06e593337f528d1d543113b445a44ffee8d,c6cc33f91bb11866,clinical:144,train,0,1,0,0,0,GRANULAÇÃO,NÃO CLASSIFICÁVEL,GRANULAÇÃO,ablation/tissue_classic_1229/images/144_2.jpg
144_3,144_3,144_3.jpg,9d7c04083de804b2bb05c6654ab1fc82ead3a67c235dad6331c1ee174a0414b4,ea97d1c0e40c8f4f,clinical:144,train,0,1,0,0,0,GRANULAÇÃO,NÃO CLASSIFICÁVEL,GRANULAÇÃO,ablation/tissue_classic_1229/images/144_3.jpg
144_4,144_4,144_4.jpg,bb307248381e40b16485a7ad3ebde97839892d99d5631cbd5b81aa7006900565,eae42c67608cbb33,clinical:144,train,1,1,0,0,0,AMBAS,NÃO CLASSIFICÁVEL,MULTI,ablation/tissue_classic_1229/images/144_4.jpg
146_0,146_0,146_0.jpg,59158d56b294081c6e4a52b3c92565021f1972f88640bc8a8661c54b2d28c7c3,87f11f38e8203ceb,clinical:146,train,0,0,0,0,0,NÃO CLASSIFICÁVEL,NÃO CLASSIFICÁVEL,NÃO CLASSIFICÁVEL,ablation/tissue_classic_1229/images/146_0.jpg
146_0 (2),146_0 (2),146_0 (2).jpg,8b8d238854c48408f08efd8205bc1dc0ef2ed231f19dbe2d91d4cac2554ef1ed,de6b075f20356165,clinical:146,train,0,1,0,0,0,GRANULAÇÃO,NÃO CLASSIFICÁVEL,GRANULAÇÃO,ablation/tissue_classic_1229/images/146_0 (2).jpg
146_1,146_1,146_1.jpg,f6f562b2016963bdc47680c72927d46f672cc19307cf204015ae8d64571060a9,ac2c65bf7938c194,clinical:146,train,0,0,0,0,0,NÃO CLASSIFICÁVEL,NÃO CLASSIFICÁVEL,NÃO CLASSIFICÁVEL,ablation/tissue_classic_1229/images/146_1.jpg
146_2,146_2,146_2.jpg,028e66b7e651219b3585079f85cb4c4a871816ab94789602cb9c7fe0cacee4fb,c3151b7a21a3b39b,clinical:146,train,0,0,0,0,0,NÃO CLASSIFICÁVEL,NÃO CLASSIFICÁVEL,NÃO CLASSIFICÁVEL,ablation/tissue_classic_1229/images/146_2.jpg
147_0,147_0,147_0.jpg,fb300f318ee4b50cb1757622cd14145e2388800e41ae90bfa1da6a120d5b0b21,97c833cc239837ce,clinical:147,train,0,0,0,0,0,NÃO CLASSIFICÁVEL,NÃO CLASSIFICÁVEL,NÃO CLASSIFICÁVEL,ablation/tissue_classic_1229/images/147_0.jpg
147_0 (2),147_0 (2),147_0 (2).jpg,c05daff246551bceab4daa8b84f1dd4c2db7e29fd993f4f6fbc2c5f2e5d74ff3,b1b29a96dd93b089,clinical:147,train,0,1,0,0,0,GRANULAÇÃO,NÃO CLASSIFICÁVEL,GRANULAÇÃO,ablation/tissue_classic_1229/images/147_0 (2).jpg
147_1,147_1,147_1.jpg,fb9f9cdaf34d08b475fe5f1f7819134859ed09da1d6385a0d28d9e2516de55c4,c0e56ee626b4b499,clinical:147,train,0,0,0,0,0,NÃO CLASSIFICÁVEL,NÃO CLASSIFICÁVEL,NÃO CLASSIFICÁVEL,ablation/tissue_classic_1229/images/147_1.jpg
148_0,148_0,148_0.jpg,af63183449f6f801838df9902f755e9a05b3d4f16ee5c67f78b24692f37e5be2,de1180c8e667e47b,clinical:148,train,0,1,0,0,0,GRANULAÇÃO,NÃO CLASSIFICÁVEL,GRANULAÇÃO,ablation/tissue_classic_1229/images/148_0.jpg
148_0 (2),148_0 (2),148_0 (2).jpg,f9368401c946f16589a10595c726a2d6a36427b62c337eaebf31777f96e6534c,e5a2d391cece8c70,clinical:148,train,0,1,0,0,0,GRANULAÇÃO,NÃO CLASSIFICÁVEL,GRANULAÇÃO,ablation/tissue_classic_1229/images/148_0 (2).jpg
149_0,149_0,149_0.jpg,43cd919a5fe953c209f7947b088c507912e10bce71490e644a33b9d313a2d4a3,c91b0f6f3ef43404,clinical:149,train,0,0,1,0,1,NÃO CLASSIFICÁVEL,ESFACELO,ESFACELO,ablation/tissue_classic_1229/images/149_0.jpg
149_0 (2),149_0 (2),149_0 (2).jpg,20b03dc9b814244d5120d11e454b7c38a333ebd77fceb2f15e1ac9ed853639f6,f5f883939c83598c,clinical:149,train,0,1,0,0,0,GRANULAÇÃO,NÃO CLASSIFICÁVEL,GRANULAÇÃO,ablation/tissue_classic_1229/images/149_0 (2).jpg
14_0,14_0,14_0.jpg,6a2982c64cf168c273026a37714e50fd380012dbdc56ba6cc5a8d0bac7437876,a78cd0863c4df966,clinical:14,train,0,0,0,0,0,NÃO CLASSIFICÁVEL,NÃO CLASSIFICÁVEL,NÃO CLASSIFICÁVEL,ablation/tissue_classic_1229/images/14_0.jpg
14_0 (2),14_0 (2),14_0 (2).jpg,6109e6e73fb9d09cd2e0bb2a46f5d3369d522236ac21446125ddf9af3e99915e,a5379b8069b067c7,clinical:14,train,0,0,0,0,0,NÃO CLASSIFICÁVEL,NÃO CLASSIFICÁVEL,NÃO CLASSIFICÁVEL,ablation/tissue_classic_1229/images/14_0 (2).jpg
14_0 (3),14_0 (3),14_0 (3).jpg,52cbbcfff4f6a83e1fba5ef216d956b6e2d1b9252704a0d9eecee50974bb266b,95b71ac46bd2610f,clinical:14,train,0,0,0,1,1,NÃO CLASSIFICÁVEL,NECROSE SECA,NECROSE SECA,ablation/tissue_classic_1229/images/14_0 (3).jpg
14_0 (4),14_0 (4),14_0 (4).jpg,5d5fbb3b5ce823368117ea547f3cd930c104e23d98d10a10b2dbd01f3d27f855,ab50856ae659716b,clinical:14,train,1,0,0,0,0,HIPEREMIA,NÃO CLASSIFICÁVEL,HIPEREMIA,ablation/tissue_classic_1229/images/14_0 (4).jpg
150_0,150_0,150_0.jpg,bccec48ef81f98a3f7c65ba6200cd4eb9b0351f91aa6a0fbc8b0cc70a0d3d5b9,a4e773c059437d98,clinical:150,train,0,0,1,0,1,NÃO CLASSIFICÁVEL,ESFACELO,ESFACELO,ablation/tissue_classic_1229/images/150_0.jpg
150_0 (2),150_0 (2),150_0 (2).jpg,376ce6cde8564954bd3c14fb75a44002c4eca8f64176f5d5f20828366f94061b,aea69998c661e396,clinical:150,train,0,1,0,0,0,GRANULAÇÃO,NÃO CLASSIFICÁVEL,GRANULAÇÃO,ablation/tissue_classic_1229/images/150_0 (2).jpg
150_1,150_1,150_1.jpg,eabc51089d4f8a54167a71400ec131d45c5f89458bd9ace29a77a25937a1115c,ebe8c8328599db1a,clinical:150,train,0,1,1,0,0,GRANULAÇÃO,ESFACELO,MULTI,ablation/tissue_classic_1229/images/150_1.jpg
151_0,151_0,151_0.jpg,7fb4b5059086a33ae7f741d7f5f1af0118066c781f8af01b51fe04f862d5c10a,fecdc1d2b43311c8,clinical:151,train,0,1,0,0,0,GRANULAÇÃO,NÃO CLASSIFICÁVEL,GRANULAÇÃO,ablation/tissue_classic_1229/images/151_0.jpg
151_0 (2),151_0 (2),151_0 (2).jpg,09289680055e0442876b23cb1f9621c404f6cbab78561b7ca669f4e8d84dcc4b,d14a0f2ffd742234,clinical:151,train,0,0,0,1,1,NÃO CLASSIFICÁVEL,NECROSE SECA,NECROSE SECA,ablation/tissue_classic_1229/images/151_0 (2).jpg
151_1,151_1,151_1.jpg,099b53df27546e13a9304f018b5d1a032e3bf4dc1a9734d851ba411c3e251e7e,aad5e4c297b11e64,clinical:151,train,0,1,0,0,0,GRANULAÇÃO,NÃO CLASSIFICÁVEL,GRANULAÇÃO,ablation/tissue_classic_1229/images/151_1.jpg
152_0,152_0,152_0.jpg,c65a1c26d3e768c6983de4043c4d208588efcd3459be44161099403142c53138,f7c038cfc68c3e90,clinical:152,train,0,1,0,0,0,GRANULAÇÃO,NÃO CLASSIFICÁVEL,GRANULAÇÃO,ablation/tissue_classic_1229/images/152_0.jpg
152_0 (2),152_0 (2),152_0 (2).jpg,387c640491e8e3eeb2e243d1838ea0cc994493b910d83789196be2316b74d6d1,9e0134e4cbfbcc07,clinical:152,train,0,0,0,0,0,NÃO CLASSIFICÁVEL,NÃO CLASSIFICÁVEL,NÃO CLASSIFICÁVEL,ablation/tissue_classic_1229/images/152_0 (2).jpg
154_0,154_0,154_0.jpg,546d63edc9dfebe4399a19efe6c5b45d96486a67ff8c7af273ac0e5478c1919f,f39dcc6230cdc31c,clinical:154,train,0,1,0,0,0,GRANULAÇÃO,NÃO CLASSIFICÁVEL,GRANULAÇÃO,ablation/tissue_classic_1229/images/154_0.jpg
154_0 (2),154_0 (2),154_0 (2).jpg,f5724d6f3865a76300e16eb89d070b0a9e62cdaaaff35f8c4a01da5f1ab36bbb,f4329a656d34b691,clinical:154,train,0,0,0,0,0,NÃO CLASSIFICÁVEL,NÃO CLASSIFICÁVEL,NÃO CLASSIFICÁVEL,ablation/tissue_classic_1229/images/154_0 (2).jpg
155_0,155_0,155_0.jpg,b6152da70265a197851df2d1485522d0c3bc52133cba2beb93bdd814bbe3b977,aad49db332cc64cc,clinical:155,train,0,1,1,0,0,GRANULAÇÃO,ESFACELO,MULTI,ablation/tissue_classic_1229/images/155_0.jpg
156_0,156_0,156_0.jpg,b6ccf9d9e74d513468824c76c9f499f2abfafa5b5bfdc9fde2cecf1e58604fb3,8a8bd54d6338c7d1,clinical:156,train,0,1,0,0,0,GRANULAÇÃO,NÃO CLASSIFICÁVEL,GRANULAÇÃO,ablation/tissue_classic_1229/images/156_0.jpg
156_1,156_1,156_1.jpg,a8cb6b123c64d3f1d62682f3a19ac9a5907839a63cb24b07434a577afc46b5b4,a6319b6c3c93169b,clinical:156,train,0,1,0,0,0,GRANULAÇÃO,NÃO CLASSIFICÁVEL,GRANULAÇÃO,ablation/tissue_classic_1229/images/156_1.jpg
15_0,15_0,15_0.jpg,09847a93ad007515fa0a523cd4313ac93028203e741bde91fa60893a560ad34e,bdf5d61ac81069e1,clinical:15,train,0,0,0,0,1,NÃO CLASSIFICÁVEL,NÃO CLASSIFICÁVEL,NÃO CLASSIFICÁVEL,ablation/tissue_classic_1229/images/15_0.jpg
15_0 (2),15_0 (2),15_0 (2).jpg,4d5e2a5695903b5e486ee8f77ff7e76dc20a287007c191494c6d623864ba4a4c,de806b6905ff6431,clinical:15,train,0,1,1,0,1,GRANULAÇÃO,ESFACELO,MULTI,ablation/tissue_classic_1229/images/15_0 (2).jpg
15_0 (3),15_0 (3),15_0 (3).jpg,8672cd6a4d358a5554151838e832864599460d50d94bb48db66b0373a93da800,b742d995e6527246,clinical:15,train,0,1,0,0,0,GRANULAÇÃO,NÃO CLASSIFICÁVEL,GRANULAÇÃO,ablation/tissue_classic_1229/images/15_0 (3).jpg
15_0 (4),15_0 (4),15_0 (4).jpg,c9f545e008e5655b241ef96c310b303c9162cf68efc3fa059facbe80649c12e4,ee96e18e30cf308e,clinical:15,train,1,0,0,0,0,HIPEREMIA,NÃO CLASSIFICÁVEL,HIPEREMIA,ablation/tissue_classic_1229/images/15_0 (4).jpg
15_1,15_1,15_1.jpg,2570d6f66b7dc291c2c81406fdd14f230e26d8265ed7c50406db985547a75778,b600d997671276cd,clinical:15,train,0,1,1,0,0,GRANULAÇÃO,ESFACELO,MULTI,ablation/tissue_classic_1229/images/15_1.jpg
16_0,16_0,16_0.jpg,3768b18338885d87612c1cf7035810c6a2700b97605c1e8fab6df81f7e0eea97,a3f3c8ce29398e38,clinical:16,train,0,1,0,0,0,GRANULAÇÃO,NÃO CLASSIFICÁVEL,GRANULAÇÃO,ablation/tissue_classic_1229/images/16_0.jpg
16_0 (2),16_0 (2),16_0 (2).jpg,a2704d14bbb97cb51c0e24da3942bd237e00bf35fb3288b6971b4b2dbaaec260,f5658b92346589da,clinical:16,train,0,1,0,0,0,GRANULAÇÃO,NÃO CLASSIFICÁVEL,GRANULAÇÃO,ablation/tissue_classic_1229/images/16_0 (2).jpg
16_0 (3),16_0 (3),16_0 (3).jpg,62b0f780e6c0d4ebf611e129f6ee807eccda829e531c0b009da66e3d3f32f688,9f647847584b61ce,clinical:16,train,0,0,0,0,0,NÃO CLASSIFICÁVEL,NÃO CLASSIFICÁVEL,NÃO CLASSIFICÁVEL,ablation/tissue_classic_1229/images/16_0 (3).jpg
16_0 (4),16_0 (4),16_0 (4).jpg,d2bca9853d7a1f13d8d32af39641ba781c1118859c2ac60e0c6ed283874c4354,b23fddc0443832cf,clinical:16,train,0,1,1,0,0,GRANULAÇÃO,ESFACELO,MULTI,ablation/tissue_classic_1229/images/16_0 (4).jpg
16_1,16_1,16_1.jpg,bcb1de1e50b3881dbe49f55092e459b730ebd24115a4eacdf77a7612bfaf0cac,8177d39456c93707,clinical:16,train,0,0,0,0,0,NÃO CLASSIFICÁVEL,NÃO CLASSIFICÁVEL,NÃO CLASSIFICÁVEL,ablation/tissue_classic_1229/images/16_1.jpg
17_0,17_0,17_0.jpg,66965f2be7c8837bee69ab439099b29789896803fa4030a6ac78cbd0c20d3cf1,bf8009070f970dbf,clinical:17,train,0,0,0,0,0,NÃO CLASSIFICÁVEL,NÃO CLASSIFICÁVEL,NÃO CLASSIFICÁVEL,ablation/tissue_classic_1229/images/17_0.jpg
17_0 (2),17_0 (2),17_0 (2).jpg,fdd37f94f629d6c4e2fba325b16a0f6c2491988e3202b3f52b5f947d9272b886,d4c13b66748f3338,clinical:17,train,0,1,0,0,0,GRANULAÇÃO,NÃO CLASSIFICÁVEL,GRANULAÇÃO,ablation/tissue_classic_1229/images/17_0 (2).jpg
17_0 (3),17_0 (3),17_0 (3).jpg,a36224473da3f44bb3e5c86d3515b98692549b258e6889413912f0d525e07f56,aaeb7250c5659a9c,clinical:17,train,0,1,0,0,0,GRANULAÇÃO,NÃO CLASSIFICÁVEL,GRANULAÇÃO,ablation/tissue_classic_1229/images/17_0 (3).jpg
17_0 (4),17_0 (4),17_0 (4).jpg,89063ef32a421c97becec1b59ddbfd538e542043ed4f548b6e5c81728dddf67a,c0790a3d2d3576f2,clinical:17,train,0,0,0,0,0,NÃO CLASSIFICÁVEL,NÃO CLASSIFICÁVEL,NÃO CLASSIFICÁVEL,ablation/tissue_classic_1229/images/17_0 (4).jpg
17_1,17_1,17_1.jpg,a545cb495f35d1c122dd234e2a55d8677186956162af2a015b39cb2fe443921f,829942b659dbe699,clinical:17,train,0,0,0,0,0,NÃO CLASSIFICÁVEL,NÃO CLASSIFICÁVEL,NÃO CLASSIFICÁVEL,ablation/tissue_classic_1229/images/17_1.jpg
17_1 (2),17_1 (2),17_1 (2).jpg,e4af80e74d5b628cf959f8e3a4d08089d27920f9618a417ae69055eb3d42785f,f3d8cd6333253a30,clinical:17,train,0,1,0,0,0,GRANULAÇÃO,NÃO CLASSIFICÁVEL,GRANULAÇÃO,ablation/tissue_classic_1229/images/17_1 (2).jpg
18_0,18_0,18_0.jpg,e3a39fa758f3647849d7d018a9f03089a157b0caf83ded7370e02789a82351f5,bffeb6a870086d10,clinical:18,train,0,0,1,0,0,NÃO CLASSIFICÁVEL,ESFACELO,ESFACELO,ablation/tissue_classic_1229/images/18_0.jpg
18_0 (2),18_0 (2),18_0 (2).jpg,7c1f3066b9ed45f36d5d0af4b2967bf411de92e891193c39d4c91cc99854d337,a3e19ca630db3399,clinical:18,train,0,0,0,0,0,NÃO CLASSIFICÁVEL,NÃO CLASSIFICÁVEL,NÃO CLASSIFICÁVEL,ablation/tissue_classic_1229/images/18_0 (2).jpg
18_0 (3),18_0 (3),18_0 (3).jpg,816ee74683e5baaed6982a3ac8673176faeb5eb9b987f7f97a520951e0b72a8d,f64a8c9833669db1,clinical:18,train,0,0,0,0,0,NÃO CLASSIFICÁVEL,NÃO CLASSIFICÁVEL,NÃO CLASSIFICÁVEL,ablation/tissue_classic_1229/images/18_0 (3).jpg
18_0 (4),18_0 (4),18_0 (4).jpg,0b20068c3333ccce4ad5e59d4cafeb8c6a01d35fd594c413e8d4e7e105606073,fde5940bd8197283,clinical:18,train,1,0,0,0,0,HIPEREMIA,NÃO CLASSIFICÁVEL,HIPEREMIA,ablation/tissue_classic_1229/images/18_0 (4).jpg
18_1,18_1,18_1.jpg,f8b4eb873a4b39c05f4af5484143b08845491c144203a8683e86884488900dfa,9ccb9523dad2246e,clinical:18,train,0,0,1,0,0,NÃO CLASSIFICÁVEL,ESFACELO,ESFACELO,ablation/tissue_classic_1229/images/18_1.jpg
1_0,1_0,1_0.jpg,5cc483cc4ed79b7e0a85514be78a65878a9a0025a102eb8fb9bdb5f4ac5f1b1a,87bb58a563968639,clinical:1,train,0,0,0,0,0,NÃO CLASSIFICÁVEL,NÃO CLASSIFICÁVEL,NÃO CLASSIFICÁVEL,ablation/tissue_classic_1229/images/1_0.jpg
1_0 (2),1_0 (2),1_0 (2).jpg,eaa6b6b512b1cbf15fd6eb7a3d7be8a64d5ef517c744a8ec31a08e01df8938fc,d1137fccf13ec022,clinical:1,train,0,0,1,0,1,NÃO CLASSIFICÁVEL,ESFACELO,ESFACELO,ablation/tissue_classic_1229/images/1_0 (2).jpg
1_0 (3),1_0 (3),1_0 (3).jpg,603ec082526b568313c80d0f5d97f027d333e3002a766df3b011a59f3b92ffb5,aeea3311cd1ac52d,clinical:1,train,0,0,0,0,0,NÃO CLASSIFICÁVEL,NÃO CLASSIFICÁVEL,NÃO CLASSIFICÁVEL,ablation/tissue_classic_1229/images/1_0 (3).jpg
1_0 (4),1_0 (4),1_0 (4).jpg,73f497c1171b46ed76e4e9e31b88adb3c15e2e258a8fffc7af951a4a553bcb50,ac3293c5db272c2e,clinical:1,train,1,0,0,0,0,HIPEREMIA,NÃO CLASSIFICÁVEL,HIPEREMIA,ablation/tissue_classic_1229/images/1_0 (4).jpg
20_0,20_0,20_0.jpg,645687a8a7b1c2f56565c41df3345eadfef36d1a03c7595a3289d197e848e79c,df01f0773526629a,clinical:20,train,0,0,1,0,1,NÃO CLASSIFICÁVEL,ESFACELO,ESFACELO,ablation/tissue_classic_1229/images/20_0.jpg
20_0 (2),20_0 (2),20_0 (2).jpg,31aa71eb815be076cf0e2193ae5135854ca0d5a0bcf1d999e334f8f3d9c17b7b,f24e0db10cce3a9d,clinical:20,train,0,1,0,0,0,GRANULAÇÃO,NÃO CLASSIFICÁVEL,GRANULAÇÃO,ablation/tissue_classic_1229/images/20_0 (2).jpg
20_0 (3),20_0 (3),20_0 (3).jpg,cbeca6e324e92f01d0df60a0bcd3f41ad58e34e2250a89e08644452b34070ad6,9a7c15fa0040bb7f,clinical:20,train,0,1,0,0,0,GRANULAÇÃO,NÃO CLASSIFICÁVEL,GRANULAÇÃO,ablation/tissue_classic_1229/images/20_0 (3).jpg
20_0 (4),20_0 (4),20_0 (4).jpg,cae19482f35684e6581adeba4d8bfb9c53cde44799140e1ccf13b90928c2be78,95aab8d5a0fe8278,clinical:20,train,1,0,0,0,0,HIPEREMIA,NÃO CLASSIFICÁVEL,HIPEREMIA,ablation/tissue_classic_1229/images/20_0 (4).jpg
20_1,20_1,20_1.jpg,59cd2c201bb64da45b676fffefab343cc18819ba14ada94dfd31e02974e3c9a8,eb4ad893936262cd,clinical:20,train,0,0,0,0,0,NÃO CLASSIFICÁVEL,NÃO CLASSIFICÁVEL,NÃO CLASSIFICÁVEL,ablation/tissue_classic_1229/images/20_1.jpg
21_0,21_0,21_0.jpg,1e1075a105f3820c0f21658a48b1f688b486d49d01a17b742680cbd2fe265808,a1b014c77b97e558,clinical:21,train,0,0,1,0,1,NÃO CLASSIFICÁVEL,ESFACELO,ESFACELO,ablation/tissue_classic_1229/images/21_0.jpg
21_0 (2),21_0 (2),21_0 (2).jpg,4c029bb10551ee3f62f9349c2997e36250541bc7569b78e2a9fecbd754d4902a,f13a52e9188e63b3,clinical:21,train,0,1,0,0,0,GRANULAÇÃO,NÃO CLASSIFICÁVEL,GRANULAÇÃO,ablation/tissue_classic_1229/images/21_0 (2).jpg
21_0 (3),21_0 (3),21_0 (3).jpg,868e386a2ecccc2c09dff3e750303377bf1275ffeaae0cc48d146b68216a198e,d50ec75c9a2d2995,clinical:21,train,0,1,0,0,0,GRANULAÇÃO,NÃO CLASSIFICÁVEL,GRANULAÇÃO,ablation/tissue_classic_1229/images/21_0 (3).jpg
21_0 (4),21_0 (4),21_0 (4).jpg,aa3711827e9083e1f7f3b401ebe4f4ca6dc5aa6834df669318a2ba95fef1c758,a5155a1f39f07299,clinical:21,train,0,0,0,0,0,NÃO CLASSIFICÁVEL,NÃO CLASSIFICÁVEL,NÃO CLASSIFICÁVEL,ablation/tissue_classic_1229/images/21_0 (4).jpg
22_0,22_0,22_0.jpg,a90db8bae9dbf4463c561c988832a2fc06be80cabe50ddadaffac3cf9f5aee4c,cce56db62242746d,clinical:22,train,0,1,0,0,0,GRANULAÇÃO,NÃO CLASSIFICÁVEL,GRANULAÇÃO,ablation/tissue_classic_1229/images/22_0.jpg
22_0 (2),22_0 (2),22_0 (2).jpg,18efd785096457e9633870cbe8698db73d485929eb78b246f63b3dae2ed2a4f4,b4ec36c32e49bc07,clinical:22,train,1,0,0,0,0,HIPEREMIA,NÃO CLASSIFICÁVEL,HIPEREMIA,ablation/tissue_classic_1229/images/22_0 (2).jpg
22_0 (3),22_0 (3),22_0 (3).jpg,774914198dfe6e9a96da46fa60208a0e8e8fa11e7cb985c9264c5b07382fcad5,d19c9ae53453c663,clinical:22,train,0,1,0,0,0,GRANULAÇÃO,NÃO CLASSIFICÁVEL,GRANULAÇÃO,ablation/tissue_classic_1229/images/22_0 (3).jpg
22_0 (4),22_0 (4),22_0 (4).jpg,75e2c83a0212d45f773915fdcc8075068ec013a1c709304c5f2a793b7df63a53,bf57d77ec080c203,clinical:22,train,1,0,0,0,0,HIPEREMIA,NÃO CLASSIFICÁVEL,HIPEREMIA,ablation/tissue_classic_1229/images/22_0 (4).jpg
23_0,23_0,23_0.jpg,cc8bda4f86bdc3c0f0846e75cfba1c3f94800ed381b378adbd909aa85736d1a6,c4621b8c6db866f9,clinical:23,train,0,1,0,0,0,GRANULAÇÃO,NÃO CLASSIFICÁVEL,GRANULAÇÃO,ablation/tissue_classic_1229/images/23_0.jpg
23_0 (2),23_0 (2),23_0 (2).jpg,2b56f24dcff076096617820bf9ce65448965750000133c2dc0ad7e1eea0935e8,ff028a785863b716,clinical:23,train,0,0,0,0,0,NÃO CLASSIFICÁVEL,NÃO CLASSIFICÁVEL,NÃO CLASSIFICÁVEL,ablation/tissue_classic_1229/images/23_0 (2).jpg
23_0 (3),23_0 (3),23_0 (3).jpg,c4cb0d282e39ecf6abc263f7b989dc4e5ee4e9c75e83d29ba7195749877ff20c,9700df756728dd88,clinical:23,train,1,0,0,0,0,HIPEREMIA,NÃO CLASSIFICÁVEL,HIPEREMIA,ablation/tissue_classic_1229/images/23_0 (3).jpg
23_0 (4),23_0 (4),23_0 (4).jpg,334ad69a8b6f73c3d9e89a0640b1ec32a82d474fcfccdfd19e3ac2ef21a9599e,d71080fe2664ee67,clinical:23,train,1,0,0,0,0,HIPEREMIA,NÃO CLASSIFICÁVEL,HIPEREMIA,ablation/tissue_classic_1229/images/23_0 (4).jpg
23_1,23_1,23_1.jpg,7cf43b384cc96563abafcd5ead9073f284a99704663e856c21599f1a7ff39ef0,b8cad5959b20adb2,clinical:23,train,0,0,0,0,0,NÃO CLASSIFICÁVEL,NÃO CLASSIFICÁVEL,NÃO CLASSIFICÁVEL,ablation/tissue_classic_1229/images/23_1.jpg
23_1 (2),23_1 (2),23_1 (2).jpg,2365c5c71d0fa8d9d7bb864a86b13d3d709014a5d639117a7efbb12236497181,afaf30cd07609fc0,clinical:23,train,0,0,0,0,0,NÃO CLASSIFICÁVEL,NÃO CLASSIFICÁVEL,NÃO CLASSIFICÁVEL,ablation/tissue_classic_1229/images/23_1 (2).jpg
23_1 (3),23_1 (3),23_1 (3).jpg,55a59c433a0bf73b2a20d3d809bdf1987626162d6397a37062f6453563ccabcc,feacb190607bf0e0,clinical:23,train,0,1,0,0,0,GRANULAÇÃO,NÃO CLASSIFICÁVEL,GRANULAÇÃO,ablation/tissue_classic_1229/images/23_1 (3).jpg
24_0,24_0,24_0.jpg,6ef16edade33d20921854946ece6e03a9813e9fcecc015fd6ab9b4ee1f3ad30d,b8e84e0e6535e51d,clinical:24,train,0,0,1,1,0,NÃO CLASSIFICÁVEL,AMBAS,MULTI,ablation/tissue_classic_1229/images/24_0.jpg
24_0 (2),24_0 (2),24_0 (2).jpg,93471b588b87d55bcf8333daf0f8261d014373b74535a49dd9fa7d5daf5408a7,caec7db0349a8b68,clinical:24,train,0,1,0,0,0,GRANULAÇÃO,NÃO CLASSIFICÁVEL,GRANULAÇÃO,ablation/tissue_classic_1229/images/24_0 (2).jpg
24_0 (3),24_0 (3),24_0 (3).jpg,4e1956ca9640835cb63aee9454df061d80b910fffe348a41fa7e6d4435d2e65b,93966935259ed23c,clinical:24,train,0,1,0,0,0,GRANULAÇÃO,NÃO CLASSIFICÁVEL,GRANULAÇÃO,ablation/tissue_classic_1229/images/24_0 (3).jpg
24_0 (4),24_0 (4),24_0 (4).jpg,5caf84c2f82d70f91395010af55cfa2ea9e5a60128a6d5a847ff78c85a352021,a951c426ce4b4b9f,clinical:24,train,0,1,0,0,0,GRANULAÇÃO,NÃO CLASSIFICÁVEL,GRANULAÇÃO,ablation/tissue_classic_1229/images/24_0 (4).jpg
24_1,24_1,24_1.jpg,dfaf2d76067ac5d85240d5f2e3b13adec7efc6bc5567a206314677c8cef26f54,ae18d9666789d961,clinical:24,train,0,0,0,0,0,NÃO CLASSIFICÁVEL,NÃO CLASSIFICÁVEL,NÃO CLASSIFICÁVEL,ablation/tissue_classic_1229/images/24_1.jpg
25_0,25_0,25_0.jpg,bc345b969c62e7e150ef0af22f02f14fa8f726d2fbb221bfe9b1540bcd279e44,9d36c3228dd22dd3,clinical:25,train,0,0,0,0,0,NÃO CLASSIFICÁVEL,NÃO CLASSIFICÁVEL,NÃO CLASSIFICÁVEL,ablation/tissue_classic_1229/images/25_0.jpg
25_0 (2),25_0 (2),25_0 (2).jpg,ac1f362a78000b01735ed182ed8a3b803b7197eb663c7348541a64f30d0d02a7,a9cdc4b7959a9621,clinical:25,train,0,0,0,0,0,NÃO CLASSIFICÁVEL,NÃO CLASSIFICÁVEL,NÃO CLASSIFICÁVEL,ablation/tissue_classic_1229/images/25_0 (2).jpg
25_0 (3),25_0 (3),25_0 (3).jpg,998cbf49cf3c4ad9e085b1e19f5e5a96673a5129ecd5c368cd6998d3dc3bd906,9296978bea6366a2,clinical:25,train,1,0,0,0,0,HIPEREMIA,NÃO CLASSIFICÁVEL,HIPEREMIA,ablation/tissue_classic_1229/images/25_0 (3).jpg
25_0 (4),25_0 (4),25_0 (4).jpg,93aecb4becfcc80be4def689ff87c2874cf746bf078a8199a2ab40eaac20630f,e6598e6399fb1904,clinical:25,train,0,0,0,0,0,NÃO CLASSIFICÁVEL,NÃO CLASSIFICÁVEL,NÃO CLASSIFICÁVEL,ablation/tissue_classic_1229/images/25_0 (4).jpg
25_1,25_1,25_1.jpg,87c02296451248f005a1408fc4b78083f581f4d744771eaba95b305d6f75c217,9e9c41d3ec667350,clinical:25,train,0,0,0,0,0,NÃO CLASSIFICÁVEL,NÃO CLASSIFICÁVEL,NÃO CLASSIFICÁVEL,ablation/tissue_classic_1229/images/25_1.jpg
25_1 (2),25_1 (2),25_1 (2).jpg,7e08c1fa0e08137392e47e1ff946bfa696d17ff63381855bf25a7ad9ec5e2f44,aac995b138c6723b,clinical:25,train,0,1,1,0,0,GRANULAÇÃO,ESFACELO,MULTI,ablation/tissue_classic_1229/images/25_1 (2).jpg
25_1 (3),25_1 (3),25_1 (3).jpg,f15a46cc65c04a4a55aa145b1bf5568ee19bc7706faa5b609b5536b15d18fe2a,8d5a33674c13e2dc,clinical:25,train,0,0,1,0,0,NÃO CLASSIFICÁVEL,ESFACELO,ESFACELO,ablation/tissue_classic_1229/images/25_1 (3).jpg
25_2,25_2,25_2.jpg,d025fe23bcb0b93e38b83412def46583cb8d0e42dc9589bcdf253461569a720d,e5adb9aca1b18c94,clinical:25,train,1,0,0,0,0,HIPEREMIA,NÃO CLASSIFICÁVEL,HIPEREMIA,ablation/tissue_classic_1229/images/25_2.jpg
25_2 (2),25_2 (2),25_2 (2).jpg,bd6de58d88811b64507065c2aca9c334c3b299a0e0bb33916eb258fa652508e0,cb14249339cdcce7,clinical:25,train,0,0,0,0,0,NÃO CLASSIFICÁVEL,NÃO CLASSIFICÁVEL,NÃO CLASSIFICÁVEL,ablation/tissue_classic_1229/images/25_2 (2).jpg
25_3,25_3,25_3.jpg,156e1470fd745a239ba9ae6f7fdcbcefbe0f1059d4089b1cff1f7e8ffc9bc81d,8ebab49cdad2c84c,clinical:25,train,0,0,0,0,0,NÃO CLASSIFICÁVEL,NÃO CLASSIFICÁVEL,NÃO CLASSIFICÁVEL,ablation/tissue_classic_1229/images/25_3.jpg
25_3 (2),25_3 (2),25_3 (2).jpg,57ea1a6818047ad4eb27af0a85d7f8a5e9e0c27a97f415c85618b90d8681a5de,ad2d707a5785325a,clinical:25,train,1,0,0,0,0,HIPEREMIA,NÃO CLASSIFICÁVEL,HIPEREMIA,ablation/tissue_classic_1229/images/25_3 (2).jpg
25_4,25_4,25_4.jpg,a8011ea04dfba717806bdb61bbd60dd75c59bd51d6db7d81034e8abde98855e8,c7c7299e3871433c,clinical:25,train,0,0,1,0,0,NÃO CLASSIFICÁVEL,ESFACELO,ESFACELO,ablation/tissue_classic_1229/images/25_4.jpg
27_0,27_0,27_0.jpg,6fec93c593586d700807c78916c4b0f716fabc4c5c345d29578e018ce8303239,a5e4d897589a6369,clinical:27,train,0,0,1,0,0,NÃO CLASSIFICÁVEL,ESFACELO,ESFACELO,ablation/tissue_classic_1229/images/27_0.jpg
27_0 (2),27_0 (2),27_0 (2).jpg,c5e101a88e49aecad625c2c4b4df542213d6e0bf25fa7081ad232937644dc902,d0f1cad52e34398b,clinical:27,train,0,0,0,0,0,NÃO CLASSIFICÁVEL,NÃO CLASSIFICÁVEL,NÃO CLASSIFICÁVEL,ablation/tissue_classic_1229/images/27_0 (2).jpg
27_0 (3),27_0 (3),27_0 (3).jpg,13786bb3158ede08a66380fd90c171536b874578975ab0b7feec057564df9f55,fa5a956a91299a66,clinical:27,train,0,0,0,0,0,NÃO CLASSIFICÁVEL,NÃO CLASSIFICÁVEL,NÃO CLASSIFICÁVEL,ablation/tissue_classic_1229/images/27_0 (3).jpg
27_0 (4),27_0 (4),27_0 (4).jpg,b40f1a2847d85b97e611f070f67937a1a407fd00ddcd5de6f0c8ebc81da9efad,bac085ea50addea3,clinical:27,train,1,0,0,0,0,HIPEREMIA,NÃO CLASSIFICÁVEL,HIPEREMIA,ablation/tissue_classic_1229/images/27_0 (4).jpg
28_0,28_0,28_0.jpg,91768af20cec1e238879d2a30ab674b2df25ec0c3a03f2582dca43ebd6dfd75c,817c1ae16996b2dd,clinical:28,train,0,0,0,0,0,NÃO CLASSIFICÁVEL,NÃO CLASSIFICÁVEL,NÃO CLASSIFICÁVEL,ablation/tissue_classic_1229/images/28_0.jpg
28_0 (2),28_0 (2),28_0 (2).jpg,8464aad2c8bbd09443110bb5915b6c1db9dfbf88be5a38da5ca0b6c90f3e2d26,aa50f510e6f38e65,clinical:28,train,0,0,0,0,0,NÃO CLASSIFICÁVEL,NÃO CLASSIFICÁVEL,NÃO CLASSIFICÁVEL,ablation/tissue_classic_1229/images/28_0 (2).jpg
28_0 (3),28_0 (3),28_0 (3).jpg,23b97432e99a5c07b60888a54d20780fa8a5810b959ed260ee7eb99510d778ad,b44cc3929b99cc79,clinical:28,train,0,1,1,0,0,GRANULAÇÃO,ESFACELO,MULTI,ablation/tissue_classic_1229/images/28_0 (3).jpg
29_0,29_0,29_0.jpg,f8cae8cef2b56c4cc6d519226043767cc51d1a2d88c1e6746af88ac7af12ece0,9b96b7699a246c94,clinical:29,train,0,1,0,0,0,GRANULAÇÃO,NÃO CLASSIFICÁVEL,GRANULAÇÃO,ablation/tissue_classic_1229/images/29_0.jpg
29_0 (2),29_0 (2),29_0 (2).jpg,caa639f19592f083ece167efe4399dd162411726ba515bb6e3ab9bdea3bd122e,f2968cd919636e92,clinical:29,train,0,1,0,0,0,GRANULAÇÃO,NÃO CLASSIFICÁVEL,GRANULAÇÃO,ablation/tissue_classic_1229/images/29_0 (2).jpg
29_0 (3),29_0 (3),29_0 (3).jpg,1d82a0212b5298b68b55a9ced324d11360138ce15f6cb0f9e3db0bf18846973c,a5bf505263d904d7,clinical:29,train,0,0,0,0,0,NÃO CLASSIFICÁVEL,NÃO CLASSIFICÁVEL,NÃO CLASSIFICÁVEL,ablation/tissue_classic_1229/images/29_0 (3).jpg
29_0 (4),29_0 (4),29_0 (4).jpg,3672c2b0aac6bb03b3e74b7ff5e008c91a2d17a5cfa7bc020a06a18f62d42d16,9ffe384a606c8f30,clinical:29,train,0,0,1,0,1,NÃO CLASSIFICÁVEL,ESFACELO,ESFACELO,ablation/tissue_classic_1229/images/29_0 (4).jpg
29_1,29_1,29_1.jpg,4d348fa3289e22a5b3aba6340c2115a80d8fb66a19ef9247d9a0f9982de5a9d8,9700ff0f309f7292,clinical:29,train,0,0,0,0,0,NÃO CLASSIFICÁVEL,NÃO CLASSIFICÁVEL,NÃO CLASSIFICÁVEL,ablation/tissue_classic_1229/images/29_1.jpg
2_0,2_0,2_0.jpg,c37918a41aa0aa9f03a201ceb03ffb53b41515809bad0f372bc7201aeaa6167a,f386f929f030e649,clinical:2,train,1,0,0,0,0,HIPEREMIA,NÃO CLASSIFICÁVEL,HIPEREMIA,ablation/tissue_classic_1229/images/2_0.jpg
2_0 (2),2_0 (2),2_0 (2).jpg,b27ed168735dcf92659d76e738b4f804860ff72f5f37c9b4957b10b5bee5b726,aab3b11ca63bd162,clinical:2,train,1,0,0,0,0,HIPEREMIA,NÃO CLASSIFICÁVEL,HIPEREMIA,ablation/tissue_classic_1229/images/2_0 (2).jpg
2_0 (3),2_0 (3),2_0 (3).jpg,d8512a04ea55aaf8275a2c27841c088afe0de4cc8d239499efd795d9aa091d40,a9f2d6cd598c6630,clinical:2,train,0,0,0,0,0,NÃO CLASSIFICÁVEL,NÃO CLASSIFICÁVEL,NÃO CLASSIFICÁVEL,ablation/tissue_classic_1229/images/2_0 (3).jpg
2_0 (4),2_0 (4),2_0 (4).jpg,20af79774ffaac991c4518184ac22e0d293505784d940c86e42f07bbb575309e,9f5a7021d036e579,clinical:2,train,0,0,0,0,0,NÃO CLASSIFICÁVEL,NÃO CLASSIFICÁVEL,NÃO CLASSIFICÁVEL,ablation/tissue_classic_1229/images/2_0 (4).jpg
30_0,30_0,30_0.jpg,708e14d60ed2f4918ad2dddbdf5b06dc06f5984be7d7ab35ebaade1f6b7f324c,c050a57f21bddf81,clinical:30,train,1,0,0,0,0,HIPEREMIA,NÃO CLASSIFICÁVEL,HIPEREMIA,ablation/tissue_classic_1229/images/30_0.jpg
30_0 (2),30_0 (2),30_0 (2).jpg,5346fcf616865194e2de62d704273c0041d6be2b4591106129662d94815f4351,92ea919f4f6b3034,clinical:30,train,0,0,0,0,0,NÃO CLASSIFICÁVEL,NÃO CLASSIFICÁVEL,NÃO CLASSIFICÁVEL,ablation/tissue_classic_1229/images/30_0 (2).jpg
30_0 (3),30_0 (3),30_0 (3).jpg,214b5dd40d363962097fc2fdb68dacfd21e067ea15e071bd4b6085431a8200c4,b686da79c12e9e81,clinical:30,train,0,1,1,0,0,GRANULAÇÃO,ESFACELO,MULTI,ablation/tissue_classic_1229/images/30_0 (3).jpg
30_0 (4),30_0 (4),30_0 (4).jpg,e70c9d23a73cfff3a5485a408636f71cd62cfb7a37271b6a170e22bad4ba46c6,a2e0cc335c623bdb,clinical:30,train,0,0,1,0,1,NÃO CLASSIFICÁVEL,ESFACELO,ESFACELO,ablation/tissue_classic_1229/images/30_0 (4).jpg
30_1,30_1,30_1.jpg,cad15f0b21165c404a7f8775af84ca71bdde034b5f11219cc688e99180d0677b,96f2c73c45720c6b,clinical:30,train,0,0,0,0,0,NÃO CLASSIFICÁVEL,NÃO CLASSIFICÁVEL,NÃO CLASSIFICÁVEL,ablation/tissue_classic_1229/images/30_1.jpg
31_0,31_0,31_0.jpg,9c81cd78676d5e9072ae28e4c68adaf223d1db52c284ee2788472c344cdbeeb7,f6ebcc7492822dc1,clinical:31,train,0,0,1,0,0,NÃO CLASSIFICÁVEL,ESFACELO,ESFACELO,ablation/tissue_classic_1229/images/31_0.jpg
31_0 (2),31_0 (2),31_0 (2).jpg,13fe820168ebb2dee4ce206f06ffa2396c95d686dd59b282be44da5999239c5e,81283cd9c377ce33,clinical:31,train,0,0,1,0,1,NÃO CLASSIFICÁVEL,ESFACELO,ESFACELO,ablation/tissue_classic_1229/images/31_0 (2).jpg
31_0 (3),31_0 (3),31_0 (3).jpg,86e5171f1e07cfe1ac2fc8491defe41f6562cc7c850a3f8d73585b04a6f21ce1,a8bfc4c8673398cc,clinical:31,train,0,0,0,0,0,NÃO CLASSIFICÁVEL,NÃO CLASSIFICÁVEL,NÃO CLASSIFICÁVEL,ablation/tissue_classic_1229/images/31_0 (3).jpg
31_0 (4),31_0 (4),31_0 (4).jpg,594d8f890feb8fce2f46a21ebe050a9e232e1d4c5d20819e0e29797be32e7f16,e454966b3cf0621f,clinical:31,train,0,1,0,0,0,GRANULAÇÃO,NÃO CLASSIFICÁVEL,GRANULAÇÃO,ablation/tissue_classic_1229/images/31_0 (4).jpg
33_0,33_0,33_0.jpg,24cfa757279bfc2dde5de067e21bad818dbfab3a58566d68fd73e758fa6b5702,830be4bc93b19bc3,clinical:33,train,0,0,1,0,0,NÃO CLASSIFICÁVEL,ESFACELO,ESFACELO,ablation/tissue_classic_1229/images/33_0.jpg
33_0 (2),33_0 (2),33_0 (2).jpg,80789af2cd69076efc9423348e46861ab41eb331d959e38c52b8ac1e3216ffe8,d87987c6cc783233,clinical:33,train,0,0,0,0,0,NÃO CLASSIFICÁVEL,NÃO CLASSIFICÁVEL,NÃO CLASSIFICÁVEL,ablation/tissue_classic_1229/images/33_0 (2).jpg
33_0 (3),33_0 (3),33_0 (3).jpg,69becf12bd5ceb0df3d63d9ef03e9b546dc34ac22c77421c4d17c82d97511c19,b26d9c9995938837,clinical:33,train,0,0,0,0,0,NÃO CLASSIFICÁVEL,NÃO CLASSIFICÁVEL,NÃO CLASSIFICÁVEL,ablation/tissue_classic_1229/images/33_0 (3).jpg
33_0 (4),33_0 (4),33_0 (4).jpg,bc3a3d997ac885bef2588fa081ccd5035abb4c58dbb741d5fa51699e9ea271fb,8f119b3b496906bb,clinical:33,train,0,0,0,0,0,NÃO CLASSIFICÁVEL,NÃO CLASSIFICÁVEL,NÃO CLASSIFICÁVEL,ablation/tissue_classic_1229/images/33_0 (4).jpg
34_0,34_0,34_0.jpg,59b9a7edb641f40fc73f820d2c2d3572e870b5b74a13967cc2b5177b45217425,a0f20f4f18ccb74e,clinical:34,train,0,1,1,0,0,GRANULAÇÃO,ESFACELO,MULTI,ablation/tissue_classic_1229/images/34_0.jpg
34_0 (2),34_0 (2),34_0 (2).jpg,ac59623f06117c5e9abc9cc5ff81a2d49c51ffff395a927f2fe92bc9ae223eb5,f78d8a326c41e74c,clinical:34,train,0,0,0,1,1,NÃO CLASSIFICÁVEL,NECROSE SECA,NECROSE SECA,ablation/tissue_classic_1229/images/34_0 (2).jpg
34_0 (3),34_0 (3),34_0 (3).jpg,8cd528b0f635c3b0098df918a3d2c4622079ed94551cc57987a3db64f09bc546,b2c68cb9c7a5183b,clinical:34,train,0,0,0,0,0,NÃO CLASSIFICÁVEL,NÃO CLASSIFICÁVEL,NÃO CLASSIFICÁVEL,ablation/tissue_classic_1229/images/34_0 (3).jpg
34_0 (4),34_0 (4),34_0 (4).jpg,3f193e15b34966d6a9070b07006bd7cc784af51ace1987a6cff23247aa318dff,cb50d71d34d3c926,clinical:34,train,0,1,0,0,0,GRANULAÇÃO,NÃO CLASSIFICÁVEL,GRANULAÇÃO,ablation/tissue_classic_1229/images/34_0 (4).jpg
35_0,35_0,35_0.jpg,b6c4d5b21fcdcfa0591ed5f7cafbda7ec03208f9a1d297b57066935eb9526fd7,f499c6e64e6c31c4,clinical:35,train,0,1,0,0,0,GRANULAÇÃO,NÃO CLASSIFICÁVEL,GRANULAÇÃO,ablation/tissue_classic_1229/images/35_0.jpg
35_0 (2),35_0 (2),35_0 (2).jpg,7afa3e377fbcf25d266b93e92fef9acccdf56c8dc7b3578c3dc382465feb27d6,aacba3d48a93351e,clinical:35,train,0,1,1,0,0,GRANULAÇÃO,ESFACELO,MULTI,ablation/tissue_classic_1229/images/35_0 (2).jpg
35_0 (4),35_0 (4),35_0 (4).jpg,36c51d9dd25b9b56c4c30f4115c0a5e3d16823efd7ae1505b62d2451e4031c76,8a0aa73fc9152add,clinical:35,train,0,1,0,0,0,GRANULAÇÃO,NÃO CLASSIFICÁVEL,GRANULAÇÃO,ablation/tissue_classic_1229/images/35_0 (4).jpg
36_0,36_0,36_0.jpg,5fcc7e7764a85b64225a4eed95ff302c13c39add52e1e11ad3376882d2ec970c,97bf088060df61dd,clinical:36,train,0,0,1,0,0,NÃO CLASSIFICÁVEL,ESFACELO,ESFACELO,ablation/tissue_classic_1229/images/36_0.jpg
36_0 (2),36_0 (2),36_0 (2).jpg,462fe87e0be9c5b6fce500b5c06e070c7fe8cc24d37e37c19b9c7092b6cf1d30,b9c3ce8f98663298,clinical:36,train,0,0,0,0,0,NÃO CLASSIFICÁVEL,NÃO CLASSIFICÁVEL,NÃO CLASSIFICÁVEL,ablation/tissue_classic_1229/images/36_0 (2).jpg
36_0 (3),36_0 (3),36_0 (3).jpg,1ea5958391626aa152862938e7c051f0da401f83455dbb552d03e3f8cdea509b,e591962e99cc6656,clinical:36,train,0,0,1,0,0,NÃO CLASSIFICÁVEL,ESFACELO,ESFACELO,ablation/tissue_classic_1229/images/36_0 (3).jpg
36_0 (4),36_0 (4),36_0 (4).jpg,68b7989098421aac872d94a00de79fd1ad70cfda5d4537c3b15679dfddfead6b,ab5624a5d6daa925,clinical:36,train,0,1,0,0,0,GRANULAÇÃO,NÃO CLASSIFICÁVEL,GRANULAÇÃO,ablation/tissue_classic_1229/images/36_0 (4).jpg
37_0,37_0,37_0.jpg,5461a7ebd890dac847b8c4b6e6849726ebd253b30318cec2e42b6cc5a8c8eef1,afb28015cd0eee5a,clinical:37,train,0,1,0,0,0,GRANULAÇÃO,NÃO CLASSIFICÁVEL,GRANULAÇÃO,ablation/tissue_classic_1229/images/37_0.jpg
37_0 (2),37_0 (2),37_0 (2).jpg,bff90467de262797616c5fafc11e29ca15cabf977e1f0167a18e9c5deaf63cf8,a11e8e6f32346dc3,clinical:37,train,0,0,0,0,0,NÃO CLASSIFICÁVEL,NÃO CLASSIFICÁVEL,NÃO CLASSIFICÁVEL,ablation/tissue_classic_1229/images/37_0 (2).jpg
37_0 (3),37_0 (3),37_0 (3).jpg,5603b9613e2e7a158180327e370cc3ea0c0479d1813b7ea089d4960dedd7dfec,a0bb8ee52c967193,clinical:37,train,0,1,0,0,0,GRANULAÇÃO,NÃO CLASSIFICÁVEL,GRANULAÇÃO,ablation/tissue_classic_1229/images/37_0 (3).jpg
37_0 (4),37_0 (4),37_0 (4).jpg,86df2155fda1a3db6cfa2cf4446900401556ad4ec8ea33597ba84cb8c82f40bb,fa256bcf06f1ce00,clinical:37,train,0,0,0,0,0,NÃO CLASSIFICÁVEL,NÃO CLASSIFICÁVEL,NÃO CLASSIFICÁVEL,ablation/tissue_classic_1229/images/37_0 (4).jpg
37_1,37_1,37_1.jpg,475e1294c7cebfb32e748e623dd6c76cc4d34db8f1eca88af45002ea8cb0a578,aa9985f637c8426b,clinical:37,train,0,1,0,0,0,GRANULAÇÃO,NÃO CLASSIFICÁVEL,GRANULAÇÃO,ablation/tissue_classic_1229/images/37_1.jpg
37_1 (2),37_1 (2),37_1 (2).jpg,a4dd83e6ba682fb60cdaeb29ec9d2df7a82e0ce005ec6bb897a5481e5aef02f5,fa256bc796d98412,clinical:37,train,0,0,0,0,0,NÃO CLASSIFICÁVEL,NÃO CLASSIFICÁVEL,NÃO CLASSIFICÁVEL,ablation/tissue_classic_1229/images/37_1 (2).jpg
37_2,37_2,37_2.jpg,01fdc3228aa2db967afc08eaf08ee8856107c2dd685b917c2a8c0b5b62635380,d4e2e3d4ea859a49,clinical:37,train,0,0,0,0,0,NÃO CLASSIFICÁVEL,NÃO CLASSIFICÁVEL,NÃO CLASSIFICÁVEL,ablation/tissue_classic_1229/images/37_2.jpg
37_3,37_3,37_3.jpg,9b61f93e9876af8691236e453bc1c61912a84df5c01ffb3cd7dbc1edaa66995e,fed0150376cad8e1,clinical:37,train,1,0,0,0,0,HIPEREMIA,NÃO CLASSIFICÁVEL,HIPEREMIA,ablation/tissue_classic_1229/images/37_3.jpg
38_0,38_0,38_0.jpg,c6f426421fd5b9f985d396859f06f3ce0aa283076e440cf93b5553f2d0b9d97d,8d61784f736c6385,clinical:38,train,0,1,1,0,0,GRANULAÇÃO,ESFACELO,MULTI,ablation/tissue_classic_1229/images/38_0.jpg
38_0 (2),38_0 (2),38_0 (2).jpg,be506b5386c1bc15efd4f440af8e9f3b9489eb858d122457572910a7d9b4ea61,dea78143479a3c78,clinical:38,train,0,1,0,0,0,GRANULAÇÃO,NÃO CLASSIFICÁVEL,GRANULAÇÃO,ablation/tissue_classic_1229/images/38_0 (2).jpg
38_0 (3),38_0 (3),38_0 (3).jpg,7a3191a49c937c41335f5e4d6a4ebb19a27aa0d1346df8d6db86d40b638afcff,b39acc26d9c70cc6,clinical:38,train,0,0,0,0,0,NÃO CLASSIFICÁVEL,NÃO CLASSIFICÁVEL,NÃO CLASSIFICÁVEL,ablation/tissue_classic_1229/images/38_0 (3).jpg
38_0 (4),38_0 (4),38_0 (4).jpg,c51773c1f88c82c00b34547b09b71e1d36689a6e465c13dfad55ced8f0e66c8d,cc333c6791869b1b,clinical:38,train,0,0,1,0,1,NÃO CLASSIFICÁVEL,ESFACELO,ESFACELO,ablation/tissue_classic_1229/images/38_0 (4).jpg
38_1,38_1,38_1.jpg,3d1012ad9a9b9a8e0dab65744f2d595ba836e93a4c88c80928abc05510fb16dd,efb99884310e9e39,clinical:38,train,0,0,0,1,1,NÃO CLASSIFICÁVEL,NECROSE SECA,NECROSE SECA,ablation/tissue_classic_1229/images/38_1.jpg
38_1 (2),38_1 (2),38_1 (2).jpg,b6324a42e2d2ed824dfc7f1b86dfc9b3bb43f662209700ae316ae1f67973df37,fbdc2633308c9a65,clinical:38,train,0,0,1,0,1,NÃO CLASSIFICÁVEL,ESFACELO,ESFACELO,ablation/tissue_classic_1229/images/38_1 (2).jpg
39_0,39_0,39_0.jpg,b40f8e5c0049b84d70da1387d9b72fd7ab6be45f0aabe599eaf948d4ac799eb8,d0a42f3539cec671,clinical:39,train,0,0,0,0,0,NÃO CLASSIFICÁVEL,NÃO CLASSIFICÁVEL,NÃO CLASSIFICÁVEL,ablation/tissue_classic_1229/images/39_0.jpg
39_0 (2),39_0 (2),39_0 (2).jpg,26075a86fe89d8e0b9ecd4a0e44c10e903422990fbfbdd60d0fd8ea0d03eb2de,fee3cd782f730100,clinical:39,train,0,0,0,1,1,NÃO CLASSIFICÁVEL,NECROSE SECA,NECROSE SECA,ablation/tissue_classic_1229/images/39_0 (2).jpg
39_0 (3),39_0 (3),39_0 (3).jpg,5a69907d7a78e6ff2d12483f8bab1feb640ae3aa87706cf4dca0a250b59d8679,e693994c7472668b,clinical:39,train,0,1,0,0,0,GRANULAÇÃO,NÃO CLASSIFICÁVEL,GRANULAÇÃO,ablation/tissue_classic_1229/images/39_0 (3).jpg
39_0 (4),39_0 (4),39_0 (4).jpg,a65dd5aad67aa7ca991adf8689496a25f0d27ed91d13779b7c7eab72fe124662,8adacd3333939a98,clinical:39,train,0,0,0,0,0,NÃO CLASSIFICÁVEL,NÃO CLASSIFICÁVEL,NÃO CLASSIFICÁVEL,ablation/tissue_classic_1229/images/39_0 (4).jpg
39_1,39_1,39_1.jpg,430bf418aa32cdd85229e8a2b02993ac23fd3ced55f75de8811fd8e809504946,c9c932939e33686e,clinical:39,train,0,0,0,0,0,NÃO CLASSIFICÁVEL,NÃO CLASSIFICÁVEL,NÃO CLASSIFICÁVEL,ablation/tissue_classic_1229/images/39_1.jpg
3_0,3_0,3_0.jpg,360b68c7e89f592ce6987389455adc5aa64e3ee174593c3e7f93910686e416b2,bf70e80be1256936,clinical:3,train,0,1,0,0,0,GRANULAÇÃO,NÃO CLASSIFICÁVEL,GRANULAÇÃO,ablation/tissue_classic_1229/images/3_0.jpg
3_0 (2),3_0 (2),3_0 (2).jpg,d6e39a875203a124579ff41cb9112a28e1782efdb8d96f2a85edbeaa95eb68b4,83684fb1649a33cf,clinical:3,train,0,0,0,0,0,NÃO CLASSIFICÁVEL,NÃO CLASSIFICÁVEL,NÃO CLASSIFICÁVEL,ablation/tissue_classic_1229/images/3_0 (2).jpg
3_0 (3),3_0 (3),3_0 (3).jpg,87c0544e8ab11578eafacaed30cf677cd2f8e0ec0eaf72ababda588380079458,fd6e3eb1c04c0936,clinical:3,train,0,0,0,1,0,NÃO CLASSIFICÁVEL,NECROSE SECA,NECROSE SECA,ablation/tissue_classic_1229/images/3_0 (3).jpg
3_0 (4),3_0 (4),3_0 (4).jpg,aea7c258bf36a260742aefa0edda1e2173dce589d7dbb48642011948b3ec945c,a0ffd4cd10f3462c,clinical:3,train,0,0,0,0,0,NÃO CLASSIFICÁVEL,NÃO CLASSIFICÁVEL,NÃO CLASSIFICÁVEL,ablation/tissue_classic_1229/images/3_0 (4).jpg
40_0,40_0,40_0.jpg,d676ac45bc00577f450d030e2e5eaa0ee3611318337df5ade06b1436c818de55,84c4c3673d1e32f3,clinical:40,train,0,1,1,0,0,GRANULAÇÃO,ESFACELO,MULTI,ablation/tissue_classic_1229/images/40_0.jpg
40_0 (2),40_0 (2),40_0 (2).jpg,b77278125015b1bf8a2a8f7f92f482a42f806aa5e767259805c2a71e7dd73c38,a8c696319bc6f89c,clinical:40,train,0,0,0,0,0,NÃO CLASSIFICÁVEL,NÃO CLASSIFICÁVEL,NÃO CLASSIFICÁVEL,ablation/tissue_classic_1229/images/40_0 (2).jpg
40_0 (3),40_0 (3),40_0 (3).jpg,239390dd822a6e0e3393da8690a7d7cf4af1a076d414d7e309b3c57b635864fd,e75998e62d31268b,clinical:40,train,0,1,0,0,0,GRANULAÇÃO,NÃO CLASSIFICÁVEL,GRANULAÇÃO,ablation/tissue_classic_1229/images/40_0 (3).jpg
40_0 (4),40_0 (4),40_0 (4).jpg,0024fe7090dc1e53ed5b9783f745ecc1417defd2b253893bf61748983aafd478,b893de19cd03e531,clinical:40,train,0,0,0,0,0,NÃO CLASSIFICÁVEL,NÃO CLASSIFICÁVEL,NÃO CLASSIFICÁVEL,ablation/tissue_classic_1229/images/40_0 (4).jpg
40_1,40_1,40_1.jpg,cad33aea9651a9f0d7f908a3a5ee257789b286d4c571b2ba8a547b346bbcd93b,a0b49e93c7c7e192,clinical:40,train,0,0,0,0,0,NÃO CLASSIFICÁVEL,NÃO CLASSIFICÁVEL,NÃO CLASSIFICÁVEL,ablation/tissue_classic_1229/images/40_1.jpg
40_2,40_2,40_2.jpg,b32346803703ca2d29e7c657fe2326ba1bdbc85411b854949c7b87ad613bd019,bdbe93c1e0844f19,clinical:40,train,0,0,0,0,0,NÃO CLASSIFICÁVEL,NÃO CLASSIFICÁVEL,NÃO CLASSIFICÁVEL,ablation/tissue_classic_1229/images/40_2.jpg
40_3,40_3,40_3.jpg,18e600e8808f5f1cb6b64442a0d63af48ac5577fe86277d294016110404701ca,f42ad938f5389c29,clinical:40,train,0,0,0,0,0,NÃO CLASSIFICÁVEL,NÃO CLASSIFICÁVEL,NÃO CLASSIFICÁVEL,ablation/tissue_classic_1229/images/40_3.jpg
40_4,40_4,40_4.jpg,9936a17687ee6e3a77a9e09b602d053cd6fd6e64fba0f56550c51f8c15b4ed56,a696973379c19392,clinical:40,train,0,0,0,0,0,NÃO CLASSIFICÁVEL,NÃO CLASSIFICÁVEL,NÃO CLASSIFICÁVEL,ablation/tissue_classic_1229/images/40_4.jpg
40_5,40_5,40_5.jpg,f823d373f9a667161c26d35b85bc1b683b59bffd362ab8ed66b02cf332c6c8cf,b89685da98a3d69a,clinical:40,train,0,0,0,0,0,NÃO CLASSIFICÁVEL,NÃO CLASSIFICÁVEL,NÃO CLASSIFICÁVEL,ablation/tissue_classic_1229/images/40_5.jpg
40_6,40_6,40_6.jpg,b954bbb7bca341a818995cffa1f17f83e6839745e98ebd5a81aab0b728da2c46,cc27ca76a5c32b94,clinical:40,train,0,0,0,0,0,NÃO CLASSIFICÁVEL,NÃO CLASSIFICÁVEL,NÃO CLASSIFICÁVEL,ablation/tissue_classic_1229/images/40_6.jpg
40_7,40_7,40_7.jpg,0f65e99930b51dce37964d63735034a9c7744a56886e1a73cfa79d78846f753e,8333c734e02f9573,clinical:40,train,0,0,0,0,0,NÃO CLASSIFICÁVEL,NÃO CLASSIFICÁVEL,NÃO CLASSIFICÁVEL,ablation/tissue_classic_1229/images/40_7.jpg
41_0,41_0,41_0.jpg,8ac1831f18d82326159e36d4c5519f1662b432be7ff93dd538be2533b35c3fa6,dfb5eccfc24c0320,clinical:41,train,0,0,0,0,0,NÃO CLASSIFICÁVEL,NÃO CLASSIFICÁVEL,NÃO CLASSIFICÁVEL,ablation/tissue_classic_1229/images/41_0.jpg
41_0 (2),41_0 (2),41_0 (2).jpg,3279c9e009200a113be611eff28d86047c84cc9614f42c894b6fb3af9e6ec3ee,ac6a9372199962ed,clinical:41,train,0,0,0,0,0,NÃO CLASSIFICÁVEL,NÃO CLASSIFICÁVEL,NÃO CLASSIFICÁVEL,ablation/tissue_classic_1229/images/41_0 (2).jpg
41_0 (3),41_0 (3),41_0 (3).jpg,cda0e797a725d95cc04cf5d0fe66e9512f0cbe0f7ad85d279f1d7bf3df30bc38,86c23bc84c657e57,clinical:41,train,0,0,1,0,0,NÃO CLASSIFICÁVEL,ESFACELO,ESFACELO,ablation/tissue_classic_1229/images/41_0 (3).jpg
41_0 (4),41_0 (4),41_0 (4).jpg,7aed85964ab494ba37882c04625794bb062e05275d7f620e5a42efc6712bab4e,abca843b1b3ec1e8,clinical:41,train,0,0,0,0,0,NÃO CLASSIFICÁVEL,NÃO CLASSIFICÁVEL,NÃO CLASSIFICÁVEL,ablation/tissue_classic_1229/images/41_0 (4).jpg
41_1,41_1,41_1.jpg,82932f5b1ea328ec824a559d7a2caed7c0bc9c17ddb5c8c25086b813b5d8c6fa,ccef3399cc24919a,clinical:41,train,0,0,0,0,0,NÃO CLASSIFICÁVEL,NÃO CLASSIFICÁVEL,NÃO CLASSIFICÁVEL,ablation/tissue_classic_1229/images/41_1.jpg
41_1 (2),41_1 (2),41_1 (2).jpg,61ba7dfdfb3e35b699b41bb062e4be09274569f4c4627313c4ab80cc67684587,f2e2b9abd8e0b0c4,clinical:41,train,0,0,0,0,0,NÃO CLASSIFICÁVEL,NÃO CLASSIFICÁVEL,NÃO CLASSIFICÁVEL,ablation/tissue_classic_1229/images/41_1 (2).jpg
41_2,41_2,41_2.jpg,ccf0a4d482bc55f760bad07d82649e9d7c7e6a18d993e5331ceb87aaa58a0164,9293ebe1658853e9,clinical:41,train,0,0,0,0,0,NÃO CLASSIFICÁVEL,NÃO CLASSIFICÁVEL,NÃO CLASSIFICÁVEL,ablation/tissue_classic_1229/images/41_2.jpg
42_0,42_0,42_0.jpg,c376500d45f9ca0da180787796581bbdcca79166f9d16e0743dd449349cbdac6,dc0f05a4a3ec31bb,clinical:42,train,0,0,0,0,0,NÃO CLASSIFICÁVEL,NÃO CLASSIFICÁVEL,NÃO CLASSIFICÁVEL,ablation/tissue_classic_1229/images/42_0.jpg
42_0 (2),42_0 (2),42_0 (2).jpg,8235589746fcc27b5e195b99cad83d55bb2b096d870f0c5c8b185ab3c52a6457,c1a035d75ccd525e,clinical:42,train,0,0,1,1,1,NÃO CLASSIFICÁVEL,AMBAS,MULTI,ablation/tissue_classic_1229/images/42_0 (2).jpg
42_0 (3),42_0 (3),42_0 (3).jpg,417a3c9b501d443df0daedf72fdf948f6f7af319fcefe6dee2e202d4cab16969,b4c3c01fcc3b3794,clinical:42,train,0,0,0,0,0,NÃO CLASSIFICÁVEL,NÃO CLASSIFICÁVEL,NÃO CLASSIFICÁVEL,ablation/tissue_classic_1229/images/42_0 (3).jpg
42_0 (4),42_0 (4),42_0 (4).jpg,ac58909281c6d8078afd003194f8e873f1fe31b35297ccf4fd92fd49796777a9,b0f88de633193c93,clinical:42,train,0,1,0,0,0,GRANULAÇÃO,NÃO CLASSIFICÁVEL,GRANULAÇÃO,ablation/tissue_classic_1229/images/42_0 (4).jpg
42_1,42_1,42_1.jpg,1fb9c4ed44974e450ff2e7616969a9b87ca3f5b84062c066b7078d70db9962ae,ae91f4a3915a6d45,clinical:42,train,0,0,0,0,0,NÃO CLASSIFICÁVEL,NÃO CLASSIFICÁVEL,NÃO CLASSIFICÁVEL,ablation/tissue_classic_1229/images/42_1.jpg
42_2,42_2,42_2.jpg,98861989c656f177ca3dd6832cdf542c573313abbbc81f2a0c39d65bef9cea2d,fe0727599c859272,clinical:42,train,0,0,0,0,0,NÃO CLASSIFICÁVEL,NÃO CLASSIFICÁVEL,NÃO CLASSIFICÁVEL,ablation/tissue_classic_1229/images/42_2.jpg
42_3,42_3,42_3.jpg,41c43dc368ccc10a661116fca84ecd0bc5d0cff7bd808b9b97e59ad027c0dec4,96ddd8660b986347,clinical:42,train,0,0,0,0,0,NÃO CLASSIFICÁVEL,NÃO CLASSIFICÁVEL,NÃO CLASSIFICÁVEL,ablation/tissue_classic_1229/images/42_3.jpg
44_0,44_0,44_0.jpg,bee4cad35d252adb86c98a4f3b0cd65dc1c39bf41c47a3444fa8ef66179cfe92,d1aa2abdada5318c,clinical:44,train,0,0,1,0,1,NÃO CLASSIFICÁVEL,ESFACELO,ESFACELO,ablation/tissue_classic_1229/images/44_0.jpg
44_0 (2),44_0 (2),44_0 (2).jpg,b0541c46608e983b56f78b753777afc17a554ae3f7d02605aeb10175d168e3bb,a2003d777b7b68c2,clinical:44,train,0,1,0,0,0,GRANULAÇÃO,NÃO CLASSIFICÁVEL,GRANULAÇÃO,ablation/tissue_classic_1229/images/44_0 (2).jpg
44_0 (3),44_0 (3),44_0 (3).jpg,862cf770d4263f3ac39c12489c11c75f1062bb967edbd03ebda50e458f753a25,f688cb613a9ce718,clinical:44,train,0,0,0,0,0,NÃO CLASSIFICÁVEL,NÃO CLASSIFICÁVEL,NÃO CLASSIFICÁVEL,ablation/tissue_classic_1229/images/44_0 (3).jpg
44_0 (4),44_0 (4),44_0 (4).jpg,31504f0399fd726aefc2e9780296852c5a499823ed38cfdaad0534378fc9f482,a85a351d03dc13fd,clinical:44,train,0,0,0,0,0,NÃO CLASSIFICÁVEL,NÃO CLASSIFICÁVEL,NÃO CLASSIFICÁVEL,ablation/tissue_classic_1229/images/44_0 (4).jpg
45_0,45_0,45_0.jpg,7ac2ff7296f79c2b168c6882a464032b2886642ec241fc3cbb4f106db2b95ce0,a4e79b984d623275,clinical:45,train,0,0,0,0,1,NÃO CLASSIFICÁVEL,NÃO CLASSIFICÁVEL,NÃO CLASSIFICÁVEL,ablation/tissue_classic_1229/images/45_0.jpg
45_0 (2),45_0 (2),45_0 (2).jpg,dfc8a9d1278b8a9a0f3afdbcb6102252a552475a3d88d3134efb22549850564d,fa15e27c61c12796,clinical:45,train,0,1,0,0,0,GRANULAÇÃO,NÃO CLASSIFICÁVEL,GRANULAÇÃO,ablation/tissue_classic_1229/images/45_0 (2).jpg
45_0 (3),45_0 (3),45_0 (3).jpg,b770f347d6b4fd024f989fc1cdc3d8739dd9fed6bdc4e89771e523b264f1af3c,f0e6db1e80b189d9,clinical:45,train,0,1,0,0,0,GRANULAÇÃO,NÃO CLASSIFICÁVEL,GRANULAÇÃO,ablation/tissue_classic_1229/images/45_0 (3).jpg
45_0 (4),45_0 (4),45_0 (4).jpg,a99db6fe7f3b511cb3724cf022f060538951548f49d9dc573762ac8dffac3cac,f61c0f780e0abe0f,clinical:45,train,0,0,0,0,0,NÃO CLASSIFICÁVEL,NÃO CLASSIFICÁVEL,NÃO CLASSIFICÁVEL,ablation/tissue_classic_1229/images/45_0 (4).jpg
45_1,45_1,45_1.jpg,09acdfd8d099433c70867b6f165dc474e583b49b20b2466e0315910d531e9533,9c2fc67155b87870,clinical:45,train,0,0,0,0,0,NÃO CLASSIFICÁVEL,NÃO CLASSIFICÁVEL,NÃO CLASSIFICÁVEL,ablation/tissue_classic_1229/images/45_1.jpg
46_0,46_0,46_0.jpg,e79b114b84ac5ad631e2089648eed8f41308cf80627594a51841562c2dcdfa98,81d07cc2f2e9726e,clinical:46,train,0,1,0,1,0,GRANULAÇÃO,NECROSE SECA,MULTI,ablation/tissue_classic_1229/images/46_0.jpg
46_0 (2),46_0 (2),46_0 (2).jpg,d1780211b2839954eb6dd7a822592e92fbec4c3eb90282da8c867a203927ddd7,d307c13c0f7cbf01,clinical:46,train,0,0,1,0,0,NÃO CLASSIFICÁVEL,ESFACELO,ESFACELO,ablation/tissue_classic_1229/images/46_0 (2).jpg
46_0 (3),46_0 (3),46_0 (3).jpg,2b79757f1001f0944c681a6937752d35947b608a7d7a20bbde60f8eedeb4ab19,f6cc09939cd9c949,clinical:46,train,0,0,1,0,0,NÃO CLASSIFICÁVEL,ESFACELO,ESFACELO,ablation/tissue_classic_1229/images/46_0 (3).jpg
46_0 (4),46_0 (4),46_0 (4).jpg,39eaf058f2adfd4afbae25c5eaad1acfb0a2d192e22f754e4b5c13e121ba1a08,a3f33290cd6c3d91,clinical:46,train,0,1,0,0,0,GRANULAÇÃO,NÃO CLASSIFICÁVEL,GRANULAÇÃO,ablation/tissue_classic_1229/images/46_0 (4).jpg
46_1,46_1,46_1.jpg,1832bfc6a8043aef1076ead3493e634b682ad3d04d0aa1cce0f58fe337e2f1ea,817b43a2b6d403f7,clinical:46,train,0,0,0,0,0,NÃO CLASSIFICÁVEL,NÃO CLASSIFICÁVEL,NÃO CLASSIFICÁVEL,ablation/tissue_classic_1229/images/46_1.jpg
46_2,46_2,46_2.jpg,33e2267ca0e09f18917380f44a4058d029a2b47f054c3d3093c8b1f593a668db,95fd2f027c413d4c,clinical:46,train,0,1,0,0,0,GRANULAÇÃO,NÃO CLASSIFICÁVEL,GRANULAÇÃO,ablation/tissue_classic_1229/images/46_2.jpg
46_3,46_3,46_3.jpg,eca86ea30dceb74dc6fa5f0127f5ff695a8d78956272bbf728f3acdc3ef6e728,d5d624957b4f02b4,clinical:46,train,0,1,0,0,0,GRANULAÇÃO,NÃO CLASSIFICÁVEL,GRANULAÇÃO,ablation/tissue_classic_1229/images/46_3.jpg
47_0,47_0,47_0.jpg,06d60962b22723e7036a75c7c2b40d19a080c498b229cd1c8bc9ddb8a19e92bd,ef63c22c8f9831c6,clinical:47,train,0,0,0,1,0,NÃO CLASSIFICÁVEL,NECROSE SECA,NECROSE SECA,ablation/tissue_classic_1229/images/47_0.jpg
47_0 (2),47_0 (2),47_0 (2).jpg,5f31f7cc8326f7f341387c35a8a6027bb0cd8b6ed0e1aa912c0d50a37a880a33,a48f731bd31c6c0d,clinical:47,train,0,0,0,0,0,NÃO CLASSIFICÁVEL,NÃO CLASSIFICÁVEL,NÃO CLASSIFICÁVEL,ablation/tissue_classic_1229/images/47_0 (2).jpg
47_0 (3),47_0 (3),47_0 (3).jpg,50b9bd044cb5c6af59bd77b05cf9c4dd93a418b1f37fe28a55cf73086aedc803,8a1f3f38a88de4e4,clinical:47,train,0,1,0,0,0,GRANULAÇÃO,NÃO CLASSIFICÁVEL,GRANULAÇÃO,ablation/tissue_classic_1229/images/47_0 (3).jpg
47_0 (4),47_0 (4),47_0 (4).jpg,295676c1f31eb6e0128dd11582cdaadcb1e55563d8297adb29f52337c3867800,ea9b94e49aa6d990,clinical:47,train,0,1,0,1,0,GRANULAÇÃO,NECROSE SECA,MULTI,ablation/tissue_classic_1229/images/47_0 (4).jpg
47_1,47_1,47_1.jpg,482a3b418b055710071f37594e5fd80db84e752f34f8fd8de7c1f3122e851132,a1131a4e3d8c97f9,clinical:47,train,0,0,0,0,0,NÃO CLASSIFICÁVEL,NÃO CLASSIFICÁVEL,NÃO CLASSIFICÁVEL,ablation/tissue_classic_1229/images/47_1.jpg
47_2,47_2,47_2.jpg,50cb94a237523a60d866c98b672e278c9f501c90a0c9a282dd4ceb401a42816e,a04f9f696e3634c8,clinical:47,train,0,0,0,0,0,NÃO CLASSIFICÁVEL,NÃO CLASSIFICÁVEL,NÃO CLASSIFICÁVEL,ablation/tissue_classic_1229/images/47_2.jpg
49_0,49_0,49_0.jpg,25a118b5cfda8dafcb051b6a4d23eb908be901e6dcb51be966cfc0a9956506e1,d5fe97c06b373008,clinical:49,train,0,0,1,1,0,NÃO CLASSIFICÁVEL,AMBAS,MULTI,ablation/tissue_classic_1229/images/49_0.jpg
49_0 (2),49_0 (2),49_0 (2).jpg,d05132fe6efae228c3a00790186943ce26e1e14e351184faec0a546f00f6a468,d1b2cd8c788c76b1,clinical:49,train,0,1,0,0,0,GRANULAÇÃO,NÃO CLASSIFICÁVEL,GRANULAÇÃO,ablation/tissue_classic_1229/images/49_0 (2).jpg
49_0 (3),49_0 (3),49_0 (3).jpg,5e652a1c4ab13ad016de977b28f59e83f39549972d56b492d5d041cc784ec46b,f6a3c938346333cc,clinical:49,train,0,1,0,0,0,GRANULAÇÃO,NÃO CLASSIFICÁVEL,GRANULAÇÃO,ablation/tissue_classic_1229/images/49_0 (3).jpg
49_0 (4),49_0 (4),49_0 (4).jpg,07c622b746140abd9ba2522ace0032af798ade9edee26fc9f5558caee68a4190,a475db98ce23053e,clinical:49,train,0,0,0,0,0,NÃO CLASSIFICÁVEL,NÃO CLASSIFICÁVEL,NÃO CLASSIFICÁVEL,ablation/tissue_classic_1229/images/49_0 (4).jpg
49_1,49_1,49_1.jpg,d72513f23352bf866122186fed372c2c00018ebebfbd39353781912d2c138ca2,b6f1993e601be00f,clinical:49,train,0,0,0,0,0,NÃO CLASSIFICÁVEL,NÃO CLASSIFICÁVEL,NÃO CLASSIFICÁVEL,ablation/tissue_classic_1229/images/49_1.jpg
49_1 (2),49_1 (2),49_1 (2).jpg,7cf84660f6f334a17c288d0e793c81f1280e4fc06032fd33858263611be710c6,9fc0e4929d4f7a50,clinical:49,train,0,0,0,0,0,NÃO CLASSIFICÁVEL,NÃO CLASSIFICÁVEL,NÃO CLASSIFICÁVEL,ablation/tissue_classic_1229/images/49_1 (2).jpg
49_2,49_2,49_2.jpg,bd849987b686328679e07c14ae45e3dbbaf0b357959fdfcde330217cc1c7966a,a5ccce30b961e347,clinical:49,train,0,1,0,0,0,GRANULAÇÃO,NÃO CLASSIFICÁVEL,GRANULAÇÃO,ablation/tissue_classic_1229/images/49_2.jpg
49_3,49_3,49_3.jpg,ccdc99ab2345f07d9f0efe8a3c1d06ec89383699c05fce0234ef790545fea678,9b4f6bcfc2302c32,clinical:49,train,0,0,0,0,0,NÃO CLASSIFICÁVEL,NÃO CLASSIFICÁVEL,NÃO CLASSIFICÁVEL,ablation/tissue_classic_1229/images/49_3.jpg
4_0,4_0,4_0.jpg,77fabb792eaca2d50267bb4743d4b92f4c73ed42f016441066dba7a7025b84ad,8f8d90326ccdb16e,clinical:4,train,0,1,0,0,0,GRANULAÇÃO,NÃO CLASSIFICÁVEL,GRANULAÇÃO,ablation/tissue_classic_1229/images/4_0.jpg
4_0 (2),4_0 (2),4_0 (2).jpg,76974227efce6c9575c789ac897193808f26d5ecf60925cdd1bdeaa1e40ab15a,b76cd8766309ce48,clinical:4,train,0,1,1,0,0,GRANULAÇÃO,ESFACELO,MULTI,ablation/tissue_classic_1229/images/4_0 (2).jpg
4_0 (3),4_0 (3),4_0 (3).jpg,98f632c9742b497fd48a8dc118354d8476e989212b2a6e2b5394e9d1ca2dd67d,b5db5394a46c6722,clinical:4,train,0,1,1,0,0,GRANULAÇÃO,ESFACELO,MULTI,ablation/tissue_classic_1229/images/4_0 (3).jpg
4_0 (4),4_0 (4),4_0 (4).jpg,28bc3561a9c8ed9216340bd9664c6626ea6e4fefdfef828fd1fe10fe96dfada2,a3ee9cf1a38e80e4,clinical:4,train,0,0,0,0,0,NÃO CLASSIFICÁVEL,NÃO CLASSIFICÁVEL,NÃO CLASSIFICÁVEL,ablation/tissue_classic_1229/images/4_0 (4).jpg
50_0,50_0,50_0.jpg,46de1cef9c46a4516c872991df8223ef666689d73115351241e26a51a4814fb5,d5ad1be42d83368c,clinical:50,train,0,1,1,0,0,GRANULAÇÃO,ESFACELO,MULTI,ablation/tissue_classic_1229/images/50_0.jpg
50_0 (2),50_0 (2),50_0 (2).jpg,8bad87a5d40696e7d4d1d867be1f9aea0f10b4a915dc82426c51f5d0a9010cdf,87c97c36994cde22,clinical:50,train,0,1,1,1,0,GRANULAÇÃO,AMBAS,MULTI,ablation/tissue_classic_1229/images/50_0 (2).jpg
50_0 (3),50_0 (3),50_0 (3).jpg,8303c2bd1e06cf8137537559be9e84889c3b3df906a91c733869e4ea585c77ba,d6117a46811f9b9d,clinical:50,train,0,0,0,0,0,NÃO CLASSIFICÁVEL,NÃO CLASSIFICÁVEL,NÃO CLASSIFICÁVEL,ablation/tissue_classic_1229/images/50_0 (3).jpg
50_0 (4),50_0 (4),50_0 (4).jpg,31c059eb47a59fb9b9b3ccd265e71b78fe0e988f9fdc1dc0cc436b6d39a37c4c,aa5502f4af599d25,clinical:50,train,0,1,0,0,0,GRANULAÇÃO,NÃO CLASSIFICÁVEL,GRANULAÇÃO,ablation/tissue_classic_1229/images/50_0 (4).jpg
50_1,50_1,50_1.jpg,e98791f3e36e04dae3819fe150483cbf29af432b87e73c321f3d291a0832bafa,dc85343ec31b3ba1,clinical:50,train,0,0,0,0,0,NÃO CLASSIFICÁVEL,NÃO CLASSIFICÁVEL,NÃO CLASSIFICÁVEL,ablation/tissue_classic_1229/images/50_1.jpg
51_0,51_0,51_0.jpg,eeb283973f43c0970b191ea62247d0b168a99d9dff08913d92f7a2a439c62db5,d1e91894369f84bd,clinical:51,train,0,0,0,0,0,NÃO CLASSIFICÁVEL,NÃO CLASSIFICÁVEL,NÃO CLASSIFICÁVEL,ablation/tissue_classic_1229/images/51_0.jpg
51_0 (2),51_0 (2),51_0 (2).jpg,0db361ae4ca5880a30c2462c3319b95b519dc787d8efcb480bb26c3a74c5b3b0,9dafabc1d072228d,clinical:51,train,0,0,0,0,0,NÃO CLASSIFICÁVEL,NÃO CLASSIFICÁVEL,NÃO CLASSIFICÁVEL,ablation/tissue_classic_1229/images/51_0 (2).jpg
51_0 (3),51_0 (3),51_0 (3).jpg,2428e2f313e8a00dfe703b60ddc99921f55ecb4cd0238fab6c85d3a8246781e6,fe87e13853c1c463,clinical:51,train,0,0,1,0,0,NÃO CLASSIFICÁVEL,ESFACELO,ESFACELO,ablation/tissue_classic_1229/images/51_0 (3).jpg
51_0 (4),51_0 (4),51_0 (4).jpg,338043bdff21d6d783b6edea3f4efe205ba25ed1236df78bb1a601e59e1cc34b,f3d58e0a198b668d,clinical:51,train,0,0,1,1,1,NÃO CLASSIFICÁVEL,AMBAS,MULTI,ablation/tissue_classic_1229/images/51_0 (4).jpg
51_1,51_1,51_1.jpg,98f9f2e68189f3d880068b8dc85322e206c719896b832c59572da102385f2191,d781c03eb0c53de5,clinical:51,train,1,0,0,0,0,HIPEREMIA,NÃO CLASSIFICÁVEL,HIPEREMIA,ablation/tissue_classic_1229/images/51_1.jpg
51_1 (2),51_1 (2),51_1 (2).jpg,a68d61e6b16d8237c6c86efd4b316503878fb23346803cb2771c2ede2a56bb0b,e39bcc8cc4c2c3e6,clinical:51,train,0,1,0,0,0,GRANULAÇÃO,NÃO CLASSIFICÁVEL,GRANULAÇÃO,ablation/tissue_classic_1229/images/51_1 (2).jpg
52_0,52_0,52_0.jpg,9bd7f81852d140937026a5c6cd8926696b0732ca6058b769d3b86f702f181f3b,a1b79ed26b983426,clinical:52,train,0,1,0,0,0,GRANULAÇÃO,NÃO CLASSIFICÁVEL,GRANULAÇÃO,ablation/tissue_classic_1229/images/52_0.jpg
52_0 (2),52_0 (2),52_0 (2).jpg,c99d66056baee0409bed5364e6457d9c696e5c219b340eb58668b114e7a9e849,a9ff066c27605f81,clinical:52,train,0,0,0,0,0,NÃO CLASSIFICÁVEL,NÃO CLASSIFICÁVEL,NÃO CLASSIFICÁVEL,ablation/tissue_classic_1229/images/52_0 (2).jpg
52_0 (3),52_0 (3),52_0 (3).jpg,5fbd28aa9247f4f0acc180d25bc0a8f29add9d39f05a3d8238b22b1c77ce6bcc,f33dc84123866f69,clinical:52,train,0,0,0,0,0,NÃO CLASSIFICÁVEL,NÃO CLASSIFICÁVEL,NÃO CLASSIFICÁVEL,ablation/tissue_classic_1229/images/52_0 (3).jpg
52_0 (4),52_0 (4),52_0 (4).jpg,7d42f8f645f3e9cd07d0cbaaa19910b57f6a03a811be5d30cdcbebb481377c47,98d7f37431c1b858,clinical:52,train,0,0,0,0,0,NÃO CLASSIFICÁVEL,NÃO CLASSIFICÁVEL,NÃO CLASSIFICÁVEL,ablation/tissue_classic_1229/images/52_0 (4).jpg
52_1,52_1,52_1.jpg,5e6ec14dc78b99ecc34b5117b0142c3fc0fce3ef36dafa64a009039c89ced896,ef3f92d2f0e0c848,clinical:52,train,0,0,0,0,0,NÃO CLASSIFICÁVEL,NÃO CLASSIFICÁVEL,NÃO CLASSIFICÁVEL,ablation/tissue_classic_1229/images/52_1.jpg
52_1 (2),52_1 (2),52_1 (2).jpg,1baeb82f9827eed84b65e7b3848111612ab4de4689861011cc795c3a680f1ee2,abb07d8e4d1270b5,clinical:52,train,0,0,0,0,0,NÃO CLASSIFICÁVEL,NÃO CLASSIFICÁVEL,NÃO CLASSIFICÁVEL,ablation/tissue_classic_1229/images/52_1 (2).jpg
55_0,55_0,55_0.jpg,01eac6b295b543dbfe45cce90fe0f6f83b14e088b60846267e4d5e4f8b56c190,f1a506171a361b7e,clinical:55,train,0,1,1,0,0,GRANULAÇÃO,ESFACELO,MULTI,ablation/tissue_classic_1229/images/55_0.jpg
55_0 (2),55_0 (2),55_0 (2).jpg,4f037f4bf1af9456a044f7d4237168c78916bd07996fe17680e2cd7f423d20e0,f3f4ca831c9b212d,clinical:55,train,0,0,0,0,0,NÃO CLASSIFICÁVEL,NÃO CLASSIFICÁVEL,NÃO CLASSIFICÁVEL,ablation/tissue_classic_1229/images/55_0 (2).jpg
55_0 (3),55_0 (3),55_0 (3).jpg,b6d72cd0aaa25503e383845960ce1a2c004d74b4229321af4375acf84c0ac81b,c0f3369a19cdb2cc,clinical:55,train,0,0,1,0,1,NÃO CLASSIFICÁVEL,ESFACELO,ESFACELO,ablation/tissue_classic_1229/images/55_0 (3).jpg
55_0 (4),55_0 (4),55_0 (4).jpg,56c1e316742da13e82f8cbaefac3c00ce11b842435aad8a198462f27140a303a,e118574b6cb913b6,clinical:55,train,0,0,0,0,0,NÃO CLASSIFICÁVEL,NÃO CLASSIFICÁVEL,NÃO CLASSIFICÁVEL,ablation/tissue_classic_1229/images/55_0 (4).jpg
55_1,55_1,55_1.jpg,384a3b01b5a53216ab6a02076be676a39784261def3394e837235d67bc37b995,f72c9433cbcce288,clinical:55,train,0,0,0,0,0,NÃO CLASSIFICÁVEL,NÃO CLASSIFICÁVEL,NÃO CLASSIFICÁVEL,ablation/tissue_classic_1229/images/55_1.jpg
57_0,57_0,57_0.jpg,136d0d16db638cec32dcd3f724ce3694a6dbc9574b236167948e99a240d1741b,afebd9c84804a5ab,clinical:57,train,0,0,0,0,0,NÃO CLASSIFICÁVEL,NÃO CLASSIFICÁVEL,NÃO CLASSIFICÁVEL,ablation/tissue_classic_1229/images/57_0.jpg
57_0 (2),57_0 (2),57_0 (2).jpg,07f02e1cd2c76e1981c8a833479dde17c95aacc6099a360cba0eb39867eba2ea,a50b1b3cb13267d3,clinical:57,train,0,1,0,0,0,GRANULAÇÃO,NÃO CLASSIFICÁVEL,GRANULAÇÃO,ablation/tissue_classic_1229/images/57_0 (2).jpg
57_0 (3),57_0 (3),57_0 (3).jpg,2b15d23f1577c92ad7365de46fea1e3e61766411675c87a3e0124ce2890f9268,bf078028dd1568fb,clinical:57,train,1,0,0,0,0,HIPEREMIA,NÃO CLASSIFICÁVEL,HIPEREMIA,ablation/tissue_classic_1229/images/57_0 (3).jpg
57_0 (4),57_0 (4),57_0 (4).jpg,88a1ab5cd8c423b87f1a83cfcd0d8e5a05001de64e98737469ec5607eb44b054,f1b163c68666cd94,clinical:57,train,0,0,0,0,0,NÃO CLASSIFICÁVEL,NÃO CLASSIFICÁVEL,NÃO CLASSIFICÁVEL,ablation/tissue_classic_1229/images/57_0 (4).jpg
58_0,58_0,58_0.jpg,ec31cb447996e58fabb595cf75db8d409d3dbe04a93f4f9619ecf893c09bfd21,b2769922669c99d9,clinical:58,train,1,0,0,0,0,HIPEREMIA,NÃO CLASSIFICÁVEL,HIPEREMIA,ablation/tissue_classic_1229/images/58_0.jpg
58_0 (2),58_0 (2),58_0 (2).jpg,9ce6c69ac29c1b67914e882e5dfb66f3ab4229e96129bdc9a6130bdb0f5e4794,81871761ffae7b00,clinical:58,train,1,0,0,0,0,HIPEREMIA,NÃO CLASSIFICÁVEL,HIPEREMIA,ablation/tissue_classic_1229/images/58_0 (2).jpg
58_0 (3),58_0 (3),58_0 (3).jpg,452206d266ec316800eb7eb6e513cf438c7f54cac106e3e04227b2402d3c8341,aeaaf54ec2528a71,clinical:58,train,0,1,1,0,0,GRANULAÇÃO,ESFACELO,MULTI,ablation/tissue_classic_1229/images/58_0 (3).jpg
58_0 (4),58_0 (4),58_0 (4).jpg,bc1b905a7c70b2fc8e88e20b7ae0982873a86ae4b2fedbd82d7fb8349cf4ea81,9430cc6c73b3cd6c,clinical:58,train,0,0,0,0,0,NÃO CLASSIFICÁVEL,NÃO CLASSIFICÁVEL,NÃO CLASSIFICÁVEL,ablation/tissue_classic_1229/images/58_0 (4).jpg
59_0,59_0,59_0.jpg,ab6727bb1d5f321b05b2f8375b0b961eb0069cfcd6336c6b5eb085fc9878e760,d5e34dc163662ec8,clinical:59,train,1,0,0,0,0,HIPEREMIA,NÃO CLASSIFICÁVEL,HIPEREMIA,ablation/tissue_classic_1229/images/59_0.jpg
59_0 (2),59_0 (2),59_0 (2).jpg,489313802997204467e52613cbd6858118c451063254b6b6c3650c52fd26f8a6,962c5933674cce99,clinical:59,train,0,0,0,0,0,NÃO CLASSIFICÁVEL,NÃO CLASSIFICÁVEL,NÃO CLASSIFICÁVEL,ablation/tissue_classic_1229/images/59_0 (2).jpg
59_0 (3),59_0 (3),59_0 (3).jpg,2519980870a8d3fb95203f7a52224c66364a637570cac4dd3c2cbc0f6d9a144e,fae49587964a9859,clinical:59,train,0,1,0,0,0,GRANULAÇÃO,NÃO CLASSIFICÁVEL,GRANULAÇÃO,ablation/tissue_classic_1229/images/59_0 (3).jpg
59_0 (4),59_0 (4),59_0 (4).jpg,8db0ec30e03b99aa8a64df11b72f1b671850dbf2613a98c2cf8ffcc7b6edd9b4,aa6b2c5ca668b49b,clinical:59,train,0,0,1,0,0,NÃO CLASSIFICÁVEL,ESFACELO,ESFACELO,ablation/tissue_classic_1229/images/59_0 (4).jpg
59_1,59_1,59_1.jpg,7555c0c2a9f53111232f6fba9a374c29f09e72210f930fb1a62eca1924caaf11,fae98334f4929326,clinical:59,train,0,0,0,0,0,NÃO CLASSIFICÁVEL,NÃO CLASSIFICÁVEL,NÃO CLASSIFICÁVEL,ablation/tissue_classic_1229/images/59_1.jpg
5_0,5_0,5_0.jpg,a500a82c3d9d64fd6e4ab6aa1ec10a0b058ef8df173f2cb16500aed89391d5f4,fa54896a872bd2a9,clinical:5,train,0,0,0,0,1,NÃO CLASSIFICÁVEL,NÃO CLASSIFICÁVEL,NÃO CLASSIFICÁVEL,ablation/tissue_classic_1229/images/5_0.jpg
5_0 (2),5_0 (2),5_0 (2).jpg,aae60136d71048e851163ef4259e9b99c6ae76f7d695243da10807f71390a443,a1068a88fcb7f19b,clinical:5,train,0,1,1,0,0,GRANULAÇÃO,ESFACELO,MULTI,ablation/tissue_classic_1229/images/5_0 (2).jpg
5_0 (3),5_0 (3),5_0 (3).jpg,fc8adb91628dc5c7af499262759a447359be11fbba6eecf37fcaf03e4ce71a4c,924ab514eda572ab,clinical:5,train,0,1,0,0,0,GRANULAÇÃO,NÃO CLASSIFICÁVEL,GRANULAÇÃO,ablation/tissue_classic_1229/images/5_0 (3).jpg
5_0 (4),5_0 (4),5_0 (4).jpg,18c60bfc30997ccdcc5d9d40b612405a49ef569c3a8329995c7015f87cb28915,a9b6091996e3cb3c,clinical:5,train,1,0,0,0,0,HIPEREMIA,NÃO CLASSIFICÁVEL,HIPEREMIA,ablation/tissue_classic_1229/images/5_0 (4).jpg
5_1,5_1,5_1.jpg,55b5e12d849e12d47a497a669aba235064422b228be213a4c61705135d957ac9,c1688c23d96735be,clinical:5,train,0,1,1,0,0,GRANULAÇÃO,ESFACELO,MULTI,ablation/tissue_classic_1229/images/5_1.jpg
5_1 (2),5_1 (2),5_1 (2).jpg,c5341ccb24643d9a7c044e55d7244c1ba91140565174acc42b95f7476bb821ec,a9c79eb421e9338c,clinical:5,train,1,0,0,0,0,HIPEREMIA,NÃO CLASSIFICÁVEL,HIPEREMIA,ablation/tissue_classic_1229/images/5_1 (2).jpg
5_2,5_2,5_2.jpg,edab6c081f7d0fa978db45763ecd7b26968d6331baa8b8a2ce47aa0f8e735aba,ed023f924b649f25,clinical:5,train,0,1,0,0,0,GRANULAÇÃO,NÃO CLASSIFICÁVEL,GRANULAÇÃO,ablation/tissue_classic_1229/images/5_2.jpg
60_0,60_0,60_0.jpg,54df1956df58f1327eb96b0812354f1f18cfd5a4492d8fb8cbd663fed2c826eb,c5aa399c65dad445,clinical:60,train,0,0,1,0,0,NÃO CLASSIFICÁVEL,ESFACELO,ESFACELO,ablation/tissue_classic_1229/images/60_0.jpg
60_0 (2),60_0 (2),60_0 (2).jpg,22b0ca42d7a13a66862846d9ecbea6b5a30571a0ced43e224dcfedc3e0411b79,aa4edd793483838e,clinical:60,train,1,0,1,0,0,HIPEREMIA,ESFACELO,MULTI,ablation/tissue_classic_1229/images/60_0 (2).jpg
60_0 (3),60_0 (3),60_0 (3).jpg,cc4832a73076376a3044b068fe877d3f1902b159f3d3dfa44e6a80b50bb4643d,afca408767b60d8d,clinical:60,train,0,0,0,0,0,NÃO CLASSIFICÁVEL,NÃO CLASSIFICÁVEL,NÃO CLASSIFICÁVEL,ablation/tissue_classic_1229/images/60_0 (3).jpg
60_0 (4),60_0 (4),60_0 (4).jpg,ae657b3f5d6b17e0295d518aa8eb0d214464bbeca5a189272a8a2609431fc705,d21e2fb1348f26cc,clinical:60,train,0,1,1,0,0,GRANULAÇÃO,ESFACELO,MULTI,ablation/tissue_classic_1229/images/60_0 (4).jpg
60_1,60_1,60_1.jpg,5a328e4164a346dffa97a4a6abe3bcab18ea7af17e19b58d4fbfa322c36da14f,c15fb4a1ab4a52f4,clinical:60,train,0,0,0,0,0,NÃO CLASSIFICÁVEL,NÃO CLASSIFICÁVEL,NÃO CLASSIFICÁVEL,ablation/tissue_classic_1229/images/60_1.jpg
60_1 (2),60_1 (2),60_1 (2).jpg,6abfe06489061629d553add8ed573f9c8fa8aa67755581dc10cc457de907a8e5,dfe1c1cccb38c832,clinical:60,train,0,0,0,0,0,NÃO CLASSIFICÁVEL,NÃO CLASSIFICÁVEL,NÃO CLASSIFICÁVEL,ablation/tissue_classic_1229/images/60_1 (2).jpg
61_0,61_0,61_0.jpg,beef3682e9dc360d4b6028bc5c59f30b92460a831d5d6ee126b8eb4ebfe3bf6f,acc2d2b43db3661a,clinical:61,train,0,1,0,0,0,GRANULAÇÃO,NÃO CLASSIFICÁVEL,GRANULAÇÃO,ablation/tissue_classic_1229/images/61_0.jpg
61_0 (2),61_0 (2),61_0 (2).jpg,e10953069dee0921b6d7067d55eccc634cc1681c06feb79a970220cfd571d105,a295d9c4619acecd,clinical:61,train,0,1,0,0,0,GRANULAÇÃO,NÃO CLASSIFICÁVEL,GRANULAÇÃO,ablation/tissue_classic_1229/images/61_0 (2).jpg
61_0 (3),61_0 (3),61_0 (3).jpg,bcbb7e341fa802efb3f7543ce1a2b9d3349709f8d170b6363ad5c029246c3a96,e1924f657612c96d,clinical:61,train,0,1,0,0,0,GRANULAÇÃO,NÃO CLASSIFICÁVEL,GRANULAÇÃO,ablation/tissue_classic_1229/images/61_0 (3).jpg
61_0 (4),61_0 (4),61_0 (4).jpg,b9261984135d1d0efe8f5100887fd5c06188047fd5d7a6856eab064dc95477bb,ba2dc59a1b666499,clinical:61,train,0,1,1,0,0,GRANULAÇÃO,ESFACELO,MULTI,ablation/tissue_classic_1229/images/61_0 (4).jpg
63_0,63_0,63_0.jpg,f9e32ded2317f4227860cbd67ab63c0d6076531a1fcb60ea2b1e54d3abb383c7,d1192a757865a78e,clinical:63,train,0,0,0,0,0,NÃO CLASSIFICÁVEL,NÃO CLASSIFICÁVEL,NÃO CLASSIFICÁVEL,ablation/tissue_classic_1229/images/63_0.jpg
63_0 (2),63_0 (2),63_0 (2).jpg,77118a89e2865d6818385e0f7aef604d5660b7c485db6ff89025b70e5b999574,aaffc42783308b59,clinical:63,train,0,1,0,0,0,GRANULAÇÃO,NÃO CLASSIFICÁVEL,GRANULAÇÃO,ablation/tissue_classic_1229/images/63_0 (2).jpg
63_0 (3),63_0 (3),63_0 (3).jpg,607b451f31a02a37aa4c72f28de9eaa3496f82d2b2ce0033537e33b4b29bc3d5,bf05aa17c93b451a,clinical:63,train,0,1,0,0,0,GRANULAÇÃO,NÃO CLASSIFICÁVEL,GRANULAÇÃO,ablation/tissue_classic_1229/images/63_0 (3).jpg
63_0 (4),63_0 (4),63_0 (4).jpg,57b734188ab3dded250cc3392f074fe3aabe8a866ba32a9cfe59b9ab4c1d4ad8,9fb57552a82e528c,clinical:63,train,0,0,0,0,0,NÃO CLASSIFICÁVEL,NÃO CLASSIFICÁVEL,NÃO CLASSIFICÁVEL,ablation/tissue_classic_1229/images/63_0 (4).jpg
63_1,63_1,63_1.jpg,e9b9179b92cec548c7b08701d6971d96fdd8488536843b63be24903ebe515e9d,9ce25e5a64636593,clinical:63,train,0,0,0,0,0,NÃO CLASSIFICÁVEL,NÃO CLASSIFICÁVEL,NÃO CLASSIFICÁVEL,ablation/tissue_classic_1229/images/63_1.jpg
64_0,64_0,64_0.jpg,8cca21d20730010d47dee90835ec7e00ad88f57eef10b2f44bc47a06a52ff5db,fcc683118b78ee4c,clinical:64,train,0,0,0,0,1,NÃO CLASSIFICÁVEL,NÃO CLASSIFICÁVEL,NÃO CLASSIFICÁVEL,ablation/tissue_classic_1229/images/64_0.jpg
64_0 (2),64_0 (2),64_0 (2).jpg,16ab49f7c568a44eb6b3b1b397a9f5c9f4017713756bb75f6fc0678452fa08ab,bf03d0cec37a3530,clinical:64,train,0,1,0,1,0,GRANULAÇÃO,NECROSE SECA,MULTI,ablation/tissue_classic_1229/images/64_0 (2).jpg
64_0 (3),64_0 (3),64_0 (3).jpg,1b7f62940f7f209de372a2f75754f17163f0f601a52560df3473787398595e51,fca9c1c58b09b0bb,clinical:64,train,0,0,0,0,0,NÃO CLASSIFICÁVEL,NÃO CLASSIFICÁVEL,NÃO CLASSIFICÁVEL,ablation/tissue_classic_1229/images/64_0 (3).jpg
64_0 (4),64_0 (4),64_0 (4).jpg,2c1ab02388c66605ecc09bae29f705a7e752b7bbc19494fee7836659a1e50048,aa5235cb74c2c3cb,clinical:64,train,0,1,0,0,0,GRANULAÇÃO,NÃO CLASSIFICÁVEL,GRANULAÇÃO,ablation/tissue_classic_1229/images/64_0 (4).jpg
64_1,64_1,64_1.jpg,2d1ab8cf4845e6bba54d2fe01d8006c6c9607e86158f9237b15ad4e4a4bc5b1b,a3fdf29694134989,clinical:64,train,0,0,0,0,1,NÃO CLASSIFICÁVEL,NÃO CLASSIFICÁVEL,NÃO CLASSIFICÁVEL,ablation/tissue_classic_1229/images/64_1.jpg
64_1 (2),64_1 (2),64_1 (2).jpg,d18600cf46fca5d46672df3fee2e8c1f1d74613eb9e2027b5ff3243475a5048b,eed0c1c6c49e89b9,clinical:64,train,0,1,1,0,0,GRANULAÇÃO,ESFACELO,MULTI,ablation/tissue_classic_1229/images/64_1 (2).jpg
64_1 (3),64_1 (3),64_1 (3).jpg,be70e35c483bbfb446317d09b0152ef98bc71990031391ce7d56cd14154aeafb,ab3a39ec2642f139,clinical:64,train,0,1,0,0,0,GRANULAÇÃO,NÃO CLASSIFICÁVEL,GRANULAÇÃO,ablation/tissue_classic_1229/images/64_1 (3).jpg
64_2,64_2,64_2.jpg,dc176bf8aa8ea0d8dd08c58a7d3f543636871c5ad1d366040f72628b8b6f5cb4,bfc0c40593b5f156,clinical:64,train,0,0,0,0,1,NÃO CLASSIFICÁVEL,NÃO CLASSIFICÁVEL,NÃO CLASSIFICÁVEL,ablation/tissue_classic_1229/images/64_2.jpg
65_0,65_0,65_0.jpg,e0f259c8c3a55e9887129a9c471563ad510c980185f705c7c37ebb93586fa505,fb81c15f4a4a4b39,clinical:65,train,0,0,0,1,1,NÃO CLASSIFICÁVEL,NECROSE SECA,NECROSE SECA,ablation/tissue_classic_1229/images/65_0.jpg
65_0 (2),65_0 (2),65_0 (2).jpg,78534d078cc9e6d5523a2d4532841ddc09008631e6cfea3d2c21815443e48735,af9e81799e604a96,clinical:65,train,1,0,0,0,0,HIPEREMIA,NÃO CLASSIFICÁVEL,HIPEREMIA,ablation/tissue_classic_1229/images/65_0 (2).jpg
65_0 (3),65_0 (3),65_0 (3).jpg,b31ce04714b0502db596b30a5296d42956ddc37ee6156d456c920c83277e1772,b070a3e6c6cbc64b,clinical:65,train,0,0,0,0,0,NÃO CLASSIFICÁVEL,NÃO CLASSIFICÁVEL,NÃO CLASSIFICÁVEL,ablation/tissue_classic_1229/images/65_0 (3).jpg
65_0 (4),65_0 (4),65_0 (4).jpg,068d0844fccfa731fc546d23c67c892aacb02de3d91c15ec9f1b98115eb6b415,a4909aeb1d7d8536,clinical:65,train,0,1,0,0,0,GRANULAÇÃO,NÃO CLASSIFICÁVEL,GRANULAÇÃO,ablation/tissue_classic_1229/images/65_0 (4).jpg
65_1,65_1,65_1.jpg,7319a841fb5507322f2f6b384b23445feb14a3ad102741f9fe0284c15206f5de,8eafe3c573986091,clinical:65,train,0,1,1,0,0,GRANULAÇÃO,ESFACELO,MULTI,ablation/tissue_classic_1229/images/65_1.jpg
66_0,66_0,66_0.jpg,455db0da9530df4dc89ec9fb75b909a312fce1242719b491b581f0990ec67dc4,d0351c1e1e3e0f3b,clinical:66,train,1,0,0,0,0,HIPEREMIA,NÃO CLASSIFICÁVEL,HIPEREMIA,ablation/tissue_classic_1229/images/66_0.jpg
66_0 (2),66_0 (2),66_0 (2).jpg,b945bad586c87852a4ca01d0caca356839deac819e5fe67f17a37c36f54b3e2f,b0d6c22765356739,clinical:66,train,0,0,0,0,0,NÃO CLASSIFICÁVEL,NÃO CLASSIFICÁVEL,NÃO CLASSIFICÁVEL,ablation/tissue_classic_1229/images/66_0 (2).jpg
66_0 (3),66_0 (3),66_0 (3).jpg,dd0a28aa595f51f755950e88bfbb6fdbf10ec42c1bdbbab8c75b042dd4bd975f,94d44b737848679d,clinical:66,train,0,0,0,1,1,NÃO CLASSIFICÁVEL,NECROSE SECA,NECROSE SECA,ablation/tissue_classic_1229/images/66_0 (3).jpg
66_0 (4),66_0 (4),66_0 (4).jpg,3df0cc71517f2e639b3537eb86e96ae7143c93a84ac3694a73421cf23485ed1f,c2a536925b696d2d,clinical:66,train,0,0,0,0,0,NÃO CLASSIFICÁVEL,NÃO CLASSIFICÁVEL,NÃO CLASSIFICÁVEL,ablation/tissue_classic_1229/images/66_0 (4).jpg
68_0,68_0,68_0.jpg,cbf7cd66e586691afec2af3c09330f11e450493dfe544aa31fbc9a327f32ddc4,a2334b87116e3b3b,clinical:68,train,0,0,0,0,0,NÃO CLASSIFICÁVEL,NÃO CLASSIFICÁVEL,NÃO CLASSIFICÁVEL,ablation/tissue_classic_1229/images/68_0.jpg
68_0 (2),68_0 (2),68_0 (2).jpg,c1ef2a69cc97d2280b2a49cf2fdcafeb27e9bc05416d5048602cd37d1fdc7a26,bf917f67301b6088,clinical:68,train,0,0,0,0,0,NÃO CLASSIFICÁVEL,NÃO CLASSIFICÁVEL,NÃO CLASSIFICÁVEL,ablation/tissue_classic_1229/images/68_0 (2).jpg
68_0 (3),68_0 (3),68_0 (3).jpg,31574fe2568df52c3fbb8b0f05086dab87b05e327482630e9ee01cb7f75e58a3,ead7c14e891a9539,clinical:68,train,0,0,1,0,0,NÃO CLASSIFICÁVEL,ESFACELO,ESFACELO,ablation/tissue_classic_1229/images/68_0 (3).jpg
68_0 (4),68_0 (4),68_0 (4).jpg,74d40918db56d5d6aef08bfa85b303c866984b17488471ec157a5934768c5f10,92b678c937664d13,clinical:68,train,0,0,0,0,0,NÃO CLASSIFICÁVEL,NÃO CLASSIFICÁVEL,NÃO CLASSIFICÁVEL,ablation/tissue_classic_1229/images/68_0 (4).jpg
68_1,68_1,68_1.jpg,4db51750665e86c7b1ad7582cd0d84130227c2425d3dd415950d909caa790665,b692c9c73340e3d9,clinical:68,train,0,0,0,0,0,NÃO CLASSIFICÁVEL,NÃO CLASSIFICÁVEL,NÃO CLASSIFICÁVEL,ablation/tissue_classic_1229/images/68_1.jpg
68_1 (2),68_1 (2),68_1 (2).jpg,d82dcc3729962f2678508618dad8397c2cd2a70191ebf21af8ed12ca251a8b0a,8a72d63e784ccd98,clinical:68,train,0,0,0,0,0,NÃO CLASSIFICÁVEL,NÃO CLASSIFICÁVEL,NÃO CLASSIFICÁVEL,ablation/tissue_classic_1229/images/68_1 (2).jpg
69_0,69_0,69_0.jpg,d5c53764af0b95b025ed900fdcdd4ac4fe7852e3d07459d7c54eec069ab0aa6b,85f05ee7289c655c,clinical:69,train,0,0,0,0,0,NÃO CLASSIFICÁVEL,NÃO CLASSIFICÁVEL,NÃO CLASSIFICÁVEL,ablation/tissue_classic_1229/images/69_0.jpg
69_0 (2),69_0 (2),69_0 (2).jpg,576a1becc03ff3e2fbd35d4a9712ced34088531b0f2edba2bf61210dde2460b5,85d6daecd25a888d,clinical:69,train,0,0,0,0,0,NÃO CLASSIFICÁVEL,NÃO CLASSIFICÁVEL,NÃO CLASSIFICÁVEL,ablation/tissue_classic_1229/images/69_0 (2).jpg
69_0 (3),69_0 (3),69_0 (3).jpg,2aa3ffbd9c4cc8a2f322f3ee341faa4934084dd2adc9f4a171007c6cd473908c,c9412b6a2cbdd5e4,clinical:69,train,0,0,1,0,0,NÃO CLASSIFICÁVEL,ESFACELO,ESFACELO,ablation/tissue_classic_1229/images/69_0 (3).jpg
69_0 (4),69_0 (4),69_0 (4).jpg,a66086b095db581d9b209c6860f0fde2060b7c670198ea6c382e33d750a8bffb,ff1775aa54295205,clinical:69,train,1,0,0,0,0,HIPEREMIA,NÃO CLASSIFICÁVEL,HIPEREMIA,ablation/tissue_classic_1229/images/69_0 (4).jpg
69_1,69_1,69_1.jpg,dacb97b311d5601ad061d3846ab32abca0bbf3acb84a6d02fadbf1ab9fb7936c,bed1c88d919d8a78,clinical:69,train,0,1,0,0,0,GRANULAÇÃO,NÃO CLASSIFICÁVEL,GRANULAÇÃO,ablation/tissue_classic_1229/images/69_1.jpg
6_0,6_0,6_0.jpg,531e1dac2f8855de7995144166da23a6e206a46b885706f7ac2cd05272436d82,bdbdc3c06d0b301d,clinical:6,train,0,0,0,1,0,NÃO CLASSIFICÁVEL,NECROSE SECA,NECROSE SECA,ablation/tissue_classic_1229/images/6_0.jpg
6_0 (2),6_0 (2),6_0 (2).jpg,776ff76988639c18b1f78d973d3fdbb62ef9821c3df58f3ba0fd09a4de791c03,be2995941e9a35e1,clinical:6,train,0,0,0,1,1,NÃO CLASSIFICÁVEL,NECROSE SECA,NECROSE SECA,ablation/tissue_classic_1229/images/6_0 (2).jpg
6_0 (3),6_0 (3),6_0 (3).jpg,3e0d6d0113b9df37e3195f453381fe7ea1cf5dca7c65ec716e0f2ff5a61e47d8,d4d0d2cf6b182db1,clinical:6,train,0,0,1,0,0,NÃO CLASSIFICÁVEL,ESFACELO,ESFACELO,ablation/tissue_classic_1229/images/6_0 (3).jpg
6_0 (4),6_0 (4),6_0 (4).jpg,c6251deaa1866af1568b8bb525cd88d8a0771b573790aa093554516f49e43caa,ffe8c2c88ea4e151,clinical:6,train,0,0,0,0,0,NÃO CLASSIFICÁVEL,NÃO CLASSIFICÁVEL,NÃO CLASSIFICÁVEL,ablation/tissue_classic_1229/images/6_0 (4).jpg
6_1,6_1,6_1.jpg,394fa5059e8fb2d8751aa3d9c739ded33119372238891df0d4e44f89fb99ad3f,8c8ff7c138f880cd,clinical:6,train,0,0,0,1,0,NÃO CLASSIFICÁVEL,NECROSE SECA,NECROSE SECA,ablation/tissue_classic_1229/images/6_1.jpg
6_1 (2),6_1 (2),6_1 (2).jpg,ff63cff61bacc18a648d67ab704794b7e9606fd87fcbc94472dab8ef0d65bdb4,c6e75854176854bd,clinical:6,train,0,0,0,0,0,NÃO CLASSIFICÁVEL,NÃO CLASSIFICÁVEL,NÃO CLASSIFICÁVEL,ablation/tissue_classic_1229/images/6_1 (2).jpg
6_1 (3),6_1 (3),6_1 (3).jpg,751d6fb5536ce2cdaa69ad48d41fac78fdf4999588998f4b8c49e9c11ac38657,ff10c846f798d930,clinical:6,train,0,1,0,0,0,GRANULAÇÃO,NÃO CLASSIFICÁVEL,GRANULAÇÃO,ablation/tissue_classic_1229/images/6_1 (3).jpg
6_2,6_2,6_2.jpg,472f7bb4c4eb51ecb1d7e1cf1a3a1a9701c68e0413d7d7eaf4f83b0489b984f0,fce1e9c797121a28,clinical:6,train,0,1,0,0,0,GRANULAÇÃO,NÃO CLASSIFICÁVEL,GRANULAÇÃO,ablation/tissue_classic_1229/images/6_2.jpg
6_3,6_3,6_3.jpg,2900bd544c8a0d8340bdf81e47d2a6ca396fb352fbe55587b5c7ba0a149a6942,fe81e0df80d49c33,clinical:6,train,0,1,0,0,0,GRANULAÇÃO,NÃO CLASSIFICÁVEL,GRANULAÇÃO,ablation/tissue_classic_1229/images/6_3.jpg
70_0,70_0,70_0.jpg,3c5f4014ff0abf2d870e9ad178c102ec72f55c73a74e1d154b1f76b053a8edbc,8240cfdf2cc636d9,clinical:70,train,0,0,1,0,0,NÃO CLASSIFICÁVEL,ESFACELO,ESFACELO,ablation/tissue_classic_1229/images/70_0.jpg
70_0 (2),70_0 (2),70_0 (2).jpg,f1b37e32b03a4d66be13ba8fae45da0c36f04ee289c0e2042955d837deccccf7,a8f097cbce396126,clinical:70,train,0,1,0,0,0,GRANULAÇÃO,NÃO CLASSIFICÁVEL,GRANULAÇÃO,ablation/tissue_classic_1229/images/70_0 (2).jpg
70_0 (3),70_0 (3),70_0 (3).jpg,576bf3898554244fc981af3559f09ffb3c0a641d3dd51a0bb378d759d64469ec,fd0ba4a08b68cd6b,clinical:70,train,0,0,0,0,0,NÃO CLASSIFICÁVEL,NÃO CLASSIFICÁVEL,NÃO CLASSIFICÁVEL,ablation/tissue_classic_1229/images/70_0 (3).jpg
70_1,70_1,70_1.jpg,ac8fdff3c94a7d7e4d87624322a1b690d343cf7a321ec6007a36315a64ebaca4,bc1fcf319866906a,clinical:70,train,0,0,0,0,0,NÃO CLASSIFICÁVEL,NÃO CLASSIFICÁVEL,NÃO CLASSIFICÁVEL,ablation/tissue_classic_1229/images/70_1.jpg
71_0,71_0,71_0.jpg,5ec80d8227b873b910e1b9cf5b43099c09fdbc407f3aa8b790fff878ffc49e31,b680cbe765c2349b,clinical:71,train,0,1,0,0,0,GRANULAÇÃO,NÃO CLASSIFICÁVEL,GRANULAÇÃO,ablation/tissue_classic_1229/images/71_0.jpg
71_0 (2),71_0 (2),71_0 (2).jpg,3cb110a1ebd3d8821445d7db4ad2186bc1d8a6a437305f96f0534fe9cf486401,a7105867c3c7d96c,clinical:71,train,0,0,0,0,0,NÃO CLASSIFICÁVEL,NÃO CLASSIFICÁVEL,NÃO CLASSIFICÁVEL,ablation/tissue_classic_1229/images/71_0 (2).jpg
71_0 (3),71_0 (3),71_0 (3).jpg,bf911465434d64483f928f5a9a9dbac90a2078ab431df89bcee90ef8c5cc493f,dc27c33ad025c778,clinical:71,train,1,0,0,0,0,HIPEREMIA,NÃO CLASSIFICÁVEL,HIPEREMIA,ablation/tissue_classic_1229/images/71_0 (3).jpg
71_0 (4),71_0 (4),71_0 (4).jpg,26c66075916b399b6da482aab85b7578fd174f906942b81aae71d2b3bd04e9fb,ec03d73989709763,clinical:71,train,0,1,1,0,0,GRANULAÇÃO,ESFACELO,MULTI,ablation/tissue_classic_1229/images/71_0 (4).jpg
73_0,73_0,73_0.jpg,c7b5dd15de655ed71f1c3461e74c18c58cb919c2ad7d6339b254e2a6e2453718,b67539313349c563,clinical:73,train,0,0,1,1,0,NÃO CLASSIFICÁVEL,AMBAS,MULTI,ablation/tissue_classic_1229/images/73_0.jpg
73_0 (2),73_0 (2),73_0 (2).jpg,f602ad298782c40c887d841bcbfefca3fe31e8fe955b8972f44263711d515659,c0f70fd83067c396,clinical:73,train,0,0,0,0,0,NÃO CLASSIFICÁVEL,NÃO CLASSIFICÁVEL,NÃO CLASSIFICÁVEL,ablation/tissue_classic_1229/images/73_0 (2).jpg
73_0 (3),73_0 (3),73_0 (3).jpg,78e6bb7be086e70e4ddaafcf8e421e8d73533d49e7dcfaf0dca7582f64121d86,950f541a6ddb3649,clinical:73,train,0,1,1,0,0,GRANULAÇÃO,ESFACELO,MULTI,ablation/tissue_classic_1229/images/73_0 (3).jpg
73_0 (4),73_0 (4),73_0 (4).jpg,b728085479155e8270d8a139ad2417c0b74839e97a539b854fc81431f212c27e,f4e3c30f863c98f0,clinical:73,train,0,0,1,0,0,NÃO CLASSIFICÁVEL,ESFACELO,ESFACELO,ablation/tissue_classic_1229/images/73_0 (4).jpg
75_0,75_0,75_0.jpg,63c26ab30f323e5dac6b1982e70f1f3630c4361751bb614e51a58a86f02aa54c,d5d50b34969b1963,clinical:75,train,0,0,0,0,0,NÃO CLASSIFICÁVEL,NÃO CLASSIFICÁVEL,NÃO CLASSIFICÁVEL,ablation/tissue_classic_1229/images/75_0.jpg
75_0 (2),75_0 (2),75_0 (2).jpg,bd662260e8234ea1de44189345d36a60167ef79cdaa48f4597685197dc3969b7,bc3ec365639964c8,clinical:75,train,0,0,0,0,0,NÃO CLASSIFICÁVEL,NÃO CLASSIFICÁVEL,NÃO CLASSIFICÁVEL,ablation/tissue_classic_1229/images/75_0 (2).jpg
75_0 (3),75_0 (3),75_0 (3).jpg,910aa06c09bd9228b6557dd22b5e059537da227693bcef1f1f9994ceca2d4690,d60f87625a6f0d34,clinical:75,train,0,1,0,0,0,GRANULAÇÃO,NÃO CLASSIFICÁVEL,GRANULAÇÃO,ablation/tissue_classic_1229/images/75_0 (3).jpg
75_0 (4),75_0 (4),75_0 (4).jpg,82edc3cd92cc8fe8da30a57673572d9168883c8bccd7a8b56df07749b5a273d4,e193968f99c4b926,clinical:75,train,0,1,0,0,0,GRANULAÇÃO,NÃO CLASSIFICÁVEL,GRANULAÇÃO,ablation/tissue_classic_1229/images/75_0 (4).jpg
75_1,75_1,75_1.jpg,f252b59273d6651fb667124f46557f997b024e6b2b763e79d37df1dbf838c975,d8c187be0c7237c5,clinical:75,train,0,0,0,0,0,NÃO CLASSIFICÁVEL,NÃO CLASSIFICÁVEL,NÃO CLASSIFICÁVEL,ablation/tissue_classic_1229/images/75_1.jpg
75_1 (2),75_1 (2),75_1 (2).jpg,544b55c7799e50fa5acda049bc14b51bb215817e9f96c1a3ee27c6a287f4a799,ead689aa549daa4c,clinical:75,train,0,0,0,0,0,NÃO CLASSIFICÁVEL,NÃO CLASSIFICÁVEL,NÃO CLASSIFICÁVEL,ablation/tissue_classic_1229/images/75_1 (2).jpg
75_1 (3),75_1 (3),75_1 (3).jpg,f37d2f84026a798b91c08462155d408d257f77f0499d7d129dff8663fdb3c679,eaa49d3760ce5839,clinical:75,train,1,0,0,0,0,HIPEREMIA,NÃO CLASSIFICÁVEL,HIPEREMIA,ablation/tissue_classic_1229/images/75_1 (3).jpg
75_2,75_2,75_2.jpg,f24692149d1a69f1fc06de40c5bfdcd2299f232bb69ed64e258fccb234bafa7e,fec48616704cdd99,clinical:75,train,0,0,0,0,0,NÃO CLASSIFICÁVEL,NÃO CLASSIFICÁVEL,NÃO CLASSIFICÁVEL,ablation/tissue_classic_1229/images/75_2.jpg
75_3,75_3,75_3.jpg,bf1495c5b4d45bde85f9fa3ae396fbbf41241ba2c754f1dee8b69ef8ff15c445,b93dc36b96aa4891,clinical:75,train,0,0,0,0,0,NÃO CLASSIFICÁVEL,NÃO CLASSIFICÁVEL,NÃO CLASSIFICÁVEL,ablation/tissue_classic_1229/images/75_3.jpg
76,76,76.jpg,ea393525b3796de5af5d7cc07450e509093b09263d6babdf38408ae80c92c5c2,8a7b4d447b4c72a5,name:76,train,0,0,0,0,0,NÃO CLASSIFICÁVEL,NÃO CLASSIFICÁVEL,NÃO CLASSIFICÁVEL,ablation/tissue_classic_1229/images/76.jpg
76_0,76_0,76_0.jpg,57db2c02daf4826279a0c50c0176b50f3b173d9d3f6207c36b407e2ee06a8651,aa6e9cc02fb59649,clinical:76,train,0,1,0,0,0,GRANULAÇÃO,NÃO CLASSIFICÁVEL,GRANULAÇÃO,ablation/tissue_classic_1229/images/76_0.jpg
76_0 (2),76_0 (2),76_0 (2).jpg,21287999c4b35faa98e473b70199b2d5ac66b37e3895332eb79a9874cdf10408,b3bc95f04cf504c3,clinical:76,train,0,1,0,0,0,GRANULAÇÃO,NÃO CLASSIFICÁVEL,GRANULAÇÃO,ablation/tissue_classic_1229/images/76_0 (2).jpg
76_0 (3),76_0 (3),76_0 (3).jpg,8f6a979e3b5e487e6f4bfbea8925b1246b8023f2499f91ffdd6d362fedd44ef0,a1deb5a4c914b2ae,clinical:76,train,0,0,1,0,0,NÃO CLASSIFICÁVEL,ESFACELO,ESFACELO,ablation/tissue_classic_1229/images/76_0 (3).jpg
76_0 (4),76_0 (4),76_0 (4).jpg,8208e0351da9224bc1c9bf47ac9b2071427037861de3885ffae8156d49dd8a5d,a4fc93b74b786422,clinical:76,train,0,0,0,0,0,NÃO CLASSIFICÁVEL,NÃO CLASSIFICÁVEL,NÃO CLASSIFICÁVEL,ablation/tissue_classic_1229/images/76_0 (4).jpg
76_1,76_1,76_1.jpg,fc7cccaa39eb6d1930a0a233ed0ee5a638ad6fe1ec2ef8c0f9046543a5e12882,bc7764806339939b,clinical:76,train,0,1,0,0,0,GRANULAÇÃO,NÃO CLASSIFICÁVEL,GRANULAÇÃO,ablation/tissue_classic_1229/images/76_1.jpg
76_2,76_2,76_2.jpg,34c6fbc73b21280be3eb5353efecf3ad1b0997420b1da01db9398d92e8942595,ecf0930d580e6ef2,clinical:76,train,0,0,0,0,0,NÃO CLASSIFICÁVEL,NÃO CLASSIFICÁVEL,NÃO CLASSIFICÁVEL,ablation/tissue_classic_1229/images/76_2.jpg
76_3,76_3,76_3.jpg,e93fa44449f0f24051a1387e107a25698fca91d2cfd7fc3df287080c63320cbf,fc0597856838d3e6,clinical:76,train,0,1,0,0,0,GRANULAÇÃO,NÃO CLASSIFICÁVEL,GRANULAÇÃO,ablation/tissue_classic_1229/images/76_3.jpg
76_4,76_4,76_4.jpg,f9261e1c58948c7f06a4dd7cd4a51b6467b73eed4d2831a3340c83593eced2b0,e33c61ce98c79ca1,clinical:76,train,0,0,0,0,0,NÃO CLASSIFICÁVEL,NÃO CLASSIFICÁVEL,NÃO CLASSIFICÁVEL,ablation/tissue_classic_1229/images/76_4.jpg
76_5,76_5,76_5.jpg,a0a73e17b6144536730dc18c5088abc466c5e244201a82e1f7ce024242bc8cc3,d6c7a931e4bc3072,clinical:76,train,0,0,0,0,0,NÃO CLASSIFICÁVEL,NÃO CLASSIFICÁVEL,NÃO CLASSIFICÁVEL,ablation/tissue_classic_1229/images/76_5.jpg
76_6,76_6,76_6.jpg,0a5d867f98f2b3934936ce71b8ad46a8aa30559e07a5f742a1beb2866c77a200,f378b147cc89ce44,clinical:76,train,0,0,0,0,0,NÃO CLASSIFICÁVEL,NÃO CLASSIFICÁVEL,NÃO CLASSIFICÁVEL,ablation/tissue_classic_1229/images/76_6.jpg
77_0,77_0,77_0.jpg,b3599b05636919f692e35e3c58f173685d231eb7b9cd734929522bfce2e1aba8,860b3e1d18fc5d1e,clinical:77,train,0,0,1,0,0,NÃO CLASSIFICÁVEL,ESFACELO,ESFACELO,ablation/tissue_classic_1229/images/77_0.jpg
77_0 (2),77_0 (2),77_0 (2).jpg,70887c266dac904fafb3b91c308832fa7a1be24bb3655826103a82405b935b1b,cea46cdb3298c527,clinical:77,train,0,0,0,0,0,NÃO CLASSIFICÁVEL,NÃO CLASSIFICÁVEL,NÃO CLASSIFICÁVEL,ablation/tissue_classic_1229/images/77_0 (2).jpg
77_0 (3),77_0 (3),77_0 (3).jpg,8dd83b684de9587652d553b20dd861c00c14900060aea5d69c9133577e1ff515,f481a7785aa53a5a,clinical:77,train,0,0,0,0,0,NÃO CLASSIFICÁVEL,NÃO CLASSIFICÁVEL,NÃO CLASSIFICÁVEL,ablation/tissue_classic_1229/images/77_0 (3).jpg
77_0 (4),77_0 (4),77_0 (4).jpg,0b4a35a723f0e1c7aa339795136207c1e0031deba389369f415388535e53024f,f2e607d80dc93ce1,clinical:77,train,0,1,0,0,0,GRANULAÇÃO,NÃO CLASSIFICÁVEL,GRANULAÇÃO,ablation/tissue_classic_1229/images/77_0 (4).jpg
77_1,77_1,77_1.jpg,258cba61640cbba66b640545e9aaf53cc8c758a1e6e7dfa91def69f4f151b1a1,e8cf833c9d630e2c,clinical:77,train,0,1,0,0,0,GRANULAÇÃO,NÃO CLASSIFICÁVEL,GRANULAÇÃO,ablation/tissue_classic_1229/images/77_1.jpg
78,78,78.jpg,cc486ad61ac44a1a84401b94b6c395de179bc708981aedf7a6319661857e7034,dc81e5306e7e7129,name:78,train,0,0,0,0,0,NÃO CLASSIFICÁVEL,NÃO CLASSIFICÁVEL,NÃO CLASSIFICÁVEL,ablation/tissue_classic_1229/images/78.jpg
78_0,78_0,78_0.jpg,0c2a954631eebc5c571e0586cd2b15ed79f0197aaf6376805c119014b341b945,914f18737718cf38,clinical:78,train,0,0,0,0,0,NÃO CLASSIFICÁVEL,NÃO CLASSIFICÁVEL,NÃO CLASSIFICÁVEL,ablation/tissue_classic_1229/images/78_0.jpg
78_0 (2),78_0 (2),78_0 (2).jpg,710da6243d631a11677794623806e7773178b665c4d962e35cb36bbe2fb89784,952a58b56a946d79,clinical:78,train,0,1,0,0,0,GRANULAÇÃO,NÃO CLASSIFICÁVEL,GRANULAÇÃO,ablation/tissue_classic_1229/images/78_0 (2).jpg
78_0 (3),78_0 (3),78_0 (3).jpg,a543c7fed3aa19e0aeff43ebb7cfad7d048dcf1260e262594e510c9470f6253c,f2a6cdd931668c91,clinical:78,train,0,0,0,0,0,NÃO CLASSIFICÁVEL,NÃO CLASSIFICÁVEL,NÃO CLASSIFICÁVEL,ablation/tissue_classic_1229/images/78_0 (3).jpg
78_0 (4),78_0 (4),78_0 (4).jpg,cf716679f5fd79451fae2eeecffef1ef9cf1d7e4cf593aea8d17934f1f9f7de2,ace5c4b8937ac316,clinical:78,train,0,1,0,0,0,GRANULAÇÃO,NÃO CLASSIFICÁVEL,GRANULAÇÃO,ablation/tissue_classic_1229/images/78_0 (4).jpg
78_1,78_1,78_1.jpg,6b1145f4fb8ceaac7234a8b0862bea7895399b85a7e2785160732790ef60dd33,b1678d98c69a1e65,clinical:78,train,0,0,0,0,0,NÃO CLASSIFICÁVEL,NÃO CLASSIFICÁVEL,NÃO CLASSIFICÁVEL,ablation/tissue_classic_1229/images/78_1.jpg
78_1 (2),78_1 (2),78_1 (2).jpg,996b2dff3d485112f7b495ecc15105b9aed44cc3568609e0ef49c99cf4fd02e7,881bb72ce9835376,clinical:78,train,0,1,0,0,0,GRANULAÇÃO,NÃO CLASSIFICÁVEL,GRANULAÇÃO,ablation/tissue_classic_1229/images/78_1 (2).jpg
78_2,78_2,78_2.jpg,338298af80201d5b40c18bbeac71ab063abf1d320cd68aabad88bbc0608af281,9f807ec1a551a597,clinical:78,train,0,0,0,0,0,NÃO CLASSIFICÁVEL,NÃO CLASSIFICÁVEL,NÃO CLASSIFICÁVEL,ablation/tissue_classic_1229/images/78_2.jpg
78_3,78_3,78_3.jpg,33e6aab235d8fb00e4d532f0a850fde2a7533af42721bd40e90f62bac6bcabca,df0084593b8f67d8,clinical:78,train,0,0,0,0,0,NÃO CLASSIFICÁVEL,NÃO CLASSIFICÁVEL,NÃO CLASSIFICÁVEL,ablation/tissue_classic_1229/images/78_3.jpg
7_0,7_0,7_0.jpg,888be15458f421bd9c775b337f9a98bee96fb65da5d7cc71e432b7becac36bf9,bb9e92889dc7cc48,clinical:7,train,1,0,0,0,0,HIPEREMIA,NÃO CLASSIFICÁVEL,HIPEREMIA,ablation/tissue_classic_1229/images/7_0.jpg
7_0 (2),7_0 (2),7_0 (2).jpg,86db4f9ca1692b3a8141c3cd11589e6f18d73aadd6c12f0a541df98acdfb6424,dfb0909239c9cacd,clinical:7,train,0,0,0,0,0,NÃO CLASSIFICÁVEL,NÃO CLASSIFICÁVEL,NÃO CLASSIFICÁVEL,ablation/tissue_classic_1229/images/7_0 (2).jpg
7_0 (3),7_0 (3),7_0 (3).jpg,5d6c5ed6f6d3305f990b3d4a9d17eb3f59566a48d8a4116563be54126bb0e034,c74d3a322438797e,clinical:7,train,0,0,0,1,0,NÃO CLASSIFICÁVEL,NECROSE SECA,NECROSE SECA,ablation/tissue_classic_1229/images/7_0 (3).jpg
7_0 (4),7_0 (4),7_0 (4).jpg,f6941e78a248cc1afd34ebf8ff64ef3ed734758084834cff3a06e30c8ca20aa5,d980fe90dc86f88e,clinical:7,train,0,0,1,0,0,NÃO CLASSIFICÁVEL,ESFACELO,ESFACELO,ablation/tissue_classic_1229/images/7_0 (4).jpg
7_1,7_1,7_1.jpg,12f65d4623f2fae6cc09070abcff433bc5fc3199fe95eaf81587a8116076a253,df7883950f4a20bd,clinical:7,train,0,0,0,1,0,NÃO CLASSIFICÁVEL,NECROSE SECA,NECROSE SECA,ablation/tissue_classic_1229/images/7_1.jpg
7_1 (2),7_1 (2),7_1 (2).jpg,3b4dcda6099b6cdd0c65c5b5261f6408b000d9f5ff6ff010b56299af3ae0e0f2,fcd4b1e8e4e04a93,clinical:7,train,0,1,1,0,0,GRANULAÇÃO,ESFACELO,MULTI,ablation/tissue_classic_1229/images/7_1 (2).jpg
80,80,80.jpg,71b7d1d679b9778adea71759d4e53e457b6f9810833ce7c87f084db339eda655,946f58673c874c3a,name:80,train,0,0,0,0,0,NÃO CLASSIFICÁVEL,NÃO CLASSIFICÁVEL,NÃO CLASSIFICÁVEL,ablation/tissue_classic_1229/images/80.jpg
80_0,80_0,80_0.jpg,86d570179fdc45f08fe976d827a4c1ad0a3a388145fe6aa9748c7cf86afb6772,d0e9c7c03ecb3067,clinical:80,train,0,0,1,0,0,NÃO CLASSIFICÁVEL,ESFACELO,ESFACELO,ablation/tissue_classic_1229/images/80_0.jpg
80_0 (2),80_0 (2),80_0 (2).jpg,e98aa5b6ca8aec898fc287fe65e99169770f313657f3889b4fe2e195f7ca44ae,ad9dd0d1c9c905d6,clinical:80,train,1,0,0,0,0,HIPEREMIA,NÃO CLASSIFICÁVEL,HIPEREMIA,ablation/tissue_classic_1229/images/80_0 (2).jpg
80_0 (3),80_0 (3),80_0 (3).jpg,a3cf095222132c1bdbee3d36033d63e75b24421895f986ccabc9323160e842de,fe3871708ec38c36,clinical:80,train,0,1,1,0,0,GRANULAÇÃO,ESFACELO,MULTI,ablation/tissue_classic_1229/images/80_0 (3).jpg
80_0 (4),80_0 (4),80_0 (4).jpg,33110a1d484a15d4cb28b3f765f7c2e50e1caa714aacc1c87dc1b231f1a167ea,ea45fd8f80a78638,clinical:80,train,0,0,0,0,0,NÃO CLASSIFICÁVEL,NÃO CLASSIFICÁVEL,NÃO CLASSIFICÁVEL,ablation/tissue_classic_1229/images/80_0 (4).jpg
81,81,81.jpg,6a1f05ec982866129fa21bddc6ec95668d5ad82b7de738de8edd881279f29880,93c2edcdb4a95650,name:81,train,0,0,0,0,0,NÃO CLASSIFICÁVEL,NÃO CLASSIFICÁVEL,NÃO CLASSIFICÁVEL,ablation/tissue_classic_1229/images/81.jpg
81_0,81_0,81_0.jpg,bec296da888a25f1ac6afdef3988d34b7512c46fcc80ff4a9a5865029465a68c,bf3b86489493687c,clinical:81,train,0,0,0,0,0,NÃO CLASSIFICÁVEL,NÃO CLASSIFICÁVEL,NÃO CLASSIFICÁVEL,ablation/tissue_classic_1229/images/81_0.jpg
81_0 (2),81_0 (2),81_0 (2).jpg,29f7fe386a8418d6b34a7d694f8affa15531852d938eaf07e9f52315d6443332,b87aa652bd4cb429,clinical:81,train,0,0,1,1,0,NÃO CLASSIFICÁVEL,AMBAS,MULTI,ablation/tissue_classic_1229/images/81_0 (2).jpg
81_0 (3),81_0 (3),81_0 (3).jpg,aa0f6b343c8799c9fb15afe1a11930a739efcd8f1b1238129564de3d3fbea8db,a2738d2de613e18e,clinical:81,train,0,1,1,0,0,GRANULAÇÃO,ESFACELO,MULTI,ablation/tissue_classic_1229/images/81_0 (3).jpg
81_0 (4),81_0 (4),81_0 (4).jpg,491183a1622b253646c77becc7dfcb549033a04073e5da0032b7bcbdd7a4dd07,aeb1f189e62a8d45,clinical:81,train,0,0,0,0,0,NÃO CLASSIFICÁVEL,NÃO CLASSIFICÁVEL,NÃO CLASSIFICÁVEL,ablation/tissue_classic_1229/images/81_0 (4).jpg
81_1,81_1,81_1.jpg,145bf94610f70c27f35181cc9e1495b1aec139289fb7ba623aa1e07888211466,d54ab4f88b63618b,clinical:81,train,0,1,0,0,0,GRANULAÇÃO,NÃO CLASSIFICÁVEL,GRANULAÇÃO,ablation/tissue_classic_1229/images/81_1.jpg
81_1 (2),81_1 (2),81_1 (2).jpg,66dcd5d0fba023326093a57efe5e99744e79f7bdc725c505c5097b2b97a2289b,ecc9a507b51c01f7,clinical:81,train,1,0,1,0,0,HIPEREMIA,ESFACELO,MULTI,ablation/tissue_classic_1229/images/81_1 (2).jpg
81_1 (3),81_1 (3),81_1 (3).jpg,d695b8b0d354a16fe430cb1fb4a98ab4bbe1ae7c32a0dca20cb7213640ec6cf3,f453863bca853671,clinical:81,train,0,0,1,0,0,NÃO CLASSIFICÁVEL,ESFACELO,ESFACELO,ablation/tissue_classic_1229/images/81_1 (3).jpg
81_2,81_2,81_2.jpg,728fe88c83ff6a8c41b73af80a2d6a534b053281ccc67bbf51889ef0a760df7f,897a9485b13cd6d3,clinical:81,train,0,0,1,0,0,NÃO CLASSIFICÁVEL,ESFACELO,ESFACELO,ablation/tissue_classic_1229/images/81_2.jpg
81_3,81_3,81_3.jpg,cb8081bdf2470745112c510dfef19fcd5002269a00e374438a9204da28d613b6,ec568852a56bd669,clinical:81,train,1,0,0,0,0,HIPEREMIA,NÃO CLASSIFICÁVEL,HIPEREMIA,ablation/tissue_classic_1229/images/81_3.jpg
82_0,82_0,82_0.jpg,054b442a9b2412c71c2f8dd24c3b07af0cc58a07501e05e34c44788532a73f7b,d46b6393c5077a13,clinical:82,train,0,0,0,0,0,NÃO CLASSIFICÁVEL,NÃO CLASSIFICÁVEL,NÃO CLASSIFICÁVEL,ablation/tissue_classic_1229/images/82_0.jpg
82_0 (2),82_0 (2),82_0 (2).jpg,97cef478c7e310d985bfa14c416e7776d9c3f69f79855f0b41c3c6a8973d9d66,c24a8d1bb2cdbc3c,clinical:82,train,0,0,0,0,0,NÃO CLASSIFICÁVEL,NÃO CLASSIFICÁVEL,NÃO CLASSIFICÁVEL,ablation/tissue_classic_1229/images/82_0 (2).jpg
82_0 (3),82_0 (3),82_0 (3).jpg,2b14ccfc20f4492f579937e04b35b0cdeee403913959b193f90462a05b0e21f8,bd66d00c4e707277,clinical:82,train,0,1,1,0,0,GRANULAÇÃO,ESFACELO,MULTI,ablation/tissue_classic_1229/images/82_0 (3).jpg
82_0 (4),82_0 (4),82_0 (4).jpg,d72746ff79a37b972348d18a261afbf5eaa94f581ad974afe182bc3bf2f7a3e6,ab56f52aea8ccc88,clinical:82,train,0,1,0,0,0,GRANULAÇÃO,NÃO CLASSIFICÁVEL,GRANULAÇÃO,ablation/tissue_classic_1229/images/82_0 (4).jpg
82_1,82_1,82_1.jpg,3c368aaf28a254b257de0eceddd14c132345d9c1da7834774f6871fc047c6d5d,bf4e4d027c717072,clinical:82,train,0,0,1,0,0,NÃO CLASSIFICÁVEL,ESFACELO,ESFACELO,ablation/tissue_classic_1229/images/82_1.jpg
82_1 (2),82_1 (2),82_1 (2).jpg,e24e34939b3fb9c32b72b136538c8037eb5a1661617525e46591032b269104af,d0b48d962d4a72bd,clinical:82,train,0,0,0,0,0,NÃO CLASSIFICÁVEL,NÃO CLASSIFICÁVEL,NÃO CLASSIFICÁVEL,ablation/tissue_classic_1229/images/82_1 (2).jpg
82_2,82_2,82_2.jpg,9e6bc374e0bbfd3f9e7c569ae148d9b42e845d00272fc5b1de97a2a61119db62,be30edf40da5f900,clinical:82,train,0,1,0,0,0,GRANULAÇÃO,NÃO CLASSIFICÁVEL,GRANULAÇÃO,ablation/tissue_classic_1229/images/82_2.jpg
82_3,82_3,82_3.jpg,6069b7d74225ce659b2bda6978cc6c7d24f3da240d32eba34acd4b42fd2aa8cb,a196e848ad98dbd6,clinical:82,train,0,1,0,0,0,GRANULAÇÃO,NÃO CLASSIFICÁVEL,GRANULAÇÃO,ablation/tissue_classic_1229/images/82_3.jpg
83,83,83.jpg,bd3560226930857f0518d3e01d87bf83e2bebfb74e04c8b1180bcf3d911e0a53,95685d3a2c5d6c5c,name:83,train,0,0,0,0,0,NÃO CLASSIFICÁVEL,NÃO CLASSIFICÁVEL,NÃO CLASSIFICÁVEL,ablation/tissue_classic_1229/images/83.jpg
83_0,83_0,83_0.jpg,5efa24260d7a631df797ed534a1545c8bffd34212ffd566559913bd33f236188,8a43362ecbc66c5b,clinical:83,train,0,0,0,0,0,NÃO CLASSIFICÁVEL,NÃO CLASSIFICÁVEL,NÃO CLASSIFICÁVEL,ablation/tissue_classic_1229/images/83_0.jpg
83_0 (2),83_0 (2),83_0 (2).jpg,cb6e65241e0d0b17009bbe6c96fecf11a15ebf3d59d77d25e638a635318fc903,d679cb2725742331,clinical:83,train,0,1,0,0,0,GRANULAÇÃO,NÃO CLASSIFICÁVEL,GRANULAÇÃO,ablation/tissue_classic_1229/images/83_0 (2).jpg
83_0 (3),83_0 (3),83_0 (3).jpg,03179a7c7fe118223ae06e5875f1d987090547ccc1bf514764b91b6a9556b0b2,ebb694dac1e804a7,clinical:83,train,0,1,1,0,0,GRANULAÇÃO,ESFACELO,MULTI,ablation/tissue_classic_1229/images/83_0 (3).jpg
83_0 (4),83_0 (4),83_0 (4).jpg,356398807754e8c77b353662fe58cf2c4630bd9aead4853f245cec35108731be,fe5681aa9e66185a,clinical:83,train,0,0,0,1,0,NÃO CLASSIFICÁVEL,NECROSE SECA,NECROSE SECA,ablation/tissue_classic_1229/images/83_0 (4).jpg
84,84,84.jpg,ba200b59fd78e1255ec08503e9af3cb2bccbf2feeec6f65d952d2ccadbd3e751,8d993a946bc40be7,name:84,train,0,0,0,0,0,NÃO CLASSIFICÁVEL,NÃO CLASSIFICÁVEL,NÃO CLASSIFICÁVEL,ablation/tissue_classic_1229/images/84.jpg
84_0,84_0,84_0.jpg,0fec56ea3ef28631b3e001a325c16237a46707cd485c2bc898fd9cfaa5723e8e,a2c31bc922723bcf,clinical:84,train,0,0,0,0,0,NÃO CLASSIFICÁVEL,NÃO CLASSIFICÁVEL,NÃO CLASSIFICÁVEL,ablation/tissue_classic_1229/images/84_0.jpg
84_0 (2),84_0 (2),84_0 (2).jpg,5f9065bb29a25cac61d634ec47501db41f6dd36f821e5d5da62a19b29b67becc,fb12c14e86ed31b4,clinical:84,train,0,0,1,0,0,NÃO CLASSIFICÁVEL,ESFACELO,ESFACELO,ablation/tissue_classic_1229/images/84_0 (2).jpg
84_0 (3),84_0 (3),84_0 (3).jpg,a5fe84ccf1a837c648901b0f8596c2059497907d6ea011b6a87c94d05ee83789,ca466366c29bd959,clinical:84,train,0,0,1,0,0,NÃO CLASSIFICÁVEL,ESFACELO,ESFACELO,ablation/tissue_classic_1229/images/84_0 (3).jpg
84_0 (4),84_0 (4),84_0 (4).jpg,910cde6deb1e71b394ca9a6582ea56b0625357b33f33f8a3aea070325b13d7ba,ed02d4df8e0c856d,clinical:84,train,1,0,0,0,0,HIPEREMIA,NÃO CLASSIFICÁVEL,HIPEREMIA,ablation/tissue_classic_1229/images/84_0 (4).jpg
85,85,85.jpg,0045dcb8fe3567056e65c03e1f5a81437e40eff255a82d59ad8d02f7fd314325,81c505f87f8fd4c4,name:85,train,0,0,0,0,0,NÃO CLASSIFICÁVEL,NÃO CLASSIFICÁVEL,NÃO CLASSIFICÁVEL,ablation/tissue_classic_1229/images/85.jpg
85_0,85_0,85_0.jpg,12947994c440ecb97e3cdc0cb9c40af440e7ead5e1d68cc952e412f6ee5c3db1,d5a9d2a48f925c4b,clinical:85,train,0,1,0,0,0,GRANULAÇÃO,NÃO CLASSIFICÁVEL,GRANULAÇÃO,ablation/tissue_classic_1229/images/85_0.jpg
85_0 (2),85_0 (2),85_0 (2).jpg,bd8e2fe2ebda3323754239eb41eee5e0fbdfdf46c70d3c17b69bc0fd06473aee,fe95e1568c1a8972,clinical:85,train,0,0,1,0,0,NÃO CLASSIFICÁVEL,ESFACELO,ESFACELO,ablation/tissue_classic_1229/images/85_0 (2).jpg
85_0 (3),85_0 (3),85_0 (3).jpg,75982a9577862ef9874ba716dbbaa82cf94ca0f2069b2a75d2ca403b91cf0633,88a3f60edb0cc937,clinical:85,train,0,0,0,0,0,NÃO CLASSIFICÁVEL,NÃO CLASSIFICÁVEL,NÃO CLASSIFICÁVEL,ablation/tissue_classic_1229/images/85_0 (3).jpg
85_0 (4),85_0 (4),85_0 (4).jpg,8469b4a054a66dbd8b8a7b965c5fe2ed3f9c6518fd5c588da26f26421d779c49,dd82827831d167d7,clinical:85,train,1,0,0,0,0,HIPEREMIA,NÃO CLASSIFICÁVEL,HIPEREMIA,ablation/tissue_classic_1229/images/85_0 (4).jpg
86,86,86.jpg,de3e106b562f84e67975677004e660e79dbd92b0b75a8f4c75ad957636381be2,95626373136b6c65,name:86,train,0,0,0,0,0,NÃO CLASSIFICÁVEL,NÃO CLASSIFICÁVEL,NÃO CLASSIFICÁVEL,ablation/tissue_classic_1229/images/86.jpg
86_0,86_0,86_0.jpg,e1dc60a8e742b5f9caebfff9a35d8d777fb800f518efb6eb91ed751082dd2bd7,d2d42d52b15265dd,clinical:86,train,0,1,0,0,0,GRANULAÇÃO,NÃO CLASSIFICÁVEL,GRANULAÇÃO,ablation/tissue_classic_1229/images/86_0.jpg
86_0 (2),86_0 (2),86_0 (2).jpg,f232771d218d6080d3117efce6060f827a543fac46ace4fe97028f1c138c6e48,adc69bd13672ccc0,clinical:86,train,0,1,1,0,0,GRANULAÇÃO,ESFACELO,MULTI,ablation/tissue_classic_1229/images/86_0 (2).jpg
86_0 (3),86_0 (3),86_0 (3).jpg,1c2a401467950ad9c58a058296c312cb9b8adb8cf290788a2df018207dc775e8,9b55807e97609ee1,clinical:86,train,0,0,0,0,0,NÃO CLASSIFICÁVEL,NÃO CLASSIFICÁVEL,NÃO CLASSIFICÁVEL,ablation/tissue_classic_1229/images/86_0 (3).jpg
86_0 (4),86_0 (4),86_0 (4).jpg,c5b6ad37a6274f3be5e2ff2695ce76ab275335a1938bef8fa7fd91b615beabd5,8a95f79cc86cca13,clinical:86,train,0,1,0,0,0,GRANULAÇÃO,NÃO CLASSIFICÁVEL,GRANULAÇÃO,ablation/tissue_classic_1229/images/86_0 (4).jpg
87_0,87_0,87_0.jpg,e181ba5ce9718bda07f1aaf656dadc6c5dc99b8609d060b2073e39f39c32ff45,d5b5ca56395261d4,clinical:87,train,0,1,0,0,0,GRANULAÇÃO,NÃO CLASSIFICÁVEL,GRANULAÇÃO,ablation/tissue_classic_1229/images/87_0.jpg
87_0 (2),87_0 (2),87_0 (2).jpg,aab861da07f038dbaaaed6ffcdef1697e4ed9dad25b3b09f1df4b7c7c47d150e,92e38fedcc3298b0,clinical:87,train,0,1,1,0,0,GRANULAÇÃO,ESFACELO,MULTI,ablation/tissue_classic_1229/images/87_0 (2).jpg
87_0 (3),87_0 (3),87_0 (3).jpg,c493c1edd399097d67816a8961eecb49a834bbdd3a65b394a0f947d25e2de0f9,92607f9ccf49c949,clinical:87,train,0,0,0,0,0,NÃO CLASSIFICÁVEL,NÃO CLASSIFICÁVEL,NÃO CLASSIFICÁVEL,ablation/tissue_classic_1229/images/87_0 (3).jpg
87_0 (4),87_0 (4),87_0 (4).jpg,f05ee949f73c4e902de4f13cb735ffe6e401ac133b2ff8f3a4c5957d427e8612,b9780567969a496d,clinical:87,train,0,0,0,0,0,NÃO CLASSIFICÁVEL,NÃO CLASSIFICÁVEL,NÃO CLASSIFICÁVEL,ablation/tissue_classic_1229/images/87_0 (4).jpg
87_1,87_1,87_1.jpg,0bfec9dbd858e9efbfc2900e7dfc6c87025be8c34defa3fdfda70d6d2bfe3c18,e6659037cbe270cc,clinical:87,train,0,0,0,0,0,NÃO CLASSIFICÁVEL,NÃO CLASSIFICÁVEL,NÃO CLASSIFICÁVEL,ablation/tissue_classic_1229/images/87_1.jpg
87_1 (2),87_1 (2),87_1 (2).jpg,5ded51f9cfedf28b252565f0ccb438b57c87da3e5053ce80a4aaac3dc316f3f6,dc34b68cac9da4b8,clinical:87,train,0,1,0,0,0,GRANULAÇÃO,NÃO CLASSIFICÁVEL,GRANULAÇÃO,ablation/tissue_classic_1229/images/87_1 (2).jpg
87_2,87_2,87_2.jpg,2b71a76b5f98643d8edb7a4c49f58612f31bab86b630603710a24eb9f2445112,b6fb707040f425ab,clinical:87,train,0,0,1,0,0,NÃO CLASSIFICÁVEL,ESFACELO,ESFACELO,ablation/tissue_classic_1229/images/87_2.jpg
87_3,87_3,87_3.jpg,c0bc899b9e86f4a6a2235e165d84ebbfcd68bbe269a4a2ce6a5c7710ac6a996d,be6c223259dc56a6,clinical:87,train,0,0,0,0,0,NÃO CLASSIFICÁVEL,NÃO CLASSIFICÁVEL,NÃO CLASSIFICÁVEL,ablation/tissue_classic_1229/images/87_3.jpg
87_4,87_4,87_4.jpg,6427c34a9519ec08a0fd44dc7439485379bd4b8d62a0802d65271f72c9e15206,8c5f8edf5284912e,clinical:87,train,0,0,0,1,0,NÃO CLASSIFICÁVEL,NECROSE SECA,NECROSE SECA,ablation/tissue_classic_1229/images/87_4.jpg
8_0 (2),8_0 (2),8_0 (2).jpg,142292691b023ca2526128aa0ce7259b2f3ee6902bdc8c73d6b74c5038416cb5,a08cd3936f4b346d,clinical:8,train,0,0,0,1,1,NÃO CLASSIFICÁVEL,NECROSE SECA,NECROSE SECA,ablation/tissue_classic_1229/images/8_0 (2).jpg
8_0 (3),8_0 (3),8_0 (3).jpg,1766178e5ec7ca983a058085d5c123a50f6509969f4c5cf2b64a86e3a6324633,85857a8b7c0f74d2,clinical:8,train,0,0,1,0,0,NÃO CLASSIFICÁVEL,ESFACELO,ESFACELO,ablation/tissue_classic_1229/images/8_0 (3).jpg
8_0 (4),8_0 (4),8_0 (4).jpg,4d61e70b1439791f2f1b971d88115e7750afb0bc18072f676dfa59182321143f,a0af8f90be59fc01,clinical:8,train,0,1,0,0,0,GRANULAÇÃO,NÃO CLASSIFICÁVEL,GRANULAÇÃO,ablation/tissue_classic_1229/images/8_0 (4).jpg
8_1,8_1,8_1.jpg,5c1c7a99e8bdf49a9321384d6c36aeb6c854b7236c53ceed472d72d8a43228b9,c8d33649eb3e8319,clinical:8,train,0,0,1,0,0,NÃO CLASSIFICÁVEL,ESFACELO,ESFACELO,ablation/tissue_classic_1229/images/8_1.jpg
8_1 (2),8_1 (2),8_1 (2).jpg,1ac550c559b28610d0153ecefa9c4f0b91d2e1d24c8cc9ea730492c1232aa3ed,83bff482fdb03884,clinical:8,train,0,1,0,0,0,GRANULAÇÃO,NÃO CLASSIFICÁVEL,GRANULAÇÃO,ablation/tissue_classic_1229/images/8_1 (2).jpg
90_0,90_0,90_0.jpg,b06042f09e5b96dd0112c578d6f62b69284ad74f4d4c03c571d8c29059ed9b64,87e886e01c8f795e,clinical:90,train,0,1,0,0,0,GRANULAÇÃO,NÃO CLASSIFICÁVEL,GRANULAÇÃO,ablation/tissue_classic_1229/images/90_0.jpg
90_0 (2),90_0 (2),90_0 (2).jpg,19c88c082d22e8d74252da2bd0f88c0417ca649ae555c3a32f4fe08869ae496b,d7437a2477903d98,clinical:90,train,0,1,1,0,0,GRANULAÇÃO,ESFACELO,MULTI,ablation/tissue_classic_1229/images/90_0 (2).jpg
90_0 (4),90_0 (4),90_0 (4).jpg,ea5899892e8e80e67b203dcc7dc21487ab71ee40b83490e327326a1891e6b1fe,c8ae3ba4b1ae85ac,clinical:90,train,0,0,1,0,0,NÃO CLASSIFICÁVEL,ESFACELO,ESFACELO,ablation/tissue_classic_1229/images/90_0 (4).jpg
91,91,91.jpg,16262a08506ea78c5b896e03c09b136cde129ec0096ce3511e99dcbf669ec0d8,c5f838e42fda30ca,name:91,train,0,0,0,0,0,NÃO CLASSIFICÁVEL,NÃO CLASSIFICÁVEL,NÃO CLASSIFICÁVEL,ablation/tissue_classic_1229/images/91.jpg
91_0,91_0,91_0.jpg,589da65d403238deb2612c8c8f54045eceb01a980535bfcf3d14d21d6ee1876e,aad5536b3d9092d2,clinical:91,train,0,0,0,1,0,NÃO CLASSIFICÁVEL,NECROSE SECA,NECROSE SECA,ablation/tissue_classic_1229/images/91_0.jpg
91_0 (2),91_0 (2),91_0 (2).jpg,5871dea4fc50a998872f5d358c849d9dfd6dc9efcd112105afc4e0c4e240a670,8bcbf872a5a183ca,clinical:91,train,0,1,0,0,0,GRANULAÇÃO,NÃO CLASSIFICÁVEL,GRANULAÇÃO,ablation/tissue_classic_1229/images/91_0 (2).jpg
91_0 (3),91_0 (3),91_0 (3).jpg,bc4d433352a78cf7fe3cfc86d32d7f2cd5df0f342ee32a6bca0d6439216ef7d0,b3c2dccbccb16c30,clinical:91,train,0,1,0,0,0,GRANULAÇÃO,NÃO CLASSIFICÁVEL,GRANULAÇÃO,ablation/tissue_classic_1229/images/91_0 (3).jpg
91_0 (4),91_0 (4),91_0 (4).jpg,75815c81dfbc2836cb557caeb7e727963ed4e21ad9e1e177670b12feb583c372,df858779306f20c6,clinical:91,train,0,1,1,0,0,GRANULAÇÃO,ESFACELO,MULTI,ablation/tissue_classic_1229/images/91_0 (4).jpg
91_1,91_1,91_1.jpg,28f10f70e7dc4217fb7d556051bc56f78dff034e7c3d6b72097cf0dcafa9eba2,fdfc60000d9f9ca3,clinical:91,train,1,1,1,0,0,AMBAS,ESFACELO,MULTI,ablation/tissue_classic_1229/images/91_1.jpg
92_0,92_0,92_0.jpg,fb17a456730aa7d56ad744bb491bf5d4f55d182750611f88d1b99075a4a39c8c,a691994e8d36dc6a,clinical:92,train,0,1,1,0,0,GRANULAÇÃO,ESFACELO,MULTI,ablation/tissue_classic_1229/images/92_0.jpg
92_0 (2),92_0 (2),92_0 (2).jpg,072b5f75047929224ca8863fe739093e1c74af6b607b330d6563f1812fd80cf1,e20a2975367a32f3,clinical:92,train,0,1,0,0,0,GRANULAÇÃO,NÃO CLASSIFICÁVEL,GRANULAÇÃO,ablation/tissue_classic_1229/images/92_0 (2).jpg
92_0 (3),92_0 (3),92_0 (3).jpg,6aa549aa7ca1b32782fdd91ff1f2469b7d966dd3e79e4caaeed7fb0cc2c74dd0,9f1fe36894307a89,clinical:92,train,0,1,1,1,0,GRANULAÇÃO,AMBAS,MULTI,ablation/tissue_classic_1229/images/92_0 (3).jpg
92_0 (4),92_0 (4),92_0 (4).jpg,4724de40c15b124adde8744bf4acb67e1a6e8204f794ed1e751c0a1b0a065231,8a55452fc29ff11a,clinical:92,train,0,1,1,0,0,GRANULAÇÃO,ESFACELO,MULTI,ablation/tissue_classic_1229/images/92_0 (4).jpg
93,93,93.jpg,2e2aa98cc4d83b6b00d914b113bd86e02c5ccda9d57dfb76501b160ca2f862b0,916b4fe46e7c1093,name:93,train,0,0,0,0,0,NÃO CLASSIFICÁVEL,NÃO CLASSIFICÁVEL,NÃO CLASSIFICÁVEL,ablation/tissue_classic_1229/images/93.jpg
94,94,94.jpg,8eabf3b697a37b53da36a61dd6760e7ad87d73df9ff6304d0a96fd44cd1cd3b7,80db4bb232ac4dbe,name:94,train,0,0,0,0,0,NÃO CLASSIFICÁVEL,NÃO CLASSIFICÁVEL,NÃO CLASSIFICÁVEL,ablation/tissue_classic_1229/images/94.jpg
94_0,94_0,94_0.jpg,8aaabd3d26c8bd9ce6c708677bf041d3d45017f0bdb4f38b65c84cc1edc71ba9,83018d2d32f5cf6e,clinical:94,train,0,1,0,0,0,GRANULAÇÃO,NÃO CLASSIFICÁVEL,GRANULAÇÃO,ablation/tissue_classic_1229/images/94_0.jpg
94_0 (2),94_0 (2),94_0 (2).jpg,28d3dab5469dbec90d0c576496d4ce5778401705446bb12a8e0d85651f75fcaa,fde1e68ed824c113,clinical:94,train,0,0,1,0,0,NÃO CLASSIFICÁVEL,ESFACELO,ESFACELO,ablation/tissue_classic_1229/images/94_0 (2).jpg
94_0 (3),94_0 (3),94_0 (3).jpg,1e50e6d1e21ad5bcf34d1b018fc04114c21e993f3c45607f2ebf850bb305fb10,a3ce96d0694fa4e4,clinical:94,train,0,1,0,0,0,GRANULAÇÃO,NÃO CLASSIFICÁVEL,GRANULAÇÃO,ablation/tissue_classic_1229/images/94_0 (3).jpg
94_0 (4),94_0 (4),94_0 (4).jpg,2dedf08b617c60b5c1e00e44713ce9d38a41bfbf799b2666c6e34a4dbbef4c42,9f40866be82fa336,clinical:94,train,0,0,0,0,0,NÃO CLASSIFICÁVEL,NÃO CLASSIFICÁVEL,NÃO CLASSIFICÁVEL,ablation/tissue_classic_1229/images/94_0 (4).jpg
95,95,95.jpg,b3517e8394cd5f4e252851bc7822dc0751f06efd335774e235b3e8f6acf5396b,d5a0683f46e73643,name:95,train,0,0,0,0,0,NÃO CLASSIFICÁVEL,NÃO CLASSIFICÁVEL,NÃO CLASSIFICÁVEL,ablation/tissue_classic_1229/images/95.jpg
96_0,96_0,96_0.jpg,56c7539ef6300f74a70ed12e208f45f7e9e114f1737830e7fb0eb0099ce6ba12,f31fc07c63708693,clinical:96,train,0,1,0,0,0,GRANULAÇÃO,NÃO CLASSIFICÁVEL,GRANULAÇÃO,ablation/tissue_classic_1229/images/96_0.jpg
96_0 (2),96_0 (2),96_0 (2).jpg,28e37af15f63387daf82e7586f0f39b3f57e9048cfb71d0ec5877812f1bfe284,dc22d33c5bc58c9a,clinical:96,train,0,1,0,0,0,GRANULAÇÃO,NÃO CLASSIFICÁVEL,GRANULAÇÃO,ablation/tissue_classic_1229/images/96_0 (2).jpg
96_0 (3),96_0 (3),96_0 (3).jpg,291752fe8ee843da72782204ab7f281b18242e1cb9eaaf91debe794338190ff6,a1b69bcdc5c3b049,clinical:96,train,0,0,0,0,0,NÃO CLASSIFICÁVEL,NÃO CLASSIFICÁVEL,NÃO CLASSIFICÁVEL,ablation/tissue_classic_1229/images/96_0 (3).jpg
96_0 (4),96_0 (4),96_0 (4).jpg,d14e054cff84fd509a2d95429b642706f99d8bf28a35ca8b3f2059b8f1dcf3be,e3b1949a9993ccc9,clinical:96,train,0,1,1,0,0,GRANULAÇÃO,ESFACELO,MULTI,ablation/tissue_classic_1229/images/96_0 (4).jpg
97_0,97_0,97_0.jpg,fa6ae43dde20175aace761cd48450b47b228a8eac04a3276adb07c4b74718e33,c1a31e647b92cd8e,clinical:97,train,0,1,0,0,0,GRANULAÇÃO,NÃO CLASSIFICÁVEL,GRANULAÇÃO,ablation/tissue_classic_1229/images/97_0.jpg
97_0 (2),97_0 (2),97_0 (2).jpg,76f140eb8b423005319fce4e704f0384718fa03a8bc3f9e011012c19bed958e5,f634c5c4969b9a29,clinical:97,train,0,1,1,0,0,GRANULAÇÃO,ESFACELO,MULTI,ablation/tissue_classic_1229/images/97_0 (2).jpg
97_0 (3),97_0 (3),97_0 (3).jpg,caf74f913c1adcc5f21b8c09e0b8685ba59d6809472df132c9b02387417405b1,8bf015d0de4b4c67,clinical:97,train,0,1,0,0,0,GRANULAÇÃO,NÃO CLASSIFICÁVEL,GRANULAÇÃO,ablation/tissue_classic_1229/images/97_0 (3).jpg
97_0 (4),97_0 (4),97_0 (4).jpg,8401ff1f0723c21e8688502238feef71db7cf648207aedc560607f0bd4bab92e,a08082fcfd23f3cd,clinical:97,train,0,0,1,0,0,NÃO CLASSIFICÁVEL,ESFACELO,ESFACELO,ablation/tissue_classic_1229/images/97_0 (4).jpg
97_1,97_1,97_1.jpg,f38380c19fd1fdcb8a5a34bbbc8964d0b123161491344651caca3b6d90b20e31,aad5e3d29571e04c,clinical:97,train,0,0,1,0,0,NÃO CLASSIFICÁVEL,ESFACELO,ESFACELO,ablation/tissue_classic_1229/images/97_1.jpg
97_2,97_2,97_2.jpg,d7d0d6e4693c7f0be3c937cae53fe48d2037227dd76ff8c7c7a56005505d22f6,e0a6fa4de041f656,clinical:97,train,0,0,1,0,0,NÃO CLASSIFICÁVEL,ESFACELO,ESFACELO,ablation/tissue_classic_1229/images/97_2.jpg
99_0,99_0,99_0.jpg,9bd393e953a54567469321f2ca06d84fa05a8b05d2904accbb2d384945b7a94e,d60be536dab91898,clinical:99,train,0,0,0,1,0,NÃO CLASSIFICÁVEL,NECROSE SECA,NECROSE SECA,ablation/tissue_classic_1229/images/99_0.jpg
99_0 (2),99_0 (2),99_0 (2).jpg,996bc7354f636c5ff0c68a3ff4c94d0e72aed69c443987328ca0dec803708473,c0cf09e66799ce31,clinical:99,train,0,1,0,0,0,GRANULAÇÃO,NÃO CLASSIFICÁVEL,GRANULAÇÃO,ablation/tissue_classic_1229/images/99_0 (2).jpg
99_0 (3),99_0 (3),99_0 (3).jpg,a112e991390e836bbd63fb38b872b1722869c4be986c0da8a5de2ae4a121b030,a58e9a30692f67d2,clinical:99,train,0,1,0,0,0,GRANULAÇÃO,NÃO CLASSIFICÁVEL,GRANULAÇÃO,ablation/tissue_classic_1229/images/99_0 (3).jpg
99_0 (4),99_0 (4),99_0 (4).jpg,2ffff85d159a14364dd31d345ecf5a4d045adb6df681f1263d9077fded80734e,fd46a2a5d6ee0c90,clinical:99,train,0,1,1,0,0,GRANULAÇÃO,ESFACELO,MULTI,ablation/tissue_classic_1229/images/99_0 (4).jpg
stage_1_10267,stage_1_10267,stage_1_10267.jpg,d0d765f24e122ae2639173da3010e45c60d6a01935fd1a68950ff07faa755e4f,b2aa989987e58ec5,name:stage_1_10267,train,1,0,0,0,0,HIPEREMIA,NÃO CLASSIFICÁVEL,HIPEREMIA,ablation/tissue_classic_1229/images/stage_1_10267.jpg
stage_1_12294,stage_1_12294,stage_1_12294.jpg,46d335d88c4de175c2200cf1a3a6424b9beeb10d24b41604001b8717c0154482,dd83c03cde279847,name:stage_1_12294,train,1,0,0,0,0,HIPEREMIA,NÃO CLASSIFICÁVEL,HIPEREMIA,ablation/tissue_classic_1229/images/stage_1_12294.jpg
stage_1_12434,stage_1_12434,stage_1_12434.jpg,14c3ab2cdab235c6cea5761c1baab2c900f83b84babc248397df24bc5012dfda,acb0931ee0c3cb8f,name:stage_1_12434,train,1,0,0,0,0,HIPEREMIA,NÃO CLASSIFICÁVEL,HIPEREMIA,ablation/tissue_classic_1229/images/stage_1_12434.jpg
stage_1_13069,stage_1_13069,stage_1_13069.jpg,55d511ea14805de85c7a28841177f7fa9b4e620abe5cc31ec7523eb1dc1dd7f3,e97011e00bc73fc7,name:stage_1_13069,train,1,0,0,0,0,HIPEREMIA,NÃO CLASSIFICÁVEL,HIPEREMIA,ablation/tissue_classic_1229/images/stage_1_13069.jpg
stage_1_13620,stage_1_13620,stage_1_13620.jpg,e2d31fa9aff5e7b9be203a9b7aeb1c48194d17e86be7274a546e2f51a5a5cec7,e0009f9ecdeaf470,name:stage_1_13620,train,1,0,0,0,0,HIPEREMIA,NÃO CLASSIFICÁVEL,HIPEREMIA,ablation/tissue_classic_1229/images/stage_1_13620.jpg
stage_1_14696,stage_1_14696,stage_1_14696.jpg,1b84e983024f404c54ab6a8660608fc95df7173766a15eb83eb14ee8b2979cb6,d0925a826adf6979,name:stage_1_14696,train,1,0,0,0,0,HIPEREMIA,NÃO CLASSIFICÁVEL,HIPEREMIA,ablation/tissue_classic_1229/images/stage_1_14696.jpg
stage_1_14758,stage_1_14758,stage_1_14758.jpg,9a3e6747ee65b9a4caa6997cb00c17437ba0e3cc6c98dafb98a32772fa5c7dc7,b1fc86936c7831e4,name:stage_1_14758,train,1,0,0,0,0,HIPEREMIA,NÃO CLASSIFICÁVEL,HIPEREMIA,ablation/tissue_classic_1229/images/stage_1_14758.jpg
stage_1_14763,stage_1_14763,stage_1_14763.jpg,d1f376033937eec9cdd4b19854a5af9ed9e8600150d3e638caa88f917fe944c0,c680d93b866cf1ae,name:stage_1_14763,train,1,0,0,0,0,HIPEREMIA,NÃO CLASSIFICÁVEL,HIPEREMIA,ablation/tissue_classic_1229/images/stage_1_14763.jpg
stage_1_15019,stage_1_15019,stage_1_15019.jpg,50cb6cc0a571d0e5fdb02e163290c9e1171eccb63d061f125d0b7470f43492a8,da6ce5189f95120f,name:stage_1_15019,train,1,0,0,0,0,HIPEREMIA,NÃO CLASSIFICÁVEL,HIPEREMIA,ablation/tissue_classic_1229/images/stage_1_15019.jpg
stage_1_15820,stage_1_15820,stage_1_15820.jpg,533582b126d18061e8f88b0321fad1902e2d0446c2f9f50dc2602f5854eb4a57,ffdb1065ce92a068,name:stage_1_15820,train,1,0,0,0,0,HIPEREMIA,NÃO CLASSIFICÁVEL,HIPEREMIA,ablation/tissue_classic_1229/images/stage_1_15820.jpg
stage_1_16743,stage_1_16743,stage_1_16743.jpg,012de6ac4dc18128f89ada54b818a1cab5090e4b577231267942b5ac774de21f,cacabee822619fe0,name:stage_1_16743,train,1,0,0,0,0,HIPEREMIA,NÃO CLASSIFICÁVEL,HIPEREMIA,ablation/tissue_classic_1229/images/stage_1_16743.jpg
stage_1_16848,stage_1_16848,stage_1_16848.jpg,04cf2e47ad50a793bd62ec24a3e963d13b132b6cc04e28c19b8412a387200276,9ad24a56aa15ad3d,name:stage_1_16848,train,1,0,0,0,0,HIPEREMIA,NÃO CLASSIFICÁVEL,HIPEREMIA,ablation/tissue_classic_1229/images/stage_1_16848.jpg
stage_1_16911,stage_1_16911,stage_1_16911.jpg,c79d6745b349488969d52b3f0b261b86ed8c46af1019e17a6651cf6053280700,b3ecc8b2864525cf,name:stage_1_16911,train,1,0,0,0,0,HIPEREMIA,NÃO CLASSIFICÁVEL,HIPEREMIA,ablation/tissue_classic_1229/images/stage_1_16911.jpg
stage_1_19316,stage_1_19316,stage_1_19316.jpg,3bc7749145c2b9e850c53bd3c0ab2a2caac7a0f99d37941dc8f1e16c7a8392a5,a987875a1ee1714d,name:stage_1_19316,train,1,0,0,0,0,HIPEREMIA,NÃO CLASSIFICÁVEL,HIPEREMIA,ablation/tissue_classic_1229/images/stage_1_19316.jpg
stage_1_19384,stage_1_19384,stage_1_19384.jpg,9a8107f7780bac488dfe352daa35cfdfe41c6151395c6fed82b10fe3d252db8a,a590dacde6a36ca4,name:stage_1_19384,train,1,0,0,0,0,HIPEREMIA,NÃO CLASSIFICÁVEL,HIPEREMIA,ablation/tissue_classic_1229/images/stage_1_19384.jpg
stage_1_19469,stage_1_19469,stage_1_19469.jpg,dd65b457c27bca370636860c9b069e450c6005702e1e9dbbc68ed85145dfea24,e76f6c6068666e60,name:stage_1_19469,train,1,0,0,0,0,HIPEREMIA,NÃO CLASSIFICÁVEL,HIPEREMIA,ablation/tissue_classic_1229/images/stage_1_19469.jpg
stage_1_19605,stage_1_19605,stage_1_19605.jpg,b30c3c3d3f1ffa67848474a1348e1aed0df46cd8260434adbb640d1ccce648e8,ff00ffc0ff022506,name:stage_1_19605,train,1,0,0,0,0,HIPEREMIA,NÃO CLASSIFICÁVEL,HIPEREMIA,ablation/tissue_classic_1229/images/stage_1_19605.jpg
stage_1_19898,stage_1_19898,stage_1_19898.jpg,ab707397cd7639d7c1c6a314103bb02eb964695a3f5807b0412068f12cc8f267,d30afa2a826f9dc1,name:stage_1_19898,train,1,0,0,0,0,HIPEREMIA,NÃO CLASSIFICÁVEL,HIPEREMIA,ablation/tissue_classic_1229/images/stage_1_19898.jpg
stage_1_19993,stage_1_19993,stage_1_19993.jpg,670287b786ab064b590690d7d57b45fc15a28f6b6cab2527ca90302e654f79b4,acbd93f00d4b252e,name:stage_1_19993,train,1,0,0,0,0,HIPEREMIA,NÃO CLASSIFICÁVEL,HIPEREMIA,ablation/tissue_classic_1229/images/stage_1_19993.jpg
stage_1_21151,stage_1_21151,stage_1_21151.jpg,e776b5e6ec3066fd5fbcfd19e66f14b63a7472ac8a696f2bf4ca783d92adaf7b,e9b09bcf87c66038,name:stage_1_21151,train,0,0,0,0,0,NÃO CLASSIFICÁVEL,NÃO CLASSIFICÁVEL,NÃO CLASSIFICÁVEL,ablation/tissue_classic_1229/images/stage_1_21151.jpg
stage_1_21263,stage_1_21263,stage_1_21263.jpg,f622bd8f989dfd5e8e4f9bdcd44ca1b82d997507885e1c8ae95bd38e916b4e39,f81429d5a9da8dca,name:stage_1_21263,train,1,0,0,0,0,HIPEREMIA,NÃO CLASSIFICÁVEL,HIPEREMIA,ablation/tissue_classic_1229/images/stage_1_21263.jpg
stage_1_21430,stage_1_21430,stage_1_21430.jpg,dc40ee80cefe18eafa8d9c06fae2fe9248a55cb647cc577a3c1610602ba1813f,b2c6cd3c6298738d,name:stage_1_21430,train,1,0,0,0,0,HIPEREMIA,NÃO CLASSIFICÁVEL,HIPEREMIA,ablation/tissue_classic_1229/images/stage_1_21430.jpg
stage_1_21465,stage_1_21465,stage_1_21465.jpg,9b135c5b43844d7299e9e513facae0b817b840ebc0e31f51eadc1b88ccf21c06,ea8083ad5b37cab4,name:stage_1_21465,train,1,0,0,0,0,HIPEREMIA,NÃO CLASSIFICÁVEL,HIPEREMIA,ablation/tissue_classic_1229/images/stage_1_21465.jpg
stage_1_22039,stage_1_22039,stage_1_22039.jpg,0d183fc80f0ffd6423ffdd08cb92465a3210fe86d7a17a700a0a90178f0fc726,fee09793c15ac438,name:stage_1_22039,train,1,0,0,0,0,HIPEREMIA,NÃO CLASSIFICÁVEL,HIPEREMIA,ablation/tissue_classic_1229/images/stage_1_22039.jpg
stage_1_22402,stage_1_22402,stage_1_22402.jpg,621fab9a4ac6fe34e7adc55c5df55d1de792056fd56d8fe056ed62c3f5880e75,c05253cba1755be9,name:stage_1_22402,train,1,0,0,0,0,HIPEREMIA,NÃO CLASSIFICÁVEL,HIPEREMIA,ablation/tissue_classic_1229/images/stage_1_22402.jpg
stage_1_22915,stage_1_22915,stage_1_22915.jpg,cbec23df9c2273fb700c166fbf472b55f0db77cd14d652c9f3f093d660759792,93766c8862279aaf,name:stage_1_22915,train,1,0,0,0,0,HIPEREMIA,NÃO CLASSIFICÁVEL,HIPEREMIA,ablation/tissue_classic_1229/images/stage_1_22915.jpg
stage_1_23051,stage_1_23051,stage_1_23051.jpg,028901570e98b07530399d8896aa176c1da8f6b0a2103775807a2248c5db3b84,ce92bcce18331eac,name:stage_1_23051,train,0,0,0,0,0,NÃO CLASSIFICÁVEL,NÃO CLASSIFICÁVEL,NÃO CLASSIFICÁVEL,ablation/tissue_classic_1229/images/stage_1_23051.jpg
stage_1_24323,stage_1_24323,stage_1_24323.jpg,3605f5e6046b904a76a21c50aeab5f0f37afe2608b0a4d596083acc5fcf47d09,faeae0a48cec8933,name:stage_1_24323,train,1,0,0,0,0,HIPEREMIA,NÃO CLASSIFICÁVEL,HIPEREMIA,ablation/tissue_classic_1229/images/stage_1_24323.jpg
stage_1_24857,stage_1_24857,stage_1_24857.jpg,64c501cbdaeb14a1739f7fc0ff06d15af77c8c98f4e0bb679238367a3cfb0200,a0eeda83b1b9d710,name:stage_1_24857,train,0,0,0,0,0,NÃO CLASSIFICÁVEL,NÃO CLASSIFICÁVEL,NÃO CLASSIFICÁVEL,ablation/tissue_classic_1229/images/stage_1_24857.jpg
stage_1_25487,stage_1_25487,stage_1_25487.jpg,b0938cbf4c79c0c8dd16bc62e20fa53b35703c28d44851c899374c194b581227,ffc2da827e80fa02,name:stage_1_25487,train,1,0,0,0,0,HIPEREMIA,NÃO CLASSIFICÁVEL,HIPEREMIA,ablation/tissue_classic_1229/images/stage_1_25487.jpg
stage_1_25782,stage_1_25782,stage_1_25782.jpg,78817f0e3a4c6c12fc04bbdbee0ed1ccac72cf16efe7998cd5427002df0788d0,ae318ce697c3b21a,name:stage_1_25782,train,1,0,0,0,0,HIPEREMIA,NÃO CLASSIFICÁVEL,HIPEREMIA,ablation/tissue_classic_1229/images/stage_1_25782.jpg
stage_1_25864,stage_1_25864,stage_1_25864.jpg,54b18e589ce1d51c8cd2e4c9f755f0d6ce59a2bbd8a26fed576677199123c21b,f6c4717143a5a4b6,name:stage_1_25864,train,1,0,0,0,0,HIPEREMIA,NÃO CLASSIFICÁVEL,HIPEREMIA,ablation/tissue_classic_1229/images/stage_1_25864.jpg
stage_1_25991,stage_1_25991,stage_1_25991.jpg,8dc8564e1f7ba3746a993430ff3ad32d4ee94158871aaae9fbd72279b5718548,ab1870734f52d4d9,name:stage_1_25991,train,1,0,0,0,0,HIPEREMIA,NÃO CLASSIFICÁVEL,HIPEREMIA,ablation/tissue_classic_1229/images/stage_1_25991.jpg
stage_1_27694,stage_1_27694,stage_1_27694.jpg,f89e70406791fa460071202822899d3f90caf9096a4ef0151eb65d79c533dd2a,8d92a064c6ef3799,name:stage_1_27694,train,1,0,0,0,0,HIPEREMIA,NÃO CLASSIFICÁVEL,HIPEREMIA,ablation/tissue_classic_1229/images/stage_1_27694.jpg
stage_1_28101,stage_1_28101,stage_1_28101.jpg,d8ec74ff04b54e67c5ecb890b01f3b9db101386bcce7a6e9efbcbd64bf70157a,aa90d44bc965c677,name:stage_1_28101,train,1,0,0,0,0,HIPEREMIA,NÃO CLASSIFICÁVEL,HIPEREMIA,ablation/tissue_classic_1229/images/stage_1_28101.jpg
stage_1_28576,stage_1_28576,stage_1_28576.jpg,aeb4b937c6fa1a4ac1dd88886dc7c6b8556ccb5b9df24ff742b253918dbb4604,d43b7eb07a60e087,name:stage_1_28576,train,0,0,0,0,0,NÃO CLASSIFICÁVEL,NÃO CLASSIFICÁVEL,NÃO CLASSIFICÁVEL,ablation/tissue_classic_1229/images/stage_1_28576.jpg
stage_1_28597,stage_1_28597,stage_1_28597.jpg,ab0179f27e953198b39e97363240b1a857d3650c299399d120dd21330ea77fab,c6ab29b094fac3c5,name:stage_1_28597,train,0,0,0,0,0,NÃO CLASSIFICÁVEL,NÃO CLASSIFICÁVEL,NÃO CLASSIFICÁVEL,ablation/tissue_classic_1229/images/stage_1_28597.jpg
stage_1_30106,stage_1_30106,stage_1_30106.jpg,91bffc0a5af70840ec736232ae2b642d42ad8c6ca78876064fb2dc6b50a5fc05,bd8a9569b5d2a846,name:stage_1_30106,train,1,0,0,0,0,HIPEREMIA,NÃO CLASSIFICÁVEL,HIPEREMIA,ablation/tissue_classic_1229/images/stage_1_30106.jpg
stage_1_30219,stage_1_30219,stage_1_30219.jpg,bcbccc7f2cdeec92eac4e61fb9695b349fe69bcd8c4ab0e25afcf85d8b6e591d,f58e91dcd0d0ca39,name:stage_1_30219,train,1,0,0,0,0,HIPEREMIA,NÃO CLASSIFICÁVEL,HIPEREMIA,ablation/tissue_classic_1229/images/stage_1_30219.jpg
stage_1_30232,stage_1_30232,stage_1_30232.jpg,ea8970333d338fb6d280e498a1bffb0ded59b892fb48fbd6b197c7ec56100ce3,be31252f7a9a9294,name:stage_1_30232,train,1,0,0,0,0,HIPEREMIA,NÃO CLASSIFICÁVEL,HIPEREMIA,ablation/tissue_classic_1229/images/stage_1_30232.jpg
stage_1_30670,stage_1_30670,stage_1_30670.jpg,ca511d5aa2e4e47d82bad71b42959f8ac95583a8640d61969a36b343d31815ce,aab5aa55ac56ad22,name:stage_1_30670,train,1,0,0,0,0,HIPEREMIA,NÃO CLASSIFICÁVEL,HIPEREMIA,ablation/tissue_classic_1229/images/stage_1_30670.jpg
stage_1_30816,stage_1_30816,stage_1_30816.jpg,a4d33cd1914f86f23bedfc6462bd0d648677423699ec1851872f452e124b2aef,92988de1f2c69d33,name:stage_1_30816,train,1,0,0,0,0,HIPEREMIA,NÃO CLASSIFICÁVEL,HIPEREMIA,ablation/tissue_classic_1229/images/stage_1_30816.jpg
stage_1_32025,stage_1_32025,stage_1_32025.jpg,89418d08f7aaa151d1df9f16ca443f9f7433ac800e836b5bf832c5fd6f2f9070,f5ca94abc2b5029d,name:stage_1_32025,train,1,0,0,0,0,HIPEREMIA,NÃO CLASSIFICÁVEL,HIPEREMIA,ablation/tissue_classic_1229/images/stage_1_32025.jpg
stage_1_32407,stage_1_32407,stage_1_32407.jpg,68e32827b7913307b7765693aec7d7869c40e81e4d9a94d50e12adfde6b621a7,ed449232cf3f8c61,name:stage_1_32407,train,0,0,0,0,0,NÃO CLASSIFICÁVEL,NÃO CLASSIFICÁVEL,NÃO CLASSIFICÁVEL,ablation/tissue_classic_1229/images/stage_1_32407.jpg
stage_1_3244,stage_1_3244,stage_1_3244.jpg,6b07d14bb82a07ab57f391f2d7a5d755227604491abb0693f25cfec9192623a1,ea95ea94e955c912,name:stage_1_3244,train,1,0,0,0,0,HIPEREMIA,NÃO CLASSIFICÁVEL,HIPEREMIA,ablation/tissue_classic_1229/images/stage_1_3244.jpg
stage_1_33923,stage_1_33923,stage_1_33923.jpg,2e7a3f6065b6eece584790313bbc0e2878c93ac3aac822baa24846ecabe7e15a,f8fdc1f0a0ec82e8,name:stage_1_33923,train,1,0,0,0,0,HIPEREMIA,NÃO CLASSIFICÁVEL,HIPEREMIA,ablation/tissue_classic_1229/images/stage_1_33923.jpg
stage_1_33998,stage_1_33998,stage_1_33998.jpg,0b3ff6478e6df6c9b4561a2226014c6ca227f6084e5dd4d22a4f8ddc9cd437cf,f1b68fcca6c90847,name:stage_1_33998,train,1,0,0,0,0,HIPEREMIA,NÃO CLASSIFICÁVEL,HIPEREMIA,ablation/tissue_classic_1229/images/stage_1_33998.jpg
stage_1_34168,stage_1_34168,stage_1_34168.jpg,329c54ef0ca9dab9f732f2d01737fd1bd599c148c5eb71a640c6a227ffd57835,ead52ac16e97c0b8,name:stage_1_34168,train,1,0,0,0,0,HIPEREMIA,NÃO CLASSIFICÁVEL,HIPEREMIA,ablation/tissue_classic_1229/images/stage_1_34168.jpg
stage_1_34306,stage_1_34306,stage_1_34306.jpg,91e0736f45af12e686c0fc18b09dd63b512577b5a4c77165fd994896bb8ad98c,efd0b08f83399626,name:stage_1_34306,train,1,0,0,0,0,HIPEREMIA,NÃO CLASSIFICÁVEL,HIPEREMIA,ablation/tissue_classic_1229/images/stage_1_34306.jpg
stage_1_34709,stage_1_34709,stage_1_34709.jpg,1847fc4fdb67decd37a6200616bb61324d9c77dd6f669da651067ff579aee594,b8f9d2e2245cf8b0,name:stage_1_34709,train,1,0,0,0,0,HIPEREMIA,NÃO CLASSIFICÁVEL,HIPEREMIA,ablation/tissue_classic_1229/images/stage_1_34709.jpg
stage_1_35803,stage_1_35803,stage_1_35803.jpg,5ace95ec7242ed6f64c289fe36faeb466ea2510c04e804bd38391a2c6ab7754b,fcc9c1fcc491189e,name:stage_1_35803,train,1,0,0,0,0,HIPEREMIA,NÃO CLASSIFICÁVEL,HIPEREMIA,ablation/tissue_classic_1229/images/stage_1_35803.jpg
stage_1_35855,stage_1_35855,stage_1_35855.jpg,81274f938b755140de720c7d729fe68a4e11e7b773168a7774d9ecf8d5dc7bc4,eb3d82f0fe07e00c,name:stage_1_35855,train,1,0,0,0,0,HIPEREMIA,NÃO CLASSIFICÁVEL,HIPEREMIA,ablation/tissue_classic_1229/images/stage_1_35855.jpg
stage_1_36091,stage_1_36091,stage_1_36091.jpg,2e76dfc16e9dd6af7bf68c6e1ab7c2505d2f7be05e7e1faa23d700bb877fa27f,ff02d58b62150fd8,name:stage_1_36091,train,0,0,0,0,0,NÃO CLASSIFICÁVEL,NÃO CLASSIFICÁVEL,NÃO CLASSIFICÁVEL,ablation/tissue_classic_1229/images/stage_1_36091.jpg
stage_1_36182,stage_1_36182,stage_1_36182.jpg,c0f60efc173325f3c2beba068fdc72879bc651ea4a069cb45ed18ba80ad9486b,e118e209e1bfc379,name:stage_1_36182,train,1,0,0,0,0,HIPEREMIA,NÃO CLASSIFICÁVEL,HIPEREMIA,ablation/tissue_classic_1229/images/stage_1_36182.jpg
stage_1_36294,stage_1_36294,stage_1_36294.jpg,8335fc52d4a0e54133de7e1fdedacadcae3c9e8f792a6e8ba5d16e6bbba20f6d,dc78e3873863c694,name:stage_1_36294,train,1,0,0,0,0,HIPEREMIA,NÃO CLASSIFICÁVEL,HIPEREMIA,ablation/tissue_classic_1229/images/stage_1_36294.jpg
stage_1_36304,stage_1_36304,stage_1_36304.jpg,7ee9e48fc7fef07028783efec959aba755fbfb9e04e7ccfc5af10a364552d42d,ffe095a05f40ff00,name:stage_1_36304,train,1,0,0,0,0,HIPEREMIA,NÃO CLASSIFICÁVEL,HIPEREMIA,ablation/tissue_classic_1229/images/stage_1_36304.jpg
stage_1_36335,stage_1_36335,stage_1_36335.jpg,913a8990d429c31376389201b6e55f43976ec7d3bd110c0df1315d6a4bec9285,abce85c0e0f69738,name:stage_1_36335,train,1,0,0,0,0,HIPEREMIA,NÃO CLASSIFICÁVEL,HIPEREMIA,ablation/tissue_classic_1229/images/stage_1_36335.jpg
stage_1_36684,stage_1_36684,stage_1_36684.jpg,7ef6e8efc243ae60980bc5842e42d80d7f51ef9e3148ca7e4f439cfdafb66b8a,b8c7d6f8c8c3cc90,name:stage_1_36684,train,1,0,0,0,0,HIPEREMIA,NÃO CLASSIFICÁVEL,HIPEREMIA,ablation/tissue_classic_1229/images/stage_1_36684.jpg
stage_1_3686,stage_1_3686,stage_1_3686.jpg,248af29caf4a6ce756bdc3042b6b1b824c8d0e2bd7d692a6c5f7cb24d1407920,f4ba934ccde62688,name:stage_1_3686,train,0,0,0,0,0,NÃO CLASSIFICÁVEL,NÃO CLASSIFICÁVEL,NÃO CLASSIFICÁVEL,ablation/tissue_classic_1229/images/stage_1_3686.jpg
stage_1_37004,stage_1_37004,stage_1_37004.jpg,337d2e313815debfe22f6d196e4503e341bce4c33b2029835f9dd133f5f3c0f4,fad4c7f083b88338,name:stage_1_37004,train,1,0,0,0,0,HIPEREMIA,NÃO CLASSIFICÁVEL,HIPEREMIA,ablation/tissue_classic_1229/images/stage_1_37004.jpg
stage_1_37467,stage_1_37467,stage_1_37467.jpg,b1ad4ae214107e6a350c539075120c69dfdaf27ff8eab49eeb5ca3ae1c6b494e,ac9ef007780ff11c,name:stage_1_37467,train,1,0,0,0,0,HIPEREMIA,NÃO CLASSIFICÁVEL,HIPEREMIA,ablation/tissue_classic_1229/images/stage_1_37467.jpg
stage_1_37518,stage_1_37518,stage_1_37518.jpg,6c10521e126ef1e900180d9f1bff10774ff6c34c3fd88ef98ac57cc516a56f40,d3bbba82ab80ef80,name:stage_1_37518,train,1,0,0,0,0,HIPEREMIA,NÃO CLASSIFICÁVEL,HIPEREMIA,ablation/tissue_classic_1229/images/stage_1_37518.jpg
stage_1_38085,stage_1_38085,stage_1_38085.jpg,54a31ca2a92a2372dab70e4c1932c165fd8dce6c3c9b7c11cb2762a5988094be,cadcd24fcc01f730,name:stage_1_38085,train,0,0,0,0,0,NÃO CLASSIFICÁVEL,NÃO CLASSIFICÁVEL,NÃO CLASSIFICÁVEL,ablation/tissue_classic_1229/images/stage_1_38085.jpg
stage_1_38303,stage_1_38303,stage_1_38303.jpg,8b619563affb8f3ed9dce5461e3b1033a7048b8ba0926dc7dd242682811a2336,f6c7aa969cd23058,name:stage_1_38303,train,1,0,0,0,0,HIPEREMIA,NÃO CLASSIFICÁVEL,HIPEREMIA,ablation/tissue_classic_1229/images/stage_1_38303.jpg
stage_1_38366,stage_1_38366,stage_1_38366.jpg,56c3d95ea044a166d5339e22cb7c56a6e085441057a875d82b9b3ad74b89e9e7,f8f5869be98c9540,name:stage_1_38366,train,1,0,0,0,0,HIPEREMIA,NÃO CLASSIFICÁVEL,HIPEREMIA,ablation/tissue_classic_1229/images/stage_1_38366.jpg
stage_1_3879,stage_1_3879,stage_1_3879.jpg,15759f0ccf17305afbb9ce36bcedf0b819985d4902585ad0a1e095fe593f446c,f49cb272566193a6,name:stage_1_3879,train,1,0,0,0,0,HIPEREMIA,NÃO CLASSIFICÁVEL,HIPEREMIA,ablation/tissue_classic_1229/images/stage_1_3879.jpg
stage_1_38922,stage_1_38922,stage_1_38922.jpg,abf12b4720e5fb477b186e1931aa0084b694ea93e779e62197e44503c15be90f,9a95d9ae499254ad,name:stage_1_38922,train,1,0,0,0,0,HIPEREMIA,NÃO CLASSIFICÁVEL,HIPEREMIA,ablation/tissue_classic_1229/images/stage_1_38922.jpg
stage_1_39544,stage_1_39544,stage_1_39544.jpg,379479c840713f779645e5fc3904d988b9d5d6b9c6b45ca972959150f7641611,8fce3831c283cbce,name:stage_1_39544,train,1,0,0,0,0,HIPEREMIA,NÃO CLASSIFICÁVEL,HIPEREMIA,ablation/tissue_classic_1229/images/stage_1_39544.jpg
stage_1_40007,stage_1_40007,stage_1_40007.jpg,80895f85999ee8cddf9f646b2eca0bbee797d50b10a065a45ce6ac21ae16c287,f3e38c9c4e49c2b8,name:stage_1_40007,train,1,0,0,0,0,HIPEREMIA,NÃO CLASSIFICÁVEL,HIPEREMIA,ablation/tissue_classic_1229/images/stage_1_40007.jpg
stage_1_4057,stage_1_4057,stage_1_4057.jpg,716da37d7e1203f76ce765d8753ea743fb7a59710d17fbb5b86431647e43d1b2,fcc7a668984b5760,name:stage_1_4057,train,0,0,0,0,0,NÃO CLASSIFICÁVEL,NÃO CLASSIFICÁVEL,NÃO CLASSIFICÁVEL,ablation/tissue_classic_1229/images/stage_1_4057.jpg
stage_1_40620,stage_1_40620,stage_1_40620.jpg,c54d46720bc4feb3e580bd2f791f7fbf2f134443e108cce815a5359ab6198989,aadd858a92e5383e,name:stage_1_40620,train,1,0,0,0,0,HIPEREMIA,NÃO CLASSIFICÁVEL,HIPEREMIA,ablation/tissue_classic_1229/images/stage_1_40620.jpg
stage_1_41006,stage_1_41006,stage_1_41006.jpg,9ae77f8c08a6142c0a53cc7c27ff65903bc82d6c22fe5d964a06311d8d025960,fecce927949061c9,name:stage_1_41006,train,0,0,0,0,0,NÃO CLASSIFICÁVEL,NÃO CLASSIFICÁVEL,NÃO CLASSIFICÁVEL,ablation/tissue_classic_1229/images/stage_1_41006.jpg
stage_1_41064,stage_1_41064,stage_1_41064.jpg,40c62ae70c747d276bcb86f2651b666daeff48c5502bbed174a9b169d0095c0f,bf48c0e00ff70579,name:stage_1_41064,train,1,0,0,0,0,HIPEREMIA,NÃO CLASSIFICÁVEL,HIPEREMIA,ablation/tissue_classic_1229/images/stage_1_41064.jpg
stage_1_41365,stage_1_41365,stage_1_41365.jpg,c072c0cc290c44cb60ae661944e9b7b2c7e1eb88353bc392416547bf36233d58,edb344accc38d931,name:stage_1_41365,train,1,0,0,0,0,HIPEREMIA,NÃO CLASSIFICÁVEL,HIPEREMIA,ablation/tissue_classic_1229/images/stage_1_41365.jpg
stage_1_41863,stage_1_41863,stage_1_41863.jpg,93ab27d0d128586ef7a4f918303023313dbb124e6af0bf53107b839116b8a8a0,fbd1c3c9cc96c442,name:stage_1_41863,train,0,0,0,0,0,NÃO CLASSIFICÁVEL,NÃO CLASSIFICÁVEL,NÃO CLASSIFICÁVEL,ablation/tissue_classic_1229/images/stage_1_41863.jpg
stage_1_42797,stage_1_42797,stage_1_42797.jpg,f8c606acf748cb2adf2fd82a3fd1bdba4a7243183b43c97e1b45e7ed9861b3dc,fb7624e581844c7b,name:stage_1_42797,train,1,0,0,0,0,HIPEREMIA,NÃO CLASSIFICÁVEL,HIPEREMIA,ablation/tissue_classic_1229/images/stage_1_42797.jpg
stage_1_43721,stage_1_43721,stage_1_43721.jpg,c7d37778bcc15947fffa358c307432d30b30fc9d65c6a3419c8eabfa0a2010d4,aeaf70c0c25ebc31,name:stage_1_43721,train,1,0,0,0,0,HIPEREMIA,NÃO CLASSIFICÁVEL,HIPEREMIA,ablation/tissue_classic_1229/images/stage_1_43721.jpg
stage_1_44308,stage_1_44308,stage_1_44308.jpg,30e90e14e8bf9159597ac67f3b06383356507b26e3a085e01db709f8a03ed7db,b6fa7489ca05ce15,name:stage_1_44308,train,1,0,0,0,0,HIPEREMIA,NÃO CLASSIFICÁVEL,HIPEREMIA,ablation/tissue_classic_1229/images/stage_1_44308.jpg
stage_1_45032,stage_1_45032,stage_1_45032.jpg,e06e47466e883a3b96ce0687baf6fd24ef4ff3962e7aa70036241b9ccfdf867f,e9d4968d9932c16d,name:stage_1_45032,train,0,0,0,0,0,NÃO CLASSIFICÁVEL,NÃO CLASSIFICÁVEL,NÃO CLASSIFICÁVEL,ablation/tissue_classic_1229/images/stage_1_45032.jpg
stage_1_45783,stage_1_45783,stage_1_45783.jpg,eaa210690cdadb0045f4ca2c0552ff35dc51668b44f97f48ea94f579036a6806,91757cd86061da67,name:stage_1_45783,train,1,0,0,0,0,HIPEREMIA,NÃO CLASSIFICÁVEL,HIPEREMIA,ablation/tissue_classic_1229/images/stage_1_45783.jpg
stage_1_45932,stage_1_45932,stage_1_45932.jpg,26410d7b6acd94f1c3c678185fdfb575394a52e7c1bacbc9b782a5344c49cd09,fed650425a6aaa2e,name:stage_1_45932,train,1,0,0,0,0,HIPEREMIA,NÃO CLASSIFICÁVEL,HIPEREMIA,ablation/tissue_classic_1229/images/stage_1_45932.jpg
stage_1_46291,stage_1_46291,stage_1_46291.jpg,bc99b8c2d787aeaf90974e6d0c0740b02cfb7bc4fac51ffe558201874d25151b,84d5407d7f3100ff,name:stage_1_46291,train,1,0,0,0,0,HIPEREMIA,NÃO CLASSIFICÁVEL,HIPEREMIA,ablation/tissue_classic_1229/images/stage_1_46291.jpg
stage_1_46738,stage_1_46738,stage_1_46738.jpg,d668c677251743a539dba7ba11e326a0676b3f072946f449e265d0d57dbd283c,bbc03fc4bb409f44,name:stage_1_46738,train,1,0,0,0,0,HIPEREMIA,NÃO CLASSIFICÁVEL,HIPEREMIA,ablation/tissue_classic_1229/images/stage_1_46738.jpg
stage_1_47089,stage_1_47089,stage_1_47089.jpg,eb11855fe3d818bbafe9541cd9328c47a6f9d4715e2731c1ca791341c158e069,d582478d0e5c2f5e,name:stage_1_47089,train,1,0,0,0,0,HIPEREMIA,NÃO CLASSIFICÁVEL,HIPEREMIA,ablation/tissue_classic_1229/images/stage_1_47089.jpg
stage_1_4745,stage_1_4745,stage_1_4745.jpg,310c27f92fdcce241c1eafc755c0a066a68b47e712b77383553fccb0df045009,bf80bf80fdc07c81,name:stage_1_4745,train,1,0,0,0,0,HIPEREMIA,NÃO CLASSIFICÁVEL,HIPEREMIA,ablation/tissue_classic_1229/images/stage_1_4745.jpg
stage_1_48177,stage_1_48177,stage_1_48177.jpg,6bbcbdca74c5a8f9173a14cbd213cdbe5a306a8e8847565f45c0c56db6d6781d,f7cdc8841f8d2631,name:stage_1_48177,train,1,0,0,0,0,HIPEREMIA,NÃO CLASSIFICÁVEL,HIPEREMIA,ablation/tissue_classic_1229/images/stage_1_48177.jpg
stage_1_48363,stage_1_48363,stage_1_48363.jpg,e61d2b6c3313052fb41cfe3d95e451a75a3df4367b69e42e612af026f0e6edee,a7f6a74c187335a0,name:stage_1_48363,train,1,0,0,0,0,HIPEREMIA,NÃO CLASSIFICÁVEL,HIPEREMIA,ablation/tissue_classic_1229/images/stage_1_48363.jpg
stage_1_49395,stage_1_49395,stage_1_49395.jpg,298cbf4220714ba91c41c128ebad7303947d0ff2154f84e9db4cfee822ed70a7,aa54f4853b738bc4,name:stage_1_49395,train,1,0,0,0,0,HIPEREMIA,NÃO CLASSIFICÁVEL,HIPEREMIA,ablation/tissue_classic_1229/images/stage_1_49395.jpg
stage_1_4942,stage_1_4942,stage_1_4942.jpg,bb3361f59daa069e0b890f3ce644e685bca09dfceccd7c48946e61d884886831,8a923c59e6676726,name:stage_1_4942,train,1,0,0,0,0,HIPEREMIA,NÃO CLASSIFICÁVEL,HIPEREMIA,ablation/tissue_classic_1229/images/stage_1_4942.jpg
stage_1_49681,stage_1_49681,stage_1_49681.jpg,6d459a94d1d91558da7cb90181e8d46d42d7430a4632e29be1afd8e984f05486,e699851f971e3069,name:stage_1_49681,train,1,0,0,0,0,HIPEREMIA,NÃO CLASSIFICÁVEL,HIPEREMIA,ablation/tissue_classic_1229/images/stage_1_49681.jpg
stage_1_50047,stage_1_50047,stage_1_50047.jpg,ddf806a15b2afe8ae2e4190ac03e3bfacf758af26ed5e2aaae4a5866d1f154f0,8ccecd9c71324ed4,name:stage_1_50047,train,1,0,0,0,0,HIPEREMIA,NÃO CLASSIFICÁVEL,HIPEREMIA,ablation/tissue_classic_1229/images/stage_1_50047.jpg
stage_1_50513,stage_1_50513,stage_1_50513.jpg,3fc137b8bf875a25e559e18703d8668a795e7a7e3ab2db98bc00b472c0f5edef,cb80acecb436d656,name:stage_1_50513,train,1,0,0,0,0,HIPEREMIA,NÃO CLASSIFICÁVEL,HIPEREMIA,ablation/tissue_classic_1229/images/stage_1_50513.jpg
stage_1_51551,stage_1_51551,stage_1_51551.jpg,c3bd6ddaee8f3aaf23c97e1289ed619df688b07c5239bdc485b6dc4f3f577244,aed590da4cb652d1,name:stage_1_51551,train,1,0,0,0,0,HIPEREMIA,NÃO CLASSIFICÁVEL,HIPEREMIA,ablation/tissue_classic_1229/images/stage_1_51551.jpg
stage_1_51725,stage_1_51725,stage_1_51725.jpg,9394d110b8b13db0815bc51bdae6739a2f6c2b8320478c1ca0a8cb10934b6157,f8a4d3958ee72a11,name:stage_1_51725,train,1,0,0,0,0,HIPEREMIA,NÃO CLASSIFICÁVEL,HIPEREMIA,ablation/tissue_classic_1229/images/stage_1_51725.jpg
stage_1_52379,stage_1_52379,stage_1_52379.jpg,fa46bd305e80078303e182cc58a94ba6ba757526e93dbf5df80e0a7850af40e3,fe8ce197c10f1e60,name:stage_1_52379,train,1,0,0,0,0,HIPEREMIA,NÃO CLASSIFICÁVEL,HIPEREMIA,ablation/tissue_classic_1229/images/stage_1_52379.jpg
stage_1_52592,stage_1_52592,stage_1_52592.jpg,2b3847a40c8fe6a3175fdd89dc2c053fc9ad110c92d2011c1659cb6bef5a5394,ebfc90832fdc1560,name:stage_1_52592,train,1,0,0,0,0,HIPEREMIA,NÃO CLASSIFICÁVEL,HIPEREMIA,ablation/tissue_classic_1229/images/stage_1_52592.jpg
stage_1_52677,stage_1_52677,stage_1_52677.jpg,3f626fa847cffcc6181ab1ce989abdb796b5ad01c1df672a41389e81a6a38e90,e0f4c68690b9cf8e,name:stage_1_52677,train,1,0,0,0,0,HIPEREMIA,NÃO CLASSIFICÁVEL,HIPEREMIA,ablation/tissue_classic_1229/images/stage_1_52677.jpg
stage_1_52843,stage_1_52843,stage_1_52843.jpg,bc713dd475453e68bd9597e5099cb4bc17c174a037150451eeeec2eac452ddd1,ad92d62de924921f,name:stage_1_52843,train,1,0,0,0,0,HIPEREMIA,NÃO CLASSIFICÁVEL,HIPEREMIA,ablation/tissue_classic_1229/images/stage_1_52843.jpg
stage_1_53188,stage_1_53188,stage_1_53188.jpg,a462e7d039772fb8c029a63394d28ae269daa6b56063e7b73f7cf21809927e9b,babcc44ab4ab9326,name:stage_1_53188,train,1,0,0,0,0,HIPEREMIA,NÃO CLASSIFICÁVEL,HIPEREMIA,ablation/tissue_classic_1229/images/stage_1_53188.jpg
stage_1_53519,stage_1_53519,stage_1_53519.jpg,9ba42ad1772749500f954df31041c7cf63d8c03f2eb378f8daf769b9ab2f8e43,a3ecf5c2148cd1e6,name:stage_1_53519,train,1,0,0,0,0,HIPEREMIA,NÃO CLASSIFICÁVEL,HIPEREMIA,ablation/tissue_classic_1229/images/stage_1_53519.jpg
stage_1_5363,stage_1_5363,stage_1_5363.jpg,a209edf057803215306bf2c80166097484359eba53e371e58cdae33a094d3ded,8f0f08d0b72feac4,name:stage_1_5363,train,1,0,0,0,0,HIPEREMIA,NÃO CLASSIFICÁVEL,HIPEREMIA,ablation/tissue_classic_1229/images/stage_1_5363.jpg
stage_1_53652,stage_1_53652,stage_1_53652.jpg,80498f68b9d786ce0c16dadf6e1ae7bba7518aaf86850ceba8756c2abe095851,fbdcc0f0db86048d,name:stage_1_53652,train,1,0,0,0,0,HIPEREMIA,NÃO CLASSIFICÁVEL,HIPEREMIA,ablation/tissue_classic_1229/images/stage_1_53652.jpg
stage_1_54263,stage_1_54263,stage_1_54263.jpg,9e49b75e5c7f5a9c7db8b1718da5d6afc2f01a54163a4dc0073b5cadb20b6b7a,ef8cbcb3e7b04120,name:stage_1_54263,train,1,0,0,0,0,HIPEREMIA,NÃO CLASSIFICÁVEL,HIPEREMIA,ablation/tissue_classic_1229/images/stage_1_54263.jpg
stage_1_54825,stage_1_54825,stage_1_54825.jpg,aefef27c9644b019a989827580be5e576cd9a4e0a7a41a3343a1d232d532c127,c58a2ab8adc3bf90,name:stage_1_54825,train,1,0,0,0,0,HIPEREMIA,NÃO CLASSIFICÁVEL,HIPEREMIA,ablation/tissue_classic_1229/images/stage_1_54825.jpg
stage_1_54902,stage_1_54902,stage_1_54902.jpg,35f5b781e3d53370e1a033c2476fdf53db1cf4386a51ff54b3b87fce9c9337ee,ead6bd419326c833,name:stage_1_54902,train,1,0,0,0,0,HIPEREMIA,NÃO CLASSIFICÁVEL,HIPEREMIA,ablation/tissue_classic_1229/images/stage_1_54902.jpg
stage_1_55643,stage_1_55643,stage_1_55643.jpg,c7c617e774c0264f3a6f429656ca57d2983b5b58b51aa387304117213fb6bb60,efe0b0c3957ec830,name:stage_1_55643,train,1,0,0,0,0,HIPEREMIA,NÃO CLASSIFICÁVEL,HIPEREMIA,ablation/tissue_classic_1229/images/stage_1_55643.jpg
stage_1_55864,stage_1_55864,stage_1_55864.jpg,d33fe7eae6aa44dee076105f07d7e60dc0ff1dbfbd906c4c4bbe9efdd2f8d45d,b1b8d7bbc8b44c05,name:stage_1_55864,train,0,0,0,0,0,NÃO CLASSIFICÁVEL,NÃO CLASSIFICÁVEL,NÃO CLASSIFICÁVEL,ablation/tissue_classic_1229/images/stage_1_55864.jpg
stage_1_55950,stage_1_55950,stage_1_55950.jpg,1aa30b40cf959bb36dc980689436ba4fad74d400efc9212331c4d3fdc21bd5b6,fbb088788ecaa86e,name:stage_1_55950,train,1,0,0,0,0,HIPEREMIA,NÃO CLASSIFICÁVEL,HIPEREMIA,ablation/tissue_classic_1229/images/stage_1_55950.jpg
stage_1_56309,stage_1_56309,stage_1_56309.jpg,126e20a9afbd817a3a198cb26b8a7d7f660b03112a4befa52b8ea4bc5c21b4ef,aa6bb3649a16ed18,name:stage_1_56309,train,1,0,0,0,0,HIPEREMIA,NÃO CLASSIFICÁVEL,HIPEREMIA,ablation/tissue_classic_1229/images/stage_1_56309.jpg
stage_1_56450,stage_1_56450,stage_1_56450.jpg,dd0bfdeba6e3747996326e08b9542ad6f81b82dfb94c03ceab9ced4a98a8a01d,a716d1e9ca626699,name:stage_1_56450,train,1,0,0,0,0,HIPEREMIA,NÃO CLASSIFICÁVEL,HIPEREMIA,ablation/tissue_classic_1229/images/stage_1_56450.jpg
stage_1_56981,stage_1_56981,stage_1_56981.jpg,8f10f6f2502b39e66390b6b0c0b2b668f67665cd55b97a498da7c21281c4df8a,a8dcd4ee1ac53992,name:stage_1_56981,train,1,0,0,0,0,HIPEREMIA,NÃO CLASSIFICÁVEL,HIPEREMIA,ablation/tissue_classic_1229/images/stage_1_56981.jpg
stage_1_57315,stage_1_57315,stage_1_57315.jpg,b1ff2f144349295528dea08e2c14cf0064848099533f5c2a095e4fd99f2105b2,ae954ba45ba4d32c,name:stage_1_57315,train,1,0,0,0,0,HIPEREMIA,NÃO CLASSIFICÁVEL,HIPEREMIA,ablation/tissue_classic_1229/images/stage_1_57315.jpg
stage_1_5767,stage_1_5767,stage_1_5767.jpg,21d1a5f94d4a8d9684ce5569553f174b47e2eec15749a9a2117cbf6a7cbebd69,deb062cc196dc336,name:stage_1_5767,train,1,0,0,0,0,HIPEREMIA,NÃO CLASSIFICÁVEL,HIPEREMIA,ablation/tissue_classic_1229/images/stage_1_5767.jpg
stage_1_57710,stage_1_57710,stage_1_57710.jpg,09f2e61d3b9cc38a66a46306f026e1cd02f14c34dae83849b7b7400de2a2971e,f8e1c736d8186387,name:stage_1_57710,train,1,0,0,0,0,HIPEREMIA,NÃO CLASSIFICÁVEL,HIPEREMIA,ablation/tissue_classic_1229/images/stage_1_57710.jpg
stage_1_58916,stage_1_58916,stage_1_58916.jpg,65aafbcf2a428286b22251e23b3f49405c8419129c68ff985c69a928ee025066,85bc5a93658e4cbc,name:stage_1_58916,train,1,0,0,0,0,HIPEREMIA,NÃO CLASSIFICÁVEL,HIPEREMIA,ablation/tissue_classic_1229/images/stage_1_58916.jpg
stage_1_59646,stage_1_59646,stage_1_59646.jpg,d06ccc807dd599e3b85a921f9745413b7239e34e841135250ca9dcdffed05b24,f2723549ca9e0d2b,name:stage_1_59646,train,1,0,0,0,0,HIPEREMIA,NÃO CLASSIFICÁVEL,HIPEREMIA,ablation/tissue_classic_1229/images/stage_1_59646.jpg
stage_1_59688,stage_1_59688,stage_1_59688.jpg,fd1dc72be7da459b64cb863cfe5f38aeddfecb1ef68ba59c642498dfdba81ffa,aaba97c6807f15e0,name:stage_1_59688,train,1,0,0,0,0,HIPEREMIA,NÃO CLASSIFICÁVEL,HIPEREMIA,ablation/tissue_classic_1229/images/stage_1_59688.jpg
stage_1_59706,stage_1_59706,stage_1_59706.jpg,37b14edf6eb13faa00d9ed5259ffc8fa5e637594c7f97329419b9145fc7c03d2,be87c1683c32f2c9,name:stage_1_59706,train,1,0,0,0,0,HIPEREMIA,NÃO CLASSIFICÁVEL,HIPEREMIA,ablation/tissue_classic_1229/images/stage_1_59706.jpg
stage_1_59723,stage_1_59723,stage_1_59723.jpg,e0e3ccd58e8a82920705c0a0513fb6f2f7b4d92e598f24c54e1da2a1dbfd3195,e95bb450a459b54b,name:stage_1_59723,train,1,0,0,0,0,HIPEREMIA,NÃO CLASSIFICÁVEL,HIPEREMIA,ablation/tissue_classic_1229/images/stage_1_59723.jpg
stage_1_62707,stage_1_62707,stage_1_62707.jpg,4c62a65a59d6b0ca958af7f50e2ed4d8f63c2436e44eab428d07df197ad32b5c,ae378134949f6b16,name:stage_1_62707,train,1,0,0,0,0,HIPEREMIA,NÃO CLASSIFICÁVEL,HIPEREMIA,ablation/tissue_classic_1229/images/stage_1_62707.jpg
stage_1_64066,stage_1_64066,stage_1_64066.jpg,34473398651520d78832f52ef2b1e23bbd3f27d020a905c8e520e1478638af26,bab2841c5863a7f5,name:stage_1_64066,train,1,0,0,0,0,HIPEREMIA,NÃO CLASSIFICÁVEL,HIPEREMIA,ablation/tissue_classic_1229/images/stage_1_64066.jpg
stage_1_64340,stage_1_64340,stage_1_64340.jpg,b2758ec74700997592c8883f97052cad976583e850b8c054221a14dc615a47fb,aeabf0ca81cac939,name:stage_1_64340,train,1,0,0,0,0,HIPEREMIA,NÃO CLASSIFICÁVEL,HIPEREMIA,ablation/tissue_classic_1229/images/stage_1_64340.jpg
stage_1_64761,stage_1_64761,stage_1_64761.jpg,f01ea8112d81528eb67ffd388d2afcff4bdb3d7060a5a0bb3e2ba3b88a7d1716,bebfc1e0088ce4e6,name:stage_1_64761,train,1,0,0,0,0,HIPEREMIA,NÃO CLASSIFICÁVEL,HIPEREMIA,ablation/tissue_classic_1229/images/stage_1_64761.jpg
stage_1_64902,stage_1_64902,stage_1_64902.jpg,0ea62fd39d36f0dbf7109ad9d1e7e112f0399ee8cda1f435f709318ff4847575,a8308fcfc9ce24e3,name:stage_1_64902,train,1,0,0,0,0,HIPEREMIA,NÃO CLASSIFICÁVEL,HIPEREMIA,ablation/tissue_classic_1229/images/stage_1_64902.jpg
stage_1_64923,stage_1_64923,stage_1_64923.jpg,4ec1755d924c14a664f84d6a3bdb3b8d3864440221243227bbeeb442eb54873b,fc477c827a817887,name:stage_1_64923,train,1,0,0,0,0,HIPEREMIA,NÃO CLASSIFICÁVEL,HIPEREMIA,ablation/tissue_classic_1229/images/stage_1_64923.jpg
stage_1_65864,stage_1_65864,stage_1_65864.jpg,439b84f547164b825893a664d1166a3fb577711e41a175e7d828ac42868a4883,fb2e01ae52b528dc,name:stage_1_65864,train,1,0,0,0,0,HIPEREMIA,NÃO CLASSIFICÁVEL,HIPEREMIA,ablation/tissue_classic_1229/images/stage_1_65864.jpg
stage_1_65926,stage_1_65926,stage_1_65926.jpg,f44f75ee577b396cfe5c7eb93a407c00d7636e26c83cd2793f3cf5aee5c0ef12,eab194cac9e5a4d2,name:stage_1_65926,train,1,0,0,0,0,HIPEREMIA,NÃO CLASSIFICÁVEL,HIPEREMIA,ablation/tissue_classic_1229/images/stage_1_65926.jpg
stage_1_66343,stage_1_66343,stage_1_66343.jpg,81fd9307634bf4f90a3703ec41116b9854eba079635fc9a5f0d1a9089577ba8b,aaaa95ca8d197655,name:stage_1_66343,train,1,0,0,0,0,HIPEREMIA,NÃO CLASSIFICÁVEL,HIPEREMIA,ablation/tissue_classic_1229/images/stage_1_66343.jpg
stage_1_66363,stage_1_66363,stage_1_66363.jpg,029c226ac9155b1d1ecf570e3e6430108a12a2111066d00745c0f655c9883cc5,dc9c7303035b7a0f,name:stage_1_66363,train,1,0,0,0,0,HIPEREMIA,NÃO CLASSIFICÁVEL,HIPEREMIA,ablation/tissue_classic_1229/images/stage_1_66363.jpg
stage_1_66376,stage_1_66376,stage_1_66376.jpg,66fd105be0e9e96445992c9ad1f40d17b0f531be5e75108f20b21261036fd128,b8baea95d8a4d289,name:stage_1_66376,train,1,0,0,0,0,HIPEREMIA,NÃO CLASSIFICÁVEL,HIPEREMIA,ablation/tissue_classic_1229/images/stage_1_66376.jpg
stage_1_68177,stage_1_68177,stage_1_68177.jpg,baf1ffa64827eedad03b8bf261489ac17cb36348cb61b7f8e9bda441102825b0,ea3a2f95c5ca6262,name:stage_1_68177,train,0,0,0,0,0,NÃO CLASSIFICÁVEL,NÃO CLASSIFICÁVEL,NÃO CLASSIFICÁVEL,ablation/tissue_classic_1229/images/stage_1_68177.jpg
stage_1_68506,stage_1_68506,stage_1_68506.jpg,be6e63155a736b18fb83559f5a66e4b3a70ecee07890efde3e89d01d19c7a5ea,e8e85eb298c7878c,name:stage_1_68506,train,1,0,0,0,0,HIPEREMIA,NÃO CLASSIFICÁVEL,HIPEREMIA,ablation/tissue_classic_1229/images/stage_1_68506.jpg
stage_1_68712,stage_1_68712,stage_1_68712.jpg,6aa8978a88a11d12224935d5afff689e75846b8aa46e2193430db387fc260da0,aa48953d4b3ae61e,name:stage_1_68712,train,1,0,0,0,0,HIPEREMIA,NÃO CLASSIFICÁVEL,HIPEREMIA,ablation/tissue_classic_1229/images/stage_1_68712.jpg
stage_1_70402,stage_1_70402,stage_1_70402.jpg,16f95bb3952cfa5b900c20f047a88e5145e356fba99ce52499aa9647a72b5075,81ba4fd52ad265ca,name:stage_1_70402,train,1,0,0,0,0,HIPEREMIA,NÃO CLASSIFICÁVEL,HIPEREMIA,ablation/tissue_classic_1229/images/stage_1_70402.jpg
stage_1_70859,stage_1_70859,stage_1_70859.jpg,31c96a9f665390b86c5696ccef020a76c0b56c073261e7212f6a1aa7cb8e61b8,abde94e489aac463,name:stage_1_70859,train,0,0,0,0,0,NÃO CLASSIFICÁVEL,NÃO CLASSIFICÁVEL,NÃO CLASSIFICÁVEL,ablation/tissue_classic_1229/images/stage_1_70859.jpg
stage_1_7130,stage_1_7130,stage_1_7130.jpg,704ba7a87a691cde0e91043fcb4d73ec4362b5abb6a0c51f488e1479ae2ea6bf,aa9cc03723e30fd9,name:stage_1_7130,train,1,0,0,0,0,HIPEREMIA,NÃO CLASSIFICÁVEL,HIPEREMIA,ablation/tissue_classic_1229/images/stage_1_7130.jpg
stage_1_72077,stage_1_72077,stage_1_72077.jpg,0a00e99ba81d0cc70e70986bbce3e920e74c820d77fd2597571102a451c2c3b5,effc9e4ea3a03180,name:stage_1_72077,train,1,0,0,0,0,HIPEREMIA,NÃO CLASSIFICÁVEL,HIPEREMIA,ablation/tissue_classic_1229/images/stage_1_72077.jpg
stage_1_72437,stage_1_72437,stage_1_72437.jpg,b9e410e8994b8ab9b3af3a8ffae693d119cee6530dc86b5b381b1979e3a78063,d991b3c764629b98,name:stage_1_72437,train,0,0,0,0,0,NÃO CLASSIFICÁVEL,NÃO CLASSIFICÁVEL,NÃO CLASSIFICÁVEL,ablation/tissue_classic_1229/images/stage_1_72437.jpg
stage_1_73024,stage_1_73024,stage_1_73024.jpg,7a16e5e854e1a19fc11f1e1c14b0d44172eac56b2965ee77de793eb46650555e,f2850dc37c86790f,name:stage_1_73024,train,1,0,0,0,0,HIPEREMIA,NÃO CLASSIFICÁVEL,HIPEREMIA,ablation/tissue_classic_1229/images/stage_1_73024.jpg
stage_1_73442,stage_1_73442,stage_1_73442.jpg,1163d9ec70c3b1f0973647e40cf34f58a5f66d05f0327d69a79da166c5ec415c,f99ea46952d1852d,name:stage_1_73442,train,1,0,0,0,0,HIPEREMIA,NÃO CLASSIFICÁVEL,HIPEREMIA,ablation/tissue_classic_1229/images/stage_1_73442.jpg
stage_1_73778,stage_1_73778,stage_1_73778.jpg,8e1aebf479bc453873c8a599f15435af04501123661650d3c42756270ebb24ac,a384fc439376ce8a,name:stage_1_73778,train,0,0,0,0,0,NÃO CLASSIFICÁVEL,NÃO CLASSIFICÁVEL,NÃO CLASSIFICÁVEL,ablation/tissue_classic_1229/images/stage_1_73778.jpg
stage_1_74150,stage_1_74150,stage_1_74150.jpg,13ad94b9f2e9f884215ea5e25c81dce7e0acb850de92efd19e6d8c9ae5487a25,932b7a93b09aba92,name:stage_1_74150,train,0,0,0,0,0,NÃO CLASSIFICÁVEL,NÃO CLASSIFICÁVEL,NÃO CLASSIFICÁVEL,ablation/tissue_classic_1229/images/stage_1_74150.jpg
stage_1_74781,stage_1_74781,stage_1_74781.jpg,7789cc6a4481cf23ccbfd08df76c42b79c9469b5d4142499b30fd27e4e37730b,ae92e0789760ae73,name:stage_1_74781,train,1,0,0,0,0,HIPEREMIA,NÃO CLASSIFICÁVEL,HIPEREMIA,ablation/tissue_classic_1229/images/stage_1_74781.jpg
stage_1_75743,stage_1_75743,stage_1_75743.jpg,8fc975888b75af3c4e277fce5db22509884817d18d62a5a7fd40c159e6e43487,ab81d0f6c2c6b0f3,name:stage_1_75743,train,0,0,0,0,0,NÃO CLASSIFICÁVEL,NÃO CLASSIFICÁVEL,NÃO CLASSIFICÁVEL,ablation/tissue_classic_1229/images/stage_1_75743.jpg
stage_1_75775,stage_1_75775,stage_1_75775.jpg,1f4e87078635148156f6bf27b9bf527fa3818274adcbbd03d2bfba2df23a8c45,aea2b0d6c74ec80f,name:stage_1_75775,train,0,0,0,0,0,NÃO CLASSIFICÁVEL,NÃO CLASSIFICÁVEL,NÃO CLASSIFICÁVEL,ablation/tissue_classic_1229/images/stage_1_75775.jpg
stage_1_77827,stage_1_77827,stage_1_77827.jpg,44cf54dc30f1a816ab0ba34198cc0a5b3678ed8b40ca2b22fe4007d6161b8038,fd99b684d4619992,name:stage_1_77827,train,1,0,0,0,0,HIPEREMIA,NÃO CLASSIFICÁVEL,HIPEREMIA,ablation/tissue_classic_1229/images/stage_1_77827.jpg
stage_1_7789,stage_1_7789,stage_1_7789.jpg,fc1c9c753173838b733a47ff3c24cdbf649d33171a09b36c029de6473b2b8ddc,fb33c60cc86693e1,name:stage_1_7789,train,1,0,0,0,0,HIPEREMIA,NÃO CLASSIFICÁVEL,HIPEREMIA,ablation/tissue_classic_1229/images/stage_1_7789.jpg
stage_1_77990,stage_1_77990,stage_1_77990.jpg,3e2197c8fd78cadda2645ac69f2bd6ea8ab39e586aab4d47149aad14947585b3,aa81b50e92e4cbcf,name:stage_1_77990,train,0,0,0,0,0,NÃO CLASSIFICÁVEL,NÃO CLASSIFICÁVEL,NÃO CLASSIFICÁVEL,ablation/tissue_classic_1229/images/stage_1_77990.jpg
stage_1_78682,stage_1_78682,stage_1_78682.jpg,22aaf3510b4a4f26937d92186675da1c3212f9fef7433714938600e57dbda67e,dda4e0333b933562,name:stage_1_78682,train,1,0,0,0,0,HIPEREMIA,NÃO CLASSIFICÁVEL,HIPEREMIA,ablation/tissue_classic_1229/images/stage_1_78682.jpg
stage_1_7941,stage_1_7941,stage_1_7941.jpg,bfdb438dd7276ac73d5f10f4819e0c963b7eeeccb8be97ffb3807d30d26dfe80,fb1ccc7384b89a92,name:stage_1_7941,train,0,0,0,0,0,NÃO CLASSIFICÁVEL,NÃO CLASSIFICÁVEL,NÃO CLASSIFICÁVEL,ablation/tissue_classic_1229/images/stage_1_7941.jpg
stage_1_79424,stage_1_79424,stage_1_79424.jpg,965ef7520fac857c36593d16c1f65fef84a395c67fbe84b6a2f7894d692d8f8e,f5ca9429da35ca32,name:stage_1_79424,train,0,0,0,0,0,NÃO CLASSIFICÁVEL,NÃO CLASSIFICÁVEL,NÃO CLASSIFICÁVEL,ablation/tissue_classic_1229/images/stage_1_79424.jpg
stage_1_81315,stage_1_81315,stage_1_81315.jpg,23c5fc62127b6432e545efe48119b4ee9d52f3d1b493149535beb762c59e6618,e0e597c7c0329bd8,name:stage_1_81315,train,0,0,0,0,0,NÃO CLASSIFICÁVEL,NÃO CLASSIFICÁVEL,NÃO CLASSIFICÁVEL,ablation/tissue_classic_1229/images/stage_1_81315.jpg
stage_1_82536,stage_1_82536,stage_1_82536.jpg,58655db1652206d21d1dca07d42e2725f5b8382604d6b5986cfddec44bd9137e,b86c67309f06e399,name:stage_1_82536,train,1,0,0,0,0,HIPEREMIA,NÃO CLASSIFICÁVEL,HIPEREMIA,ablation/tissue_classic_1229/images/stage_1_82536.jpg
stage_1_83288,stage_1_83288,stage_1_83288.jpg,09895d0bb60e6b87e350e5154505a5684c2caba725a0eca3af0b414b486fbc79,f96b66d49921649c,name:stage_1_83288,train,0,0,0,0,0,NÃO CLASSIFICÁVEL,NÃO CLASSIFICÁVEL,NÃO CLASSIFICÁVEL,ablation/tissue_classic_1229/images/stage_1_83288.jpg
stage_1_83412,stage_1_83412,stage_1_83412.jpg,35761b8644d6d0db319fd95f4d4c5c77712bda2ca83743132d82564fa053101c,fcb5609ab0cd1a66,name:stage_1_83412,train,1,0,0,0,0,HIPEREMIA,NÃO CLASSIFICÁVEL,HIPEREMIA,ablation/tissue_classic_1229/images/stage_1_83412.jpg
stage_1_83639,stage_1_83639,stage_1_83639.jpg,0a1debd1ff85102ba36e864a8c5cb9dfe8447ff9190a88d598ab4dbc083b865f,e7d4aa55ab4c0d2a,name:stage_1_83639,train,0,0,0,0,0,NÃO CLASSIFICÁVEL,NÃO CLASSIFICÁVEL,NÃO CLASSIFICÁVEL,ablation/tissue_classic_1229/images/stage_1_83639.jpg
stage_1_84542,stage_1_84542,stage_1_84542.jpg,3e9edd1fbc78a68136197f244c12e06364929617a82fac71de215cbb733beecc,f8a685898cc5cbce,name:stage_1_84542,train,1,0,0,0,0,HIPEREMIA,NÃO CLASSIFICÁVEL,HIPEREMIA,ablation/tissue_classic_1229/images/stage_1_84542.jpg
stage_1_84817,stage_1_84817,stage_1_84817.jpg,372d6950f0c7820a7129fabf197110a85d0511fe319e8732ab99ac0c5c6dc5cb,b38763e43d23c42d,name:stage_1_84817,train,0,0,0,0,0,NÃO CLASSIFICÁVEL,NÃO CLASSIFICÁVEL,NÃO CLASSIFICÁVEL,ablation/tissue_classic_1229/images/stage_1_84817.jpg
stage_1_8489,stage_1_8489,stage_1_8489.jpg,2325dd1943b89874b47720c846b0427517fa26b873a78b4c019357486e631469,cae872c96ad5a2c5,name:stage_1_8489,train,1,0,0,0,0,HIPEREMIA,NÃO CLASSIFICÁVEL,HIPEREMIA,ablation/tissue_classic_1229/images/stage_1_8489.jpg
stage_1_86440,stage_1_86440,stage_1_86440.jpg,4d9f7156a6c3b901edfec844aa4c530a4cc0c1ac5c1f86b5dbf3d9361228fe63,bee4948f9a34c919,name:stage_1_86440,train,0,0,0,0,0,NÃO CLASSIFICÁVEL,NÃO CLASSIFICÁVEL,NÃO CLASSIFICÁVEL,ablation/tissue_classic_1229/images/stage_1_86440.jpg
stage_1_88669,stage_1_88669,stage_1_88669.jpg,1f82abdcbda9ecf99cf0150d9d854d5785d114866bf54687fe42ef4849c40fea,e7c091868d8f9cba,name:stage_1_88669,train,1,0,0,0,0,HIPEREMIA,NÃO CLASSIFICÁVEL,HIPEREMIA,ablation/tissue_classic_1229/images/stage_1_88669.jpg
stage_1_89283,stage_1_89283,stage_1_89283.jpg,773c18e63d2b70c8d7bfa146d5e29b5d4e79fb0b251433c2fe7eb598343e89a1,bcc1f299ceccc831,name:stage_1_89283,train,0,0,0,0,0,NÃO CLASSIFICÁVEL,NÃO CLASSIFICÁVEL,NÃO CLASSIFICÁVEL,ablation/tissue_classic_1229/images/stage_1_89283.jpg
stage_1_90914,stage_1_90914,stage_1_90914.jpg,dc99474b1888bba19edc4bca9c4369668baed102a224d2fc9e355b41ea26d8b9,a2bc9fc0df8e2462,name:stage_1_90914,train,1,0,0,0,0,HIPEREMIA,NÃO CLASSIFICÁVEL,HIPEREMIA,ablation/tissue_classic_1229/images/stage_1_90914.jpg
stage_1_91772,stage_1_91772,stage_1_91772.jpg,d8eb80a2a8209fce0e72c256bbaebdd8732fcba48f2e0ba4cbad278c06f861b5,fd83609e25daa54a,name:stage_1_91772,train,0,0,0,0,0,NÃO CLASSIFICÁVEL,NÃO CLASSIFICÁVEL,NÃO CLASSIFICÁVEL,ablation/tissue_classic_1229/images/stage_1_91772.jpg
stage_1_91835,stage_1_91835,stage_1_91835.jpg,25bf11462e0c575c95ef98ea1ccf69a35fb2a39ef600efee204beb310d662871,abf170c63c56846b,name:stage_1_91835,train,0,0,0,0,0,NÃO CLASSIFICÁVEL,NÃO CLASSIFICÁVEL,NÃO CLASSIFICÁVEL,ablation/tissue_classic_1229/images/stage_1_91835.jpg
stage_1_92025,stage_1_92025,stage_1_92025.jpg,5951d6f5c06f8540f9389f1193f8263bd9bfc412a6bd460f46b14dfb17ef2f7c,ba858d4ac47197b5,name:stage_1_92025,train,1,0,0,0,0,HIPEREMIA,NÃO CLASSIFICÁVEL,HIPEREMIA,ablation/tissue_classic_1229/images/stage_1_92025.jpg
stage_1_92223,stage_1_92223,stage_1_92223.jpg,6993ee43d7f9958daee1f54708c09c3440d3cd2d2227a115db27a8353a5c1983,f5999ae731314493,name:stage_1_92223,train,1,0,0,0,0,HIPEREMIA,NÃO CLASSIFICÁVEL,HIPEREMIA,ablation/tissue_classic_1229/images/stage_1_92223.jpg
stage_1_93627,stage_1_93627,stage_1_93627.jpg,2e20112fc641bfab1d4f022f11f7310bb645628205f2d54ac3a18354fe5f36aa,d8d2322c8f6f9a94,name:stage_1_93627,train,1,0,0,0,0,HIPEREMIA,NÃO CLASSIFICÁVEL,HIPEREMIA,ablation/tissue_classic_1229/images/stage_1_93627.jpg
stage_1_93900,stage_1_93900,stage_1_93900.jpg,84a63ccbf0ad26117d85dedf02c32b52284f11d8c64da029f3661e022cf83baa,ebd1851b1e681ba5,name:stage_1_93900,train,1,0,0,0,0,HIPEREMIA,NÃO CLASSIFICÁVEL,HIPEREMIA,ablation/tissue_classic_1229/images/stage_1_93900.jpg
stage_1_94025,stage_1_94025,stage_1_94025.jpg,05d0dc9496c787a2325b1f070f37b38705be9e27720362a57f7d981a74db44f9,da1ba4a7a4d3d24c,name:stage_1_94025,train,1,0,0,0,0,HIPEREMIA,NÃO CLASSIFICÁVEL,HIPEREMIA,ablation/tissue_classic_1229/images/stage_1_94025.jpg
stage_1_95181,stage_1_95181,stage_1_95181.jpg,45f5075ec2f516b7a27ffb499d98fe4cf257fb6cf673302dbab8c45c9b1ce21a,c64ee929e566b20d,name:stage_1_95181,train,0,0,0,0,0,NÃO CLASSIFICÁVEL,NÃO CLASSIFICÁVEL,NÃO CLASSIFICÁVEL,ablation/tissue_classic_1229/images/stage_1_95181.jpg
stage_1_96674,stage_1_96674,stage_1_96674.jpg,ecad8fea3dbc47dcfcaeca4ca6674e5762be681433c8a9f4b8b20413fd47717b,d2f00e1e79039fca,name:stage_1_96674,train,1,0,0,0,0,HIPEREMIA,NÃO CLASSIFICÁVEL,HIPEREMIA,ablation/tissue_classic_1229/images/stage_1_96674.jpg
stage_1_96737,stage_1_96737,stage_1_96737.jpg,1967a4f4cbcf27b90d2b025bb581efff15cd9ad9173e08c55d323c7c92134ff5,a39ca7c8936c3b46,name:stage_1_96737,train,0,0,0,0,0,NÃO CLASSIFICÁVEL,NÃO CLASSIFICÁVEL,NÃO CLASSIFICÁVEL,ablation/tissue_classic_1229/images/stage_1_96737.jpg
stage_1_97667,stage_1_97667,stage_1_97667.jpg,b7cb73c943da8e22121528f4c7596eaaaaf9013c3c1c806655203c5d88344e85,fd47e01ccb18e139,name:stage_1_97667,train,1,0,0,0,0,HIPEREMIA,NÃO CLASSIFICÁVEL,HIPEREMIA,ablation/tissue_classic_1229/images/stage_1_97667.jpg
stage_1_98206,stage_1_98206,stage_1_98206.jpg,2860fbc8369b46699bd1589c80b7a8b5d8aeee75ffa6b2941a6109d2560f9db5,bb86e09494ebcb83,name:stage_1_98206,train,0,0,0,0,0,NÃO CLASSIFICÁVEL,NÃO CLASSIFICÁVEL,NÃO CLASSIFICÁVEL,ablation/tissue_classic_1229/images/stage_1_98206.jpg
stage_1_98789,stage_1_98789,stage_1_98789.jpg,bc9e5071409b3fdb2cc6f64926f6ad8f2935b7f7f4e7aecd5166488002afac2a,f477cf247865d044,name:stage_1_98789,train,0,0,0,0,0,NÃO CLASSIFICÁVEL,NÃO CLASSIFICÁVEL,NÃO CLASSIFICÁVEL,ablation/tissue_classic_1229/images/stage_1_98789.jpg
stage_1_99197,stage_1_99197,stage_1_99197.jpg,9468029bc55aa1ccf89323701719497af9d71e4c5d85dc04fa2c7a8238624580,fe95aad4399aa441,name:stage_1_99197,train,0,0,0,0,0,NÃO CLASSIFICÁVEL,NÃO CLASSIFICÁVEL,NÃO CLASSIFICÁVEL,ablation/tissue_classic_1229/images/stage_1_99197.jpg
stage_1_9953,stage_1_9953,stage_1_9953.jpg,3592034364686081a4ad6e83e23c042c0ee0e1ed90de18ce2962f6801dccdbeb,ab8fb2b5c9b82ca0,name:stage_1_9953,train,1,0,0,0,0,HIPEREMIA,NÃO CLASSIFICÁVEL,HIPEREMIA,ablation/tissue_classic_1229/images/stage_1_9953.jpg
stage_1_99608,stage_1_99608,stage_1_99608.jpg,405bd0191788f3d63fa07ceb19a4ad436231674cb153d82a481d8c606cdb5be4,fdf9e08086979998,name:stage_1_99608,train,1,0,0,0,0,HIPEREMIA,NÃO CLASSIFICÁVEL,HIPEREMIA,ablation/tissue_classic_1229/images/stage_1_99608.jpg
stage_2_10119,stage_2_10119,stage_2_10119.jpg,7ab5e44499d53db3808b7ac2a5f3f88df13eab6df2da0dfed3e244b8a6e5dc03,ff5c812bc6b58852,name:stage_2_10119,train,0,0,0,0,0,NÃO CLASSIFICÁVEL,NÃO CLASSIFICÁVEL,NÃO CLASSIFICÁVEL,ablation/tissue_classic_1229/images/stage_2_10119.jpg
stage_2_10282,stage_2_10282,stage_2_10282.jpg,922e4e6508e41823eb719fad8d2cdaa675da52e0ace0cce71488402a10b55c05,f7f480ebc6591886,name:stage_2_10282,train,0,0,0,0,0,NÃO CLASSIFICÁVEL,NÃO CLASSIFICÁVEL,NÃO CLASSIFICÁVEL,ablation/tissue_classic_1229/images/stage_2_10282.jpg
stage_2_10933,stage_2_10933,stage_2_10933.jpg,01b742eefba9e28b4142350470e487fa0ce753c0129faea48c7b2ab0577b4db1,abb0cc64937372cc,name:stage_2_10933,train,0,0,0,0,0,NÃO CLASSIFICÁVEL,NÃO CLASSIFICÁVEL,NÃO CLASSIFICÁVEL,ablation/tissue_classic_1229/images/stage_2_10933.jpg
stage_2_1112,stage_2_1112,stage_2_1112.jpg,9684ce155542ee64b79b004e4f48236ec52007e1f96cb5b004f96ebe1dd519d0,a249d1b6da358e95,name:stage_2_1112,train,0,0,0,0,0,NÃO CLASSIFICÁVEL,NÃO CLASSIFICÁVEL,NÃO CLASSIFICÁVEL,ablation/tissue_classic_1229/images/stage_2_1112.jpg
stage_2_11218,stage_2_11218,stage_2_11218.jpg,a8753bfe89d6522e8b35cf60a562c53e161b0d3f3c87287fda1d3c609d55d554,c7c3ce9c610bcc9c,name:stage_2_11218,train,0,0,0,0,0,NÃO CLASSIFICÁVEL,NÃO CLASSIFICÁVEL,NÃO CLASSIFICÁVEL,ablation/tissue_classic_1229/images/stage_2_11218.jpg
stage_2_11261,stage_2_11261,stage_2_11261.jpg,132f1dfd3c845900573858621b0a4f13b4c1f064f279f8ccbfc969001cfa5f4e,ad3a9265b65b498c,name:stage_2_11261,train,0,0,0,0,0,NÃO CLASSIFICÁVEL,NÃO CLASSIFICÁVEL,NÃO CLASSIFICÁVEL,ablation/tissue_classic_1229/images/stage_2_11261.jpg
stage_2_11938,stage_2_11938,stage_2_11938.jpg,c309a936cf6ed8d183876df32a22cbd994a67085cdc1c75b25f843faa1bab58c,90cb2bb5399b81b5,name:stage_2_11938,train,0,0,0,0,0,NÃO CLASSIFICÁVEL,NÃO CLASSIFICÁVEL,NÃO CLASSIFICÁVEL,ablation/tissue_classic_1229/images/stage_2_11938.jpg
stage_2_11956,stage_2_11956,stage_2_11956.jpg,51891c0c0446fde6017d7ddb442acfa9e7c7a1706d382c202e55097dd84557c1,fde4a0929e51f189,name:stage_2_11956,train,0,0,0,0,0,NÃO CLASSIFICÁVEL,NÃO CLASSIFICÁVEL,NÃO CLASSIFICÁVEL,ablation/tissue_classic_1229/images/stage_2_11956.jpg
stage_2_12175,stage_2_12175,stage_2_12175.jpg,864a6d6d79dfe01b90dd2aea0bca0c41bf0917cb4fb57702d1c3eb6f9c878928,8bfc34a3c4cc965c,name:stage_2_12175,train,0,1,1,1,0,GRANULAÇÃO,AMBAS,MULTI,ablation/tissue_classic_1229/images/stage_2_12175.jpg
stage_2_12268,stage_2_12268,stage_2_12268.jpg,90bc863b5f93489ddf44e4430e0edc15440f40f0dd2236d17e28304d8408f769,e9f990ff00ec00f3,name:stage_2_12268,train,0,0,0,0,0,NÃO CLASSIFICÁVEL,NÃO CLASSIFICÁVEL,NÃO CLASSIFICÁVEL,ablation/tissue_classic_1229/images/stage_2_12268.jpg
stage_2_12372,stage_2_12372,stage_2_12372.jpg,c7e2746ebc540e6a102fdfe5b06f63ed616b9076eecbce84e13d0c6658437e1e,b2e6f4998f061d98,name:stage_2_12372,train,0,0,0,0,0,NÃO CLASSIFICÁVEL,NÃO CLASSIFICÁVEL,NÃO CLASSIFICÁVEL,ablation/tissue_classic_1229/images/stage_2_12372.jpg
stage_2_12383,stage_2_12383,stage_2_12383.jpg,7bf3032093d73831dc715f912b4e933a80dd469c56a16e9035ed85d281a4b97b,fcb1c3c2983dc3c1,name:stage_2_12383,train,0,0,0,0,0,NÃO CLASSIFICÁVEL,NÃO CLASSIFICÁVEL,NÃO CLASSIFICÁVEL,ablation/tissue_classic_1229/images/stage_2_12383.jpg
stage_2_12646,stage_2_12646,stage_2_12646.jpg,053fa170cd9ef5e7e2ac9508259ef57648d9b246278d3d345caedcf185ad0d1b,c0923fc546fa40f7,name:stage_2_12646,train,0,0,0,0,0,NÃO CLASSIFICÁVEL,NÃO CLASSIFICÁVEL,NÃO CLASSIFICÁVEL,ablation/tissue_classic_1229/images/stage_2_12646.jpg
stage_2_12890,stage_2_12890,stage_2_12890.jpg,ab953f5628d61a17975cc16cfd63e4da825d4ddcf916a65827ad88ab689d8b4e,e78d48b27d6a069c,name:stage_2_12890,train,0,0,0,0,0,NÃO CLASSIFICÁVEL,NÃO CLASSIFICÁVEL,NÃO CLASSIFICÁVEL,ablation/tissue_classic_1229/images/stage_2_12890.jpg
stage_2_13031,stage_2_13031,stage_2_13031.jpg,9ba98482b12798aa3ce4d3935e2c6ed010f175318de6015087a8074f5cc70775,da556ad4b58838d3,name:stage_2_13031,train,0,0,0,0,0,NÃO CLASSIFICÁVEL,NÃO CLASSIFICÁVEL,NÃO CLASSIFICÁVEL,ablation/tissue_classic_1229/images/stage_2_13031.jpg
stage_2_13127,stage_2_13127,stage_2_13127.jpg,97095c7ca0a94cdb5699166df2c4bb9695fa2c6feecd7fd94a733d1bb03270ed,afcad23161e58539,name:stage_2_13127,train,0,0,0,0,0,NÃO CLASSIFICÁVEL,NÃO CLASSIFICÁVEL,NÃO CLASSIFICÁVEL,ablation/tissue_classic_1229/images/stage_2_13127.jpg
stage_2_13151,stage_2_13151,stage_2_13151.jpg,324113245161846d8ba07c629d4faf58d46e05b8d0f9257e10184836cfc8d9c2,fe7c07b06ca198b4,name:stage_2_13151,train,0,0,0,0,0,NÃO CLASSIFICÁVEL,NÃO CLASSIFICÁVEL,NÃO CLASSIFICÁVEL,ablation/tissue_classic_1229/images/stage_2_13151.jpg
stage_2_13253,stage_2_13253,stage_2_13253.jpg,7708eed741550c0653f7c03d5d6b309eb5ff802a8e1ff84b1b34ad21b7c9ac5c,b5beaa4231556c99,name:stage_2_13253,train,0,1,0,0,0,GRANULAÇÃO,NÃO CLASSIFICÁVEL,GRANULAÇÃO,ablation/tissue_classic_1229/images/stage_2_13253.jpg
stage_2_1358,stage_2_1358,stage_2_1358.jpg,c0d995401b64525383acc830b057655610764c129e39636f1412f55aa2f74163,f8a8c73d948631f8,name:stage_2_1358,train,0,0,0,0,0,NÃO CLASSIFICÁVEL,NÃO CLASSIFICÁVEL,NÃO CLASSIFICÁVEL,ablation/tissue_classic_1229/images/stage_2_1358.jpg
stage_2_13698,stage_2_13698,stage_2_13698.jpg,3ba397928d71397e3861cdd9e81d0aa4aada1ba819242831904f851cc90e7da6,c0be9f9971e48c98,name:stage_2_13698,train,0,0,0,0,0,NÃO CLASSIFICÁVEL,NÃO CLASSIFICÁVEL,NÃO CLASSIFICÁVEL,ablation/tissue_classic_1229/images/stage_2_13698.jpg
stage_2_13772,stage_2_13772,stage_2_13772.jpg,4df813125f347145a2e53dcff1cbd0dc035fd7c3660ff916137469418f62c260,9a9ee52dc63319c8,name:stage_2_13772,train,0,0,0,0,0,NÃO CLASSIFICÁVEL,NÃO CLASSIFICÁVEL,NÃO CLASSIFICÁVEL,ablation/tissue_classic_1229/images/stage_2_13772.jpg
stage_2_13877,stage_2_13877,stage_2_13877.jpg,c1f077139e40881a93dc31d3fc3667b5fda8e0030f1b4826542cc03c74021871,ebccbcf12082cb66,name:stage_2_13877,train,0,1,0,0,0,GRANULAÇÃO,NÃO CLASSIFICÁVEL,GRANULAÇÃO,ablation/tissue_classic_1229/images/stage_2_13877.jpg
stage_2_13929,stage_2_13929,stage_2_13929.jpg,fba9c92a05c133ab1dcac7981a2eaff78a231141182d09322daff2a0bbce8f6d,aecad057c3b15b30,name:stage_2_13929,train,0,0,0,0,0,NÃO CLASSIFICÁVEL,NÃO CLASSIFICÁVEL,NÃO CLASSIFICÁVEL,ablation/tissue_classic_1229/images/stage_2_13929.jpg
stage_2_14687,stage_2_14687,stage_2_14687.jpg,8852d2a920e47ef8e34199b4a906255315d0fb768e07b1d50a9db2b51ecdb469,fbb08506dec9c8c6,name:stage_2_14687,train,0,0,0,0,0,NÃO CLASSIFICÁVEL,NÃO CLASSIFICÁVEL,NÃO CLASSIFICÁVEL,ablation/tissue_classic_1229/images/stage_2_14687.jpg
stage_2_15421,stage_2_15421,stage_2_15421.jpg,267cdb8e4f74981b4cf8c97765b8077f2bc68a21bf8fe659b8e2a65309390e41,ac9ac3cd96343593,name:stage_2_15421,train,0,0,1,0,1,NÃO CLASSIFICÁVEL,ESFACELO,ESFACELO,ablation/tissue_classic_1229/images/stage_2_15421.jpg
stage_2_16326,stage_2_16326,stage_2_16326.jpg,d9d63f0bd9501b2fc3ff6fcdb03713111c09732f0201b52694fbdd0c53c14c68,fce2720ccd58f262,name:stage_2_16326,train,0,0,0,0,0,NÃO CLASSIFICÁVEL,NÃO CLASSIFICÁVEL,NÃO CLASSIFICÁVEL,ablation/tissue_classic_1229/images/stage_2_16326.jpg
stage_2_16609,stage_2_16609,stage_2_16609.jpg,46c51db670817552655018e96b6261e9815e688b08e8c7ab544310e93951bfca,f2d1a74a95a99265,name:stage_2_16609,train,0,0,0,0,0,NÃO CLASSIFICÁVEL,NÃO CLASSIFICÁVEL,NÃO CLASSIFICÁVEL,ablation/tissue_classic_1229/images/stage_2_16609.jpg
stage_2_16905,stage_2_16905,stage_2_16905.jpg,b05b7da949412cffa465b293f2462d2c8ec60bc09c753580f9a18d8fb053334b,feb089c5b3338e30,name:stage_2_16905,train,0,0,0,0,0,NÃO CLASSIFICÁVEL,NÃO CLASSIFICÁVEL,NÃO CLASSIFICÁVEL,ablation/tissue_classic_1229/images/stage_2_16905.jpg
stage_2_17476,stage_2_17476,stage_2_17476.jpg,e0527fd0a64211177fca5c630d1fa0fcecc8eda00b435c99d10a9a62b970d675,bfc3f7708811070f,name:stage_2_17476,train,0,0,1,0,1,NÃO CLASSIFICÁVEL,ESFACELO,ESFACELO,ablation/tissue_classic_1229/images/stage_2_17476.jpg
stage_2_17957,stage_2_17957,stage_2_17957.jpg,5814f4f51b54b872772e13cab82f6a6e55613a2bc5ed6cfc8aa968b904e52a85,b5e2ce64d192e88d,name:stage_2_17957,train,0,0,0,0,0,NÃO CLASSIFICÁVEL,NÃO CLASSIFICÁVEL,NÃO CLASSIFICÁVEL,ablation/tissue_classic_1229/images/stage_2_17957.jpg
stage_2_19041,stage_2_19041,stage_2_19041.jpg,1fd4598a541bc67b963abbd6fb27c7a0a672590cff52e5d06d25a2051fb0f46c,aba7d4c14c6b8e94,name:stage_2_19041,train,0,0,0,0,0,NÃO CLASSIFICÁVEL,NÃO CLASSIFICÁVEL,NÃO CLASSIFICÁVEL,ablation/tissue_classic_1229/images/stage_2_19041.jpg
stage_2_19241,stage_2_19241,stage_2_19241.jpg,3ec203ce0c48137983d0cae545fd95f6a1ba4ca0411445d44f4fe0c18aa59bc9,f9c68638e3cece02,name:stage_2_19241,train,0,0,0,0,0,NÃO CLASSIFICÁVEL,NÃO CLASSIFICÁVEL,NÃO CLASSIFICÁVEL,ablation/tissue_classic_1229/images/stage_2_19241.jpg
stage_2_19708,stage_2_19708,stage_2_19708.jpg,54ccb5efdd4637973210be337ff65cbadf5aa50067c20921f48300ab819ec33d,ab0de5f0bf51884a,name:stage_2_19708,train,0,0,0,0,0,NÃO CLASSIFICÁVEL,NÃO CLASSIFICÁVEL,NÃO CLASSIFICÁVEL,ablation/tissue_classic_1229/images/stage_2_19708.jpg
stage_2_19858,stage_2_19858,stage_2_19858.jpg,7f161abb92edabb573bf1c9edd66c771ac3ea137ccd6b7185b90ca9f78059d1c,bb00c626e8999bfc,name:stage_2_19858,train,0,0,0,0,0,NÃO CLASSIFICÁVEL,NÃO CLASSIFICÁVEL,NÃO CLASSIFICÁVEL,ablation/tissue_classic_1229/images/stage_2_19858.jpg
stage_2_19978,stage_2_19978,stage_2_19978.jpg,79fe3d635bb9421a16858dd3abf93c15b7d48781b4e07e0f93099b68b8b7d09e,e88cd1bac1bbc1b8,name:stage_2_19978,train,0,0,0,0,0,NÃO CLASSIFICÁVEL,NÃO CLASSIFICÁVEL,NÃO CLASSIFICÁVEL,ablation/tissue_classic_1229/images/stage_2_19978.jpg
stage_2_2031,stage_2_2031,stage_2_2031.jpg,4df8e6d4de45c6fc785f8048493fda865755ecc5b87ff150d32445bcb99e6a39,eecce1338c86e619,name:stage_2_2031,train,0,0,0,0,0,NÃO CLASSIFICÁVEL,NÃO CLASSIFICÁVEL,NÃO CLASSIFICÁVEL,ablation/tissue_classic_1229/images/stage_2_2031.jpg
stage_2_20417,stage_2_20417,stage_2_20417.jpg,6b21d06f0aff67e2bdbf790f23a8696bb1e555f8984a78e08eee6462bdc21146,b206ce19e5cf318d,name:stage_2_20417,train,0,1,0,0,0,GRANULAÇÃO,NÃO CLASSIFICÁVEL,GRANULAÇÃO,ablation/tissue_classic_1229/images/stage_2_20417.jpg
stage_2_20465,stage_2_20465,stage_2_20465.jpg,ccd71137a5723b5e8b98c65f876db24e914b78cf523a6ddb75b8976589fb1e57,ff9ed8c8c8c0e0e2,name:stage_2_20465,train,0,0,0,0,0,NÃO CLASSIFICÁVEL,NÃO CLASSIFICÁVEL,NÃO CLASSIFICÁVEL,ablation/tissue_classic_1229/images/stage_2_20465.jpg
stage_2_20537,stage_2_20537,stage_2_20537.jpg,3fe3f5003739de524d94f0a92cc8abe74bf72b249b487d7b7f85dfbbab4774da,adb652d984a65b49,name:stage_2_20537,train,0,0,0,0,0,NÃO CLASSIFICÁVEL,NÃO CLASSIFICÁVEL,NÃO CLASSIFICÁVEL,ablation/tissue_classic_1229/images/stage_2_20537.jpg
stage_2_20581,stage_2_20581,stage_2_20581.jpg,bb1302c202e137e5f62d46b9d4557d27c0e10a33d8778edb70472e50b4fdcce6,e1ce78e18e7060de,name:stage_2_20581,train,0,0,0,0,0,NÃO CLASSIFICÁVEL,NÃO CLASSIFICÁVEL,NÃO CLASSIFICÁVEL,ablation/tissue_classic_1229/images/stage_2_20581.jpg
stage_2_20594,stage_2_20594,stage_2_20594.jpg,c4fb6e784a85440b24672dd2c2bb77837beb8f42716f3037fc71054deaa60b9f,93b9cccf3309ccc4,name:stage_2_20594,train,0,0,0,0,0,NÃO CLASSIFICÁVEL,NÃO CLASSIFICÁVEL,NÃO CLASSIFICÁVEL,ablation/tissue_classic_1229/images/stage_2_20594.jpg
stage_2_20708,stage_2_20708,stage_2_20708.jpg,250f544e02830dfefd9ffe823972c8a64670b3f8a576e34a044834a1376295c4,ed42f371ca46862d,name:stage_2_20708,train,0,0,0,0,0,NÃO CLASSIFICÁVEL,NÃO CLASSIFICÁVEL,NÃO CLASSIFICÁVEL,ablation/tissue_classic_1229/images/stage_2_20708.jpg
stage_2_20727,stage_2_20727,stage_2_20727.jpg,71055d95b397f5bfdb0237ea511c92638ed7b8a2ae451d617dd97305cb2259f2,fe84e896b1893e31,name:stage_2_20727,train,0,0,0,0,0,NÃO CLASSIFICÁVEL,NÃO CLASSIFICÁVEL,NÃO CLASSIFICÁVEL,ablation/tissue_classic_1229/images/stage_2_20727.jpg
stage_2_2077,stage_2_2077,stage_2_2077.jpg,b26e6bbd89ba2503fb89cf8f2b55b6cbecb58551b02f8f0abbb5f9acf896bfae,c873916e84fb04eb,name:stage_2_2077,train,0,0,0,0,0,NÃO CLASSIFICÁVEL,NÃO CLASSIFICÁVEL,NÃO CLASSIFICÁVEL,ablation/tissue_classic_1229/images/stage_2_2077.jpg
stage_2_20948,stage_2_20948,stage_2_20948.jpg,bef7bd2ffc03e6a632bd43faa029311c4fbaf58f082182795afe5c28b8e258a0,abca4ae0ea6e3b81,name:stage_2_20948,train,0,0,0,0,0,NÃO CLASSIFICÁVEL,NÃO CLASSIFICÁVEL,NÃO CLASSIFICÁVEL,ablation/tissue_classic_1229/images/stage_2_20948.jpg
stage_2_20980,stage_2_20980,stage_2_20980.jpg,6f61da8cff2cbc1558685d0b2f4612e7a61143f2f92291425b4fa1844f1e81ab,aa69952ddab44c95,name:stage_2_20980,train,0,0,0,0,0,NÃO CLASSIFICÁVEL,NÃO CLASSIFICÁVEL,NÃO CLASSIFICÁVEL,ablation/tissue_classic_1229/images/stage_2_20980.jpg
stage_2_21898,stage_2_21898,stage_2_21898.jpg,8c881f50f08524b86631174dcbcd6a4c9cb0dbe2597666a048fb28f667ad3128,939e3cc83366b233,name:stage_2_21898,train,0,0,0,0,0,NÃO CLASSIFICÁVEL,NÃO CLASSIFICÁVEL,NÃO CLASSIFICÁVEL,ablation/tissue_classic_1229/images/stage_2_21898.jpg
stage_2_22600,stage_2_22600,stage_2_22600.jpg,83440a90a713a4c4a8162acd7c1740639d78d0b2483a2e431c3b39f2ca8de7bb,cf3078c7ba0cb863,name:stage_2_22600,train,0,0,0,0,0,NÃO CLASSIFICÁVEL,NÃO CLASSIFICÁVEL,NÃO CLASSIFICÁVEL,ablation/tissue_classic_1229/images/stage_2_22600.jpg
stage_2_22766,stage_2_22766,stage_2_22766.jpg,f5aff8b7e2fa8ee5f1d4a271d17b3f9dc6fdc571ace1564c2b86e4417121cf44,ac4679389ec3c5e8,name:stage_2_22766,train,0,0,0,0,0,NÃO CLASSIFICÁVEL,NÃO CLASSIFICÁVEL,NÃO CLASSIFICÁVEL,ablation/tissue_classic_1229/images/stage_2_22766.jpg
stage_2_23460,stage_2_23460,stage_2_23460.jpg,56032c27f4a76001c853168f1f927643d1dd47280bcda436ae340ffa59bec0f2,872f9c4a23bc4d2b,name:stage_2_23460,train,0,1,0,0,0,GRANULAÇÃO,NÃO CLASSIFICÁVEL,GRANULAÇÃO,ablation/tissue_classic_1229/images/stage_2_23460.jpg
stage_2_23705,stage_2_23705,stage_2_23705.jpg,83674123bfea4f10b1b4eddfe9a7d7a878a8d2856eda44c1f2954ca1e50f59e5,c9c0b639af249c9d,name:stage_2_23705,train,0,0,0,0,0,NÃO CLASSIFICÁVEL,NÃO CLASSIFICÁVEL,NÃO CLASSIFICÁVEL,ablation/tissue_classic_1229/images/stage_2_23705.jpg
stage_2_23814,stage_2_23814,stage_2_23814.jpg,19433c281d487cc96fcd180f0ce8c46487b808a2a4a0a2422871fb4b031df560,adc0f2e3c70cce38,name:stage_2_23814,train,0,0,0,0,0,NÃO CLASSIFICÁVEL,NÃO CLASSIFICÁVEL,NÃO CLASSIFICÁVEL,ablation/tissue_classic_1229/images/stage_2_23814.jpg
stage_2_23864,stage_2_23864,stage_2_23864.jpg,cc862499774d199378e7d3fcf3b3b78ab5650ebb7354fb2f22ae591420e19031,94fa2bdb36d00f60,name:stage_2_23864,train,0,0,0,0,0,NÃO CLASSIFICÁVEL,NÃO CLASSIFICÁVEL,NÃO CLASSIFICÁVEL,ablation/tissue_classic_1229/images/stage_2_23864.jpg
stage_2_24105,stage_2_24105,stage_2_24105.jpg,f1e627a17799d1d6c5681d3e738099950a87745800be2cbe807a6613d9595e6b,e7a298dd6d8990b4,name:stage_2_24105,train,0,0,0,0,0,NÃO CLASSIFICÁVEL,NÃO CLASSIFICÁVEL,NÃO CLASSIFICÁVEL,ablation/tissue_classic_1229/images/stage_2_24105.jpg
stage_2_24224,stage_2_24224,stage_2_24224.jpg,85c01781c1866f20a39e320e6a84117e992db18e5107adea268eb6509edc9989,fcdf83c0c8e0398b,name:stage_2_24224,train,0,0,0,0,0,NÃO CLASSIFICÁVEL,NÃO CLASSIFICÁVEL,NÃO CLASSIFICÁVEL,ablation/tissue_classic_1229/images/stage_2_24224.jpg
stage_2_25171,stage_2_25171,stage_2_25171.jpg,267dcecff4f97d51ee1549dcc258d6ca697c5c5f22ea30be0764595120492213,aa97317876e34159,name:stage_2_25171,train,0,1,0,0,0,GRANULAÇÃO,NÃO CLASSIFICÁVEL,GRANULAÇÃO,ablation/tissue_classic_1229/images/stage_2_25171.jpg
stage_2_25276,stage_2_25276,stage_2_25276.jpg,289352b3b1677e4e9b0b0c938cc044b3f025cf014792705cf767cc4b1df4a186,8fad30d6726c99c2,name:stage_2_25276,train,0,0,0,0,0,NÃO CLASSIFICÁVEL,NÃO CLASSIFICÁVEL,NÃO CLASSIFICÁVEL,ablation/tissue_classic_1229/images/stage_2_25276.jpg
stage_2_25784,stage_2_25784,stage_2_25784.jpg,17d6c54636ffa5d13c75f6f38493a143e571601e12f337e9fb31590ffb2556b3,ecd7a15aa449952b,name:stage_2_25784,train,0,1,0,0,0,GRANULAÇÃO,NÃO CLASSIFICÁVEL,GRANULAÇÃO,ablation/tissue_classic_1229/images/stage_2_25784.jpg
stage_2_2630,stage_2_2630,stage_2_2630.jpg,4693eb07206dc28ac9e02d0dd4f0bdb36c1f24c5b82c74abd5cd0bcf5cf8a0f5,d6d9824eb85d8678,name:stage_2_2630,train,0,0,0,0,0,NÃO CLASSIFICÁVEL,NÃO CLASSIFICÁVEL,NÃO CLASSIFICÁVEL,ablation/tissue_classic_1229/images/stage_2_2630.jpg
stage_2_26389,stage_2_26389,stage_2_26389.jpg,9818a4f736e4c449728aafce83bd461db46e4c0b288885548220d57514ae2cbe,aba0f043b7ccc5ac,name:stage_2_26389,train,0,0,0,0,0,NÃO CLASSIFICÁVEL,NÃO CLASSIFICÁVEL,NÃO CLASSIFICÁVEL,ablation/tissue_classic_1229/images/stage_2_26389.jpg
stage_2_26475,stage_2_26475,stage_2_26475.jpg,159b3f31db455732138f9fdf5bcf1b42d9b0c88796340972c3453ff25958c46c,fe35a565a58d4981,name:stage_2_26475,train,0,0,0,0,0,NÃO CLASSIFICÁVEL,NÃO CLASSIFICÁVEL,NÃO CLASSIFICÁVEL,ablation/tissue_classic_1229/images/stage_2_26475.jpg
stage_2_27031,stage_2_27031,stage_2_27031.jpg,f30609d597e0933d28182772ab19fb01defdd98abbe811510e9d15eedc0fd071,aa72e32cc9714dc6,name:stage_2_27031,train,0,0,0,0,0,NÃO CLASSIFICÁVEL,NÃO CLASSIFICÁVEL,NÃO CLASSIFICÁVEL,ablation/tissue_classic_1229/images/stage_2_27031.jpg
stage_2_27376,stage_2_27376,stage_2_27376.jpg,1baaf001018d09c4bbb67e53b7373bc7220f75667ebf1204969731dd006847bc,e8ce873f943910f1,name:stage_2_27376,train,0,0,0,0,0,NÃO CLASSIFICÁVEL,NÃO CLASSIFICÁVEL,NÃO CLASSIFICÁVEL,ablation/tissue_classic_1229/images/stage_2_27376.jpg
stage_2_27385,stage_2_27385,stage_2_27385.jpg,231b10b0a2393783e4f167b39f40c9fc000cb866d4467ddbf9627a7aba24af52,ffc0e137c298899a,name:stage_2_27385,train,0,0,0,0,0,NÃO CLASSIFICÁVEL,NÃO CLASSIFICÁVEL,NÃO CLASSIFICÁVEL,ablation/tissue_classic_1229/images/stage_2_27385.jpg
stage_2_27451,stage_2_27451,stage_2_27451.jpg,e224690215d245b7227acc2b13bf21232d887f1781bfd4fb420dc439993f3b6c,eaf7bc29c2b03431,name:stage_2_27451,train,0,0,0,0,0,NÃO CLASSIFICÁVEL,NÃO CLASSIFICÁVEL,NÃO CLASSIFICÁVEL,ablation/tissue_classic_1229/images/stage_2_27451.jpg
stage_2_27537,stage_2_27537,stage_2_27537.jpg,5975c15358dbf1142062001906393088d291db8a8ca0765fe9efbe5c8282ef55,eacfcdd895062869,name:stage_2_27537,train,0,0,0,0,0,NÃO CLASSIFICÁVEL,NÃO CLASSIFICÁVEL,NÃO CLASSIFICÁVEL,ablation/tissue_classic_1229/images/stage_2_27537.jpg
stage_2_27596,stage_2_27596,stage_2_27596.jpg,6a6026b9fedc5613152940b6e86f4c970f743cc35240ad3ee9c6a5dc86c2edab,fba690d095a333e4,name:stage_2_27596,train,0,0,0,0,0,NÃO CLASSIFICÁVEL,NÃO CLASSIFICÁVEL,NÃO CLASSIFICÁVEL,ablation/tissue_classic_1229/images/stage_2_27596.jpg
stage_2_28155,stage_2_28155,stage_2_28155.jpg,322c5f38278d84bc379a1218653a1814bf01d754179709be46f28b0d695d8ac2,e9ec21d3ceb024cd,name:stage_2_28155,train,0,0,0,1,1,NÃO CLASSIFICÁVEL,NECROSE SECA,NECROSE SECA,ablation/tissue_classic_1229/images/stage_2_28155.jpg
stage_2_2839,stage_2_2839,stage_2_2839.jpg,ad5097fce2dc12b009b90f133b0b64697ad9369734e8feffb464708fe4995d9d,b6c88b72188b666f,name:stage_2_2839,train,0,0,0,1,1,NÃO CLASSIFICÁVEL,NECROSE SECA,NECROSE SECA,ablation/tissue_classic_1229/images/stage_2_2839.jpg
stage_2_28660,stage_2_28660,stage_2_28660.jpg,33e1cfb1ae5c413b2ceace999b8e878caefaad6c199e471d8d125c4903beb248,b0d881eb862d9aee,name:stage_2_28660,train,0,0,0,0,0,NÃO CLASSIFICÁVEL,NÃO CLASSIFICÁVEL,NÃO CLASSIFICÁVEL,ablation/tissue_classic_1229/images/stage_2_28660.jpg
stage_2_28768,stage_2_28768,stage_2_28768.jpg,22ade03b2a5f237165582f7d488aff1005c1fd9730d83e6055736573fa9b0707,bae9c56ce6617130,name:stage_2_28768,train,0,0,0,0,0,NÃO CLASSIFICÁVEL,NÃO CLASSIFICÁVEL,NÃO CLASSIFICÁVEL,ablation/tissue_classic_1229/images/stage_2_28768.jpg
stage_2_2946,stage_2_2946,stage_2_2946.jpg,c4acaecfd71bba6cb9477409e0887d28727718a9e050902103093953d5cb553a,ffa59052bdc548a4,name:stage_2_2946,train,0,0,0,0,0,NÃO CLASSIFICÁVEL,NÃO CLASSIFICÁVEL,NÃO CLASSIFICÁVEL,ablation/tissue_classic_1229/images/stage_2_2946.jpg
stage_2_30373,stage_2_30373,stage_2_30373.jpg,480e6d9705d0985b355c61a7b8225490597e7c781fc298dc87cc6cae5fb0d105,fee684b46ad89192,name:stage_2_30373,train,0,0,0,0,0,NÃO CLASSIFICÁVEL,NÃO CLASSIFICÁVEL,NÃO CLASSIFICÁVEL,ablation/tissue_classic_1229/images/stage_2_30373.jpg
stage_2_31044,stage_2_31044,stage_2_31044.jpg,e151c28328fa26cd23177082e5aac41991bc200c9e92099c0b53c90e1e6ffb7d,d6b1e998274349ec,name:stage_2_31044,train,0,0,0,0,0,NÃO CLASSIFICÁVEL,NÃO CLASSIFICÁVEL,NÃO CLASSIFICÁVEL,ablation/tissue_classic_1229/images/stage_2_31044.jpg
stage_2_31300,stage_2_31300,stage_2_31300.jpg,1d5b67452c4e6f72acfa340677dad2aa893371b50f02db518285bda679120fa9,bc9ec3834e2e93c1,name:stage_2_31300,train,0,0,0,0,0,NÃO CLASSIFICÁVEL,NÃO CLASSIFICÁVEL,NÃO CLASSIFICÁVEL,ablation/tissue_classic_1229/images/stage_2_31300.jpg
stage_2_31741,stage_2_31741,stage_2_31741.jpg,8a6b6b29fb5cfddfc7a93be695eea75723f0e3eb97e60c40c480e9378ddd64ed,be02d96f80ffd300,name:stage_2_31741,train,0,0,0,0,0,NÃO CLASSIFICÁVEL,NÃO CLASSIFICÁVEL,NÃO CLASSIFICÁVEL,ablation/tissue_classic_1229/images/stage_2_31741.jpg
stage_2_32526,stage_2_32526,stage_2_32526.jpg,48e65b0438e379c677bae9ba11caa9d46386ed363ff650954f97b7fc905248e9,b167cab8a17cb129,name:stage_2_32526,train,0,0,0,0,0,NÃO CLASSIFICÁVEL,NÃO CLASSIFICÁVEL,NÃO CLASSIFICÁVEL,ablation/tissue_classic_1229/images/stage_2_32526.jpg
stage_2_32846,stage_2_32846,stage_2_32846.jpg,795554450be06f34b3ca9d6df1a5a855cb324e2c49528f8d5eebe840004181e9,fa0b879696a6382e,name:stage_2_32846,train,0,0,0,0,0,NÃO CLASSIFICÁVEL,NÃO CLASSIFICÁVEL,NÃO CLASSIFICÁVEL,ablation/tissue_classic_1229/images/stage_2_32846.jpg
stage_2_32872,stage_2_32872,stage_2_32872.jpg,7474fedaf120daafac511db58fbd5825e11ffeab174cb073516866c501764fb9,ea92216e36f4dc98,name:stage_2_32872,train,0,1,1,0,0,GRANULAÇÃO,ESFACELO,MULTI,ablation/tissue_classic_1229/images/stage_2_32872.jpg
stage_2_3329,stage_2_3329,stage_2_3329.jpg,be821e5ee9aeecc6288f2fdc4bb56d61fbbf5400292e40c77dc22da4db7cd7af,eafac837c134c833,name:stage_2_3329,train,0,1,0,0,0,GRANULAÇÃO,NÃO CLASSIFICÁVEL,GRANULAÇÃO,ablation/tissue_classic_1229/images/stage_2_3329.jpg
stage_2_33587,stage_2_33587,stage_2_33587.jpg,4569ada2ea96ba89c32de20599815f8f331e40b64b74088d4c3bca2c69e34ad1,ac74d19b9cf822a3,name:stage_2_33587,train,0,0,0,0,0,NÃO CLASSIFICÁVEL,NÃO CLASSIFICÁVEL,NÃO CLASSIFICÁVEL,ablation/tissue_classic_1229/images/stage_2_33587.jpg
stage_2_33738,stage_2_33738,stage_2_33738.jpg,86abad6a55d4d090d6b4c5373f001aea9c2c1ca776da86552ec64e6c33032a3d,9a626a3aef988c93,name:stage_2_33738,train,0,0,0,0,0,NÃO CLASSIFICÁVEL,NÃO CLASSIFICÁVEL,NÃO CLASSIFICÁVEL,ablation/tissue_classic_1229/images/stage_2_33738.jpg
stage_2_34723,stage_2_34723,stage_2_34723.jpg,678f61f44cd0934a8ef99ffba6d1f0513df7577ce6fb56b2c5000481f88775de,b384ccb63191cee6,name:stage_2_34723,train,0,0,0,0,0,NÃO CLASSIFICÁVEL,NÃO CLASSIFICÁVEL,NÃO CLASSIFICÁVEL,ablation/tissue_classic_1229/images/stage_2_34723.jpg
stage_2_34845,stage_2_34845,stage_2_34845.jpg,c1b2baf2f1dc308d464de6858054691073578f68214356bdd92d087c518b9c33,acccf322cccc8f19,name:stage_2_34845,train,0,0,0,0,0,NÃO CLASSIFICÁVEL,NÃO CLASSIFICÁVEL,NÃO CLASSIFICÁVEL,ablation/tissue_classic_1229/images/stage_2_34845.jpg
stage_2_35369,stage_2_35369,stage_2_35369.jpg,f575752b74fd7052695a667964aa57d6ba28f45c4f11b39e2734d51ea238ae06,ff1fa2b0dcc89812,name:stage_2_35369,train,0,0,0,0,0,NÃO CLASSIFICÁVEL,NÃO CLASSIFICÁVEL,NÃO CLASSIFICÁVEL,ablation/tissue_classic_1229/images/stage_2_35369.jpg
stage_2_36189,stage_2_36189,stage_2_36189.jpg,e71f07a2daffd7d1c774d0a8d34c35cc55d5d600afaedec6c36fbd1d7de4907d,8fd8b8e3258e929c,name:stage_2_36189,train,0,0,1,0,0,NÃO CLASSIFICÁVEL,ESFACELO,ESFACELO,ablation/tissue_classic_1229/images/stage_2_36189.jpg
stage_2_36255,stage_2_36255,stage_2_36255.jpg,42d8690aa5cc2710305a327e53dc58d35be3a285853ccb515a445cecb3476b89,b2674d693564c393,name:stage_2_36255,train,0,0,0,0,0,NÃO CLASSIFICÁVEL,NÃO CLASSIFICÁVEL,NÃO CLASSIFICÁVEL,ablation/tissue_classic_1229/images/stage_2_36255.jpg
stage_2_3745,stage_2_3745,stage_2_3745.jpg,687a7a00da28369bb9e65dea55e25492b96a8d3b35df18e86100fe6ec4728de0,d0e0810f7ff74a0e,name:stage_2_3745,train,0,0,0,0,0,NÃO CLASSIFICÁVEL,NÃO CLASSIFICÁVEL,NÃO CLASSIFICÁVEL,ablation/tissue_classic_1229/images/stage_2_3745.jpg
stage_2_3821,stage_2_3821,stage_2_3821.jpg,0293db8f7c499f8731d6739ec312f14743d3e983e9fe2ee8052555fe4d60505e,a9e7b28ecc989a61,name:stage_2_3821,train,0,0,0,0,0,NÃO CLASSIFICÁVEL,NÃO CLASSIFICÁVEL,NÃO CLASSIFICÁVEL,ablation/tissue_classic_1229/images/stage_2_3821.jpg
stage_2_3847,stage_2_3847,stage_2_3847.jpg,cd24dc5a918a084fc89fdaa0aaa83baed5a206de0f1075477dda46b1cd7af533,f7ec84a1338f8c89,name:stage_2_3847,train,0,0,0,0,0,NÃO CLASSIFICÁVEL,NÃO CLASSIFICÁVEL,NÃO CLASSIFICÁVEL,ablation/tissue_classic_1229/images/stage_2_3847.jpg
stage_2_38788,stage_2_38788,stage_2_38788.jpg,feb8746f8834b7050074a2d204a21b9a9a60b187a29b4947129afccebd21ed17,da183d4fe427863a,name:stage_2_38788,train,0,0,0,0,0,NÃO CLASSIFICÁVEL,NÃO CLASSIFICÁVEL,NÃO CLASSIFICÁVEL,ablation/tissue_classic_1229/images/stage_2_38788.jpg
stage_2_39291,stage_2_39291,stage_2_39291.jpg,5ce0c1dc782bc9348593f490de1cdae1747aec01a2c3c2ada770354240522a22,a03ea1a98ddd98f2,name:stage_2_39291,train,0,1,0,0,0,GRANULAÇÃO,NÃO CLASSIFICÁVEL,GRANULAÇÃO,ablation/tissue_classic_1229/images/stage_2_39291.jpg
stage_2_39297,stage_2_39297,stage_2_39297.jpg,530abb3ac4ddc7add1208ee2c792da52f4dc92703982fd930898e75fc3ac34cc,e588fc37d29d03c8,name:stage_2_39297,train,0,0,0,0,0,NÃO CLASSIFICÁVEL,NÃO CLASSIFICÁVEL,NÃO CLASSIFICÁVEL,ablation/tissue_classic_1229/images/stage_2_39297.jpg
stage_2_39320,stage_2_39320,stage_2_39320.jpg,5fc2194d3d93ec0203f83304c8263ad48f8a879aa6cfd0ddf9fbfa450f5fd1d1,eac11b9c92b93666,name:stage_2_39320,train,0,0,0,0,0,NÃO CLASSIFICÁVEL,NÃO CLASSIFICÁVEL,NÃO CLASSIFICÁVEL,ablation/tissue_classic_1229/images/stage_2_39320.jpg
stage_2_39516,stage_2_39516,stage_2_39516.jpg,2caa561d1a60069b952fb558d4998b40e48ec99cc0ed19939a5914166fe8b581,a33c79c3c63499cc,name:stage_2_39516,train,0,0,0,0,0,NÃO CLASSIFICÁVEL,NÃO CLASSIFICÁVEL,NÃO CLASSIFICÁVEL,ablation/tissue_classic_1229/images/stage_2_39516.jpg
stage_2_40394,stage_2_40394,stage_2_40394.jpg,4216bc8aa644215f7f40682eee31f929c05bea715eda9cc1740bbeb958fd29f9,daeafc90e092a1f1,name:stage_2_40394,train,0,0,0,0,0,NÃO CLASSIFICÁVEL,NÃO CLASSIFICÁVEL,NÃO CLASSIFICÁVEL,ablation/tissue_classic_1229/images/stage_2_40394.jpg
stage_2_40858,stage_2_40858,stage_2_40858.jpg,c69be0a907027b5afe3dd7d77f5f8e6ba35e59a463ac513ef166f97ce2acbb63,b61e8d65329dc6e0,name:stage_2_40858,train,0,0,0,0,0,NÃO CLASSIFICÁVEL,NÃO CLASSIFICÁVEL,NÃO CLASSIFICÁVEL,ablation/tissue_classic_1229/images/stage_2_40858.jpg
stage_2_40951,stage_2_40951,stage_2_40951.jpg,e07aea956c6dea2dd5c12a833339401f586bebc65a9239e80835fafbbe46ba4a,f4c86aeb82cecc1c,name:stage_2_40951,train,0,0,0,0,0,NÃO CLASSIFICÁVEL,NÃO CLASSIFICÁVEL,NÃO CLASSIFICÁVEL,ablation/tissue_classic_1229/images/stage_2_40951.jpg
stage_2_41204,stage_2_41204,stage_2_41204.jpg,6ff4c470013ae668203c863b3164fc6261f1f9aec7b907697e7c3904f4392729,e585a28293a79d9d,name:stage_2_41204,train,0,0,0,0,0,NÃO CLASSIFICÁVEL,NÃO CLASSIFICÁVEL,NÃO CLASSIFICÁVEL,ablation/tissue_classic_1229/images/stage_2_41204.jpg
stage_2_42066,stage_2_42066,stage_2_42066.jpg,61bdbb2c691849f5201a1eb1c51e49e2b9d9077af53ecb9eff856216c0daf0f8,dfe53896b11aa503,name:stage_2_42066,train,0,0,0,0,0,NÃO CLASSIFICÁVEL,NÃO CLASSIFICÁVEL,NÃO CLASSIFICÁVEL,ablation/tissue_classic_1229/images/stage_2_42066.jpg
stage_2_42619,stage_2_42619,stage_2_42619.jpg,943496ea0ec5dd783cf99d767688273f308c9f6914627ecc670c87d157744f24,ecbaf0cd8278c83c,name:stage_2_42619,train,0,0,0,0,0,NÃO CLASSIFICÁVEL,NÃO CLASSIFICÁVEL,NÃO CLASSIFICÁVEL,ablation/tissue_classic_1229/images/stage_2_42619.jpg
stage_2_44519,stage_2_44519,stage_2_44519.jpg,f1e9f97f57389885b327963cfb4bf5d9121d4c3db99af6ae46b7e8788b008fb6,a66acaa86137e39c,name:stage_2_44519,train,0,0,0,0,0,NÃO CLASSIFICÁVEL,NÃO CLASSIFICÁVEL,NÃO CLASSIFICÁVEL,ablation/tissue_classic_1229/images/stage_2_44519.jpg
stage_2_45881,stage_2_45881,stage_2_45881.jpg,0575dca5705397d6f4df0c3e63979372b998b0a9831a7353508baf1d5ffd9fd7,e7e09ca4d2b3c998,name:stage_2_45881,train,0,0,0,0,0,NÃO CLASSIFICÁVEL,NÃO CLASSIFICÁVEL,NÃO CLASSIFICÁVEL,ablation/tissue_classic_1229/images/stage_2_45881.jpg
stage_2_4719,stage_2_4719,stage_2_4719.jpg,21760b4cb4c8b815e3f69f813df48230d623c2a6c78f9735a2d880fc3d3af00d,d5645ade114cb23d,name:stage_2_4719,train,0,0,0,0,0,NÃO CLASSIFICÁVEL,NÃO CLASSIFICÁVEL,NÃO CLASSIFICÁVEL,ablation/tissue_classic_1229/images/stage_2_4719.jpg
stage_2_47816,stage_2_47816,stage_2_47816.jpg,08d146b405344b0dde2d416aaee468a502b418e4fe7deb5716c8b5b7e7c23887,f8c6e1d8c6469f30,name:stage_2_47816,train,0,0,0,0,0,NÃO CLASSIFICÁVEL,NÃO CLASSIFICÁVEL,NÃO CLASSIFICÁVEL,ablation/tissue_classic_1229/images/stage_2_47816.jpg
stage_2_47983,stage_2_47983,stage_2_47983.jpg,25925a3455261c20cd6c8317500eca3a0f3903ce87cea40f4e2c1e7052d4ebc0,fd84a0cccbb13ccc,name:stage_2_47983,train,0,0,1,0,1,NÃO CLASSIFICÁVEL,ESFACELO,ESFACELO,ablation/tissue_classic_1229/images/stage_2_47983.jpg
stage_2_48005,stage_2_48005,stage_2_48005.jpg,390a715521a41ecae2ef4e4a389e2a6b12aa1a78e0de83445bcf71d4028cba49,f889e71c9053b56c,name:stage_2_48005,train,0,0,0,0,0,NÃO CLASSIFICÁVEL,NÃO CLASSIFICÁVEL,NÃO CLASSIFICÁVEL,ablation/tissue_classic_1229/images/stage_2_48005.jpg
stage_2_4805,stage_2_4805,stage_2_4805.jpg,6ee14a720ec7ecaf74da6aebf283c53972522c63744b0e19417bde0099e35fa8,ffa89898d072c693,name:stage_2_4805,train,0,0,0,0,0,NÃO CLASSIFICÁVEL,NÃO CLASSIFICÁVEL,NÃO CLASSIFICÁVEL,ablation/tissue_classic_1229/images/stage_2_4805.jpg
stage_2_48226,stage_2_48226,stage_2_48226.jpg,55bc0a2b384b5cd4effaece4f40a6fd180b27da2163080fa93a85ca491b48c5b,8bb9a564e4dfc700,name:stage_2_48226,train,0,0,0,0,0,NÃO CLASSIFICÁVEL,NÃO CLASSIFICÁVEL,NÃO CLASSIFICÁVEL,ablation/tissue_classic_1229/images/stage_2_48226.jpg
stage_2_48264,stage_2_48264,stage_2_48264.jpg,f5fbe8104bd7f37a33ceb5548b74cef209e3f7f3c0fcc0df3c9fc14c463a6aca,fa668971362e9b41,name:stage_2_48264,train,0,1,1,0,0,GRANULAÇÃO,ESFACELO,MULTI,ablation/tissue_classic_1229/images/stage_2_48264.jpg
stage_2_48605,stage_2_48605,stage_2_48605.jpg,f44669109443c04c7bf1ac7e3e020e64a0faef80526f4bc69c13a3a00c6482a9,aee89897b63da124,name:stage_2_48605,train,0,0,0,0,0,NÃO CLASSIFICÁVEL,NÃO CLASSIFICÁVEL,NÃO CLASSIFICÁVEL,ablation/tissue_classic_1229/images/stage_2_48605.jpg
stage_2_48672,stage_2_48672,stage_2_48672.jpg,8a92f399b719f29bc4d694d3f8270e7b7895fc69ec3b952bdafbabefa575c378,f18d87acd8173634,name:stage_2_48672,train,0,0,0,0,0,NÃO CLASSIFICÁVEL,NÃO CLASSIFICÁVEL,NÃO CLASSIFICÁVEL,ablation/tissue_classic_1229/images/stage_2_48672.jpg
stage_2_49156,stage_2_49156,stage_2_49156.jpg,4e0f6af6354610bfabb3bf2be5e2e9717ce745e709627b8c83d3d7b1d0c2fed4,bb29c53ecad0258b,name:stage_2_49156,train,0,0,0,0,0,NÃO CLASSIFICÁVEL,NÃO CLASSIFICÁVEL,NÃO CLASSIFICÁVEL,ablation/tissue_classic_1229/images/stage_2_49156.jpg
stage_2_4946,stage_2_4946,stage_2_4946.jpg,a68ef26de61c76ddbd15bb038fd15910ab3a9f6d80f5f39ef4b287418e2a3411,abe2d0893bcec634,name:stage_2_4946,train,0,0,0,0,0,NÃO CLASSIFICÁVEL,NÃO CLASSIFICÁVEL,NÃO CLASSIFICÁVEL,ablation/tissue_classic_1229/images/stage_2_4946.jpg
stage_2_49481,stage_2_49481,stage_2_49481.jpg,0add371eb167d84f91ffbeae3756889a52180a4cb9354208b6444c80166b6825,a38ace26d033937d,name:stage_2_49481,train,0,1,1,0,0,GRANULAÇÃO,ESFACELO,MULTI,ablation/tissue_classic_1229/images/stage_2_49481.jpg
stage_2_49595,stage_2_49595,stage_2_49595.jpg,e8bcbb81929182bd1022daef9db7423511c52f1212b4329eb8df9bf61c857958,8ee978b7c04e9658,name:stage_2_49595,train,0,0,0,0,0,NÃO CLASSIFICÁVEL,NÃO CLASSIFICÁVEL,NÃO CLASSIFICÁVEL,ablation/tissue_classic_1229/images/stage_2_49595.jpg
stage_2_5028,stage_2_5028,stage_2_5028.jpg,b871f3e19028f19e2a3478bc7ed823092542dcc007857e0e2c6f82ba52d372fd,a92efb88a59cc11b,name:stage_2_5028,train,0,0,0,0,0,NÃO CLASSIFICÁVEL,NÃO CLASSIFICÁVEL,NÃO CLASSIFICÁVEL,ablation/tissue_classic_1229/images/stage_2_5028.jpg
stage_2_50394,stage_2_50394,stage_2_50394.jpg,026f72a19ca08594da59129decc121b8e91a9241bd585d89319b2ad91aed812e,8db8b2c9cc3699d8,name:stage_2_50394,train,0,1,0,0,0,GRANULAÇÃO,NÃO CLASSIFICÁVEL,GRANULAÇÃO,ablation/tissue_classic_1229/images/stage_2_50394.jpg
stage_2_50779,stage_2_50779,stage_2_50779.jpg,0d3fd49c3116c29c2a94d5e0e30d9d56098dff446032717f50e25f715eeb606d,e76d9d32309e9648,name:stage_2_50779,train,0,0,0,0,0,NÃO CLASSIFICÁVEL,NÃO CLASSIFICÁVEL,NÃO CLASSIFICÁVEL,ablation/tissue_classic_1229/images/stage_2_50779.jpg
stage_2_50867,stage_2_50867,stage_2_50867.jpg,e6a3afc1f71eee31f7dbca9dfd39f43e8bd7a1885ae9782c250ad5768400abff,bd8ce2cbcde82232,name:stage_2_50867,train,0,0,0,0,0,NÃO CLASSIFICÁVEL,NÃO CLASSIFICÁVEL,NÃO CLASSIFICÁVEL,ablation/tissue_classic_1229/images/stage_2_50867.jpg
stage_2_50870,stage_2_50870,stage_2_50870.jpg,23f7feb89514325f84377ec6ad6e34bf8a39ae58a44eff43da48af5b524da1c8,f6e09d462f5b3448,name:stage_2_50870,train,0,0,0,0,0,NÃO CLASSIFICÁVEL,NÃO CLASSIFICÁVEL,NÃO CLASSIFICÁVEL,ablation/tissue_classic_1229/images/stage_2_50870.jpg
stage_2_50895,stage_2_50895,stage_2_50895.jpg,c594899488bf686d0e7380e02f1ad959ed9ba7640a6f6d158e4507812501389d,ae85d5d69c4d46c1,name:stage_2_50895,train,0,0,0,0,0,NÃO CLASSIFICÁVEL,NÃO CLASSIFICÁVEL,NÃO CLASSIFICÁVEL,ablation/tissue_classic_1229/images/stage_2_50895.jpg
stage_2_50992,stage_2_50992,stage_2_50992.jpg,be585817cde996379710e88e7efe459b9dbd778ac8ea69301ea81ff27965658f,b64949e7741d2636,name:stage_2_50992,train,0,1,0,0,0,GRANULAÇÃO,NÃO CLASSIFICÁVEL,GRANULAÇÃO,ablation/tissue_classic_1229/images/stage_2_50992.jpg
stage_2_51203,stage_2_51203,stage_2_51203.jpg,a3dfd7fcd0a65bdc4a204749324b2f2ca9ff53c8a3043a12ec998cf600daefee,b16fe6b1ca86b890,name:stage_2_51203,train,0,0,0,0,0,NÃO CLASSIFICÁVEL,NÃO CLASSIFICÁVEL,NÃO CLASSIFICÁVEL,ablation/tissue_classic_1229/images/stage_2_51203.jpg
stage_2_5226,stage_2_5226,stage_2_5226.jpg,1be849c2020d99c8f3e20779333a92e36578f1aa41469ca34316af922ed40aa6,fc3e9cc9c0e6c1c2,name:stage_2_5226,train,0,0,0,0,0,NÃO CLASSIFICÁVEL,NÃO CLASSIFICÁVEL,NÃO CLASSIFICÁVEL,ablation/tissue_classic_1229/images/stage_2_5226.jpg
stage_2_53022,stage_2_53022,stage_2_53022.jpg,b40ff2f9be2fcac652fb9bba3918145a8abf053e10fb055660e5cbcf76db332f,ffd0c00f3c70c38e,name:stage_2_53022,train,0,0,0,0,0,NÃO CLASSIFICÁVEL,NÃO CLASSIFICÁVEL,NÃO CLASSIFICÁVEL,ablation/tissue_classic_1229/images/stage_2_53022.jpg
stage_2_53256,stage_2_53256,stage_2_53256.jpg,1364098402f3d277bc529483de42599982274ba297b5647a8ec0f75bbd2da5cd,ea93848da71fa58a,name:stage_2_53256,train,0,0,0,0,0,NÃO CLASSIFICÁVEL,NÃO CLASSIFICÁVEL,NÃO CLASSIFICÁVEL,ablation/tissue_classic_1229/images/stage_2_53256.jpg
stage_2_5342,stage_2_5342,stage_2_5342.jpg,c4cfe426092c75347cb675b7016b533bf2c3abc0e07319168f33f096ffafabe8,d890a50fe66e8d9a,name:stage_2_5342,train,0,0,0,0,0,NÃO CLASSIFICÁVEL,NÃO CLASSIFICÁVEL,NÃO CLASSIFICÁVEL,ablation/tissue_classic_1229/images/stage_2_5342.jpg
stage_2_53497,stage_2_53497,stage_2_53497.jpg,2e6d4b6c31296c6c9bbb5bb2bb7f118d1b2484eea8d4a79ff85da1ad69518c76,fec0b02b838d9eb4,name:stage_2_53497,train,0,0,1,0,0,NÃO CLASSIFICÁVEL,ESFACELO,ESFACELO,ablation/tissue_classic_1229/images/stage_2_53497.jpg
stage_2_53904,stage_2_53904,stage_2_53904.jpg,490474c99d32cf9fd7b88c42beae630168a5c98d9aa7795a7cc1519d8a5e4ceb,f1da9a6b493464a3,name:stage_2_53904,train,0,0,0,0,0,NÃO CLASSIFICÁVEL,NÃO CLASSIFICÁVEL,NÃO CLASSIFICÁVEL,ablation/tissue_classic_1229/images/stage_2_53904.jpg
stage_2_54094,stage_2_54094,stage_2_54094.jpg,14c043c840a5c3898843ac2139cf6113918efc1817e3ec0973b7e7053bfc3789,ed2f92cc8971a499,name:stage_2_54094,train,0,0,0,0,0,NÃO CLASSIFICÁVEL,NÃO CLASSIFICÁVEL,NÃO CLASSIFICÁVEL,ablation/tissue_classic_1229/images/stage_2_54094.jpg
stage_2_54450,stage_2_54450,stage_2_54450.jpg,bd51e0d05681c997250fc46ace160a8a0c509604a009f615cbd553b3693d1a1d,f24c9da336da9262,name:stage_2_54450,train,0,1,1,0,0,GRANULAÇÃO,ESFACELO,MULTI,ablation/tissue_classic_1229/images/stage_2_54450.jpg
stage_2_54664,stage_2_54664,stage_2_54664.jpg,1a244e0292d2851d345e2da67a943ba0af6ce7652f0f45b1484103e73d482dcb,f1d8cd85462ab363,name:stage_2_54664,train,0,0,0,0,0,NÃO CLASSIFICÁVEL,NÃO CLASSIFICÁVEL,NÃO CLASSIFICÁVEL,ablation/tissue_classic_1229/images/stage_2_54664.jpg
stage_2_54692,stage_2_54692,stage_2_54692.jpg,c06bea479e84f1bb626df64affd3e7d6a9032899310ca31265324c1f1fc1207a,fcf5c16a66349161,name:stage_2_54692,train,0,0,0,0,0,NÃO CLASSIFICÁVEL,NÃO CLASSIFICÁVEL,NÃO CLASSIFICÁVEL,ablation/tissue_classic_1229/images/stage_2_54692.jpg
stage_2_55150,stage_2_55150,stage_2_55150.jpg,9bfc42f507de61d5632c014ea066b7ce68c846f86252a4490e1e237016d6094c,abcad4e17066f164,name:stage_2_55150,train,0,1,1,0,0,GRANULAÇÃO,ESFACELO,MULTI,ablation/tissue_classic_1229/images/stage_2_55150.jpg
stage_2_55537,stage_2_55537,stage_2_55537.jpg,eb7bfa560256ade321d921dd5c330af43c30b90b4b95be59819a9e930b12e3f8,bdf8c0d7c5171438,name:stage_2_55537,train,0,0,0,0,0,NÃO CLASSIFICÁVEL,NÃO CLASSIFICÁVEL,NÃO CLASSIFICÁVEL,ablation/tissue_classic_1229/images/stage_2_55537.jpg
stage_2_55590,stage_2_55590,stage_2_55590.jpg,8657f86541bb6f9f6415c5171e5318ef45a652391cb114d41ca231e847101ec3,b16dcc1c36f83362,name:stage_2_55590,train,0,0,0,0,0,NÃO CLASSIFICÁVEL,NÃO CLASSIFICÁVEL,NÃO CLASSIFICÁVEL,ablation/tissue_classic_1229/images/stage_2_55590.jpg
stage_2_5591,stage_2_5591,stage_2_5591.jpg,e7b9beab78a9f45b1c56fc71c477b3d97242938f5723944d1bf345c842e2f0ed,f6c10d92197ef078,name:stage_2_5591,train,0,0,0,0,0,NÃO CLASSIFICÁVEL,NÃO CLASSIFICÁVEL,NÃO CLASSIFICÁVEL,ablation/tissue_classic_1229/images/stage_2_5591.jpg
stage_2_56505,stage_2_56505,stage_2_56505.jpg,b6cc7f6b49b69033ef62f8a5c124865de428f0b7bd00f7f904aae3893206a2a4,faaa2aaa2e644d99,name:stage_2_56505,train,0,0,0,0,0,NÃO CLASSIFICÁVEL,NÃO CLASSIFICÁVEL,NÃO CLASSIFICÁVEL,ablation/tissue_classic_1229/images/stage_2_56505.jpg
stage_2_56593,stage_2_56593,stage_2_56593.jpg,bbcda9e2bfbcf028014a6ad380614c22cf6bbd10e9b542febb23e595df1ad288,fdf2860c2d333269,name:stage_2_56593,train,0,0,0,0,0,NÃO CLASSIFICÁVEL,NÃO CLASSIFICÁVEL,NÃO CLASSIFICÁVEL,ablation/tissue_classic_1229/images/stage_2_56593.jpg
stage_2_56669,stage_2_56669,stage_2_56669.jpg,00db943b04420cb135358c9853ddf07639a25916d8e14c699ba138931d8a5808,ad8b92ed6592092f,name:stage_2_56669,train,0,0,0,0,0,NÃO CLASSIFICÁVEL,NÃO CLASSIFICÁVEL,NÃO CLASSIFICÁVEL,ablation/tissue_classic_1229/images/stage_2_56669.jpg
stage_2_57796,stage_2_57796,stage_2_57796.jpg,435e234be14404142ba0bd869d935291e470ce77179d7a52905ff19fbbf390b6,8bc33c3617c9fc84,name:stage_2_57796,train,0,0,0,0,0,NÃO CLASSIFICÁVEL,NÃO CLASSIFICÁVEL,NÃO CLASSIFICÁVEL,ablation/tissue_classic_1229/images/stage_2_57796.jpg
stage_2_57819,stage_2_57819,stage_2_57819.jpg,e2ddc91fbefd0347f76ce74c0438ac7fa9fe21f6b3bf213ef04662724e32ae85,abe1b4ca9364ce98,name:stage_2_57819,train,0,0,0,0,0,NÃO CLASSIFICÁVEL,NÃO CLASSIFICÁVEL,NÃO CLASSIFICÁVEL,ablation/tissue_classic_1229/images/stage_2_57819.jpg
stage_2_58275,stage_2_58275,stage_2_58275.jpg,ff428c275af72b34499760b2f607506f6af87e053d000147dcb467facc4d53e9,828ced67969969c5,name:stage_2_58275,train,0,0,0,0,0,NÃO CLASSIFICÁVEL,NÃO CLASSIFICÁVEL,NÃO CLASSIFICÁVEL,ablation/tissue_classic_1229/images/stage_2_58275.jpg
stage_2_5835,stage_2_5835,stage_2_5835.jpg,4609328e5ab30a9681ebab5da1258ffc28e7a3e5941a49707ccecaf9af0584b6,bfd6c02d899a324e,name:stage_2_5835,train,0,0,0,0,0,NÃO CLASSIFICÁVEL,NÃO CLASSIFICÁVEL,NÃO CLASSIFICÁVEL,ablation/tissue_classic_1229/images/stage_2_5835.jpg
stage_2_58525,stage_2_58525,stage_2_58525.jpg,097822de24f1655ff7eed357a8e804c1ba3454a5da206bc6eb4a7c6b73805194,a88067c63d9ab4cf,name:stage_2_58525,train,0,0,0,0,0,NÃO CLASSIFICÁVEL,NÃO CLASSIFICÁVEL,NÃO CLASSIFICÁVEL,ablation/tissue_classic_1229/images/stage_2_58525.jpg
stage_2_58527,stage_2_58527,stage_2_58527.jpg,3f42dc8bf908eae837c32d0d286da5bd1bb3538a4ca585e35eae86704873893a,bea2e1d0d2ccc972,name:stage_2_58527,train,0,0,0,0,0,NÃO CLASSIFICÁVEL,NÃO CLASSIFICÁVEL,NÃO CLASSIFICÁVEL,ablation/tissue_classic_1229/images/stage_2_58527.jpg
stage_2_59338,stage_2_59338,stage_2_59338.jpg,d13f72f222455f36fed382c3800464ebacc1be269acc664daf8b73543c57f1b7,eee2c585b09cc29b,name:stage_2_59338,train,0,0,0,0,0,NÃO CLASSIFICÁVEL,NÃO CLASSIFICÁVEL,NÃO CLASSIFICÁVEL,ablation/tissue_classic_1229/images/stage_2_59338.jpg
stage_2_59382,stage_2_59382,stage_2_59382.jpg,3641d82ba081d81deff2ea81f84bc0232088b7817a541bfdbaa1793703437d41,d70f0c293d36707c,name:stage_2_59382,train,0,1,0,0,0,GRANULAÇÃO,NÃO CLASSIFICÁVEL,GRANULAÇÃO,ablation/tissue_classic_1229/images/stage_2_59382.jpg
stage_2_60264,stage_2_60264,stage_2_60264.jpg,ad3846765bfe7459611a19213e862baeb7de15c81b7abc7f13ed371e21919c09,e795b9630c8aa22f,name:stage_2_60264,train,0,0,0,0,0,NÃO CLASSIFICÁVEL,NÃO CLASSIFICÁVEL,NÃO CLASSIFICÁVEL,ablation/tissue_classic_1229/images/stage_2_60264.jpg
stage_2_60269,stage_2_60269,stage_2_60269.jpg,68c4432faadc6442c4e7302f6f17c3fabe7802d13a0128290a204ac12a0adbcc,e09e9fc17c3cc312,name:stage_2_60269,train,0,0,0,0,0,NÃO CLASSIFICÁVEL,NÃO CLASSIFICÁVEL,NÃO CLASSIFICÁVEL,ablation/tissue_classic_1229/images/stage_2_60269.jpg
stage_2_60339,stage_2_60339,stage_2_60339.jpg,5816c7951c4e759f3f4eb00b090ea28b5f8532a761ad7803bc98244b849662e9,fee039a3a68c8699,name:stage_2_60339,train,0,0,0,0,0,NÃO CLASSIFICÁVEL,NÃO CLASSIFICÁVEL,NÃO CLASSIFICÁVEL,ablation/tissue_classic_1229/images/stage_2_60339.jpg
stage_2_6073,stage_2_6073,stage_2_6073.jpg,8ede0921dfce9aff669889f0bcdbbe1490e7c41457e52af3a532dd54dde002a9,abf3e4cc9833134c,name:stage_2_6073,train,0,0,0,0,0,NÃO CLASSIFICÁVEL,NÃO CLASSIFICÁVEL,NÃO CLASSIFICÁVEL,ablation/tissue_classic_1229/images/stage_2_6073.jpg
stage_2_61228,stage_2_61228,stage_2_61228.jpg,1643c3066e966eae691731515a5158fa6c36ab774ae7f586827853953365840c,ea55952ad225cb96,name:stage_2_61228,train,0,0,0,0,0,NÃO CLASSIFICÁVEL,NÃO CLASSIFICÁVEL,NÃO CLASSIFICÁVEL,ablation/tissue_classic_1229/images/stage_2_61228.jpg
stage_2_61858,stage_2_61858,stage_2_61858.jpg,a3509c51f9cb8fd209da2a9a5bcc11dda16b0106e1fc4f96e11ac40122599b18,ab06dc39db702533,name:stage_2_61858,train,0,0,0,0,0,NÃO CLASSIFICÁVEL,NÃO CLASSIFICÁVEL,NÃO CLASSIFICÁVEL,ablation/tissue_classic_1229/images/stage_2_61858.jpg
stage_2_62171,stage_2_62171,stage_2_62171.jpg,cf9647f93a6496b4e0aa0e0a9174df9eadb2616317a93e9047fd7b6bdc99dd6e,db74ae4a71a4a649,name:stage_2_62171,train,0,0,0,0,0,NÃO CLASSIFICÁVEL,NÃO CLASSIFICÁVEL,NÃO CLASSIFICÁVEL,ablation/tissue_classic_1229/images/stage_2_62171.jpg
stage_2_62396,stage_2_62396,stage_2_62396.jpg,3a5b301d20a666f84fae5aacc2511e58786ae795b778a7b4abf125e7b0e0a19d,fe99d1668689714c,name:stage_2_62396,train,0,1,0,0,0,GRANULAÇÃO,NÃO CLASSIFICÁVEL,GRANULAÇÃO,ablation/tissue_classic_1229/images/stage_2_62396.jpg
stage_2_62524,stage_2_62524,stage_2_62524.jpg,d8e025f938d4597bfa20dae64d2125fc057fe6c69b633fc270e8a5b18d490321,b0cfcf30308b676c,name:stage_2_62524,train,0,0,0,0,0,NÃO CLASSIFICÁVEL,NÃO CLASSIFICÁVEL,NÃO CLASSIFICÁVEL,ablation/tissue_classic_1229/images/stage_2_62524.jpg
stage_2_62700,stage_2_62700,stage_2_62700.jpg,764a9c4ab25c20f54a04f055d3e154d9fbc05ab6b1fafd1670f6509aac676dab,e687c8798160bf63,name:stage_2_62700,train,0,0,0,0,0,NÃO CLASSIFICÁVEL,NÃO CLASSIFICÁVEL,NÃO CLASSIFICÁVEL,ablation/tissue_classic_1229/images/stage_2_62700.jpg
stage_2_62883,stage_2_62883,stage_2_62883.jpg,6edc9b4f47dad786525fdf51bcc53147aae52ce155f6119b74a668c9e53be39d,d6d46bc2cc0db899,name:stage_2_62883,train,0,0,0,0,0,NÃO CLASSIFICÁVEL,NÃO CLASSIFICÁVEL,NÃO CLASSIFICÁVEL,ablation/tissue_classic_1229/images/stage_2_62883.jpg
stage_2_63050,stage_2_63050,stage_2_63050.jpg,e13864277b09ac3412ffbd367131074fcc062f4dadb03a353d26a444349db1c6,c466b9d94925bc9c,name:stage_2_63050,train,0,1,1,0,0,GRANULAÇÃO,ESFACELO,MULTI,ablation/tissue_classic_1229/images/stage_2_63050.jpg
stage_2_6307,stage_2_6307,stage_2_6307.jpg,d9a552a30f9b62da17c6cdcc5d98bd9f9b4942080ff2e490f566aea2bd1a4976,b33adc843334cd53,name:stage_2_6307,train,0,1,0,0,0,GRANULAÇÃO,NÃO CLASSIFICÁVEL,GRANULAÇÃO,ablation/tissue_classic_1229/images/stage_2_6307.jpg
stage_2_63190,stage_2_63190,stage_2_63190.jpg,a82868e312c244ae5ff8db6c1de2ce7c75f2e484142054b925579c17fc423544,ae87b1d866e0d899,name:stage_2_63190,train,0,1,1,0,0,GRANULAÇÃO,ESFACELO,MULTI,ablation/tissue_classic_1229/images/stage_2_63190.jpg
stage_2_63592,stage_2_63592,stage_2_63592.jpg,1853c79e0a27348b5f204d9d5bc553409abd836009eac4e29c595893299c83ab,ab87ca7ec1e8c630,name:stage_2_63592,train,0,0,0,0,0,NÃO CLASSIFICÁVEL,NÃO CLASSIFICÁVEL,NÃO CLASSIFICÁVEL,ablation/tissue_classic_1229/images/stage_2_63592.jpg
stage_2_63689,stage_2_63689,stage_2_63689.jpg,77feca27da1665a9f29f5fce00daa2c62d2df0d711c3db5020c25d806e38cea0,b848d1acca765db1,name:stage_2_63689,train,0,0,0,0,0,NÃO CLASSIFICÁVEL,NÃO CLASSIFICÁVEL,NÃO CLASSIFICÁVEL,ablation/tissue_classic_1229/images/stage_2_63689.jpg
stage_2_63941,stage_2_63941,stage_2_63941.jpg,e994315babecf3e192311a9fde59acb2ec6e7565580f008f460714c32e0a0ca6,ece0b31bc6249b99,name:stage_2_63941,train,0,1,1,0,0,GRANULAÇÃO,ESFACELO,MULTI,ablation/tissue_classic_1229/images/stage_2_63941.jpg
stage_2_6588,stage_2_6588,stage_2_6588.jpg,e553fce6dc5abb66bf123f50744ea1e7bf75e1e293478e5da6a4aa774ac35362,f7c2c439db466c90,name:stage_2_6588,train,0,0,0,0,0,NÃO CLASSIFICÁVEL,NÃO CLASSIFICÁVEL,NÃO CLASSIFICÁVEL,ablation/tissue_classic_1229/images/stage_2_6588.jpg
stage_2_66060,stage_2_66060,stage_2_66060.jpg,710fbd6bf9e684c55e72f4fc06d4d8c436fe5193898a18d85d09b3d4c6f9f265,c0999ea2b3f2cc4e,name:stage_2_66060,train,0,0,0,0,0,NÃO CLASSIFICÁVEL,NÃO CLASSIFICÁVEL,NÃO CLASSIFICÁVEL,ablation/tissue_classic_1229/images/stage_2_66060.jpg
stage_2_66185,stage_2_66185,stage_2_66185.jpg,a30e0030df5e7e0d9ade4a7248c6bd0150e8cb917669140d5c0a8b7204c8fd97,e7efedc0209c9941,name:stage_2_66185,train,0,0,0,0,0,NÃO CLASSIFICÁVEL,NÃO CLASSIFICÁVEL,NÃO CLASSIFICÁVEL,ablation/tissue_classic_1229/images/stage_2_66185.jpg
stage_2_66189,stage_2_66189,stage_2_66189.jpg,a2444113dd41d9e5df67742f3cc4b1c1c6a77c4a26178a8daadd5f9f62d86de7,ba91d04aeae9a94d,name:stage_2_66189,train,0,1,0,0,0,GRANULAÇÃO,NÃO CLASSIFICÁVEL,GRANULAÇÃO,ablation/tissue_classic_1229/images/stage_2_66189.jpg
stage_2_66945,stage_2_66945,stage_2_66945.jpg,81dffd50b8a21f026745193dcd829a02b1359017b4601381e5f6f0d943ba5649,aeb3e18c21c1b4f3,name:stage_2_66945,train,0,0,0,0,0,NÃO CLASSIFICÁVEL,NÃO CLASSIFICÁVEL,NÃO CLASSIFICÁVEL,ablation/tissue_classic_1229/images/stage_2_66945.jpg
stage_2_6712,stage_2_6712,stage_2_6712.jpg,bb449bbc5e293dae6d6727c9847e4ed4344b19d0f2f64c49c7f7ec5754c02116,f889d03361fd01cf,name:stage_2_6712,train,0,0,0,0,0,NÃO CLASSIFICÁVEL,NÃO CLASSIFICÁVEL,NÃO CLASSIFICÁVEL,ablation/tissue_classic_1229/images/stage_2_6712.jpg
stage_2_67618,stage_2_67618,stage_2_67618.jpg,c70cb116e006687a4a7ffe167334d5e58c1708d541b68619bc96e50c189121ac,fad9e066ccc7cc10,name:stage_2_67618,train,0,1,1,0,0,GRANULAÇÃO,ESFACELO,MULTI,ablation/tissue_classic_1229/images/stage_2_67618.jpg
stage_2_67639,stage_2_67639,stage_2_67639.jpg,0991d77cecd2f44bcdcd9201b1d456dedeb40190886023eac8bcbdf0679b1528,f2889d76301a8efa,name:stage_2_67639,train,0,0,0,0,0,NÃO CLASSIFICÁVEL,NÃO CLASSIFICÁVEL,NÃO CLASSIFICÁVEL,ablation/tissue_classic_1229/images/stage_2_67639.jpg
stage_2_67659,stage_2_67659,stage_2_67659.jpg,cc5a49a991b30b098c7d4e3700a9b32d87bb0c2ef40a9ff92dd862b7658c8e45,bb93c4dc90e18bc6,name:stage_2_67659,train,0,1,1,0,0,GRANULAÇÃO,ESFACELO,MULTI,ablation/tissue_classic_1229/images/stage_2_67659.jpg
stage_2_67867,stage_2_67867,stage_2_67867.jpg,d915ecf5137da8cd1417d2e98cb594b8bc770a925fdb09a45048d1f50c7566c0,fa95a6fad92010e3,name:stage_2_67867,train,0,1,1,0,0,GRANULAÇÃO,ESFACELO,MULTI,ablation/tissue_classic_1229/images/stage_2_67867.jpg
stage_2_67942,stage_2_67942,stage_2_67942.jpg,2dea6136e3441101b34da19c56286ebcc4bf14943aedd901f83f9addd0bb578f,f7300dd13e181ec7,name:stage_2_67942,train,0,0,0,0,0,NÃO CLASSIFICÁVEL,NÃO CLASSIFICÁVEL,NÃO CLASSIFICÁVEL,ablation/tissue_classic_1229/images/stage_2_67942.jpg
stage_2_68731,stage_2_68731,stage_2_68731.jpg,26b2d7dfa99e1e6829cc782d6b90e7c8db59dc83d9e34ba924d58b46c98bbe0e,da85a59aafb0b143,name:stage_2_68731,train,0,0,0,0,0,NÃO CLASSIFICÁVEL,NÃO CLASSIFICÁVEL,NÃO CLASSIFICÁVEL,ablation/tissue_classic_1229/images/stage_2_68731.jpg
stage_2_69202,stage_2_69202,stage_2_69202.jpg,b094a224cfc366a24467a2b14bf96ce7381466b699335e0266b473f8f48d2134,bf28a0bff48dc091,name:stage_2_69202,train,0,1,0,0,0,GRANULAÇÃO,NÃO CLASSIFICÁVEL,GRANULAÇÃO,ablation/tissue_classic_1229/images/stage_2_69202.jpg
stage_2_69238,stage_2_69238,stage_2_69238.jpg,22ff9fa1c45a517fef6a89c104ab8ff840c1755964431b3a77da6c678f86bef2,ab84fc1b9264d3ca,name:stage_2_69238,train,0,1,0,0,0,GRANULAÇÃO,NÃO CLASSIFICÁVEL,GRANULAÇÃO,ablation/tissue_classic_1229/images/stage_2_69238.jpg
stage_2_69463,stage_2_69463,stage_2_69463.jpg,f6ecad73604d370ec5ef52068301ec7338f7b3b5f5f3b8e5db98eb57cc347dd9,ae6499319bb2cc72,name:stage_2_69463,train,0,0,0,0,0,NÃO CLASSIFICÁVEL,NÃO CLASSIFICÁVEL,NÃO CLASSIFICÁVEL,ablation/tissue_classic_1229/images/stage_2_69463.jpg
stage_2_69984,stage_2_69984,stage_2_69984.jpg,cf992de9a8d6c204221a49df911bf3b190a1ac7c90f4f63861c90432a6e028e9,ee26d19e86693a64,name:stage_2_69984,train,0,0,0,0,0,NÃO CLASSIFICÁVEL,NÃO CLASSIFICÁVEL,NÃO CLASSIFICÁVEL,ablation/tissue_classic_1229/images/stage_2_69984.jpg
stage_2_70308,stage_2_70308,stage_2_70308.jpg,10d7645852d7c3a347164f7b7b1a6263bd6b841945fbcccfdc814e93875ff3c6,ff0188cb973cca62,name:stage_2_70308,train,0,0,0,0,0,NÃO CLASSIFICÁVEL,NÃO CLASSIFICÁVEL,NÃO CLASSIFICÁVEL,ablation/tissue_classic_1229/images/stage_2_70308.jpg
stage_2_70380,stage_2_70380,stage_2_70380.jpg,7c6934931a0dc75d15135e289e4e05ab8ed6f538a7e0fc4cd93fe8a85a4919d6,a9fdc6d258696143,name:stage_2_70380,train,0,1,0,0,0,GRANULAÇÃO,NÃO CLASSIFICÁVEL,GRANULAÇÃO,ablation/tissue_classic_1229/images/stage_2_70380.jpg
stage_2_70870,stage_2_70870,stage_2_70870.jpg,5d8149fb62ecab780a850dc8862eb0386ec73e8980812017d85a0005d69deb1b,ede0879fd81a7016,name:stage_2_70870,train,0,0,0,0,0,NÃO CLASSIFICÁVEL,NÃO CLASSIFICÁVEL,NÃO CLASSIFICÁVEL,ablation/tissue_classic_1229/images/stage_2_70870.jpg
stage_2_71038,stage_2_71038,stage_2_71038.jpg,5d1b2c858a138d3bcc50a8799d1d8d67e60c9f6f2a4b4c9781766f529dcfc192,aaa4b5d6760bfc02,name:stage_2_71038,train,0,1,1,0,0,GRANULAÇÃO,ESFACELO,MULTI,ablation/tissue_classic_1229/images/stage_2_71038.jpg
stage_2_71079,stage_2_71079,stage_2_71079.jpg,5b40fa974f1b5af491cc1e00b50d83a57e1a1e267e466b216d3f696468a3ffe0,fb90a461b06fe166,name:stage_2_71079,train,0,0,0,0,0,NÃO CLASSIFICÁVEL,NÃO CLASSIFICÁVEL,NÃO CLASSIFICÁVEL,ablation/tissue_classic_1229/images/stage_2_71079.jpg
stage_2_71240,stage_2_71240,stage_2_71240.jpg,a5f2d0c42e0c940a938be738c231d386671f7c63ff871dbf1c6a3c6c671ee944,d09f6f5a34e0b348,name:stage_2_71240,train,0,0,0,0,0,NÃO CLASSIFICÁVEL,NÃO CLASSIFICÁVEL,NÃO CLASSIFICÁVEL,ablation/tissue_classic_1229/images/stage_2_71240.jpg
stage_2_71812,stage_2_71812,stage_2_71812.jpg,fab216d71d19eac9ba3c258fe40f5fa9bc28bab97b4b2f1d66d10bb225139afe,f607299a3d022f67,name:stage_2_71812,train,0,0,0,0,0,NÃO CLASSIFICÁVEL,NÃO CLASSIFICÁVEL,NÃO CLASSIFICÁVEL,ablation/tissue_classic_1229/images/stage_2_71812.jpg
stage_2_72084,stage_2_72084,stage_2_72084.jpg,0822af2a6687bed83c90f61c642760272d29bfdb69c5b2c85bd9e9d01a2ea606,c9dfa61c9963268c,name:stage_2_72084,train,0,0,0,0,0,NÃO CLASSIFICÁVEL,NÃO CLASSIFICÁVEL,NÃO CLASSIFICÁVEL,ablation/tissue_classic_1229/images/stage_2_72084.jpg
stage_2_7219,stage_2_7219,stage_2_7219.jpg,8481e16425f3870f16037644d83878455c4ab082f7dd84c445382c947ebec78d,f2e7899a6dc19864,name:stage_2_7219,train,0,0,0,0,0,NÃO CLASSIFICÁVEL,NÃO CLASSIFICÁVEL,NÃO CLASSIFICÁVEL,ablation/tissue_classic_1229/images/stage_2_7219.jpg
stage_2_72213,stage_2_72213,stage_2_72213.jpg,37c186927953fbb5055792f00dae479aca2e64bbe82a3af5211995288ceeea30,ffb690c9c52c8c34,name:stage_2_72213,train,0,0,1,1,0,NÃO CLASSIFICÁVEL,AMBAS,MULTI,ablation/tissue_classic_1229/images/stage_2_72213.jpg
stage_2_7246,stage_2_7246,stage_2_7246.jpg,7a8c2649e5bab68ddb4e602dbe61cd817a4239a16dc16c30cd72bf2fe9b3915b,ed31b28bcbae9091,name:stage_2_7246,train,0,0,0,0,0,NÃO CLASSIFICÁVEL,NÃO CLASSIFICÁVEL,NÃO CLASSIFICÁVEL,ablation/tissue_classic_1229/images/stage_2_7246.jpg
stage_2_7247,stage_2_7247,stage_2_7247.jpg,fdbaf738b6d24c138ea175f53f6f6b2740a01a2bee2172e06bcdb29057311a4f,83cc06c34e9379bd,name:stage_2_7247,train,0,0,0,0,0,NÃO CLASSIFICÁVEL,NÃO CLASSIFICÁVEL,NÃO CLASSIFICÁVEL,ablation/tissue_classic_1229/images/stage_2_7247.jpg
stage_2_74085,stage_2_74085,stage_2_74085.jpg,b33a7a055fdacdab913a29bbe6c2bccbed7201f1a9edcf59006c0d395fe20ee2,b9e4e3bb842489da,name:stage_2_74085,train,0,0,0,1,1,NÃO CLASSIFICÁVEL,NECROSE SECA,NECROSE SECA,ablation/tissue_classic_1229/images/stage_2_74085.jpg
stage_2_74112,stage_2_74112,stage_2_74112.jpg,7b4311a31029a3f4fbbf5a2b5798db9560b95350c004589a26f181e84558d51d,bfe8e40798c5c31c,name:stage_2_74112,train,0,0,0,0,0,NÃO CLASSIFICÁVEL,NÃO CLASSIFICÁVEL,NÃO CLASSIFICÁVEL,ablation/tissue_classic_1229/images/stage_2_74112.jpg
stage_2_74508,stage_2_74508,stage_2_74508.jpg,7c0d1ea33c888f357351ed3b6d26d871add7519d5b1b272a19752d030513f315,ead7a15a2d2a84cb,name:stage_2_74508,train,0,0,0,0,0,NÃO CLASSIFICÁVEL,NÃO CLASSIFICÁVEL,NÃO CLASSIFICÁVEL,ablation/tissue_classic_1229/images/stage_2_74508.jpg
stage_2_7494,stage_2_7494,stage_2_7494.jpg,ba61524fcda7a324a845487507f1e49beddcecfa095bbc2026d0aff0ff2b9904,d32d9d5233a74839,name:stage_2_7494,train,0,0,0,1,1,NÃO CLASSIFICÁVEL,NECROSE SECA,NECROSE SECA,ablation/tissue_classic_1229/images/stage_2_7494.jpg
stage_2_75238,stage_2_75238,stage_2_75238.jpg,12baf8754cffffa9920c5575192e78bb4a1a13e55790cae63d1bcd415136a9d4,fbf0e0c1030787be,name:stage_2_75238,train,0,0,1,0,1,NÃO CLASSIFICÁVEL,ESFACELO,ESFACELO,ablation/tissue_classic_1229/images/stage_2_75238.jpg
stage_2_7529,stage_2_7529,stage_2_7529.jpg,c7a180d361035b04eb6f12a7024e343de00632b99a4be6a7730a2cb1d079e60d,c798a84d9772a64b,name:stage_2_7529,train,0,0,0,0,0,NÃO CLASSIFICÁVEL,NÃO CLASSIFICÁVEL,NÃO CLASSIFICÁVEL,ablation/tissue_classic_1229/images/stage_2_7529.jpg
stage_2_7550,stage_2_7550,stage_2_7550.jpg,3c4141428a92a1a8acdf757e5d48252c8630e12febd6a8aa6deed63795e05cd4,abc5865d897a952a,name:stage_2_7550,train,0,0,0,0,0,NÃO CLASSIFICÁVEL,NÃO CLASSIFICÁVEL,NÃO CLASSIFICÁVEL,ablation/tissue_classic_1229/images/stage_2_7550.jpg
stage_2_75630,stage_2_75630,stage_2_75630.jpg,79f1531b7f5cc5ff38ea29b8372b3f428f5d429ec465ec9763cd4a21c60bb838,aa89e9d8b26398b3,name:stage_2_75630,train,0,1,0,0,0,GRANULAÇÃO,NÃO CLASSIFICÁVEL,GRANULAÇÃO,ablation/tissue_classic_1229/images/stage_2_75630.jpg
stage_2_7656,stage_2_7656,stage_2_7656.jpg,8708ea28187a22b63a792479f5f82830fb7e9d1cbc9644d7cf8933d14117cb76,ff97c6689860f109,name:stage_2_7656,train,0,0,0,0,0,NÃO CLASSIFICÁVEL,NÃO CLASSIFICÁVEL,NÃO CLASSIFICÁVEL,ablation/tissue_classic_1229/images/stage_2_7656.jpg
stage_2_76738,stage_2_76738,stage_2_76738.jpg,de40695d72f0f74cb0eb8a1db3f902cb63f505ef1a090cfc4057f16ca9b2078e,f2ecd2249d62b362,name:stage_2_76738,train,0,1,1,0,0,GRANULAÇÃO,ESFACELO,MULTI,ablation/tissue_classic_1229/images/stage_2_76738.jpg
stage_2_76773,stage_2_76773,stage_2_76773.jpg,6fc365fd57c4d2fb5c9d907f88c6fe2678c07531c62304648b78f3decb6c6196,dcccb065e231333b,name:stage_2_76773,train,0,0,0,0,0,NÃO CLASSIFICÁVEL,NÃO CLASSIFICÁVEL,NÃO CLASSIFICÁVEL,ablation/tissue_classic_1229/images/stage_2_76773.jpg
stage_2_7808,stage_2_7808,stage_2_7808.jpg,7e43bf1ec0a091bf623214e0403d00bc50ce71e7ae1cb8c10b8e97f9292eb447,ee7cd880c3b685c3,name:stage_2_7808,train,0,0,0,0,0,NÃO CLASSIFICÁVEL,NÃO CLASSIFICÁVEL,NÃO CLASSIFICÁVEL,ablation/tissue_classic_1229/images/stage_2_7808.jpg
stage_2_78569,stage_2_78569,stage_2_78569.jpg,33fd2e3f9320251e13fbbe698de7a956256b74dc015c7c02746c48943cdb98a0,8f9732aa05671f83,name:stage_2_78569,train,0,0,0,0,0,NÃO CLASSIFICÁVEL,NÃO CLASSIFICÁVEL,NÃO CLASSIFICÁVEL,ablation/tissue_classic_1229/images/stage_2_78569.jpg
stage_2_78867,stage_2_78867,stage_2_78867.jpg,31a096de35d642c18beb43646398b4b8f9ff767743b6188cf3aa4d7a06e03a1b,ea39bd4ec5c1c48c,name:stage_2_78867,train,0,0,0,0,0,NÃO CLASSIFICÁVEL,NÃO CLASSIFICÁVEL,NÃO CLASSIFICÁVEL,ablation/tissue_classic_1229/images/stage_2_78867.jpg
stage_2_7919,stage_2_7919,stage_2_7919.jpg,e614a414c4d38cbd4322a1f106241aafda74906ecda25b74550d0232c94cdcb7,bfe0c3d68c1d0d34,name:stage_2_7919,train,0,0,0,0,0,NÃO CLASSIFICÁVEL,NÃO CLASSIFICÁVEL,NÃO CLASSIFICÁVEL,ablation/tissue_classic_1229/images/stage_2_7919.jpg
stage_2_7987,stage_2_7987,stage_2_7987.jpg,c216b1e2ea8e800b6b9fe63cd1fa5d5b1de0c14931eb292db731ba159c1c8e0f,eb9fc6c0d068c4ce,name:stage_2_7987,train,0,0,0,0,0,NÃO CLASSIFICÁVEL,NÃO CLASSIFICÁVEL,NÃO CLASSIFICÁVEL,ablation/tissue_classic_1229/images/stage_2_7987.jpg
stage_2_8016,stage_2_8016,stage_2_8016.jpg,a426c315f67f3ca90120610f21c55979729a82c9006c53fba0b04100dae35e7e,ffc87805e61ae438,name:stage_2_8016,train,0,0,0,0,0,NÃO CLASSIFICÁVEL,NÃO CLASSIFICÁVEL,NÃO CLASSIFICÁVEL,ablation/tissue_classic_1229/images/stage_2_8016.jpg
109_0,109_0,109_0.jpg,6521a787be1a71b88507b965881d65572872c2df1a27c7b640ecb4a7b8fcd03d,b4e45b9949273e26,clinical:109,val,0,1,0,0,0,GRANULAÇÃO,NÃO CLASSIFICÁVEL,GRANULAÇÃO,ablation/tissue_classic_1229/images/109_0.jpg
109_0 (2),109_0 (2),109_0 (2).jpg,04da15acb0297c91d82512dc7776fd9cc79fc6c20164d61b5fbbdb9ac8e5a4fa,9755fa4e2c2b922c,clinical:109,val,0,1,1,0,0,GRANULAÇÃO,ESFACELO,MULTI,ablation/tissue_classic_1229/images/109_0 (2).jpg
109_0 (3),109_0 (3),109_0 (3).jpg,e493065bebf8f3b2beca4fbf96c6e85f311f89f95071f8aac2b2c5e42a59c93a,df792d93240d3136,clinical:109,val,0,0,0,0,0,NÃO CLASSIFICÁVEL,NÃO CLASSIFICÁVEL,NÃO CLASSIFICÁVEL,ablation/tissue_classic_1229/images/109_0 (3).jpg
125_0,125_0,125_0.jpg,e6cad7187db3b79fdb30c9fb10f81186d3535f116fb482234c0c5af90b2d7bfc,fd7583c80f321c4b,clinical:125,val,0,0,0,1,1,NÃO CLASSIFICÁVEL,NECROSE SECA,NECROSE SECA,ablation/tissue_classic_1229/images/125_0.jpg
125_0 (2),125_0 (2),125_0 (2).jpg,08a84006e3c5650fdb9b31e4c63a77e379fcd4b02bf62efa65261c3f0c36e45d,e69093c9cdc5cc8e,clinical:125,val,0,1,0,0,0,GRANULAÇÃO,NÃO CLASSIFICÁVEL,GRANULAÇÃO,ablation/tissue_classic_1229/images/125_0 (2).jpg
125_0 (3),125_0 (3),125_0 (3).jpg,1a5ea53aa4072998752e150b4672c4b7d4c626b2f286c58c586aeab8e026b015,ff03d21909737cc1,clinical:125,val,0,1,1,0,0,GRANULAÇÃO,ESFACELO,MULTI,ablation/tissue_classic_1229/images/125_0 (3).jpg
134_0,134_0,134_0.jpg,8b09aa2bb7835c6273d0ff2585ded095660fbb60e5c7a53d8b4d84a92718447e,c8d29bd1cdb624c9,clinical:134,val,1,0,0,0,0,HIPEREMIA,NÃO CLASSIFICÁVEL,HIPEREMIA,ablation/tissue_classic_1229/images/134_0.jpg
134_0 (2),134_0 (2),134_0 (2).jpg,b8b9919f5139efc48e7e053d031f5bf55f5115ff4e192006dd261dcdf89cf8b9,80f87fa3a88f704e,clinical:134,val,0,0,1,0,1,NÃO CLASSIFICÁVEL,ESFACELO,ESFACELO,ablation/tissue_classic_1229/images/134_0 (2).jpg
134_1,134_1,134_1.jpg,483da808fbe08f544010f25f1f210802c9d8168edcdbdc5f0c99edb32b0bd6e0,fc568fa89b725031,clinical:134,val,0,1,0,0,0,GRANULAÇÃO,NÃO CLASSIFICÁVEL,GRANULAÇÃO,ablation/tissue_classic_1229/images/134_1.jpg
134_1 (2),134_1 (2),134_1 (2).jpg,98e79d3d513c96492cc39ce8e7d2cd2892fbfe59df411349f37a71a15fa06297,fe5da15349174c91,clinical:134,val,0,0,1,0,1,NÃO CLASSIFICÁVEL,ESFACELO,ESFACELO,ablation/tissue_classic_1229/images/134_1 (2).jpg
139_0,139_0,139_0.jpg,f65e5add3a9964e4a91c51f2c74702fba910a558c1da0e4a5d170de8296ff1a4,be7740a1b745163a,clinical:139,val,0,0,0,1,1,NÃO CLASSIFICÁVEL,NECROSE SECA,NECROSE SECA,ablation/tissue_classic_1229/images/139_0.jpg
139_0 (2),139_0 (2),139_0 (2).jpg,64f4a5a7de2b944c6d1e3db66313b8e535b9eba1fe762572622a3f3664a8de4c,ef23478a7528c99a,clinical:139,val,0,0,0,0,0,NÃO CLASSIFICÁVEL,NÃO CLASSIFICÁVEL,NÃO CLASSIFICÁVEL,ablation/tissue_classic_1229/images/139_0 (2).jpg
139_1,139_1,139_1.jpg,ec26236a163f9ae8a4460b14a7510700b6665f8afdd6767e1d621c3b5ae34b61,87977107d964c46d,clinical:139,val,0,0,0,0,1,NÃO CLASSIFICÁVEL,NÃO CLASSIFICÁVEL,NÃO CLASSIFICÁVEL,ablation/tissue_classic_1229/images/139_1.jpg
145_0,145_0,145_0.jpg,a8fce05c08ddaa63aed3c5d0e308cb38f7ffa39150e52bf94e70e3fe4aabf5cb,cef1c499339c4ce4,clinical:145,val,0,0,0,0,0,NÃO CLASSIFICÁVEL,NÃO CLASSIFICÁVEL,NÃO CLASSIFICÁVEL,ablation/tissue_classic_1229/images/145_0.jpg
145_0 (2),145_0 (2),145_0 (2).jpg,ec50827a8a6c1529681e17a5f42639f62b95bae10aa38decbbf0046d3178e1a5,b16f81368536ce33,clinical:145,val,0,0,1,0,1,NÃO CLASSIFICÁVEL,ESFACELO,ESFACELO,ablation/tissue_classic_1229/images/145_0 (2).jpg
145_1,145_1,145_1.jpg,9aebea8fbae7932d9710b022ad2b149d2c9c58fc9ccb23e7b45f4a9c2b2d3164,911f4f6a2361e565,clinical:145,val,0,0,0,1,1,NÃO CLASSIFICÁVEL,NECROSE SECA,NECROSE SECA,ablation/tissue_classic_1229/images/145_1.jpg
153_0,153_0,153_0.jpg,52c2c9e5153644e6ba37434524b9f55f382cc6d44f941ff75486ef2789395f86,fefe83c05c072b0a,clinical:153,val,0,1,1,0,0,GRANULAÇÃO,ESFACELO,MULTI,ablation/tissue_classic_1229/images/153_0.jpg
153_0 (2),153_0 (2),153_0 (2).jpg,7b32f91056273eda70338ee8a2118b47ab3bb58395967bccdd671593659be52e,9ab8c4ccd2d36571,clinical:153,val,0,1,0,0,0,GRANULAÇÃO,NÃO CLASSIFICÁVEL,GRANULAÇÃO,ablation/tissue_classic_1229/images/153_0 (2).jpg
153_1,153_1,153_1.jpg,01b76ad3ac62965c1252a4a7978452b036218277c066127a70b1db1481ac340f,b64b992c649bc64b,clinical:153,val,0,0,0,0,1,NÃO CLASSIFICÁVEL,NÃO CLASSIFICÁVEL,NÃO CLASSIFICÁVEL,ablation/tissue_classic_1229/images/153_1.jpg
26_0,26_0,26_0.jpg,373b931f6e5b8f4f416232e2ebcbb748ef7a3b070ebf822e85f5f4270de2a092,dfa000d999cce33e,clinical:26,val,0,0,0,0,0,NÃO CLASSIFICÁVEL,NÃO CLASSIFICÁVEL,NÃO CLASSIFICÁVEL,ablation/tissue_classic_1229/images/26_0.jpg
26_0 (2),26_0 (2),26_0 (2).jpg,aa6da81efea1c223c5ddddd63f7a2216d89586497b760a5bda2352856808ede3,d4cb5a789725cc31,clinical:26,val,0,1,1,0,0,GRANULAÇÃO,ESFACELO,MULTI,ablation/tissue_classic_1229/images/26_0 (2).jpg
26_0 (3),26_0 (3),26_0 (3).jpg,231b600921ceb5644dde94db7b4d6023bdd83c5ed29d89b3b39d125ebb4d30d6,8eff542c308c979a,clinical:26,val,0,0,0,0,0,NÃO CLASSIFICÁVEL,NÃO CLASSIFICÁVEL,NÃO CLASSIFICÁVEL,ablation/tissue_classic_1229/images/26_0 (3).jpg
26_0 (4),26_0 (4),26_0 (4).jpg,d8dabb97f9f63059acc2aebf231197d3b53adae383de447896fd544ad99c4a74,9f80739e21d9cc72,clinical:26,val,0,0,0,0,0,NÃO CLASSIFICÁVEL,NÃO CLASSIFICÁVEL,NÃO CLASSIFICÁVEL,ablation/tissue_classic_1229/images/26_0 (4).jpg
26_1,26_1,26_1.jpg,ee74cf1a05d594b8d910d728d5e21b83ad4f7df60aba5374b840a5c4c9060320,8cd331aae8c4c6ed,clinical:26,val,0,0,0,0,0,NÃO CLASSIFICÁVEL,NÃO CLASSIFICÁVEL,NÃO CLASSIFICÁVEL,ablation/tissue_classic_1229/images/26_1.jpg
26_1 (2),26_1 (2),26_1 (2).jpg,ffaa8bda1a242e7b8539f09682f2af9d763ac74ebc836dde884a3ff52e2c5cdb,e91624edf322b2cc,clinical:26,val,0,0,1,0,0,NÃO CLASSIFICÁVEL,ESFACELO,ESFACELO,ablation/tissue_classic_1229/images/26_1 (2).jpg
32_0,32_0,32_0.jpg,e85cdd5b6e09577a293cc89c9db37d59444b4cdc062608fcb9b8c4d4259578cc,869b8cc9338756b9,clinical:32,val,0,0,0,0,0,NÃO CLASSIFICÁVEL,NÃO CLASSIFICÁVEL,NÃO CLASSIFICÁVEL,ablation/tissue_classic_1229/images/32_0.jpg
32_0 (2),32_0 (2),32_0 (2).jpg,c63eab9593f3dd8a0203c54f2c9a9a1c0436d010f69a9b3d680cd0978679a850,d4552dca74edc834,clinical:32,val,0,0,0,0,0,NÃO CLASSIFICÁVEL,NÃO CLASSIFICÁVEL,NÃO CLASSIFICÁVEL,ablation/tissue_classic_1229/images/32_0 (2).jpg
32_0 (3),32_0 (3),32_0 (3).jpg,45b386db1dcc7d0126c7e160207613fb7961dc86d3e98ff7f01c685dda7c263d,a5e79a939991c51c,clinical:32,val,0,1,0,0,0,GRANULAÇÃO,NÃO CLASSIFICÁVEL,GRANULAÇÃO,ablation/tissue_classic_1229/images/32_0 (3).jpg
32_0 (4),32_0 (4),32_0 (4).jpg,1a76e0f714b277c81dfbec384e0a16f5954c40be3103c3077c2fbe0c3ef8d5ea,ada399ce6d2213d8,clinical:32,val,0,1,1,0,0,GRANULAÇÃO,ESFACELO,MULTI,ablation/tissue_classic_1229/images/32_0 (4).jpg
32_1,32_1,32_1.jpg,479764caae82044511d522c2636907704ecd0ac9a8f5266a9572df000a2743f7,b5c01b8f2518b779,clinical:32,val,0,1,0,0,0,GRANULAÇÃO,NÃO CLASSIFICÁVEL,GRANULAÇÃO,ablation/tissue_classic_1229/images/32_1.jpg
43_0,43_0,43_0.jpg,bf1f828f78302f65d66360a02599224bde8e245176107b0810eae76e15c1b959,a1bfd61d591026f1,clinical:43,val,0,0,0,0,1,NÃO CLASSIFICÁVEL,NÃO CLASSIFICÁVEL,NÃO CLASSIFICÁVEL,ablation/tissue_classic_1229/images/43_0.jpg
43_0 (2),43_0 (2),43_0 (2).jpg,6703f0a1db69c08d8d410eb49c862b3f08ffc7f68966c282738c0a5e597806f6,a2a8cd34bca7a6a6,clinical:43,val,0,1,1,0,0,GRANULAÇÃO,ESFACELO,MULTI,ablation/tissue_classic_1229/images/43_0 (2).jpg
43_0 (3),43_0 (3),43_0 (3).jpg,3311a7cc81353fe61f8b2d5d5b1d21a5c4001aee654c76da71cea3c73067972a,e1c895329b9c77e0,clinical:43,val,0,1,0,0,0,GRANULAÇÃO,NÃO CLASSIFICÁVEL,GRANULAÇÃO,ablation/tissue_classic_1229/images/43_0 (3).jpg
43_0 (4),43_0 (4),43_0 (4).jpg,12243c9b1b1bf8bfd929110ca456f24b28fb19866dfbd98bec19d82b979d0fb1,a852e529fac29dc9,clinical:43,val,0,0,0,0,0,NÃO CLASSIFICÁVEL,NÃO CLASSIFICÁVEL,NÃO CLASSIFICÁVEL,ablation/tissue_classic_1229/images/43_0 (4).jpg
48_0,48_0,48_0.jpg,048d786ca9869bd6c864c51de854239443024052c1746ee4bca6a460a606e9d3,8687c91c36679cec,clinical:48,val,0,1,0,0,0,GRANULAÇÃO,NÃO CLASSIFICÁVEL,GRANULAÇÃO,ablation/tissue_classic_1229/images/48_0.jpg
48_0 (2),48_0 (2),48_0 (2).jpg,2402b46d5d5771cec0261f8de50e021c43c55177d6314b666e9e5b089da5c89a,d0d9cd26b229373a,clinical:48,val,0,1,0,0,0,GRANULAÇÃO,NÃO CLASSIFICÁVEL,GRANULAÇÃO,ablation/tissue_classic_1229/images/48_0 (2).jpg
48_0 (3),48_0 (3),48_0 (3).jpg,decee6b54702b38af4e7ab31d215462e0ce9a6ca094774fd30f91786874f5820,fe15b1cb48363166,clinical:48,val,0,1,0,0,0,GRANULAÇÃO,NÃO CLASSIFICÁVEL,GRANULAÇÃO,ablation/tissue_classic_1229/images/48_0 (3).jpg
48_0 (4),48_0 (4),48_0 (4).jpg,702f36e370875808268e373f46deed50a993d1cc07e9f1e42bc3a0658e11b93f,82319996b399fc6c,clinical:48,val,0,0,0,0,0,NÃO CLASSIFICÁVEL,NÃO CLASSIFICÁVEL,NÃO CLASSIFICÁVEL,ablation/tissue_classic_1229/images/48_0 (4).jpg
48_1,48_1,48_1.jpg,ed616d36925519294928358b952e53926f42c31058c85395ed0738f7ebb29de9,ff1477ebae018841,clinical:48,val,0,1,0,0,0,GRANULAÇÃO,NÃO CLASSIFICÁVEL,GRANULAÇÃO,ablation/tissue_classic_1229/images/48_1.jpg
48_2,48_2,48_2.jpg,5a6fde5c01010beb3e0314983e0eadde6d97314af535ea945bdd3ecbeaf09307,b5dbde2512926938,clinical:48,val,0,1,0,0,0,GRANULAÇÃO,NÃO CLASSIFICÁVEL,GRANULAÇÃO,ablation/tissue_classic_1229/images/48_2.jpg
48_3,48_3,48_3.jpg,cf9f5cce44bcff0e2fd95151dcf0ff032ba2d3d8ad4dad3e1e1099de96f5c374,9ec1f05fcb62b098,clinical:48,val,0,0,0,0,0,NÃO CLASSIFICÁVEL,NÃO CLASSIFICÁVEL,NÃO CLASSIFICÁVEL,ablation/tissue_classic_1229/images/48_3.jpg
53_0,53_0,53_0.jpg,833bd71f468f49cc264a144e8934299620b42c1d3b79060bf72a9dfd99ab99f4,a07c8743e4e939d6,clinical:53,val,0,0,0,0,0,NÃO CLASSIFICÁVEL,NÃO CLASSIFICÁVEL,NÃO CLASSIFICÁVEL,ablation/tissue_classic_1229/images/53_0.jpg
53_0 (2),53_0 (2),53_0 (2).jpg,616d77af73c50bd4c93d78076c8e366a60d720822bbb3983aa66693f9278b2c0,e8d5c5176ad991c4,clinical:53,val,0,1,0,1,0,GRANULAÇÃO,NECROSE SECA,MULTI,ablation/tissue_classic_1229/images/53_0 (2).jpg
53_0 (3),53_0 (3),53_0 (3).jpg,c2e0d1524e861a06d64aa54fb31b86961cc6a503b8e00c9cd367ae12922eed41,ea84fc94c8dec15a,clinical:53,val,0,1,1,0,0,GRANULAÇÃO,ESFACELO,MULTI,ablation/tissue_classic_1229/images/53_0 (3).jpg
53_0 (4),53_0 (4),53_0 (4).jpg,a1d8d181f1ae1cd52c9af063cf1275deaac4bb44b0beb69aef02ba0c71040e03,9e6f339058cce5c4,clinical:53,val,0,0,1,0,1,NÃO CLASSIFICÁVEL,ESFACELO,ESFACELO,ablation/tissue_classic_1229/images/53_0 (4).jpg
53_1,53_1,53_1.jpg,e43a56e1f0e434e013e095da4e8ccd9b3467e8d7bc187a1e8a9173bfe0d1c698,aba9553387555712,clinical:53,val,0,1,0,0,0,GRANULAÇÃO,NÃO CLASSIFICÁVEL,GRANULAÇÃO,ablation/tissue_classic_1229/images/53_1.jpg
53_2,53_2,53_2.jpg,82bbfa4885a13bfa3ef638e4956b23b27a18322aeb702893a694024c15ec81b8,b701d25caaf124bb,clinical:53,val,1,0,0,0,0,HIPEREMIA,NÃO CLASSIFICÁVEL,HIPEREMIA,ablation/tissue_classic_1229/images/53_2.jpg
53_3,53_3,53_3.jpg,0eec22727b547813921dcb1cd8e182eb675b029360d92e95351a47518a555924,ae7e855143e4e839,clinical:53,val,0,0,0,0,0,NÃO CLASSIFICÁVEL,NÃO CLASSIFICÁVEL,NÃO CLASSIFICÁVEL,ablation/tissue_classic_1229/images/53_3.jpg
53_4,53_4,53_4.jpg,06e45aea87259b1592afac1bce75f4ff6555a0d3b7a6291ff614fdd71afe2a7d,b54b1631ca27b38b,clinical:53,val,1,1,0,0,0,AMBAS,NÃO CLASSIFICÁVEL,MULTI,ablation/tissue_classic_1229/images/53_4.jpg
56_0,56_0,56_0.jpg,733cb263f19b6d91840a4bc7a41c84d358bb67bb65152c4a57870bffaaa7fc75,8dad3555caaa4c66,clinical:56,val,0,0,0,0,0,NÃO CLASSIFICÁVEL,NÃO CLASSIFICÁVEL,NÃO CLASSIFICÁVEL,ablation/tissue_classic_1229/images/56_0.jpg
56_0 (2),56_0 (2),56_0 (2).jpg,f3ceb49b6a442dc8b7dfdf46191fa599cdc078ca3f8201272dbc32deb402a723,8829726cc5ee3d9a,clinical:56,val,0,0,0,0,0,NÃO CLASSIFICÁVEL,NÃO CLASSIFICÁVEL,NÃO CLASSIFICÁVEL,ablation/tissue_classic_1229/images/56_0 (2).jpg
56_0 (3),56_0 (3),56_0 (3).jpg,3ea0c09a82f69298e68cefb3c7a6aecf7a69490e759b158e8a752e0ef916c6d2,fec324781f70a16c,clinical:56,val,1,0,0,0,0,HIPEREMIA,NÃO CLASSIFICÁVEL,HIPEREMIA,ablation/tissue_classic_1229/images/56_0 (3).jpg
56_0 (4),56_0 (4),56_0 (4).jpg,83369ebc1035a4ffff583a606098fede15c2a6f69c2d6401157b3e307c90ebb6,af298541ce6a3557,clinical:56,val,1,0,0,0,0,HIPEREMIA,NÃO CLASSIFICÁVEL,HIPEREMIA,ablation/tissue_classic_1229/images/56_0 (4).jpg
56_1,56_1,56_1.jpg,2ce326419d678dea737ef3b2c42abf0b9eac8c3644854d2798d2ef04a013d375,bb80ef13fa42e864,clinical:56,val,0,1,0,0,0,GRANULAÇÃO,NÃO CLASSIFICÁVEL,GRANULAÇÃO,ablation/tissue_classic_1229/images/56_1.jpg
56_1 (2),56_1 (2),56_1 (2).jpg,c4bfad0d2e8179810c87a921b4f2b3f16921381b50bc47b0b6edea1b1e618540,b894c76b6f943249,clinical:56,val,0,1,0,0,0,GRANULAÇÃO,NÃO CLASSIFICÁVEL,GRANULAÇÃO,ablation/tissue_classic_1229/images/56_1 (2).jpg
56_2,56_2,56_2.jpg,4660755c8f96ff86a6a48b6f9e5889e3961b7487db1f25800d2b66af24f5ada5,92874de6331919fc,clinical:56,val,0,1,0,0,0,GRANULAÇÃO,NÃO CLASSIFICÁVEL,GRANULAÇÃO,ablation/tissue_classic_1229/images/56_2.jpg
67_0,67_0,67_0.jpg,5fde3dafa0cc2c7650a9b7f8b79284a9e76c515f660b4669e9c6591cbdcc50f1,bd07c26450bd5b55,clinical:67,val,0,0,0,0,0,NÃO CLASSIFICÁVEL,NÃO CLASSIFICÁVEL,NÃO CLASSIFICÁVEL,ablation/tissue_classic_1229/images/67_0.jpg
67_0 (2),67_0 (2),67_0 (2).jpg,bc232095da98f2b100314f4d7fb931d0815fcf55b927301d691dfa492439f896,b8bc85f564353a4c,clinical:67,val,0,1,0,0,0,GRANULAÇÃO,NÃO CLASSIFICÁVEL,GRANULAÇÃO,ablation/tissue_classic_1229/images/67_0 (2).jpg
67_0 (3),67_0 (3),67_0 (3).jpg,a5e0783888b3351c6d86bf375aef8a5d24b1e5fa1e5699b39a8349d29365e9d2,885617c368be34bd,clinical:67,val,0,0,1,0,0,NÃO CLASSIFICÁVEL,ESFACELO,ESFACELO,ablation/tissue_classic_1229/images/67_0 (3).jpg
67_0 (4),67_0 (4),67_0 (4).jpg,a264ad32fe65b76cc8a5b1061f2c471d9c77b51340ac2b6613efbf66d639e74a,f8211f1e8f03878f,clinical:67,val,0,0,0,0,0,NÃO CLASSIFICÁVEL,NÃO CLASSIFICÁVEL,NÃO CLASSIFICÁVEL,ablation/tissue_classic_1229/images/67_0 (4).jpg
67_1,67_1,67_1.jpg,efe2e06d3bc926d749f70ad193271b41647c06c2df928799e1767b50c439432d,88049b987e774e6d,clinical:67,val,0,1,1,0,0,GRANULAÇÃO,ESFACELO,MULTI,ablation/tissue_classic_1229/images/67_1.jpg
67_1 (2),67_1 (2),67_1 (2).jpg,27214d24d4ecea61307767d641a9463f81e6c8966f392441b8bce50a113bd341,bf81bfd0b680ca49,clinical:67,val,1,0,0,0,0,HIPEREMIA,NÃO CLASSIFICÁVEL,HIPEREMIA,ablation/tissue_classic_1229/images/67_1 (2).jpg
77,77,77.jpg,a3c811032828862785c3283d9580efe02b5a763420fcd88cd7b5d7adeb50b59e,80e42cf76a8625ef,name:77,val,0,0,0,0,0,NÃO CLASSIFICÁVEL,NÃO CLASSIFICÁVEL,NÃO CLASSIFICÁVEL,ablation/tissue_classic_1229/images/77.jpg
79_0,79_0,79_0.jpg,18446b913f7b5389e038f4dc28ea7e2b8cfe1332b5da220c1bc2e6382da797ac,ad19c6dd8659b251,clinical:79,val,0,1,1,0,0,GRANULAÇÃO,ESFACELO,MULTI,ablation/tissue_classic_1229/images/79_0.jpg
79_0 (2),79_0 (2),79_0 (2).jpg,fd5138dbf15f3d85efe00e04109b221b5485695d201b0da60b033e55557eb641,d4e2cfc93026c99b,clinical:79,val,0,0,0,0,0,NÃO CLASSIFICÁVEL,NÃO CLASSIFICÁVEL,NÃO CLASSIFICÁVEL,ablation/tissue_classic_1229/images/79_0 (2).jpg
79_0 (3),79_0 (3),79_0 (3).jpg,81bf913c3657b0bb3ab1696adb17f3f68c8682f7095fc3803df8ec166f8e38e9,e62c24f3999e8cd1,clinical:79,val,0,0,0,0,0,NÃO CLASSIFICÁVEL,NÃO CLASSIFICÁVEL,NÃO CLASSIFICÁVEL,ablation/tissue_classic_1229/images/79_0 (3).jpg
79_0 (4),79_0 (4),79_0 (4).jpg,7ddafe2c8c5f4403d4f49f7af1817a9e1988506f54afdd0e50823f08508a05ed,d59482c7ecd835c6,clinical:79,val,0,0,1,0,0,NÃO CLASSIFICÁVEL,ESFACELO,ESFACELO,ablation/tissue_classic_1229/images/79_0 (4).jpg
82,82,82.jpg,b23c7017a4fcb7fa9e6bf09656b8b74efcb4989f7762b37f8c3acdd1b19ba2c8,b793536b496351c4,name:82,val,0,0,0,0,0,NÃO CLASSIFICÁVEL,NÃO CLASSIFICÁVEL,NÃO CLASSIFICÁVEL,ablation/tissue_classic_1229/images/82.jpg
88_0,88_0,88_0.jpg,5f755a4cb190cfe4294704980b7dad60b51b1807bcffc20e2df73e91aa33bd6b,99b8cc669763c68c,clinical:88,val,0,1,0,0,0,GRANULAÇÃO,NÃO CLASSIFICÁVEL,GRANULAÇÃO,ablation/tissue_classic_1229/images/88_0.jpg
88_0 (2),88_0 (2),88_0 (2).jpg,992a761fc56d083e8b38877c4f5abb66cb3c662fe422226b4a5a5ef913076b36,c56f1e2632994d72,clinical:88,val,0,0,1,0,0,NÃO CLASSIFICÁVEL,ESFACELO,ESFACELO,ablation/tissue_classic_1229/images/88_0 (2).jpg
88_0 (3),88_0 (3),88_0 (3).jpg,ba3aa63a4d23041040fd3e9d187f4b8df4a3e321d7d9da6a38c714b02ddee3a7,aa9a359a1ec0ad4f,clinical:88,val,0,0,0,0,0,NÃO CLASSIFICÁVEL,NÃO CLASSIFICÁVEL,NÃO CLASSIFICÁVEL,ablation/tissue_classic_1229/images/88_0 (3).jpg
89_0,89_0,89_0.jpg,dbe573b27bbf93470d83618bab9a3a74a66cf037a7789b7ce7f6e899adcd3257,de86604bf364ce32,clinical:89,val,0,1,1,0,0,GRANULAÇÃO,ESFACELO,MULTI,ablation/tissue_classic_1229/images/89_0.jpg
89_0 (2),89_0 (2),89_0 (2).jpg,8126550381ff98be153551b0f11d1d701f2bdfee95c0900dbfe6e16109eb0980,da5aeec969e5c440,clinical:89,val,0,0,0,0,0,NÃO CLASSIFICÁVEL,NÃO CLASSIFICÁVEL,NÃO CLASSIFICÁVEL,ablation/tissue_classic_1229/images/89_0 (2).jpg
89_0 (4),89_0 (4),89_0 (4).jpg,191f8484a2c9b0ab07f2186c6c1ba699fc5bf0f0bafbdf13b4ad5e66819e0571,fa0b94b08bc7398d,clinical:89,val,0,0,0,0,0,NÃO CLASSIFICÁVEL,NÃO CLASSIFICÁVEL,NÃO CLASSIFICÁVEL,ablation/tissue_classic_1229/images/89_0 (4).jpg
98_0,98_0,98_0.jpg,a78eccd1a9f766376938d28eab18ee4007b7a4280531ddc0a6610ed1f996ce0a,be5d7168f158702a,clinical:98,val,0,0,0,1,0,NÃO CLASSIFICÁVEL,NECROSE SECA,NECROSE SECA,ablation/tissue_classic_1229/images/98_0.jpg
98_0 (2),98_0 (2),98_0 (2).jpg,e797976c4b883b3b9622f01ea953cc58d5eece04ca22b6b9cccc829570f43e3e,e94ba44c8b34b87e,clinical:98,val,0,0,1,0,0,NÃO CLASSIFICÁVEL,ESFACELO,ESFACELO,ablation/tissue_classic_1229/images/98_0 (2).jpg
98_0 (3),98_0 (3),98_0 (3).jpg,2b6499b6ffdca2b08f5670e27705718507c05e11f418c376b2c9744ed24ea14a,97fc2cca3a34e431,clinical:98,val,0,1,0,0,0,GRANULAÇÃO,NÃO CLASSIFICÁVEL,GRANULAÇÃO,ablation/tissue_classic_1229/images/98_0 (3).jpg
98_1,98_1,98_1.jpg,77c4fb8d9f6342ad6d0e079504f1290d29f56733f3e3eae4dfb62c78967a12b7,f3a7cc6431b2e2c8,clinical:98,val,0,0,0,0,0,NÃO CLASSIFICÁVEL,NÃO CLASSIFICÁVEL,NÃO CLASSIFICÁVEL,ablation/tissue_classic_1229/images/98_1.jpg
stage_1_14215,stage_1_14215,stage_1_14215.jpg,5359e8888bd9711031946c0ed85acb60eda0bca979d61cc600755901eb13b66a,bf409725e922de15,name:stage_1_14215,val,1,0,0,0,0,HIPEREMIA,NÃO CLASSIFICÁVEL,HIPEREMIA,ablation/tissue_classic_1229/images/stage_1_14215.jpg
stage_1_14325,stage_1_14325,stage_1_14325.jpg,611b3781bba706188c22658be72753e576ba49b71ed393b1ce1c67dc3bcae29a,f29d7289f608f708,name:stage_1_14325,val,1,0,0,0,0,HIPEREMIA,NÃO CLASSIFICÁVEL,HIPEREMIA,ablation/tissue_classic_1229/images/stage_1_14325.jpg
stage_1_15380,stage_1_15380,stage_1_15380.jpg,52419b5cc3fe1327d1fa44fa9cc4eb9e165e377f5d99fd6f7eab39dc53ca6668,e4c39279c215e52f,name:stage_1_15380,val,1,0,0,0,0,HIPEREMIA,NÃO CLASSIFICÁVEL,HIPEREMIA,ablation/tissue_classic_1229/images/stage_1_15380.jpg
stage_1_25731,stage_1_25731,stage_1_25731.jpg,ff8df2f12eb7af881b7aaf7b95a87bd12aed86676778c5b4327726918df0df13,f6e887379ccad300,name:stage_1_25731,val,1,0,0,0,0,HIPEREMIA,NÃO CLASSIFICÁVEL,HIPEREMIA,ablation/tissue_classic_1229/images/stage_1_25731.jpg
stage_1_27512,stage_1_27512,stage_1_27512.jpg,2500603b0aa5acb0dc5ac047925c19dfe497ca77cd3786fe78daf1aaa7b79252,ea1a6539c7b8cc32,name:stage_1_27512,val,1,0,0,0,0,HIPEREMIA,NÃO CLASSIFICÁVEL,HIPEREMIA,ablation/tissue_classic_1229/images/stage_1_27512.jpg
stage_1_28983,stage_1_28983,stage_1_28983.jpg,82e7a32cadd1d5cd6c530f523fd1ddb2081061b6a16a4e9d15f0a267255f4a2a,afbed0e1c9852652,name:stage_1_28983,val,1,0,0,0,0,HIPEREMIA,NÃO CLASSIFICÁVEL,HIPEREMIA,ablation/tissue_classic_1229/images/stage_1_28983.jpg
stage_1_3082,stage_1_3082,stage_1_3082.jpg,0a9bc44398048e2ed22b976faf0881495d6349e8e11c99bc2ea6bc3c9444800a,b8fbc0dc0ceb49c4,name:stage_1_3082,val,1,0,0,0,0,HIPEREMIA,NÃO CLASSIFICÁVEL,HIPEREMIA,ablation/tissue_classic_1229/images/stage_1_3082.jpg
stage_1_31880,stage_1_31880,stage_1_31880.jpg,e97c3cd69f2ae7bbe165d334fbf695744dd7449ca54af88a4e6be3363b16ff48,c794d652d618cb3a,name:stage_1_31880,val,0,0,0,0,0,NÃO CLASSIFICÁVEL,NÃO CLASSIFICÁVEL,NÃO CLASSIFICÁVEL,ablation/tissue_classic_1229/images/stage_1_31880.jpg
stage_1_31949,stage_1_31949,stage_1_31949.jpg,3bb83728349ff2474ebfa3cf4e1d223801c67edc89850dc54e6d9ec2a6388a07,ba6a4ad13c35c56c,name:stage_1_31949,val,1,0,0,0,0,HIPEREMIA,NÃO CLASSIFICÁVEL,HIPEREMIA,ablation/tissue_classic_1229/images/stage_1_31949.jpg
stage_1_32009,stage_1_32009,stage_1_32009.jpg,f53329cd6ec3c0a5eaebde4c1970289176688b22327ff6d21b749c70b69e61c3,ba85fa15e09f209e,name:stage_1_32009,val,1,0,0,0,0,HIPEREMIA,NÃO CLASSIFICÁVEL,HIPEREMIA,ablation/tissue_classic_1229/images/stage_1_32009.jpg
stage_1_32029,stage_1_32029,stage_1_32029.jpg,8dc064699af452f70464002cea77092834931be8a7ebbea1d4db91239dc29707,a98ac3659d652cba,name:stage_1_32029,val,1,0,0,0,0,HIPEREMIA,NÃO CLASSIFICÁVEL,HIPEREMIA,ablation/tissue_classic_1229/images/stage_1_32029.jpg
stage_1_33351,stage_1_33351,stage_1_33351.jpg,3824a64c4271eb142230d27ec82198497031b172220d2d2d373a69cba3b3421b,e766e521b89e0729,name:stage_1_33351,val,1,0,0,0,0,HIPEREMIA,NÃO CLASSIFICÁVEL,HIPEREMIA,ablation/tissue_classic_1229/images/stage_1_33351.jpg
stage_1_35367,stage_1_35367,stage_1_35367.jpg,e28e9835089da16b0a402a04ad3fa377f1f5b6746efba29fe60983b6bfdda591,f5554b466a5a4aca,name:stage_1_35367,val,1,0,0,0,0,HIPEREMIA,NÃO CLASSIFICÁVEL,HIPEREMIA,ablation/tissue_classic_1229/images/stage_1_35367.jpg
stage_1_3538,stage_1_3538,stage_1_3538.jpg,5e3da375b065387b801a64f4a672031c07e92e692dcf7c0b63449a9f80a7e661,a0f1b61edf89d980,name:stage_1_3538,val,1,0,0,0,0,HIPEREMIA,NÃO CLASSIFICÁVEL,HIPEREMIA,ablation/tissue_classic_1229/images/stage_1_3538.jpg
stage_1_39709,stage_1_39709,stage_1_39709.jpg,28597e9b030c00ea901f5e6f322e3bd39e40fbb90f76ac8c76c1983fa9ed0e9c,b295909e67b18d93,name:stage_1_39709,val,1,0,0,0,0,HIPEREMIA,NÃO CLASSIFICÁVEL,HIPEREMIA,ablation/tissue_classic_1229/images/stage_1_39709.jpg
stage_1_44595,stage_1_44595,stage_1_44595.jpg,dd0649f351ca3ce4e80688437d415782c4997974e7ea1bad45277ef4a7e12440,b7a80b36434d6e39,name:stage_1_44595,val,1,0,0,0,0,HIPEREMIA,NÃO CLASSIFICÁVEL,HIPEREMIA,ablation/tissue_classic_1229/images/stage_1_44595.jpg
stage_1_47137,stage_1_47137,stage_1_47137.jpg,9c8f5b85957f129efe10a435c27202a4572bbb91348be1a83da1065dfdbed97f,fc6dd124611974e3,name:stage_1_47137,val,1,0,0,0,0,HIPEREMIA,NÃO CLASSIFICÁVEL,HIPEREMIA,ablation/tissue_classic_1229/images/stage_1_47137.jpg
stage_1_50884,stage_1_50884,stage_1_50884.jpg,b9219e8d348b744bf467b0bab166ab26e00cf8947bfecddb8c21fc5a41128b10,eacacaeac31c3cc8,name:stage_1_50884,val,1,0,0,0,0,HIPEREMIA,NÃO CLASSIFICÁVEL,HIPEREMIA,ablation/tissue_classic_1229/images/stage_1_50884.jpg
stage_1_56254,stage_1_56254,stage_1_56254.jpg,cf6a0fee9ba2202c160a496236fdf78e97eb76b20cede36f43d4e23c36916145,f7ba29c2ce869606,name:stage_1_56254,val,1,0,0,0,0,HIPEREMIA,NÃO CLASSIFICÁVEL,HIPEREMIA,ablation/tissue_classic_1229/images/stage_1_56254.jpg
stage_1_57860,stage_1_57860,stage_1_57860.jpg,33de7c8af8774b5b5bf9bf1ab084b5d27a32d9465c99c6ea64df485107480882,b39144ce8d267b99,name:stage_1_57860,val,1,0,0,0,0,HIPEREMIA,NÃO CLASSIFICÁVEL,HIPEREMIA,ablation/tissue_classic_1229/images/stage_1_57860.jpg
stage_1_58048,stage_1_58048,stage_1_58048.jpg,d5b4600a1109787c181f77ca934ba74b4cd27cac08a7763166d80505fd496ec7,ee94b4b19b856d88,name:stage_1_58048,val,1,0,0,0,0,HIPEREMIA,NÃO CLASSIFICÁVEL,HIPEREMIA,ablation/tissue_classic_1229/images/stage_1_58048.jpg
stage_1_58672,stage_1_58672,stage_1_58672.jpg,e508b6120f7c2be9c52dd07d34a919100510fb8ffac4b5e431459f3a727bd8ea,88f895e7cb90d83a,name:stage_1_58672,val,1,0,0,0,0,HIPEREMIA,NÃO CLASSIFICÁVEL,HIPEREMIA,ablation/tissue_classic_1229/images/stage_1_58672.jpg
stage_1_61844,stage_1_61844,stage_1_61844.jpg,e0814a0bbdd0a1a8d37a62d7fd98a7ba5431a30477aa5c0f3ced05c1945216de,d7830f806fc1fd81,name:stage_1_61844,val,1,0,0,0,0,HIPEREMIA,NÃO CLASSIFICÁVEL,HIPEREMIA,ablation/tissue_classic_1229/images/stage_1_61844.jpg
stage_1_62380,stage_1_62380,stage_1_62380.jpg,3ddc91b0c2fd07fd348bd061df2f0e374239b880f0c2ce2ea8132b3776d247d2,a8d0f2c7e412e53b,name:stage_1_62380,val,1,0,0,0,0,HIPEREMIA,NÃO CLASSIFICÁVEL,HIPEREMIA,ablation/tissue_classic_1229/images/stage_1_62380.jpg
stage_1_66861,stage_1_66861,stage_1_66861.jpg,a2e161098319d99d50f1e88a8e9033ce67c294782fd4702ac41cfb9fa493cef9,9181f03fcfe09c4e,name:stage_1_66861,val,1,0,0,0,0,HIPEREMIA,NÃO CLASSIFICÁVEL,HIPEREMIA,ablation/tissue_classic_1229/images/stage_1_66861.jpg
stage_1_70472,stage_1_70472,stage_1_70472.jpg,86debf9c987531a6680fea7d5c0a2ec390c3dba1bb02a4969a41af709b806639,bc96c33b986c5664,name:stage_1_70472,val,1,0,0,0,0,HIPEREMIA,NÃO CLASSIFICÁVEL,HIPEREMIA,ablation/tissue_classic_1229/images/stage_1_70472.jpg
stage_1_7278,stage_1_7278,stage_1_7278.jpg,6048fa4c42d5782ee80d9fb5857d4cad9e29b67a0c44fc2799aa30f7b40d3d61,dd69dd5040bc705e,name:stage_1_7278,val,1,0,0,0,0,HIPEREMIA,NÃO CLASSIFICÁVEL,HIPEREMIA,ablation/tissue_classic_1229/images/stage_1_7278.jpg
stage_1_84914,stage_1_84914,stage_1_84914.jpg,a34dfb9d0cf0f3cc580c00d6ff024519e13b0cc1a59f2f9c0e191412cc154304,ae539142cb4cb6ad,name:stage_1_84914,val,1,0,0,0,0,HIPEREMIA,NÃO CLASSIFICÁVEL,HIPEREMIA,ablation/tissue_classic_1229/images/stage_1_84914.jpg
stage_1_87061,stage_1_87061,stage_1_87061.jpg,e6987f09eea86ab3d8d61c793ffa4e45fba84676a9316b31968b9ce5e1b0a995,e5cca44656bada58,name:stage_1_87061,val,1,0,0,0,0,HIPEREMIA,NÃO CLASSIFICÁVEL,HIPEREMIA,ablation/tissue_classic_1229/images/stage_1_87061.jpg
stage_1_9332,stage_1_9332,stage_1_9332.jpg,7b9c936c1519202b7c4547ee2b598d17d65f20b330500e29d22c6da8b8e43510,f70f7038e42e2789,name:stage_1_9332,val,1,0,0,0,0,HIPEREMIA,NÃO CLASSIFICÁVEL,HIPEREMIA,ablation/tissue_classic_1229/images/stage_1_9332.jpg
stage_1_94637,stage_1_94637,stage_1_94637.jpg,747aadf1892329673e4db80da8754e6e41ec23f315e1baeb3ac9675a301775c5,fac59b9a131b9c42,name:stage_1_94637,val,1,0,0,0,0,HIPEREMIA,NÃO CLASSIFICÁVEL,HIPEREMIA,ablation/tissue_classic_1229/images/stage_1_94637.jpg
stage_1_95425,stage_1_95425,stage_1_95425.jpg,de59f6bd616033bdec74be0a9e7876e045aabcc356b60ed9a7f1a7092b7095b0,b3c495bda52ac853,name:stage_1_95425,val,1,0,0,0,0,HIPEREMIA,NÃO CLASSIFICÁVEL,HIPEREMIA,ablation/tissue_classic_1229/images/stage_1_95425.jpg
stage_1_96025,stage_1_96025,stage_1_96025.jpg,d35518644c98a970f07a6572d5a74345de7e7f361082a0c8b4ee0ef8d5ca1ecc,edc38435e7871661,name:stage_1_96025,val,1,0,0,0,0,HIPEREMIA,NÃO CLASSIFICÁVEL,HIPEREMIA,ablation/tissue_classic_1229/images/stage_1_96025.jpg
stage_1_96268,stage_1_96268,stage_1_96268.jpg,0c1840e5be85b7e1e12cd5f4637f88ed501d7bff4c73cefb0c1f4c15f82c2332,eadab5819c9c9172,name:stage_1_96268,val,0,0,0,0,0,NÃO CLASSIFICÁVEL,NÃO CLASSIFICÁVEL,NÃO CLASSIFICÁVEL,ablation/tissue_classic_1229/images/stage_1_96268.jpg
stage_1_98533,stage_1_98533,stage_1_98533.jpg,323388afd01f3d1eae6dd85ae74701fe902b9d04dbf4e21c2138f6a522833ab6,bea9b69920d324d3,name:stage_1_98533,val,0,0,0,0,0,NÃO CLASSIFICÁVEL,NÃO CLASSIFICÁVEL,NÃO CLASSIFICÁVEL,ablation/tissue_classic_1229/images/stage_1_98533.jpg
stage_2_10392,stage_2_10392,stage_2_10392.jpg,1cdbd0b044680523a000911cdd8ed7d5bcf67791137a9438befa6c9b4fe9e8ef,eda8f29392d49c8a,name:stage_2_10392,val,0,0,0,0,0,NÃO CLASSIFICÁVEL,NÃO CLASSIFICÁVEL,NÃO CLASSIFICÁVEL,ablation/tissue_classic_1229/images/stage_2_10392.jpg
stage_2_11692,stage_2_11692,stage_2_11692.jpg,22208d59d1a7b0130b995f4ae03fd76789c9ecf52072767d4b2a0452d4ff8d69,ff988567b1e1848c,name:stage_2_11692,val,0,0,0,0,0,NÃO CLASSIFICÁVEL,NÃO CLASSIFICÁVEL,NÃO CLASSIFICÁVEL,ablation/tissue_classic_1229/images/stage_2_11692.jpg
stage_2_1196,stage_2_1196,stage_2_1196.jpg,efece96fae963d8aa2ef8c6c8e8beaabb10863812aeedd73b4ee7f2a8bc9ea53,e670908987eb89e7,name:stage_2_1196,val,0,0,0,0,0,NÃO CLASSIFICÁVEL,NÃO CLASSIFICÁVEL,NÃO CLASSIFICÁVEL,ablation/tissue_classic_1229/images/stage_2_1196.jpg
stage_2_12416,stage_2_12416,stage_2_12416.jpg,f0eae22c751bc262b8340bbdbfdfc5ca35a9ff8b9ed073600bc96a1534cdefbe,a8a1e5dab2c7329c,name:stage_2_12416,val,0,0,0,0,0,NÃO CLASSIFICÁVEL,NÃO CLASSIFICÁVEL,NÃO CLASSIFICÁVEL,ablation/tissue_classic_1229/images/stage_2_12416.jpg
stage_2_13424,stage_2_13424,stage_2_13424.jpg,e193913f989d7a915b4d8c039ea844d12c377385dc5fce9a45031968449ae821,870178fcc43319ef,name:stage_2_13424,val,0,0,0,0,0,NÃO CLASSIFICÁVEL,NÃO CLASSIFICÁVEL,NÃO CLASSIFICÁVEL,ablation/tissue_classic_1229/images/stage_2_13424.jpg
stage_2_17852,stage_2_17852,stage_2_17852.jpg,2e8bfbd90a0cba0b20cfadf1ddc74b51dcaacf4e0e0406e30bf0b3b1ff644be7,abc5869d8b32ae61,name:stage_2_17852,val,0,0,0,0,0,NÃO CLASSIFICÁVEL,NÃO CLASSIFICÁVEL,NÃO CLASSIFICÁVEL,ablation/tissue_classic_1229/images/stage_2_17852.jpg
stage_2_19161,stage_2_19161,stage_2_19161.jpg,bdd8cba302f616a1e3c14971db0ed7e098c5fc6fc4ce9cf3e053307317f6b525,eed9b9648c93d260,name:stage_2_19161,val,0,0,0,0,0,NÃO CLASSIFICÁVEL,NÃO CLASSIFICÁVEL,NÃO CLASSIFICÁVEL,ablation/tissue_classic_1229/images/stage_2_19161.jpg
stage_2_19369,stage_2_19369,stage_2_19369.jpg,bf549b78cb11560abf80d40766ea4a95e12b607f732a58e77006d4a410d64f33,d4c76b9acd29c065,name:stage_2_19369,val,0,0,0,0,0,NÃO CLASSIFICÁVEL,NÃO CLASSIFICÁVEL,NÃO CLASSIFICÁVEL,ablation/tissue_classic_1229/images/stage_2_19369.jpg
stage_2_19961,stage_2_19961,stage_2_19961.jpg,9a0493fbb81f332bb42dfbd0da0df9be5367bb053be0022ef7adda82f5fa9f24,c8f9f1d2d83947c0,name:stage_2_19961,val,0,0,0,0,0,NÃO CLASSIFICÁVEL,NÃO CLASSIFICÁVEL,NÃO CLASSIFICÁVEL,ablation/tissue_classic_1229/images/stage_2_19961.jpg
stage_2_20346,stage_2_20346,stage_2_20346.jpg,c1044fcdc2c8ae8cb6bf58306d9f2fb8873ad9b6fc20724d2825bbf92f66ac77,ef9fc0e0c4e36330,name:stage_2_20346,val,0,0,0,0,0,NÃO CLASSIFICÁVEL,NÃO CLASSIFICÁVEL,NÃO CLASSIFICÁVEL,ablation/tissue_classic_1229/images/stage_2_20346.jpg
stage_2_24453,stage_2_24453,stage_2_24453.jpg,8c5e54a4e4e05ebf31d79f65866ad912da7df9c3e0009ad1a09beb2c55e1e256,ee6cd01b8fe11c0e,name:stage_2_24453,val,0,0,0,0,0,NÃO CLASSIFICÁVEL,NÃO CLASSIFICÁVEL,NÃO CLASSIFICÁVEL,ablation/tissue_classic_1229/images/stage_2_24453.jpg
stage_2_26406,stage_2_26406,stage_2_26406.jpg,8727fbdea7bb41c0fe3f8357247f683f89c1e6ab765b73f4b2e5ceba1cb6bb0e,ebc2969498b1a72d,name:stage_2_26406,val,0,0,1,0,0,NÃO CLASSIFICÁVEL,ESFACELO,ESFACELO,ablation/tissue_classic_1229/images/stage_2_26406.jpg
stage_2_28271,stage_2_28271,stage_2_28271.jpg,e37d414ffb01e7bb95214d233359b4bc75ad62f52f4dc63695b6c9cc017681f4,a54d563479b2649b,name:stage_2_28271,val,0,0,0,0,0,NÃO CLASSIFICÁVEL,NÃO CLASSIFICÁVEL,NÃO CLASSIFICÁVEL,ablation/tissue_classic_1229/images/stage_2_28271.jpg
stage_2_31799,stage_2_31799,stage_2_31799.jpg,c91b15e434ba0e272bb523b4bd92f8ff293a768f3614f501cf592e33858cddf9,a86ad795dc38c30b,name:stage_2_31799,val,0,0,0,0,0,NÃO CLASSIFICÁVEL,NÃO CLASSIFICÁVEL,NÃO CLASSIFICÁVEL,ablation/tissue_classic_1229/images/stage_2_31799.jpg
stage_2_31907,stage_2_31907,stage_2_31907.jpg,d8eb6516400b606ea6f0f5625800bf483f24288170950c80eae342b8f7b4ee9a,cc54f36d8c84e0f9,name:stage_2_31907,val,0,0,0,0,0,NÃO CLASSIFICÁVEL,NÃO CLASSIFICÁVEL,NÃO CLASSIFICÁVEL,ablation/tissue_classic_1229/images/stage_2_31907.jpg
stage_2_33073,stage_2_33073,stage_2_33073.jpg,ac4e29a71b051aeb4f3c95c2fb945046bf9bc7e1a962185213ba943d5eb7a159,e994aea160dcad63,name:stage_2_33073,val,0,1,1,0,0,GRANULAÇÃO,ESFACELO,MULTI,ablation/tissue_classic_1229/images/stage_2_33073.jpg
stage_2_35189,stage_2_35189,stage_2_35189.jpg,d2558c273a36d1aeaae4aeba462f9a08db055b69925a00ff4f7ebe97e4b3a171,ff84d9c8f246c198,name:stage_2_35189,val,0,0,0,0,0,NÃO CLASSIFICÁVEL,NÃO CLASSIFICÁVEL,NÃO CLASSIFICÁVEL,ablation/tissue_classic_1229/images/stage_2_35189.jpg
stage_2_37475,stage_2_37475,stage_2_37475.jpg,201a54de135eb3be1ab7888f2a9ab0ca985d522b4911553a3468d94570578f0b,e8e1879e989763d0,name:stage_2_37475,val,0,0,0,0,0,NÃO CLASSIFICÁVEL,NÃO CLASSIFICÁVEL,NÃO CLASSIFICÁVEL,ablation/tissue_classic_1229/images/stage_2_37475.jpg
stage_2_3767,stage_2_3767,stage_2_3767.jpg,bf25f6357b2d67b7d2a9f98eefb401188c310f49f1f2a19fac6054c40114e393,e7f03991cf381d60,name:stage_2_3767,val,0,0,0,0,0,NÃO CLASSIFICÁVEL,NÃO CLASSIFICÁVEL,NÃO CLASSIFICÁVEL,ablation/tissue_classic_1229/images/stage_2_3767.jpg
stage_2_40130,stage_2_40130,stage_2_40130.jpg,6a3994d7148f0a8aa81a79be40c7e1c75a55b5634649bf76ed3983e4030eaa56,e502fb2d859a52ea,name:stage_2_40130,val,0,0,0,0,0,NÃO CLASSIFICÁVEL,NÃO CLASSIFICÁVEL,NÃO CLASSIFICÁVEL,ablation/tissue_classic_1229/images/stage_2_40130.jpg
stage_2_41405,stage_2_41405,stage_2_41405.jpg,9df6420e403716f3459548bcf9943a6f71f9eac362d86c6a23cd87ecb14ee77d,afec9398c394861d,name:stage_2_41405,val,0,0,0,0,0,NÃO CLASSIFICÁVEL,NÃO CLASSIFICÁVEL,NÃO CLASSIFICÁVEL,ablation/tissue_classic_1229/images/stage_2_41405.jpg
stage_2_45221,stage_2_45221,stage_2_45221.jpg,2c511527a279b02ad058325131e674ec78428184886b9d4dd079e1cda800f88a,a238bc8dc5c6e13d,name:stage_2_45221,val,0,0,0,0,0,NÃO CLASSIFICÁVEL,NÃO CLASSIFICÁVEL,NÃO CLASSIFICÁVEL,ablation/tissue_classic_1229/images/stage_2_45221.jpg
stage_2_45629,stage_2_45629,stage_2_45629.jpg,288564cfd3d021732924971f868610f57d29c7cd141762d9827b32d32840dadc,e1e4985ad95d5272,name:stage_2_45629,val,0,1,1,1,1,GRANULAÇÃO,AMBAS,MULTI,ablation/tissue_classic_1229/images/stage_2_45629.jpg
stage_2_49231,stage_2_49231,stage_2_49231.jpg,a6905f69f7fca91efde78493b7f9678c7c6b3224dce8ecc366a54d34a35aaf63,c3d5a8cda456a17a,name:stage_2_49231,val,0,0,0,0,0,NÃO CLASSIFICÁVEL,NÃO CLASSIFICÁVEL,NÃO CLASSIFICÁVEL,ablation/tissue_classic_1229/images/stage_2_49231.jpg
stage_2_52889,stage_2_52889,stage_2_52889.jpg,0ac0a2245e62f3d760e93902de0b37605abb7fb8d2111455fac52bd4112300ae,f7a5e89786493360,name:stage_2_52889,val,0,0,0,0,0,NÃO CLASSIFICÁVEL,NÃO CLASSIFICÁVEL,NÃO CLASSIFICÁVEL,ablation/tissue_classic_1229/images/stage_2_52889.jpg
stage_2_54923,stage_2_54923,stage_2_54923.jpg,28a08d08e33cb57f63e6af6074e44c4e579aa281a6b24274374d21ed3da8aad0,8bd86c6db2e60d32,name:stage_2_54923,val,0,0,0,0,0,NÃO CLASSIFICÁVEL,NÃO CLASSIFICÁVEL,NÃO CLASSIFICÁVEL,ablation/tissue_classic_1229/images/stage_2_54923.jpg
stage_2_55070,stage_2_55070,stage_2_55070.jpg,6b0ca78cadd6ce03dc3e89d01887d551e0b0aadf887b2647d3b6c67caf4aee1c,e61c9be7e0b19066,name:stage_2_55070,val,0,0,0,0,0,NÃO CLASSIFICÁVEL,NÃO CLASSIFICÁVEL,NÃO CLASSIFICÁVEL,ablation/tissue_classic_1229/images/stage_2_55070.jpg
stage_2_56439,stage_2_56439,stage_2_56439.jpg,bd73d68655f7fb226d72708ba8ea9e60885048838ae035dac6e81fa6099148c9,8a1bcd686b85f15a,name:stage_2_56439,val,0,0,0,0,0,NÃO CLASSIFICÁVEL,NÃO CLASSIFICÁVEL,NÃO CLASSIFICÁVEL,ablation/tissue_classic_1229/images/stage_2_56439.jpg
stage_2_56925,stage_2_56925,stage_2_56925.jpg,ca453bc09cebb5469529e9e7706d17dccf6d18831688418502a2d4b260dadfa9,9330e44bdebe9813,name:stage_2_56925,val,0,0,0,0,0,NÃO CLASSIFICÁVEL,NÃO CLASSIFICÁVEL,NÃO CLASSIFICÁVEL,ablation/tissue_classic_1229/images/stage_2_56925.jpg
stage_2_57100,stage_2_57100,stage_2_57100.jpg,c9116769b52df50ce254dac99d30e2f7f3448fac2b7e46831e7f9eee2e568621,d1594a6b2b2d25b5,name:stage_2_57100,val,0,0,0,0,0,NÃO CLASSIFICÁVEL,NÃO CLASSIFICÁVEL,NÃO CLASSIFICÁVEL,ablation/tissue_classic_1229/images/stage_2_57100.jpg
stage_2_57387,stage_2_57387,stage_2_57387.jpg,be9947c9cf8b1981f6764239cef19152640300a02ebeb121b2d2533ea7591861,c480743f8bf0cccf,name:stage_2_57387,val,0,0,0,0,0,NÃO CLASSIFICÁVEL,NÃO CLASSIFICÁVEL,NÃO CLASSIFICÁVEL,ablation/tissue_classic_1229/images/stage_2_57387.jpg
stage_2_57806,stage_2_57806,stage_2_57806.jpg,21d36a92c36f380039352f6f30fdc92e8deda7060f8733b8953fd418198ec02a,eee0f968f3198c12,name:stage_2_57806,val,0,0,0,0,0,NÃO CLASSIFICÁVEL,NÃO CLASSIFICÁVEL,NÃO CLASSIFICÁVEL,ablation/tissue_classic_1229/images/stage_2_57806.jpg
stage_2_57909,stage_2_57909,stage_2_57909.jpg,6631f1ca12dd0e478fabc8fe0805bde512e2ca0e4eabde87d9c247dcf0d7c81d,b618c7669ccd3295,name:stage_2_57909,val,0,0,0,0,0,NÃO CLASSIFICÁVEL,NÃO CLASSIFICÁVEL,NÃO CLASSIFICÁVEL,ablation/tissue_classic_1229/images/stage_2_57909.jpg
stage_2_58040,stage_2_58040,stage_2_58040.jpg,ed18703d8d5bdbdd11a005c5dfb02f617e7a5eae98abfb8401fb1d23f77a7298,b6e6db9cc8198664,name:stage_2_58040,val,0,0,0,0,0,NÃO CLASSIFICÁVEL,NÃO CLASSIFICÁVEL,NÃO CLASSIFICÁVEL,ablation/tissue_classic_1229/images/stage_2_58040.jpg
stage_2_58817,stage_2_58817,stage_2_58817.jpg,14605a587548f4d308635cf476dbb93c8bd2efd3cb3a9942611ae0297ca7f2d2,b4ecd2b0c89339ce,name:stage_2_58817,val,0,0,0,0,0,NÃO CLASSIFICÁVEL,NÃO CLASSIFICÁVEL,NÃO CLASSIFICÁVEL,ablation/tissue_classic_1229/images/stage_2_58817.jpg
stage_2_62041,stage_2_62041,stage_2_62041.jpg,4dd5e42a554cb609501eb350c9262b3e17169dd74d700d393a9360b1cd6ef28b,acbcc3f9cc26209e,name:stage_2_62041,val,0,1,1,0,0,GRANULAÇÃO,ESFACELO,MULTI,ablation/tissue_classic_1229/images/stage_2_62041.jpg
stage_2_62455,stage_2_62455,stage_2_62455.jpg,9f994ab4b0f76b9572007470c871101a95c45906e6bcf6191aa742d8e9bbfbcd,de3268cdd6321b49,name:stage_2_62455,val,0,0,0,0,0,NÃO CLASSIFICÁVEL,NÃO CLASSIFICÁVEL,NÃO CLASSIFICÁVEL,ablation/tissue_classic_1229/images/stage_2_62455.jpg
stage_2_64787,stage_2_64787,stage_2_64787.jpg,cd168819ed2ddfb2e28d677ef5347f9b9db5540436003155c2522de09f8c92e7,c23b29e8e98396e6,name:stage_2_64787,val,0,0,0,0,0,NÃO CLASSIFICÁVEL,NÃO CLASSIFICÁVEL,NÃO CLASSIFICÁVEL,ablation/tissue_classic_1229/images/stage_2_64787.jpg
stage_2_65945,stage_2_65945,stage_2_65945.jpg,a190a501d1fdde98ccb573f55c334e6dd72c1c2ee0af28913e7d32583eef78d9,aab0a19ab461f9bc,name:stage_2_65945,val,0,0,0,0,0,NÃO CLASSIFICÁVEL,NÃO CLASSIFICÁVEL,NÃO CLASSIFICÁVEL,ablation/tissue_classic_1229/images/stage_2_65945.jpg
stage_2_6873,stage_2_6873,stage_2_6873.jpg,5187ae5df225fb11c09d1230bda7a2e2a0026e6a2ec32ab2712e6c2f7e11411b,b64d946bd9a4ca92,name:stage_2_6873,val,0,1,0,0,0,GRANULAÇÃO,NÃO CLASSIFICÁVEL,GRANULAÇÃO,ablation/tissue_classic_1229/images/stage_2_6873.jpg
stage_2_69124,stage_2_69124,stage_2_69124.jpg,86cf40bb5375169e39c49573307f8d81e362430f6ac6d0d00415b5c6c53e97e0,ebca9496243ef6c0,name:stage_2_69124,val,0,0,0,0,0,NÃO CLASSIFICÁVEL,NÃO CLASSIFICÁVEL,NÃO CLASSIFICÁVEL,ablation/tissue_classic_1229/images/stage_2_69124.jpg
stage_2_72016,stage_2_72016,stage_2_72016.jpg,3100900b8f134898d2a4fd6a7ecf17e71a4a33487bcedc15aa27555b14d2afc4,ed4a9291666e983e,name:stage_2_72016,val,0,0,0,0,0,NÃO CLASSIFICÁVEL,NÃO CLASSIFICÁVEL,NÃO CLASSIFICÁVEL,ablation/tissue_classic_1229/images/stage_2_72016.jpg
stage_2_74412,stage_2_74412,stage_2_74412.jpg,264f9561fa26cdfe8bad2a41ec3849e4a16691788d0385419a6a324283a130d4,8285d7c3db626993,name:stage_2_74412,val,0,0,0,0,0,NÃO CLASSIFICÁVEL,NÃO CLASSIFICÁVEL,NÃO CLASSIFICÁVEL,ablation/tissue_classic_1229/images/stage_2_74412.jpg
stage_2_75501,stage_2_75501,stage_2_75501.jpg,6a4b5f89897bc82f1009a5cf529787683130d35cb94b59a8843019839b90f8ba,eb3db5c43c923223,name:stage_2_75501,val,0,0,0,0,0,NÃO CLASSIFICÁVEL,NÃO CLASSIFICÁVEL,NÃO CLASSIFICÁVEL,ablation/tissue_classic_1229/images/stage_2_75501.jpg
stage_2_75998,stage_2_75998,stage_2_75998.jpg,42f9925137e96d7f39f38fb17e53777758d1fb5bea102a48f2b6a07d416ae445,aad1a3dc9b14a873,name:stage_2_75998,val,0,0,1,0,1,NÃO CLASSIFICÁVEL,ESFACELO,ESFACELO,ablation/tissue_classic_1229/images/stage_2_75998.jpg
stage_2_80055,stage_2_80055,stage_2_80055.jpg,9ba33b72ea925aa17b530242560470ad940b49dafa3c1e1ddaf2bd11d0aad721,fe7e94c8c1c844ad,name:stage_2_80055,val,0,0,0,0,0,NÃO CLASSIFICÁVEL,NÃO CLASSIFICÁVEL,NÃO CLASSIFICÁVEL,ablation/tissue_classic_1229/images/stage_2_80055.jpg
